default	00:37:11.708149-0700	kernel	[83197.826512]: vm: segments queued for swapout: 0 regular, 981 freezer, 0 donate, 0 ripe, 0 darwkwake, 981 totalvm: segments queued for swapout: 0 regular, 722 freezer, 0 donate, 0 ripe, 0 darwkwake, 722 totalvm: segments queued for swapout: 0 regular, 42 freezer, 0 donate, 0 ripe, 0 darwkwake, 42 totalvm: segments queued for swapout: 0 regular, 89 freezer, 0 donate, 0 ripe, 0 darwkwake, 89 tota
default	00:37:11.709803-0700	kernel	ANE0: aneFirmwareCommandSend: Skip waiting for response
default	00:37:11.709856-0700	kernel	ANE0: aneFirmwareCommandSend: Skip waiting for response
default	00:37:11.709865-0700	kernel	ANE0: aneFirmwareCommandSend: Skip waiting for response
default	00:37:11.711922-0700	kernel	wlan0:com.apple.p2p.awdl0: isInfraRealtimePacketThresholdAllowed allowed:1 option:32 threshold:50 noRegistrations:1 cachedPeerCount:0 fastDiscoveryInactive:1 fastDiscoveryOnSince:81867593
default	00:37:11.712001-0700	kernel	wlan0:com.apple.p2p.awdl0: currentInfraTrafficType:9274 checking if realtime upgrade required with inputPackets:0 outputPackets:0 packetThreshold:50
default	00:37:11.712013-0700	kernel	wlan0:com.apple.p2p.awdl0: monitorInfraTraffic[9396] Infra Traffic type has changed from Real Time to None. AWDL is Off
default	00:37:11.717840-0700	backboardd	[ALS] ts=81867.583 lux=5.324<private> xy=(0.549 0.451) chs=[0 77 85 219 207] CCT1=1220.993 gain=512x mode=<private> subsamples=24 rawLux=7.605 nits=49 xTalk=[1 7 7 8 10] status=0x9B copyEvent=0
default	00:37:11.719121-0700	backboardd	Ammolite: Lux 5.323583 (delta 4.570187 / thr 10.000000)
default	00:37:11.805228-0700	kernel	ANE0: aneFirmwareCommandSend: Skip waiting for response
default	00:37:11.805309-0700	kernel	ANE0: aneFirmwareCommandSend: Skip waiting for response
default	00:37:11.805727-0700	kernel	ANE0: aneFirmwareCommandSend: Skip waiting for response
default	00:37:11.866574-0700	locationd	os_transaction created: (<private>) <private>
default	00:37:11.866601-0700	locationd	os_transaction released: (<private>) <private>
default	00:37:11.905041-0700	kernel	ANE0: aneFirmwareCommandSend: Skip waiting for response
default	00:37:11.905133-0700	kernel	ANE0: aneFirmwareCommandSend: Skip waiting for response
default	00:37:11.905546-0700	kernel	ANE0: aneFirmwareCommandSend: Skip waiting for response
default	00:37:11.968271-0700	backboardd	[ALS] ts=81867.833 lux=6.162<private> xy=(0.541 0.459) chs=[0 98 99 247 221] CCT1=1356.962 gain=512x mode=<private> subsamples=24 rawLux=8.443 nits=49 xTalk=[1 7 7 8 10] status=0x9B copyEvent=0
default	00:37:11.969394-0700	backboardd	Ammolite: Lux 6.162263 (delta 5.408867 / thr 10.000000)
default	00:37:12.005014-0700	kernel	ANE0: aneFirmwareCommandSend: Skip waiting for response
default	00:37:12.005029-0700	kernel	ANE0: aneFirmwareCommandSend: Skip waiting for response
default	00:37:12.005196-0700	kernel	ANE0: aneFirmwareCommandSend: Skip waiting for response
default	00:37:12.104640-0700	kernel	ANE0: aneFirmwareCommandSend: Skip waiting for response
default	00:37:12.104722-0700	kernel	ANE0: aneFirmwareCommandSend: Skip waiting for response
default	00:37:12.105026-0700	kernel	ANE0: aneFirmwareCommandSend: Skip waiting for response
default	00:37:12.204504-0700	kernel	ANE0: aneFirmwareCommandSend: Skip waiting for response
default	00:37:12.204570-0700	kernel	ANE0: aneFirmwareCommandSend: Skip waiting for response
default	00:37:12.204807-0700	kernel	ANE0: aneFirmwareCommandSend: Skip waiting for response
default	00:37:12.218518-0700	backboardd	[ALS] ts=81868.083 lux=5.596<private> xy=(0.546 0.454) chs=[0 98 78 240 207] CCT1=1232.275 gain=512x mode=<private> subsamples=24 rawLux=7.877 nits=49 xTalk=[1 7 7 8 10] status=0x9B copyEvent=0
default	00:37:12.219614-0700	backboardd	Ammolite: Lux 5.596067 (delta 4.842671 / thr 10.000000)
default	00:37:12.304258-0700	kernel	ANE0: aneFirmwareCommandSend: Skip waiting for response
default	00:37:12.304301-0700	kernel	ANE0: aneFirmwareCommandSend: Skip waiting for response
default	00:37:12.304579-0700	kernel	ANE0: aneFirmwareCommandSend: Skip waiting for response
default	00:37:12.325742-0700	runningboardd	Invalidating assertion 34-102-40136 (target:[app<com.resmed.mcmyair(3A076A8F-336D-4BCB-ACE2-64C6E80D0E3A)>:386]) from originator [osservice<com.apple.bluetoothd>:102]
default	00:37:12.404033-0700	kernel	ANE0: aneFirmwareCommandSend: Skip waiting for response
default	00:37:12.404072-0700	kernel	ANE0: aneFirmwareCommandSend: Skip waiting for response
default	00:37:12.404347-0700	kernel	ANE0: aneFirmwareCommandSend: Skip waiting for response
default	00:37:12.427958-0700	runningboardd	Removed last relative-start-date-defining assertion for process app<com.resmed.mcmyair(3A076A8F-336D-4BCB-ACE2-64C6E80D0E3A)>
default	00:37:12.429069-0700	runningboardd	[app<com.resmed.mcmyair(3A076A8F-336D-4BCB-ACE2-64C6E80D0E3A)>:386] Set jetsam priority to 0 [0] flag[1]
default	00:37:12.429086-0700	runningboardd	Calculated state for app<com.resmed.mcmyair(3A076A8F-336D-4BCB-ACE2-64C6E80D0E3A)>: running-suspended (role: None) (endowments: (null))
default	00:37:12.429099-0700	runningboardd	[app<com.resmed.mcmyair(3A076A8F-336D-4BCB-ACE2-64C6E80D0E3A)>:386] Suspending task.
default	00:37:12.430579-0700	runningboardd	[app<com.resmed.mcmyair(3A076A8F-336D-4BCB-ACE2-64C6E80D0E3A)>:386] Shutdown sockets (SVC)
default	00:37:12.430605-0700	runningboardd	[app<com.resmed.mcmyair(3A076A8F-336D-4BCB-ACE2-64C6E80D0E3A)>:386] Set darwin role to: None
default	00:37:12.431190-0700	runningboardd	[app<com.resmed.mcmyair(3A076A8F-336D-4BCB-ACE2-64C6E80D0E3A)>:386] check if suspended process is holding locks
default	00:37:12.436305-0700	audiomxd	Received state update for 386 (app<com.resmed.mcmyair(3A076A8F-336D-4BCB-ACE2-64C6E80D0E3A)>, running-suspended-NotVisible
default	00:37:12.436319-0700	audiomxd	-MX_RunningBoardServices- mx_runningBoardServices_setApplicationStateToCache: Process '386' state is updated to 'BackgroundTaskSuspended'
default	00:37:12.436357-0700	audiomxd	-CMSessionMgr- CMSessionMgrHandleApplicationStateChange:17761 Client com.resmed.mcmyair with session sid:0x73009, myAir(386), 'prim' [0xc5b7edf80] with pid '386' is now BackgroundTaskSuspended. Background entitlement: NO ActiveLongFormVideoSession: NO IsLongFormVideoApp NO
default	00:37:12.436394-0700	audiomxd	-CMSessionMgr- CMSessionMgrHandleApplicationStateChange: Sending stop command to com.resmed.mcmyair with pid '386' because client is background suspended and there is no AirPlay video session for it
default	00:37:12.436419-0700	SpringBoard	Received state update for 386 (app<com.resmed.mcmyair(3A076A8F-336D-4BCB-ACE2-64C6E80D0E3A)>, running-suspended-NotVisible
default	00:37:12.436455-0700	SpringBoard	[app<com.resmed.mcmyair>:386] Setting process task state to: Suspended
default	00:37:12.436480-0700	CommCenter	Received state update for 386 (app<com.resmed.mcmyair(3A076A8F-336D-4BCB-ACE2-64C6E80D0E3A)>, running-suspended-NotVisible
default	00:37:12.436513-0700	CommCenter	App state[myAir (386)] is suspended
default	00:37:12.436525-0700	CommCenter	[0x8422c9f80] invalidated because the current process cancelled the connection by calling xpc_connection_cancel()
default	00:37:12.436563-0700	audiomxd	          SSServerImp.cpp:1447  pid 386(myAir)
default	00:37:12.436605-0700	SpringBoard	Application process state changed for com.resmed.mcmyair: <SBApplicationProcessState: 0xc306e6200; pid: 386; taskState: Suspended; visibility: Background>
default	00:37:12.436805-0700	powerd	Process runningboardd.34 Released SystemIsActive "app<com.resmed.mcmyair(3A076A8F-336D-4BCB-ACE2-64C6E80D0E3A)>34-102-40136:com.resmed.mcmyair(Bluetooth)" age:00:00:09  id:51539640950 [System: PrevIdle SysAct]
default	00:37:12.436821-0700	CommCenter	Client [<private>] disconnected (cid=1756), client list size 59
default	00:37:12.436846-0700	healthd	Received state update for 386 (app<com.resmed.mcmyair(3A076A8F-336D-4BCB-ACE2-64C6E80D0E3A)>, running-suspended-NotVisible
default	00:37:12.436868-0700	healthd	Process <private> (386) state changed BKSApplicationStateBackgroundRunning -> BKSApplicationStateBackgroundTaskSuspended: suspended 0 -> 1, foreground 0 -> 0, terminated 0
default	00:37:12.436878-0700	runningboardd	Released power assertion with ID 33398
default	00:37:12.436964-0700	SpringBoard	[com.resmed.mcmyair] com.resmed.mcmyair application state changed to <RBSProcessState| task:running-suspended debug:none>
default	00:37:12.437686-0700	WirelessRadioManagerd	Received state update for 386 (app<com.resmed.mcmyair(3A076A8F-336D-4BCB-ACE2-64C6E80D0E3A)>, running-suspended-NotVisible
default	00:37:12.438332-0700	bluetoothd	Received state update for 386 (app<com.resmed.mcmyair(3A076A8F-336D-4BCB-ACE2-64C6E80D0E3A)>, running-suspended-NotVisible
default	00:37:12.438591-0700	bluetoothd	applicationStateChanged <AppInfo:bundleID:com.resmed.mcmyair pid:386 isApp:1 isAlive:1 isExtension:0 monitorForDeath:0 state:background-running hasLiveActivityRunning:0 launchType:AppLaunchTypeApplication limitedToPeer:(null)
default	00:37:12.438752-0700	bluetoothd	Application "com.resmed.mcmyair" is still at pid 386, with state "suspended", isAlive: true
default	00:37:12.438760-0700	bluetoothd	State of application "com.resmed.mcmyair" is now "suspended"
default	00:37:12.438909-0700	bluetoothd	AppSession state changed for com.resmed.mcmyair-central-DAPerAccessory-386-86 to state 4
default	00:37:12.439474-0700	wifid	Received state update for 386 (app<com.resmed.mcmyair(3A076A8F-336D-4BCB-ACE2-64C6E80D0E3A)>, running-suspended-NotVisible
default	00:37:12.440144-0700	locationd	Received state update for 386 (app<com.resmed.mcmyair(3A076A8F-336D-4BCB-ACE2-64C6E80D0E3A)>, running-suspended-NotVisible
default	00:37:12.440419-0700	locationd	{"msg":"RBS #AppMonitor process monitor update handler invoked", "pid":386, "bundleID":"com.resmed.mcmyair", "state":"RunningSuspended"}
default	00:37:12.440531-0700	locationd	{"msg":"RBS #AppMonitor Post Application State Change Notification", "notification":"BackgroundTaskSuspended", "pid":386, "bundleId":"com.resmed.mcmyair"}
default	00:37:12.440766-0700	locationd	{"msg":"#CLIUA AppMonitor notification", "notification":"BackgroundTaskSuspended", "pid":386, "bundleId":"com.resmed.mcmyair", "ClientKey":"icom.resmed.mcmyair:"}
default	00:37:12.440957-0700	backboardd	Received state update for 386 (app<com.resmed.mcmyair(3A076A8F-336D-4BCB-ACE2-64C6E80D0E3A)>, running-suspended-NotVisible
default	00:37:12.441886-0700	wcd	Received state update for 386 (app<com.resmed.mcmyair(3A076A8F-336D-4BCB-ACE2-64C6E80D0E3A)>, running-suspended-NotVisible
default	00:37:12.442168-0700	wcd	BKSApplicationStateBackgroundTaskSuspended for bundleID: com.resmed.mcmyair
default	00:37:12.442177-0700	wcd	com.resmed.mcmyair: suspended; invalidating xpc connection
default	00:37:12.442213-0700	wcd	[0xcf8c69a40] invalidated because the current process cancelled the connection by calling xpc_connection_cancel()
default	00:37:12.442270-0700	wcd	com.resmed.mcmyair: XPC connection invalidated
default	00:37:12.442347-0700	wcd	com.resmed.mcmyair: Reachable changed for connection lost (reachable: NO)
default	00:37:12.442420-0700	wcd	<WCDClient: 0xcf8c55620, communicationID: com.resmed.mcmyair, identifier: com.resmed.mcmyair, connection: <(null)>(NO,NO), clientCurrentPairingID: EB3E34D6-C5A1-4093-BED1-96D75BB741AC>
default	00:37:12.442517-0700	PerfPowerServices	Received state update for 386 (app<com.resmed.mcmyair(3A076A8F-336D-4BCB-ACE2-64C6E80D0E3A)>, running-suspended-NotVisible
default	00:37:12.442606-0700	wcd	com.resmed.mcmyair from indexCache with keys: ("com.neybox.Pillow-user_info_results-EB3E34D6-C5A1-4093-BED1-96D75BB741AC","com.authy-file_results-EB3E34D6-C5A1-4093-BED1-96D75BB741AC")
default	00:37:12.442657-0700	wcd	removing ()
default	00:37:12.442894-0700	useractivityd	Received state update for 386 (app<com.resmed.mcmyair(3A076A8F-336D-4BCB-ACE2-64C6E80D0E3A)>, running-suspended-NotVisible
default	00:37:12.443325-0700	dasd	Received state update for 386 (app<com.resmed.mcmyair(3A076A8F-336D-4BCB-ACE2-64C6E80D0E3A)>, running-suspended-NotVisible
default	00:37:12.443839-0700	UserEventAgent	Received state update for 386 (app<com.resmed.mcmyair(3A076A8F-336D-4BCB-ACE2-64C6E80D0E3A)>, running-suspended-NotVisible
default	00:37:12.444124-0700	dasd	Performing a policy update.
default	00:37:12.444156-0700	dasd	Admissible: 0, Flags: 11100011 111000(00|10|11), <private>
default	00:37:12.444166-0700	dasd	Admissible: 1, Flags: 11110011 111000(00|10|11), <private>
default	00:37:12.444190-0700	dasd	Admissible: 0, Flags: 11100011 111000(00|10|11), <private>
default	00:37:12.444200-0700	dasd	Admissible: 0, Flags: 11100011 111000(00|10|11), com.apple.Health
default	00:37:12.444243-0700	dasd	Admissible: 0, Flags: 11010101 111000(00|10|11), com.apple.HealthPrivacyService
default	00:37:12.444278-0700	dasd	Admissible: 1, Flags: 11110011 111000(00|10|11), com.google.ios.youtube
default	00:37:12.444288-0700	dasd	Admissible: 0, Flags: 11100011 111000(00|10|11), <private>
default	00:37:12.444295-0700	dasd	Admissible: 1, Flags: 11110011 111000(00|10|11), <private>
default	00:37:12.444303-0700	dasd	Admissible: 0, Flags: 11100011 111000(00|10|11), <private>
default	00:37:12.444333-0700	dasd	Admissible: 0, Flags: 11010101 111000(00|10|11), com.apple.PassbookUIService
default	00:37:12.444343-0700	dasd	Admissible: 0, Flags: 11100011 111000(00|10|11), com.apple.mobileslideshow
default	00:37:12.444350-0700	dasd	Admissible: 0, Flags: 11010101 111000(00|10|11), com.apple.family
default	00:37:12.444369-0700	dasd	Admissible: 0, Flags: 11100011 111000(00|10|11), com.apple.MobileSMS
default	00:37:12.444622-0700	dasd	No policy changes
default	00:37:12.444854-0700	watchdogd	Received state update for 386 (app<com.resmed.mcmyair(3A076A8F-336D-4BCB-ACE2-64C6E80D0E3A)>, running-suspended-NotVisible
default	00:37:12.445039-0700	symptomsd	Received state update for 386 (app<com.resmed.mcmyair(3A076A8F-336D-4BCB-ACE2-64C6E80D0E3A)>, running-suspended-NotVisible
default	00:37:12.445465-0700	IDSCredentialsAgent	Received state update for 386 (app<com.resmed.mcmyair(3A076A8F-336D-4BCB-ACE2-64C6E80D0E3A)>, running-suspended-NotVisible
default	00:37:12.445624-0700	IDSCredentialsAgent	 => Pid 386 suspended!
default	00:37:12.445657-0700	IDSCredentialsAgent	PID: 386 was suspended
default	00:37:12.445837-0700	gamepolicyd	Received state update for 386 (app<com.resmed.mcmyair(3A076A8F-336D-4BCB-ACE2-64C6E80D0E3A)>, running-suspended-NotVisible
default	00:37:12.468954-0700	backboardd	[ALS] ts=81868.333 lux=5.539<private> xy=(0.550 0.450) chs=[0 84 85 233 207] CCT1=1173.660 gain=512x mode=<private> subsamples=24 rawLux=7.820 nits=49 xTalk=[1 7 7 8 10] status=0x9B copyEvent=0
default	00:37:12.469937-0700	backboardd	Ammolite: Lux 5.538503 (delta 4.785107 / thr 10.000000)
default	00:37:12.503902-0700	kernel	ANE0: aneFirmwareCommandSend: Skip waiting for response
default	00:37:12.503918-0700	kernel	ANE0: aneFirmwareCommandSend: Skip waiting for response
default	00:37:12.504187-0700	kernel	ANE0: aneFirmwareCommandSend: Skip waiting for response
default	00:37:12.603682-0700	kernel	ANE0: aneFirmwareCommandSend: Skip waiting for response
default	00:37:12.603704-0700	kernel	ANE0: aneFirmwareCommandSend: Skip waiting for response
default	00:37:12.603955-0700	kernel	ANE0: aneFirmwareCommandSend: Skip waiting for response
default	00:37:12.703461-0700	kernel	ANE0: aneFirmwareCommandSend: Skip waiting for response
default	00:37:12.703479-0700	kernel	ANE0: aneFirmwareCommandSend: Skip waiting for response
default	00:37:12.703732-0700	kernel	ANE0: aneFirmwareCommandSend: Skip waiting for response
default	00:37:12.718645-0700	backboardd	[ALS] ts=81868.584 lux=5.222<private> xy=(0.576 0.424) chs=[4 70 71 246 214] CCT1=914.272 gain=512x mode=<private> subsamples=24 rawLux=7.501 nits=49 xTalk=[1 7 7 8 10] status=0x9B copyEvent=0
default	00:37:12.719649-0700	backboardd	Ammolite: Lux 5.222181 (delta 4.468785 / thr 10.000000)
default	00:37:12.736102-0700	kernel	wlan0:com.apple.p2p.awdl0: isInfraRealtimePacketThresholdAllowed allowed:1 option:32 threshold:50 noRegistrations:1 cachedPeerCount:0 fastDiscoveryInactive:1 fastDiscoveryOnSince:81868619
default	00:37:12.736160-0700	kernel	wlan0:com.apple.p2p.awdl0: currentInfraTrafficType:9274 checking if realtime upgrade required with inputPackets:3 outputPackets:2 packetThreshold:50
default	00:37:12.736171-0700	kernel	wlan0:com.apple.p2p.awdl0: monitorInfraTraffic[9396] Infra Traffic type has changed from Real Time to None. AWDL is Off
default	00:37:12.803237-0700	kernel	ANE0: aneFirmwareCommandSend: Skip waiting for response
default	00:37:12.803359-0700	kernel	ANE0: aneFirmwareCommandSend: Skip waiting for response
default	00:37:12.803548-0700	kernel	ANE0: aneFirmwareCommandSend: Skip waiting for response
default	00:37:12.866564-0700	audiomxd	AggregateDevice_CommonBase.cpp:2471  CPMS: Getting Speaker ThermalBudget
default	00:37:12.866749-0700	kernel	ApplePPMCPMS::getClientCurrentPowerConsumption:Client 19 is not registered
default	00:37:12.888670-0700	wifid	-[WiFiUserInteractionMonitor runPeriodicTasks]: cellular data did 0 bytes (0 packets) over 5.000 seconds
default	00:37:12.888766-0700	wifid	-[WiFiUserInteractionMonitor runPeriodicTasks]: WiFi data did 1182(input:660 output:522) bytes, 16(input:9 output:7) packets over 5.000 seconds
default	00:37:12.903086-0700	kernel	ANE0: aneFirmwareCommandSend: Skip waiting for response
default	00:37:12.903156-0700	kernel	ANE0: aneFirmwareCommandSend: Skip waiting for response
default	00:37:12.903397-0700	kernel	ANE0: aneFirmwareCommandSend: Skip waiting for response
default	00:37:12.968600-0700	backboardd	[ALS] ts=81868.834 lux=5.041<private> xy=(0.558 0.442) chs=[0 77 71 226 179] CCT1=945.974 gain=512x mode=<private> subsamples=24 rawLux=7.322 nits=49 xTalk=[1 7 7 8 10] status=0x9B copyEvent=0
default	00:37:12.969774-0700	backboardd	Ammolite: Lux 5.040666 (delta 4.287270 / thr 10.000000)
default	00:37:13.002902-0700	kernel	ANE0: aneFirmwareCommandSend: Skip waiting for response
default	00:37:13.002918-0700	kernel	ANE0: aneFirmwareCommandSend: Skip waiting for response
default	00:37:13.003159-0700	kernel	ANE0: aneFirmwareCommandSend: Skip waiting for response
default	00:37:13.102808-0700	kernel	ANE0: aneFirmwareCommandSend: Skip waiting for response
default	00:37:13.102880-0700	kernel	ANE0: aneFirmwareCommandSend: Skip waiting for response
default	00:37:13.103127-0700	kernel	ANE0: aneFirmwareCommandSend: Skip waiting for response
default	00:37:13.202491-0700	kernel	ANE0: aneFirmwareCommandSend: Skip waiting for response
default	00:37:13.202589-0700	kernel	ANE0: aneFirmwareCommandSend: Skip waiting for response
default	00:37:13.202841-0700	kernel	ANE0: aneFirmwareCommandSend: Skip waiting for response
default	00:37:13.219042-0700	backboardd	[ALS] ts=81869.084 lux=5.687<private> xy=(0.555 0.445) chs=[0 84 85 246 214] CCT1=1052.336 gain=512x mode=<private> subsamples=24 rawLux=7.968 nits=49 xTalk=[1 7 7 8 10] status=0x9B copyEvent=0
default	00:37:13.219961-0700	backboardd	Ammolite: Lux 5.687222 (delta 4.933826 / thr 10.000000)
default	00:37:13.302280-0700	kernel	ANE0: aneFirmwareCommandSend: Skip waiting for response
default	00:37:13.302314-0700	kernel	ANE0: aneFirmwareCommandSend: Skip waiting for response
default	00:37:13.302568-0700	kernel	ANE0: aneFirmwareCommandSend: Skip waiting for response
default	00:37:13.306354-0700	kernel	SK[2]: ch_close_common                ch 0x0 (flowswitch:com.apple.nexus.flowswitch:"fsw_en0[28]_online-auth-agent.8919":28:-1) uuid 3D47CC42-7629-4F8F-8235-D8BA6F7E9A7A flags 0x13
default	00:37:13.402156-0700	kernel	ANE0: aneFirmwareCommandSend: Skip waiting for response
default	00:37:13.402168-0700	kernel	ANE0: aneFirmwareCommandSend: Skip waiting for response
default	00:37:13.402405-0700	kernel	ANE0: aneFirmwareCommandSend: Skip waiting for response
default	00:37:13.469327-0700	backboardd	[ALS] ts=81869.334 lux=4.391<private> xy=(0.572 0.428) chs=[0 63 57 205 200] CCT1=876.260 gain=512x mode=<private> subsamples=24 rawLux=6.672 nits=49 xTalk=[1 7 7 8 10] status=0x9B copyEvent=0
default	00:37:13.470315-0700	backboardd	Ammolite: Lux 4.390651 (delta 3.637254 / thr 10.000000)
error	00:37:13.471610-0700	wifid	WiFiLQAMgrLinkRecommendationNotify: channel score: chq=5, tx-lat=5, rx-lat=5, tx-loss=5, rx-loss=5, txPer=0.0%, p95-lat=2, RT=0x0, link-recommendation=0x0
default	00:37:13.501941-0700	kernel	ANE0: aneFirmwareCommandSend: Skip waiting for response
default	00:37:13.501955-0700	kernel	ANE0: aneFirmwareCommandSend: Skip waiting for response
default	00:37:13.502190-0700	kernel	ANE0: aneFirmwareCommandSend: Skip waiting for response
default	00:37:13.513258-0700	kernel	I [dk] <private>@28868: DTIM missed count: p2p(230), iovar(0), scan(355), roam(29), homechan(167720), sleep(61437), misc(0)
default	00:37:13.601639-0700	kernel	ANE0: aneFirmwareCommandSend: Skip waiting for response
default	00:37:13.601676-0700	kernel	ANE0: aneFirmwareCommandSend: Skip waiting for response
default	00:37:13.601933-0700	kernel	ANE0: aneFirmwareCommandSend: Skip waiting for response
default	00:37:13.701455-0700	kernel	ANE0: aneFirmwareCommandSend: Skip waiting for response
default	00:37:13.701483-0700	kernel	ANE0: aneFirmwareCommandSend: Skip waiting for response
default	00:37:13.701731-0700	kernel	ANE0: aneFirmwareCommandSend: Skip waiting for response
default	00:37:13.719183-0700	backboardd	[ALS] ts=81869.584 lux=5.613<private> xy=(0.551 0.449) chs=[0 70 99 226 186] CCT1=1123.153 gain=512x mode=<private> subsamples=24 rawLux=7.893 nits=49 xTalk=[1 7 7 8 10] status=0x9B copyEvent=0
default	00:37:13.720148-0700	backboardd	Ammolite: Lux 5.613115 (delta 4.859719 / thr 10.000000)
default	00:37:13.764245-0700	kernel	wlan0:com.apple.p2p.awdl0: isInfraRealtimePacketThresholdAllowed allowed:1 option:32 threshold:50 noRegistrations:1 cachedPeerCount:0 fastDiscoveryInactive:1 fastDiscoveryOnSince:81869647
default	00:37:13.764305-0700	kernel	wlan0:com.apple.p2p.awdl0: currentInfraTrafficType:9274 checking if realtime upgrade required with inputPackets:0 outputPackets:0 packetThreshold:50
default	00:37:13.764316-0700	kernel	wlan0:com.apple.p2p.awdl0: monitorInfraTraffic[9396] Infra Traffic type has changed from Real Time to None. AWDL is Off
default	00:37:13.801235-0700	kernel	ANE0: aneFirmwareCommandSend: Skip waiting for response
default	00:37:13.801299-0700	kernel	ANE0: aneFirmwareCommandSend: Skip waiting for response
default	00:37:13.801570-0700	kernel	ANE0: aneFirmwareCommandSend: Skip waiting for response
default	00:37:13.882662-0700	audiomxd	     HALS_IOStreamDSP.cpp:631    getting parameter <private>
default	00:37:13.882683-0700	audiomxd	     HALS_IOStreamDSP.cpp:631    getting parameter <private>
default	00:37:13.901144-0700	kernel	ANE0: aneFirmwareCommandSend: Skip waiting for response
default	00:37:13.901187-0700	kernel	ANE0: aneFirmwareCommandSend: Skip waiting for response
default	00:37:13.901479-0700	kernel	ANE0: aneFirmwareCommandSend: Skip waiting for response
default	00:37:13.946468-0700	watchdogd	81869828948583: <private>
default	00:37:13.946494-0700	watchdogd	81869828958375: <private>
default	00:37:13.946590-0700	watchdogd	81869829295208: <private>
default	00:37:13.946597-0700	watchdogd	81869829298666: <private>
default	00:37:13.946603-0700	watchdogd	81869829299791: <private>
default	00:37:13.946609-0700	watchdogd	81869829300458: <private>
default	00:37:13.946623-0700	watchdogd	81869829301041: <private>
default	00:37:13.946722-0700	watchdogd	81869829301875: <private>
default	00:37:13.946732-0700	watchdogd	81869829302416: <private>
default	00:37:13.946743-0700	watchdogd	81869829302958: <private>
default	00:37:13.946748-0700	watchdogd	81869829303458: <private>
default	00:37:13.946754-0700	watchdogd	81869829303958: <private>
default	00:37:13.969522-0700	backboardd	[ALS] ts=81869.834 lux=5.308<private> xy=(0.551 0.449) chs=[0 84 78 226 207] CCT1=1184.739 gain=512x mode=<private> subsamples=24 rawLux=7.588 nits=49 xTalk=[1 7 7 8 10] status=0x9B copyEvent=0
default	00:37:13.971019-0700	backboardd	Ammolite: Lux 5.308366 (delta 4.554970 / thr 10.000000)
default	00:37:14.001075-0700	kernel	ANE0: aneFirmwareCommandSend: Skip waiting for response
default	00:37:14.001133-0700	kernel	ANE0: aneFirmwareCommandSend: Skip waiting for response
default	00:37:14.001442-0700	kernel	ANE0: aneFirmwareCommandSend: Skip waiting for response
default	00:37:14.100764-0700	kernel	ANE0: aneFirmwareCommandSend: Skip waiting for response
default	00:37:14.100802-0700	kernel	ANE0: aneFirmwareCommandSend: Skip waiting for response
default	00:37:14.101035-0700	kernel	ANE0: aneFirmwareCommandSend: Skip waiting for response
default	00:37:14.200475-0700	kernel	ANE0: aneFirmwareCommandSend: Skip waiting for response
default	00:37:14.200552-0700	kernel	ANE0: aneFirmwareCommandSend: Skip waiting for response
default	00:37:14.200818-0700	kernel	ANE0: aneFirmwareCommandSend: Skip waiting for response
default	00:37:14.219445-0700	backboardd	[ALS] ts=81870.084 lux=4.461<private> xy=(0.562 0.438) chs=[0 63 64 198 186] CCT1=984.573 gain=512x mode=<private> subsamples=24 rawLux=6.742 nits=49 xTalk=[1 7 7 8 10] status=0x9B copyEvent=0
default	00:37:14.220644-0700	backboardd	Ammolite: Lux 4.460721 (delta 3.707325 / thr 10.000000)
default	00:37:14.300317-0700	kernel	ANE0: aneFirmwareCommandSend: Skip waiting for response
default	00:37:14.300396-0700	kernel	ANE0: aneFirmwareCommandSend: Skip waiting for response
default	00:37:14.300659-0700	kernel	ANE0: aneFirmwareCommandSend: Skip waiting for response
default	00:37:14.400087-0700	kernel	ANE0: aneFirmwareCommandSend: Skip waiting for response
default	00:37:14.400146-0700	kernel	ANE0: aneFirmwareCommandSend: Skip waiting for response
default	00:37:14.400372-0700	kernel	ANE0: aneFirmwareCommandSend: Skip waiting for response
default	00:37:14.420939-0700	locationd	os_transaction created: (<private>) <private>
default	00:37:14.421138-0700	locationd	os_transaction released: (<private>) <private>
default	00:37:14.470081-0700	backboardd	[ALS] ts=81870.335 lux=5.285<private> xy=(0.566 0.434) chs=[0 70 78 240 193] CCT1=804.900 gain=512x mode=<private> subsamples=24 rawLux=7.566 nits=49 xTalk=[1 7 7 8 10] status=0x9B copyEvent=0
default	00:37:14.470886-0700	backboardd	Ammolite: Lux 5.284635 (delta 4.531239 / thr 10.000000)
default	00:37:14.499851-0700	kernel	ANE0: aneFirmwareCommandSend: Skip waiting for response
default	00:37:14.499942-0700	kernel	ANE0: aneFirmwareCommandSend: Skip waiting for response
default	00:37:14.500231-0700	kernel	ANE0: aneFirmwareCommandSend: Skip waiting for response
default	00:37:14.594757-0700	WirelessRadioManagerd	<private>
default	00:37:14.595211-0700	wifid	Copy current network requested by "WirelessRadioManagerd"
default	00:37:14.596237-0700	wifid	__WiFiDeviceManagerEvaluateAPEnvironment: WiFiRoam : BSS List info for network : snorper : chanCount5GHz: [6] chanCount24GHz: [3] chanCount6GHz: [0]
default	00:37:14.596268-0700	wifid	__WiFiDeviceManagerEvaluateAPEnvironment: WiFiRoam : AP environment is Multi AP for snorper(c2:a7:31:94:c7:a3). Last applied environment is Multi AP. Early exit ? : [0]. augmented from scan results ? : [1]
default	00:37:14.598495-0700	wifid	Copy current network requested by "WirelessRadioManagerd"
default	00:37:14.598673-0700	wifid	__WiFiDeviceManagerEvaluateAPEnvironment: WiFiRoam : BSS List info for network : snorper : chanCount5GHz: [6] chanCount24GHz: [3] chanCount6GHz: [0]
default	00:37:14.598692-0700	wifid	__WiFiDeviceManagerEvaluateAPEnvironment: WiFiRoam : AP environment is Multi AP for snorper(c2:a7:31:94:c7:a3). Last applied environment is Multi AP. Early exit ? : [0]. augmented from scan results ? : [1]
default	00:37:14.599766-0700	kernel	ANE0: aneFirmwareCommandSend: Skip waiting for response
default	00:37:14.599783-0700	kernel	ANE0: aneFirmwareCommandSend: Skip waiting for response
default	00:37:14.599977-0700	kernel	ANE0: aneFirmwareCommandSend: Skip waiting for response
default	00:37:14.610058-0700	sharingd	[NearbyInfo] Clearing duplicate cache
default	00:37:14.610068-0700	sharingd	Nearby clear duplicate filter cache type 1
default	00:37:14.610671-0700	bluetoothd	clear dup filter cache for process sharingd (79) with scan request of type 16, blob: {length = 0, bytes = 0x}, mask {length = 0, bytes = 0x}, active: 0, duplicates: 0, screen on: No Scan, screen off: No Scan, locked: 1,  rssi: -90, peers: (
) nearby scan mode: 10, advbuf: 0, priority critical: 0, range: 0, retain duplicates: 0, usecases:
default	00:37:14.610724-0700	bluetoothd	About to clearDuplicateFilterCache for type: 16
default	00:37:14.610944-0700	bluetoothd	Received XPC message "CBMsgIdClearDuplicateFilterCache" from session "com.apple.bluetoothd-central-102-10"
default	00:37:14.615219-0700	bluetoothd	clearDuplicateFilterCache for session "com.apple.bluetoothd" type 16
default	00:37:14.667567-0700	kernel	tcp connect incoming: [<IPv6-redacted>:54098<-><IPv6-redacted>:55769] interface: utun3 (skipped: 166)
so_gencnt: 227181 t_state: SYN_RCVD process: remoted:8889 SYN in/out: 1/0 bytes in/out: 0/0 pkts in/out: 0/0 rtt: 0.0 ms rttvar: 250.0 ms base_rtt: 1 ms error: 0 so_error: 0 svc/tc: 0 flow: 0xaa359748
so_qlimit: 128 so_qlen: 1 so_incqlen: 1
default	00:37:14.668021-0700	kernel	tcp connected: [<IPv6-redacted>:54098<-><IPv6-redacted>:55769] interface: utun3 (skipped: 166)
so_gencnt: 227181 t_state: ESTABLISHED process: remoted:8889 SYN in/out: 1/1 bytes in/out: 0/0 pkts in/out: 0/0 rtt: 0.0 ms rttvar: 250.0 ms base_rtt: 1 ms error: 0 so_error: 0 svc/tc: 0 flow: 0xaa359748
so_qlimit: 128 so_qlen: 1 so_incqlen: 1
default	00:37:14.668102-0700	kernel	tcp accept: [<IPv6-redacted>:54098<-><IPv6-redacted>:55769] interface: utun3 (skipped: 166)
so_gencnt: 227181 t_state: ESTABLISHED process: remoted:8889 SYN in/out: 1/1 bytes in/out: 0/0 pkts in/out: 0/0 rtt: 1.0 ms rttvar: 0.500 ms base_rtt: 1 ms error: 0 so_error: 0 svc/tc: 0 flow: 0xaa359748
default	00:37:14.668709-0700	kernel	tcp connect incoming: [<IPv6-redacted>:54097<-><IPv6-redacted>:55770] interface: utun3 (skipped: 166)
so_gencnt: 227182 t_state: SYN_RCVD process: remoted:8889 SYN in/out: 1/0 bytes in/out: 0/0 pkts in/out: 0/0 rtt: 0.0 ms rttvar: 250.0 ms base_rtt: 1 ms error: 0 so_error: 0 svc/tc: 0 flow: 0x959c98e6
so_qlimit: 128 so_qlen: 1 so_incqlen: 1
default	00:37:14.672169-0700	remoted	coredevice-28> Got incoming connection for "<private>"
default	00:37:14.675105-0700	remoted	[0x7930843c0] Connection returned listener port: 0x4283
default	00:37:14.676796-0700	kernel	tcp connected: [<IPv6-redacted>:54097<-><IPv6-redacted>:55770] interface: utun3 (skipped: 166)
so_gencnt: 227182 t_state: ESTABLISHED process: remoted:8889 SYN in/out: 1/1 bytes in/out: 0/0 pkts in/out: 0/0 rtt: 0.0 ms rttvar: 250.0 ms base_rtt: 1 ms error: 0 so_error: 0 svc/tc: 0 flow: 0x959c98e6
so_qlimit: 128 so_qlen: 1 so_incqlen: 1
default	00:37:14.676832-0700	mobile_storage_proxy	[0x838c60280] activating connection: mach=false listener=false peer=false name=(anonymous)
default	00:37:14.677068-0700	kernel	tcp accept: [<IPv6-redacted>:54097<-><IPv6-redacted>:55770] interface: utun3 (skipped: 166)
so_gencnt: 227182 t_state: ESTABLISHED process: remoted:8889 SYN in/out: 1/1 bytes in/out: 0/0 pkts in/out: 0/0 rtt: 8.0 ms rttvar: 4.0 ms base_rtt: 1 ms error: 0 so_error: 0 svc/tc: 0 flow: 0x959c98e6
default	00:37:14.677385-0700	remoted	[0x792c9c180] activating connection: mach=false listener=false peer=true name=com.apple.xpc.anonymous.0x7930843c0.peer[8891].0x792c9c180
default	00:37:14.677407-0700	remoted	coredevice-28> Got incoming connection for "<private>"
default	00:37:14.677423-0700	remoted	[0x7930843c0] Connection returned listener port: 0x4283
default	00:37:14.677432-0700	mobile_storage_proxy	[0x838c60280] invalidated because the current process cancelled the connection by calling xpc_connection_cancel()
default	00:37:14.677871-0700	mobile_storage_proxy	xpc_remote_connection_connect_complete setup_nw_listener
default	00:37:14.677941-0700	remoted	[0x792c9c180] invalidated because the client process (pid 8891) either cancelled the connection or exited
default	00:37:14.678844-0700	lockdownd	[0x7a2cdb200] activating connection: mach=false listener=false peer=false name=(anonymous)
default	00:37:14.679064-0700	remoted	[0x792c9c180] activating connection: mach=false listener=false peer=true name=com.apple.xpc.anonymous.0x7930843c0.peer[8886].0x792c9c180
default	00:37:14.680561-0700	mobile_storage_proxy	nw_socket_set_connected_fd  Not guarding connected fd 3
default	00:37:14.680915-0700	mobile_storage_proxy	[L33 tcp, definite, server, attribution: developer, context: remotexpc_realtime_messaging (private), proc: CDF1BF01-35C6-303D-B7A7-26C8DAA4F662, delegated upid: 0, local address: ::.0] start for connection [C65 IPv6#5a5c5e77.55769 tcp, local: fd96:384d:410d::1.54098, definite, attribution: developer, server, prohibit joining protocols, path satisfied (Path is satisfied), interface: utun3, scoped, ipv6, uses wifi, LQM: unknown]
default	00:37:14.681710-0700	mobile_storage_proxy	nw_listener_set_state_on_queue [L33] reporting state ready ((null))
default	00:37:14.682166-0700	mobile_storage_proxy	[C65 6BFDA622-94FB-4E3D-AEC3-0A9298A6DF1F IPv6#5a5c5e77.55769 tcp, definite, server, prohibit joining protocols, attribution: developer, context: remotexpc_realtime_messaging (private), proc: CDF1BF01-35C6-303D-B7A7-26C8DAA4F662, delegated upid: 0, local address: fd96:384d:410d::1.54098] start
default	00:37:14.682214-0700	mobile_storage_proxy	[C65 IPv6#5a5c5e77.55769 initial socket-flow (satisfied (Path is satisfied), interface: utun3, scoped, ipv6, uses wifi, LQM: unknown)] event: path:start @0.000s
default	00:37:14.682235-0700	mobile_storage_proxy	[C65 IPv6#5a5c5e77.55769 waiting socket-flow (satisfied (Path is satisfied), interface: utun3, scoped, ipv6, uses wifi, LQM: unknown)] event: path:satisfied @0.000s, uuid: B22440AB-5A25-46C8-A96E-A177EA93978A
default	00:37:14.682267-0700	mobile_storage_proxy	[C65 IPv6#5a5c5e77.55769 in_progress socket-flow (satisfied (Path is satisfied), interface: utun3, scoped, ipv6, uses wifi, LQM: unknown)] event: flow:start_connect @0.000s
default	00:37:14.682275-0700	mobile_storage_proxy	nw_connection_report_state_with_handler_on_nw_queue [C65] reporting state preparing
default	00:37:14.682296-0700	mobile_storage_proxy	nw_flow_connected [C65 IPv6#5a5c5e77.55769 in_progress socket-flow (satisfied (Path is satisfied), interface: utun3, scoped, ipv6, uses wifi, LQM: unknown)] Transport protocol connected (socket)
default	00:37:14.682305-0700	mobile_storage_proxy	[C65 IPv6#5a5c5e77.55769 in_progress socket-flow (satisfied (Path is satisfied), interface: utun3, scoped, ipv6, uses wifi, LQM: unknown)] event: flow:finish_transport @0.000s
default	00:37:14.682569-0700	mobile_storage_proxy	nw_flow_connected [C65 IPv6#5a5c5e77.55769 in_progress socket-flow (satisfied (Path is satisfied), interface: utun3, scoped, ipv6, uses wifi, LQM: unknown)] Output protocol connected (http2_transport)
default	00:37:14.682893-0700	mobile_storage_proxy	[C65 IPv6#5a5c5e77.55769 ready socket-flow (satisfied (Path is satisfied), viable, interface: utun3, scoped, ipv6, uses wifi, LQM: unknown)] event: flow:finish_connect @0.000s
default	00:37:14.683115-0700	mobile_storage_proxy	nw_connection_report_state_with_handler_on_nw_queue [C65] reporting state ready
default	00:37:14.683128-0700	mobile_storage_proxy	[C65 IPv6#5a5c5e77.55769 ready socket-flow (satisfied (Path is satisfied), viable, interface: utun3, scoped, ipv6, uses wifi, LQM: unknown)] event: flow:changed_viability @0.001s
default	00:37:14.683135-0700	mobile_storage_proxy	nw_connection_send_viability_changed_on_nw_queue [C65] viability_changed_handler(true)
error	00:37:14.683768-0700	mobile_storage_proxy	nw_path_necp_check_for_updates Failed to copy updated result (22)
default	00:37:14.683855-0700	mobile_storage_proxy	-[NWConcrete_nw_listener handleInbound:addProtocolInbox:] [L33] Handling inbound connection (add inbox 0) [C66 IPv6#5a5c5e77.55769 tcp, local: fd96:384d:410d::1.54098, definite, attribution: developer, server, prohibit joining protocols, path satisfied (Path is satisfied), viable, interface: utun3, scoped, ipv6, uses wifi, LQM: unknown]
default	00:37:14.683868-0700	mobile_storage_proxy	[0x838c60140] Got incoming h2 stream
default	00:37:14.683902-0700	mobile_storage_proxy	[C66 509609A4-3105-48AB-ACFF-A2B6A493399B IPv6#5a5c5e77.55769 tcp, definite, server, prohibit joining protocols, attribution: developer, context: remotexpc_realtime_messaging (private), proc: CDF1BF01-35C6-303D-B7A7-26C8DAA4F662, delegated upid: 0, local address: fd96:384d:410d::1.54098] start
default	00:37:14.683933-0700	mobile_storage_proxy	[C66 IPv6#5a5c5e77.55769 initial socket-flow (satisfied (Path is satisfied), viable, interface: utun3, scoped, ipv6, uses wifi, LQM: unknown)] event: path:start @0.000s
default	00:37:14.684067-0700	mobile_storage_proxy	[C66 IPv6#5a5c5e77.55769 waiting socket-flow (satisfied (Path is satisfied), viable, interface: utun3, scoped, ipv6, uses wifi, LQM: unknown)] event: path:satisfied @0.000s, uuid: B22440AB-5A25-46C8-A96E-A177EA93978A
default	00:37:14.684103-0700	mobile_storage_proxy	[C66 IPv6#5a5c5e77.55769 in_progress socket-flow (satisfied (Path is satisfied), viable, interface: utun3, scoped, ipv6, uses wifi, LQM: unknown)] event: flow:start_connect @0.000s
default	00:37:14.684109-0700	mobile_storage_proxy	nw_connection_report_state_with_handler_on_nw_queue [C66] reporting state preparing
default	00:37:14.684134-0700	mobile_storage_proxy	nw_flow_connected [C66 IPv6#5a5c5e77.55769 in_progress socket-flow (satisfied (Path is satisfied), viable, interface: utun3, scoped, ipv6, uses wifi, LQM: unknown)] Output protocol connected (http2_transport)
default	00:37:14.684204-0700	mobile_storage_proxy	[C66 IPv6#5a5c5e77.55769 ready socket-flow (satisfied (Path is satisfied), viable, interface: utun3, scoped, ipv6, uses wifi, LQM: unknown)] event: flow:finish_connect @0.000s
default	00:37:14.684367-0700	mobile_storage_proxy	nw_connection_report_state_with_handler_on_nw_queue [C66] reporting state ready
default	00:37:14.684381-0700	mobile_storage_proxy	[C66 IPv6#5a5c5e77.55769 ready socket-flow (satisfied (Path is satisfied), viable, interface: utun3, scoped, ipv6, uses wifi, LQM: unknown)] event: flow:changed_viability @0.000s
default	00:37:14.686129-0700	mobile_storage_proxy	Remote connection (CoreDeviceService): CopyDevices
default	00:37:14.686769-0700	kernel	tcp connect incoming: [<IPv6-redacted>:54156<-><IPv6-redacted>:55771] interface: utun3 (skipped: 166)
so_gencnt: 227183 t_state: SYN_RCVD process: remoted:8889 SYN in/out: 1/0 bytes in/out: 0/0 pkts in/out: 0/0 rtt: 0.0 ms rttvar: 250.0 ms base_rtt: 1 ms error: 0 so_error: 0 svc/tc: 0 flow: 0x8e0747c5
so_qlimit: 128 so_qlen: 1 so_incqlen: 1
default	00:37:14.687377-0700	kernel	tcp connected: [<IPv6-redacted>:54156<-><IPv6-redacted>:55771] interface: utun3 (skipped: 166)
so_gencnt: 227183 t_state: ESTABLISHED process: remoted:8889 SYN in/out: 1/1 bytes in/out: 0/0 pkts in/out: 0/0 rtt: 0.0 ms rttvar: 250.0 ms base_rtt: 1 ms error: 0 so_error: 0 svc/tc: 0 flow: 0x8e0747c5
so_qlimit: 128 so_qlen: 1 so_incqlen: 1
default	00:37:14.687510-0700	kernel	tcp accept: [<IPv6-redacted>:54156<-><IPv6-redacted>:55771] interface: utun3 (skipped: 166)
so_gencnt: 227183 t_state: ESTABLISHED process: remoted:8889 SYN in/out: 1/1 bytes in/out: 0/0 pkts in/out: 0/0 rtt: 1.0 ms rttvar: 0.500 ms base_rtt: 1 ms error: 0 so_error: 0 svc/tc: 0 flow: 0x8e0747c5
default	00:37:14.687607-0700	remoted	coredevice-28> Got incoming connection for "<private>"
default	00:37:14.687872-0700	remoted	[0x7930843c0] Connection returned listener port: 0x4283
default	00:37:14.688158-0700	lockdownd	[0x7a2cdabc0] activating connection: mach=false listener=false peer=false name=(anonymous)
default	00:37:14.688349-0700	remoted	[0x792c9c900] activating connection: mach=false listener=false peer=true name=com.apple.xpc.anonymous.0x7930843c0.peer[8886].0x792c9c900
default	00:37:14.690088-0700	lockdownd	handle_start_service_with_socket: <private>
default	00:37:14.690409-0700	lockdownd	[0x7a2cdaa80] activating connection: mach=true listener=false peer=false name=com.apple.mobileactivationd
default	00:37:14.691785-0700	mobileactivationd	[0x7730c0900] activating connection: mach=false listener=false peer=true name=com.apple.mobileactivationd.peer[8886].0x7730c0900
default	00:37:14.692353-0700	lockdownd	[0x7a2cdaa80] invalidated because the current process cancelled the connection by calling xpc_connection_cancel()
default	00:37:14.692938-0700	lockdownd	[0x7a2cdaa80] activating connection: mach=true listener=false peer=false name=com.apple.mobile.assertion_agent
default	00:37:14.693213-0700	lockdownd	spawn_xpc_service: <private>
default	00:37:14.693388-0700	lockdownd	[0x7a2cdabc0] invalidated because the current process cancelled the connection by calling xpc_connection_cancel()
default	00:37:14.693444-0700	remoted	[0x792c9c900] invalidated because the client process (pid 8886) either cancelled the connection or exited
default	00:37:14.694185-0700	mobileactivationd	[0x7730c0900] invalidated because the client process (pid 8886) either cancelled the connection or exited
default	00:37:14.695133-0700	symptomsd	WiFi observer _foregroundCounts.currentCombinedFlags is 0x10101010101
default	00:37:14.695377-0700	symptomsd	WiFi observer _backgroundCounts.currentCombinedFlags is 0x10101010101
default	00:37:14.697853-0700	mobile_assertion_agent	[0x68503c000] activating connection: mach=false listener=false peer=true name=com.apple.mobile.assertion_agent.peer[8886].0x68503c000
default	00:37:14.698048-0700	mobile_assertion_agent	[0x68503c000] invalidated because the current process cancelled the connection by calling xpc_connection_cancel()
default	00:37:14.699515-0700	kernel	ANE0: aneFirmwareCommandSend: Skip waiting for response
default	00:37:14.699583-0700	kernel	ANE0: aneFirmwareCommandSend: Skip waiting for response
default	00:37:14.699713-0700	mobile_assertion_agent	Resuming timer
default	00:37:14.699837-0700	kernel	ANE0: aneFirmwareCommandSend: Skip waiting for response
default	00:37:14.702862-0700	kernel	tcp_connection_summary (tcp_usrclosed:3234)[<IPv6-redacted>:54097<-><IPv6-redacted>:55770] interface: utun3 (skipped: 166)
so_gencnt: 227182 t_state: LAST_ACK process: lockdownd:8886 Duration: 0.035 sec Conn_Time: 0.008 sec bytes in/out: 685/785 pkts in/out: 5/4 pkt rxmit: 0 ooo pkts: 0 dup bytes in: 0 ACKs delayed: 0 delayed ACKs sent: 0
rtt: 5.281 ms rttvar: 4.750 ms base rtt: 1 ms so_error: 0 svc/tc: 0 flow: 0x959c98e6
default	00:37:14.702898-0700	kernel	tcp_connection_summary [<IPv6-redacted>:54097<-><IPv6-redacted>:55770] interface: utun3 (skipped: 166)
so_gencnt: 227182 t_state: LAST_ACK process: lockdownd:8886 flowctl: 0us (0x) SYN in/out: 1/1 FIN in/out: 1/0 RST in/out: 0/0 AccECN (client/server): Disabled/Classic ECN requested
default	00:37:14.703061-0700	lockdownd	[0x7a2cdb200] invalidated because the current process cancelled the connection by calling xpc_connection_cancel()
default	00:37:14.703140-0700	remoted	[0x792c9c180] invalidated because the client process (pid 8886) either cancelled the connection or exited
default	00:37:14.704993-0700	symptomsd	Source 131022 attribution change, was procname remoted pid 8889 epid 8889 uuid B09E317A-B35B-3FE6-8025-A69B367905D6 euuid B09E317A-B35B-3FE6-8025-A69B367905D6  now lockdownd 8886 8886 716C03BE-0923-3001-98D7-B20F3A84DD67 716C03BE-0923-3001-98D7-B20F3A84DD67
default	00:37:14.705441-0700	symptomsd	Source 131022 old attribution remoted new attribution lockdownd
default	00:37:14.706027-0700	mobile_storage_proxy	Failed to retrieve the IO service matching the device node for <private>.
default	00:37:14.706285-0700	mobile_storage_proxy	Sending response: {
    EntryList =     (
                {
            BackingImage = "/private/var/containers/Shared/SystemGroup/59D8F993-2D35-4475-98F8-A0841B32417E/backingStore/2CD02D7768F8C5A888E58DDE3494959926CBF912D5AEDBBE/D1851141DCB5A4D25A7279002EA008F95784DC977E2F3C16/MVHF00.dmg";
            DeviceNode = "/dev/disk4s1";
            DeviceType = DiskImage;
            DiskImageType = Personalized;
            FilesystemType = apfs;
            ImageSignature = {length = 48, bytes = 0x2cd02d77 68f8c5a8 88e58dde 34949599 ... 5784dc97 7e2f3c16 };
            IsMounted = 1;
            IsReadOnly = 1;
            MountPath = "/System/Developer";
            PersonalizedImageType = DeveloperDiskImage;
            PersonalizedImageVersion = "518.33";
            PersonalizedImageVersionInfo =             {
                BuildVersion = 750;
                Platform = iOS;
                ProductBuildVersion = 17F113;
                ProjectMetadata =                 (
                                        {
default	00:37:14.707181-0700	symptomsd	Flow 131022 owner lockdownd, changed user from AppTracker at 0x6b4e2b0c0 user remoted  flows: self 7  others 0 prevs 6028 0  avg duration 19.905510 rx 11299 tx 6473 everset 0x0 policy (null)
default	00:37:14.707539-0700	symptomsd	Data Usage for lockdownd on flow 131022 - WiFi in/out: 16791137/16961933, WiFi delta_in/delta_out: 985/1025, Cell in/out: 0/0, Cell delta_in/delta_out: 0/0, RNF: 0, subscriber tag: 1, total duration: 0.035
error	00:37:14.707907-0700	mobile_storage_proxy	nw_read_request_report [C65] Receive failed with error "Connection reset by peer"
default	00:37:14.708081-0700	mobile_storage_proxy	nw_http2_transport_remove_input_handler [C65:1] not closing already closed stream
default	00:37:14.708098-0700	mobile_storage_proxy	[C65 IPv6#5a5c5e77.55769 failed socket-flow (satisfied (Path is satisfied), viable, interface: utun3, scoped, ipv6, uses wifi, LQM: unknown)] event: flow:disconnect @0.026s, error Connection reset by peer
default	00:37:14.708121-0700	mobile_storage_proxy	nw_connection_report_state_with_handler_on_nw_queue [C65] reporting state failed error Connection reset by peer
default	00:37:14.708131-0700	mobile_storage_proxy	[C65 6BFDA622-94FB-4E3D-AEC3-0A9298A6DF1F IPv6#5a5c5e77.55769 tcp, local: fd96:384d:410d::1.54098, definite, attribution: developer, server, prohibit joining protocols] cancel
default	00:37:14.708340-0700	mobile_storage_proxy	[C65 6BFDA622-94FB-4E3D-AEC3-0A9298A6DF1F IPv6#5a5c5e77.55769 tcp, local: fd96:384d:410d::1.54098, definite, attribution: developer, server, prohibit joining protocols] cancelled
	[C65 B22440AB-5A25-46C8-A96E-A177EA93978A fd96:384d:410d::1.54098<->IPv6#5a5c5e77.55769]
	Connected Path: satisfied (Path is satisfied), viable, interface: utun3, scoped, ipv6, uses wifi, LQM: unknown
	Privacy Stance: Not Eligible
	Duration: 0.026s, TCP @0.000s took 0.000s
	bytes in/out: 0/0, packets in/out: 0/0, rtt: 0.000s, retransmitted bytes: 0, out-of-order bytes: 0
	ecn packets sent/acked/marked/lost: 0/0/0/0
default	00:37:14.708405-0700	kernel	tcp_connection_summary (tcp_close:1820)[<IPv6-redacted>:54098<-><IPv6-redacted>:55769] interface: utun3 (skipped: 166)
so_gencnt: 227181 t_state: ESTABLISHED process: mobile_storage_p:8891 Duration: 0.041 sec Conn_Time: 0.001 sec bytes in/out: 378/1805 pkts in/out: 5/4 pkt rxmit: 0 ooo pkts: 0 dup bytes in: 0 ACKs delayed: 0 delayed ACKs sent: 0
rtt: 1.000 ms rttvar: 0.187 ms base rtt: 1 ms so_error: 54 svc/tc: 0 flow: 0xaa359748
default	00:37:14.708422-0700	kernel	tcp_connection_summary [<IPv6-redacted>:54098<-><IPv6-redacted>:55769] interface: utun3 (skipped: 166)
so_gencnt: 227181 t_state: ESTABLISHED process: mobile_storage_p:8891 flowctl: 0us (0x) SYN in/out: 1/1 FIN in/out: 0/0 RST in/out: 1/0 AccECN (client/server): Disabled/Classic ECN requested
default	00:37:14.708434-0700	mobile_storage_proxy	nw_connection_report_state_with_handler_on_nw_queue [C65] reporting state cancelled error Connection reset by peer
error	00:37:14.708441-0700	mobile_storage_proxy	[C65 IPv6#5a5c5e77.55769 tcp, local: fd96:384d:410d::1.54098, definite, attribution: developer, server, prohibit joining protocols] is already cancelled, ignoring cancel
error	00:37:14.708447-0700	mobile_storage_proxy	[C65 IPv6#5a5c5e77.55769 tcp, local: fd96:384d:410d::1.54098, definite, attribution: developer, server, prohibit joining protocols] is already cancelled, ignoring cancel
default	00:37:14.708472-0700	mobile_storage_proxy	[0x838c60140] Connection Disconnected (state: connected, error [54: Connection reset by peer])
default	00:37:14.708484-0700	mobile_storage_proxy	nw_listener_cancel_block_invoke [L33] cancel
default	00:37:14.708583-0700	mobile_storage_proxy	[0x838c60140] disconnect_continue: reply_channel still present
default	00:37:14.708590-0700	mobile_storage_proxy	nw_listener_resume_inbox [L33] Resumed for <protocol: http2_transport>
default	00:37:14.708596-0700	mobile_storage_proxy	nw_listener_cancel_all_inboxes_on_queue_block_invoke [L33] cancelling all inboxes: <protocol: http2_transport>
default	00:37:14.708620-0700	mobile_storage_proxy	nw_listener_set_state_on_queue [L33] reporting state cancelled ((null))
default	00:37:14.708626-0700	mobile_storage_proxy	[C66 509609A4-3105-48AB-ACFF-A2B6A493399B IPv6#5a5c5e77.55769 tcp, local: fd96:384d:410d::1.54098, definite, attribution: developer, server, prohibit joining protocols] cancel
default	00:37:14.708647-0700	mobile_storage_proxy	[0x838c60140] disconnect: already disconnecting
default	00:37:14.708653-0700	mobile_storage_proxy	[0x838c60140] disconnect_continue: reply_channel still present
default	00:37:14.708678-0700	mobile_storage_proxy	[C66 509609A4-3105-48AB-ACFF-A2B6A493399B IPv6#5a5c5e77.55769 tcp, local: fd96:384d:410d::1.54098, definite, attribution: developer, server, prohibit joining protocols] cancelled
	[C66 B22440AB-5A25-46C8-A96E-A177EA93978A fd96:384d:410d::1.54098<->IPv6#5a5c5e77.55769]
	Connected Path: satisfied (Path is satisfied), viable, interface: utun3, scoped, ipv6, uses wifi, LQM: unknown
	Duration: 0.025s, TCP @0.000s took 0.000s
	bytes in/out: 378/1805, packets in/out: 5/4, rtt: 0.001s, retransmitted bytes: 0, out-of-order bytes: 0
	ecn packets sent/acked/marked/lost: 4/4/0/0
error	00:37:14.708909-0700	mobile_storage_proxy	nw_read_request_report [C66] Receive failed with error "Broken pipe"
default	00:37:14.709331-0700	mobile_storage_proxy	nw_connection_report_state_with_handler_on_nw_queue [C66] reporting state cancelled
default	00:37:14.709494-0700	mobile_storage_proxy	nw_http2_transport_remove_input_handler [C65:1] not closing already closed stream
default	00:37:14.709498-0700	mobile_storage_proxy	[0x838c60140] disconnect: already disconnecting
default	00:37:14.709505-0700	mobile_storage_proxy	[0x838c60140] Cancel complete, delivering XPC_ERROR_CONNECTION_INVALID
default	00:37:14.709517-0700	mobile_storage_proxy	[0x838c60140] Flushing outgoing messages
default	00:37:14.709522-0700	mobile_storage_proxy	[0x838c60140] Flushing outstanding replies
error	00:37:14.709528-0700	mobile_storage_proxy	[C66 IPv6#5a5c5e77.55769 tcp, local: fd96:384d:410d::1.54098, definite, attribution: developer, server, prohibit joining protocols] is already cancelled, ignoring cancel
default	00:37:14.709534-0700	mobile_storage_proxy	[0x838c60140] disconnect: already canceled
error	00:37:14.709541-0700	mobile_storage_proxy	[C66 IPv6#5a5c5e77.55769 tcp, local: fd96:384d:410d::1.54098, definite, attribution: developer, server, prohibit joining protocols] is already cancelled, ignoring cancel
default	00:37:14.709559-0700	mobile_storage_proxy	nw_socket_handle_socket_event [C65:2] Socket received CONNRESET event
default	00:37:14.709566-0700	mobile_storage_proxy	nw_socket_handle_socket_event [C65:2] Socket received DISCONNECTED event
error	00:37:14.709572-0700	mobile_storage_proxy	nw_socket_handle_socket_event [C65:2] Socket SO_ERROR [54: Connection reset by peer]
error	00:37:14.709585-0700	mobile_storage_proxy	nw_protocol_socket_reset_linger [C65:2] setsockopt SO_LINGER failed [22: Invalid argument]
default	00:37:14.710112-0700	symptomsd	Source 131021 attribution change, was procname remoted pid 8889 epid 8889 uuid B09E317A-B35B-3FE6-8025-A69B367905D6 euuid B09E317A-B35B-3FE6-8025-A69B367905D6  now mobile_storage_proxy 8891 8891 CDF1BF01-35C6-303D-B7A7-26C8DAA4F662 CDF1BF01-35C6-303D-B7A7-26C8DAA4F662
default	00:37:14.710166-0700	symptomsd	Source 131021 old attribution remoted new attribution mobile_storage_proxy
default	00:37:14.710867-0700	symptomsd	Flow 131021 owner mobile_storage_proxy, changed user from AppTracker at 0x6b4e2b0c0 user remoted  flows: self 6  others 0 prevs 6029 0  avg duration 19.902214 rx 11297 tx 6472 everset 0x0 policy (null)
default	00:37:14.711031-0700	symptomsd	Data Usage for mobile_storage_proxy on flow 131021 - WiFi in/out: 216337105/2619550, WiFi delta_in/delta_out: 678/2045, Cell in/out: 0/0, Cell delta_in/delta_out: 0/0, RNF: 0, subscriber tag: 1, total duration: 0.041
default	00:37:14.719500-0700	kernel	tcp connect incoming: [<IPv6-redacted>:54102<-><IPv6-redacted>:55772] interface: utun3 (skipped: 166)
so_gencnt: 227184 t_state: SYN_RCVD process: remoted:8889 SYN in/out: 1/0 bytes in/out: 0/0 pkts in/out: 0/0 rtt: 0.0 ms rttvar: 250.0 ms base_rtt: 1 ms error: 0 so_error: 0 svc/tc: 0 flow: 0xb034b728
so_qlimit: 128 so_qlen: 1 so_incqlen: 1
default	00:37:14.719588-0700	backboardd	[ALS] ts=81870.585 lux=5.260<private> xy=(0.554 0.446) chs=[0 70 85 219 214] CCT1=1139.302 gain=512x mode=<private> subsamples=24 rawLux=7.541 nits=49 xTalk=[1 7 7 8 10] status=0x9B copyEvent=0
default	00:37:14.720344-0700	kernel	tcp connected: [<IPv6-redacted>:54102<-><IPv6-redacted>:55772] interface: utun3 (skipped: 166)
so_gencnt: 227184 t_state: ESTABLISHED process: remoted:8889 SYN in/out: 1/1 bytes in/out: 0/0 pkts in/out: 0/0 rtt: 0.0 ms rttvar: 250.0 ms base_rtt: 1 ms error: 0 so_error: 0 svc/tc: 0 flow: 0xb034b728
so_qlimit: 128 so_qlen: 1 so_incqlen: 1
default	00:37:14.720438-0700	kernel	tcp accept: [<IPv6-redacted>:54102<-><IPv6-redacted>:55772] interface: utun3 (skipped: 166)
so_gencnt: 227184 t_state: ESTABLISHED process: remoted:8889 SYN in/out: 1/1 bytes in/out: 0/0 pkts in/out: 0/0 rtt: 1.0 ms rttvar: 0.500 ms base_rtt: 1 ms error: 0 so_error: 0 svc/tc: 0 flow: 0xb034b728
default	00:37:14.720930-0700	remoted	coredevice-28> Got incoming connection for "<private>"
default	00:37:14.720942-0700	remoted	[0x7930843c0] Connection returned listener port: 0x4283
default	00:37:14.720993-0700	backboardd	Ammolite: Lux 5.259765 (delta 4.506369 / thr 10.000000)
default	00:37:14.721570-0700	dtappserviced	[0xbcf094500] activating connection: mach=false listener=false peer=false name=(anonymous)
default	00:37:14.721690-0700	remoted	[0x792c9c180] activating connection: mach=false listener=false peer=true name=com.apple.xpc.anonymous.0x7930843c0.peer[10642].0x792c9c180
default	00:37:14.723145-0700	dtappserviced	Enabling TCP keepalives on socket: 3
default	00:37:14.723740-0700	dtappserviced	xpc_remote_connection_connect_complete setup_nw_listener
default	00:37:14.723923-0700	dtappserviced	[0xbcf094500] invalidated because the current process cancelled the connection by calling xpc_connection_cancel()
default	00:37:14.724031-0700	remoted	[0x792c9c180] invalidated because the client process (pid 10642) either cancelled the connection or exited
default	00:37:14.724824-0700	dtappserviced	nw_socket_set_connected_fd  Not guarding connected fd 3
default	00:37:14.725079-0700	dtappserviced	[L5 tcp, definite, server, attribution: developer, context: Default Network Context (private), proc: C351567C-E734-3024-AD0F-D6FF63BBCA29, delegated upid: 0, local address: ::.0] start for connection [C9 IPv6#6963e7e9.55772 tcp, local: fd96:384d:410d::1.54102, definite, attribution: developer, server, prohibit joining protocols, path satisfied (Path is satisfied), interface: utun3, scoped, ipv6, uses wifi, LQM: unknown]
default	00:37:14.725255-0700	dtappserviced	nw_listener_set_state_on_queue [L5] reporting state ready ((null))
default	00:37:14.725280-0700	dtappserviced	[C9 27BCDFDF-9511-4B81-A8B7-634656A51387 IPv6#6963e7e9.55772 tcp, definite, server, prohibit joining protocols, attribution: developer, context: Default Network Context (private), proc: C351567C-E734-3024-AD0F-D6FF63BBCA29, delegated upid: 0, local address: fd96:384d:410d::1.54102] start
default	00:37:14.725393-0700	dtappserviced	[C9 IPv6#6963e7e9.55772 initial socket-flow (satisfied (Path is satisfied), interface: utun3, scoped, ipv6, uses wifi, LQM: unknown)] event: path:start @0.000s
default	00:37:14.725418-0700	dtappserviced	[C9 IPv6#6963e7e9.55772 waiting socket-flow (satisfied (Path is satisfied), interface: utun3, scoped, ipv6, uses wifi, LQM: unknown)] event: path:satisfied @0.000s, uuid: 86C1110D-EEAD-454D-AD46-894D43286FFA
default	00:37:14.725611-0700	dtappserviced	[C9 IPv6#6963e7e9.55772 in_progress socket-flow (satisfied (Path is satisfied), interface: utun3, scoped, ipv6, uses wifi, LQM: unknown)] event: flow:start_connect @0.000s
default	00:37:14.725617-0700	dtappserviced	nw_connection_report_state_with_handler_on_nw_queue [C9] reporting state preparing
default	00:37:14.725652-0700	dtappserviced	nw_flow_connected [C9 IPv6#6963e7e9.55772 in_progress socket-flow (satisfied (Path is satisfied), interface: utun3, scoped, ipv6, uses wifi, LQM: unknown)] Transport protocol connected (socket)
default	00:37:14.725666-0700	dtappserviced	[C9 IPv6#6963e7e9.55772 in_progress socket-flow (satisfied (Path is satisfied), interface: utun3, scoped, ipv6, uses wifi, LQM: unknown)] event: flow:finish_transport @0.000s
default	00:37:14.725936-0700	dtappserviced	nw_flow_connected [C9 IPv6#6963e7e9.55772 in_progress socket-flow (satisfied (Path is satisfied), interface: utun3, scoped, ipv6, uses wifi, LQM: unknown)] Output protocol connected (http2_transport)
default	00:37:14.726188-0700	dtappserviced	[C9 IPv6#6963e7e9.55772 ready socket-flow (satisfied (Path is satisfied), viable, interface: utun3, scoped, ipv6, uses wifi, LQM: unknown)] event: flow:finish_connect @0.000s
default	00:37:14.726272-0700	dtappserviced	nw_connection_report_state_with_handler_on_nw_queue [C9] reporting state ready
default	00:37:14.726380-0700	dtappserviced	[C9 IPv6#6963e7e9.55772 ready socket-flow (satisfied (Path is satisfied), viable, interface: utun3, scoped, ipv6, uses wifi, LQM: unknown)] event: flow:changed_viability @0.000s
default	00:37:14.726388-0700	dtappserviced	nw_connection_send_viability_changed_on_nw_queue [C9] viability_changed_handler(true)
default	00:37:14.726815-0700	dtappserviced	-[NWConcrete_nw_listener handleInbound:addProtocolInbox:] [L5] Handling inbound connection (add inbox 0) [C10 IPv6#6963e7e9.55772 tcp, local: fd96:384d:410d::1.54102, definite, attribution: developer, server, prohibit joining protocols, path satisfied (Path is satisfied), viable, interface: utun3, scoped, ipv6, uses wifi, LQM: unknown]
default	00:37:14.727006-0700	dtappserviced	[0xbcf094280] Got incoming h2 stream
default	00:37:14.727108-0700	dtappserviced	[C10 A787CC52-5BBD-4875-8D0D-C7734DEAC32D IPv6#6963e7e9.55772 tcp, definite, server, prohibit joining protocols, attribution: developer, context: Default Network Context (private), proc: C351567C-E734-3024-AD0F-D6FF63BBCA29, delegated upid: 0, local address: fd96:384d:410d::1.54102] start
default	00:37:14.727140-0700	dtappserviced	[C10 IPv6#6963e7e9.55772 initial socket-flow (satisfied (Path is satisfied), viable, interface: utun3, scoped, ipv6, uses wifi, LQM: unknown)] event: path:start @0.000s
default	00:37:14.727163-0700	dtappserviced	[C10 IPv6#6963e7e9.55772 waiting socket-flow (satisfied (Path is satisfied), viable, interface: utun3, scoped, ipv6, uses wifi, LQM: unknown)] event: path:satisfied @0.000s, uuid: 86C1110D-EEAD-454D-AD46-894D43286FFA
default	00:37:14.727258-0700	dtappserviced	[C10 IPv6#6963e7e9.55772 in_progress socket-flow (satisfied (Path is satisfied), viable, interface: utun3, scoped, ipv6, uses wifi, LQM: unknown)] event: flow:start_connect @0.000s
default	00:37:14.727267-0700	dtappserviced	nw_connection_report_state_with_handler_on_nw_queue [C10] reporting state preparing
default	00:37:14.727304-0700	dtappserviced	nw_flow_connected [C10 IPv6#6963e7e9.55772 in_progress socket-flow (satisfied (Path is satisfied), viable, interface: utun3, scoped, ipv6, uses wifi, LQM: unknown)] Output protocol connected (http2_transport)
default	00:37:14.727390-0700	dtappserviced	[C10 IPv6#6963e7e9.55772 ready socket-flow (satisfied (Path is satisfied), viable, interface: utun3, scoped, ipv6, uses wifi, LQM: unknown)] event: flow:finish_connect @0.000s
default	00:37:14.727627-0700	dtappserviced	nw_connection_report_state_with_handler_on_nw_queue [C10] reporting state ready
default	00:37:14.727665-0700	dtappserviced	[C10 IPv6#6963e7e9.55772 ready socket-flow (satisfied (Path is satisfied), viable, interface: utun3, scoped, ipv6, uses wifi, LQM: unknown)] event: flow:changed_viability @0.000s
default	00:37:14.730869-0700	dtappserviced	invoke(usingContentsOf:): Invoking action (type=LaunchActionImplementation, invocation=9F02BAC1-8796-45E8-9A9A-488E6EBFAB6D, device=02702B8F-3B8A-580C-A5FA-2E4E9DB085F7) from XPC message with input <private>
default	00:37:14.731395-0700	dtappserviced	[C:5] Alloc com.apple.frontboard.systemappservices
default	00:37:14.731544-0700	dtappserviced	[0xbcf094000] activating connection: mach=false listener=false peer=false name=(anonymous)
default	00:37:14.732433-0700	dtappserviced	Creating RBSProcessHandle
default	00:37:14.732985-0700	runningboardd	PERF: Received lookupHandleForPredicate request from [anon<dtappserviced>:10642] (euid 0, auid 0) (persona (null))
error	00:37:14.733057-0700	SpringBoard	Unable to obtain a task name port right for pid 10642: (os/kern) failure (0x5)
default	00:37:14.733067-0700	SpringBoard	[S:200] Alloc com.apple.frontboard.systemappservices
default	00:37:14.733196-0700	SpringBoard	[0xc35ad5b00] activating connection: mach=false listener=false peer=true name=com.apple.frontboard.systemappservices.peer[10642].0xc35ad5b00
error	00:37:14.734267-0700	dtappserviced	RBSProcessHandle failed to create handle to process with identifier <private> because it is not running.
default	00:37:14.734297-0700	dtappserviced	Asking Launch Servies for an LSApplicationRecord for <private>
default	00:37:14.735615-0700	dtappserviced	Launching app <private> with options: <private>
default	00:37:14.736612-0700	dtappserviced	[FBSSystemService][0x53c6] Sending request to open "com.groundeffectsoftware.AnxietyWatch"
default	00:37:14.738470-0700	SpringBoard	[FBSystemService][0x53c6] Received request to open "com.groundeffectsoftware.AnxietyWatch" from dtappserviced:10642.
default	00:37:14.738492-0700	SpringBoard	[FBSystemService][0x53c6] Activation request for com.groundeffectsoftware.AnxietyWatch contained LSCacheGUID 7449D002-549B-454B-9261-BB8D32C23FEE and LSSequenceNumber 2936.
default	00:37:14.738776-0700	SpringBoard	[FBSystemService][0x53c6] Trusting entitled client dtappserviced:10642.
default	00:37:14.738800-0700	SpringBoard	[FBSystemService][0x53c6] Activation request for com.groundeffectsoftware.AnxietyWatch will wait 10.00s for app availability, with retry every 2.00s.
default	00:37:14.738869-0700	SpringBoard	[FBSystemService][0x53c6] Attempting activation of <private> with {UUID: 7449D002-549B-454B-9261-BB8D32C23FEE, Sequence: 2936} vs {UUID: 7449D002-549B-454B-9261-BB8D32C23FEE, Sequence: 2936}
default	00:37:14.738881-0700	SpringBoard	Received trusted open application request for "com.groundeffectsoftware.AnxietyWatch" from <FBProcess: 0xc35b3e280; anon<dtappserviced>:10642(v79BC)>.
default	00:37:14.743799-0700	SpringBoard	[0xc2f4203c0] activating connection: mach=true listener=false peer=false name=com.apple.trustd
default	00:37:14.744301-0700	trustd	[0xd38de0dc0] activating connection: mach=false listener=false peer=true name=com.apple.trustd.peer[35].0xd38de0dc0
default	00:37:14.746773-0700	trustd	cert[0]: SubjectCommonName =(leaf)[]> 0
default	00:37:14.746886-0700	trustd	cert[0]: LeafMarkerOid =(leaf)[force]> 0
default	00:37:14.751014-0700	trustd	cert[0]: IssuerCommonName =(path)[]> 0
default	00:37:14.752069-0700	SpringBoard	[0xc2f4203c0] invalidated because the current process cancelled the connection by calling xpc_connection_cancel()
default	00:37:14.752126-0700	SpringBoard	Trust evaluate failure: [leaf IssuerCommonName LeafMarkerOid SubjectCommonName]
default	00:37:14.752291-0700	trustd	[0xd38de0dc0] invalidated because the client process (pid 35) either cancelled the connection or exited
default	00:37:14.753670-0700	SpringBoard	[0xc2f421b80] activating connection: mach=true listener=false peer=false name=com.apple.misagent
default	00:37:14.753954-0700	misagent	[0xd5ec44500] activating connection: mach=false listener=false peer=true name=com.apple.misagent.peer[35].0xd5ec44500
default	00:37:14.754359-0700	misagent	Copying profiles for cert 02b0899c3c75d225ca793b6957c6d3ac3281677549846d3d2efeb0fcf95ab151
default	00:37:14.755124-0700	misagent	Sending 1794d52f-3d15-4a77-a620-806a5f71c7bb - iOS Team Provisioning Profile: com.groundeffectsoftware.AnxietyWatch
default	00:37:14.755136-0700	misagent	Sending 4bb93148-f6f5-49f4-8df7-6cf53526a1be - iOS Team Provisioning Profile: com.groundeffectsoftware.AnxietyWatch
default	00:37:14.755183-0700	SpringBoard	[0xc2f421b80] invalidated because the current process cancelled the connection by calling xpc_connection_cancel()
default	00:37:14.755278-0700	misagent	[0xd5ec44500] invalidated because the client process (pid 35) either cancelled the connection or exited
default	00:37:14.761465-0700	SpringBoard	<private> was picked for validation
default	00:37:14.762028-0700	SpringBoard	SBIdleTimerGlobalCoordinator - updateIdleTimerForReason:"OpenApplication"]
default	00:37:14.762233-0700	SpringBoard	idleTimerDescriptorForBehavior: <SBIdleTimerBehavior: 0xc328d1a10; duration: Unlocked; mode: Auto; warnMode: Warn>
default	00:37:14.762507-0700	SpringBoard	0xc3279d840 reconfigured attention timeouts:[
    1; 130.00,
    2; 132.00,
    3; 150.00
]
default	00:37:14.763122-0700	backboardd	  81870.64628: reset attention lost timeout for com.apple.springboard.GlobalBacklightIdleTimer at   81870.64627
default	00:37:14.763194-0700	backboardd	  81870.64630: updated config <AWRemoteClient: 0xb03ce8e00> (identifier: com.apple.springboard.GlobalBacklightIdleTimer samplingInterval:       4.00000 samplingDelay:     118.00000 sampleWhileAbsent: false retroactiveTimeoutMode: false pollingFilter: false continuousFaceDetectMode: false unityStream: false activateEyeRelief: false activateAttentionDetection: true activateMotionDetection: false activatePersonDetection: false attentionLostTimeouts: 130, 132, 150 nonSampledAttentionLostTimeoutEnabled true nonSampledAttentionLostTimeout       0.00000 notificationMask NONE mask AttentionLost|Button|Keyboard|Digitizer|Pointer|GameController|FaceDetect|MesaTouch|GenericGesture attentionLostEventMask AttentionLost|Button|Keyboard|Digitizer|Pointer|GameController|MesaTouch|GenericGesture digitizerDisplayUUIDs (null) buttonDisplayUUIDs (null) keyboardDisplayUUIDs (null) tagIndex 1126)
default	00:37:14.763537-0700	SpringBoard	<0xc32736940> - reconfigure attention client with configuration:<AWAttentionAwarenessConfiguration: 0xc3e502bc0> (identifier: com.apple.springboard.GlobalBacklightIdleTimer samplingInterval:       4.00000, samplingDelay:     118.00000, sampleWhileAbsent: false, retroactiveTimeoutMode: false, pollingFilter: false, continuousFaceDetectMode: false, activateAttentionDetection: true, activateEyeRelief: false, activateMotionDetection: false, unityStream: false, attentionLostTimeouts:     132.00000,     130.00000,     150.00000 nonSampledAttentionLostTimeoutEnable: true nonSampledAttentionLostTimeout:    3600.00000 notificationMask NONE mask Button|Keyboard|Digitizer|Pointer|GameController|FaceDetect|MesaTouch|GenericGesture attentionLostEventMask Button|Keyboard|Digitizer|Pointer|GameController|MesaTouch|GenericGesture digitizerDisplayUUIDs (null) buttonDisplayUUIDs (null) keyboardDisplayUUIDs (null) tagIndex 1126)
default	00:37:14.763565-0700	SpringBoard	<SBBacklightIdleTimer: 0xc3279d840> sending idleTimerDidRefresh: to <SBIdleTimerPolicyAggregator: 0xc327282c0>
default	00:37:14.763571-0700	SpringBoard	<SBBacklightIdleTimer: 0xc3279d840> sending idleTimerDidRefresh: to <SBIdleTimerProxy: 0xc32ac5e80>
default	00:37:14.763577-0700	SpringBoard	<SBIdleTimerProxy: 0xc32ac5e80> sending idleTimerDidRefresh: to <SBIdleTimerGlobalCoordinator: 0xc33b17d80>
default	00:37:14.763585-0700	SpringBoard	<SBIdleTimerProxy: 0xc32ac5e80> sending idleTimerDidRefresh: to <SBIdleTimerProxy: 0xc32b985a0>
default	00:37:14.763592-0700	SpringBoard	<SBIdleTimerProxy: 0xc32b985a0> sending idleTimerDidRefresh: to <SBIdleTimerProxy: 0xc329b4040>
default	00:37:14.763597-0700	SpringBoard	<SBIdleTimerProxy: 0xc329b4040> sending idleTimerDidRefresh: to <SBIdleTimerProxy: 0xc329b4180>
default	00:37:14.763605-0700	SpringBoard	<SBIdleTimerProxy: 0xc329b4180> sending idleTimerDidRefresh: to <SBDashBoardIdleTimerProvider: 0xc325a7240>
default	00:37:14.763660-0700	SpringBoard	<SBIdleTimerProxy: 0xc32b985a0> sending idleTimerDidRefresh: to <SBIdleTimerProxy: 0xc329b4120>
default	00:37:14.763669-0700	SpringBoard	<SBIdleTimerProxy: 0xc329b4120> no observers for idleTimerDidRefresh:
default	00:37:14.763675-0700	SpringBoard	<SBIdleTimerProxy: 0xc32b985a0> sending idleTimerDidRefresh: to <SBIdleTimerProxy: 0xc30c66260>
default	00:37:14.763681-0700	SpringBoard	<SBIdleTimerProxy: 0xc30c66260> no observers for idleTimerDidRefresh:
default	00:37:14.763689-0700	SpringBoard	<SBIdleTimerProxy: 0xc32b985a0> sending idleTimerDidRefresh: to <SBIdleTimerProxy: 0xc3188bf80>
default	00:37:14.763695-0700	SpringBoard	<SBIdleTimerProxy: 0xc3188bf80> sending idleTimerDidRefresh: to <SBIdleTimerProxy: 0xc3188ab60>
default	00:37:14.763700-0700	SpringBoard	<SBIdleTimerProxy: 0xc3188ab60> no observers for idleTimerDidRefresh:
default	00:37:14.764579-0700	SpringBoard	Executing request: <SBMainWorkspaceTransitionRequest: 0xc3e502bc0; eventLabel: OpenApplication(sceneID:com.groundeffectsoftware.AnxietyWatch-18DE83D8-1846-45B8-876C-4C1CE7F6CEF0)ForRequester(dtappserviced.10642); display: Main; source: FBSystemService>
default	00:37:14.768158-0700	SpringBoard	[0xc31a012c0] activating connection: mach=true listener=false peer=false name=com.apple.trustd
default	00:37:14.768404-0700	trustd	[0xd38de0dc0] activating connection: mach=false listener=false peer=true name=com.apple.trustd.peer[35].0xd38de0dc0
default	00:37:14.770112-0700	trustd	cert[0]: SubjectCommonName =(leaf)[]> 0
default	00:37:14.770133-0700	trustd	cert[0]: LeafMarkerOid =(leaf)[force]> 0
default	00:37:14.773186-0700	trustd	cert[0]: IssuerCommonName =(path)[]> 0
default	00:37:14.773643-0700	SpringBoard	[0xc31a012c0] invalidated because the current process cancelled the connection by calling xpc_connection_cancel()
default	00:37:14.773844-0700	trustd	[0xd38de0dc0] invalidated because the client process (pid 35) either cancelled the connection or exited
default	00:37:14.773860-0700	SpringBoard	Trust evaluate failure: [leaf IssuerCommonName LeafMarkerOid SubjectCommonName]
default	00:37:14.775017-0700	SpringBoard	[0xc31a012c0] activating connection: mach=true listener=false peer=false name=com.apple.misagent
default	00:37:14.775233-0700	misagent	[0xd5ec44500] activating connection: mach=false listener=false peer=true name=com.apple.misagent.peer[35].0xd5ec44500
default	00:37:14.775414-0700	misagent	Copying profiles for cert 02b0899c3c75d225ca793b6957c6d3ac3281677549846d3d2efeb0fcf95ab151
default	00:37:14.776110-0700	misagent	Sending 1794d52f-3d15-4a77-a620-806a5f71c7bb - iOS Team Provisioning Profile: com.groundeffectsoftware.AnxietyWatch
default	00:37:14.776120-0700	misagent	Sending 4bb93148-f6f5-49f4-8df7-6cf53526a1be - iOS Team Provisioning Profile: com.groundeffectsoftware.AnxietyWatch
default	00:37:14.776158-0700	SpringBoard	[0xc31a012c0] invalidated because the current process cancelled the connection by calling xpc_connection_cancel()
default	00:37:14.776251-0700	misagent	[0xd5ec44500] invalidated because the client process (pid 35) either cancelled the connection or exited
default	00:37:14.779616-0700	SpringBoard	<private> was picked for validation
default	00:37:14.779860-0700	SpringBoard	[FBWorkspaceEvent] Executing: <FBWorkspaceEvent: 0xc3290f100; OpenApplication(sceneID:com.groundeffectsoftware.AnxietyWatch-18DE83D8-1846-45B8-876C-4C1CE7F6CEF0)ForRequester(dtappserviced.10642)>
default	00:37:14.781935-0700	SpringBoard	[92869424] unlockedEnvironmentMode: application
default	00:37:14.781944-0700	SpringBoard	[SwitcherOrientation] transition source: FBSystemService
default	00:37:14.782083-0700	SpringBoard	[SwitcherOrientation] switcherPolicy[Follow Primary Element primaryOverlaysPolicy[Follow Raw Device if Incompatibly User Locked]
default	00:37:14.788043-0700	SpringBoard	[SwitcherOrientation] _updateParticipantsAndPoliciesWithSwitcherPolicy:[Follow Primary Element] nonPrimaryOverlayPolicy:[Follow Raw Device if Incompatibly User Locked]
default	00:37:14.788054-0700	SpringBoard	[SwitcherOrientation] animation duration set to 0.00
default	00:37:14.788084-0700	SpringBoard	[SwitcherOrientation] outSwitcherOrientation: portrait (1), outElementsOrientations: {
    "sceneID:com.groundeffectsoftware.AnxietyWatch-18DE83D8-1846-45B8-876C-4C1CE7F6CEF0" = 1;
}
default	00:37:14.788902-0700	kernel	vm: segments queued for swapout: 0 regular, 391 freezer, 0 donate, 0 ripe, 0 darwkwake, 391 tota
default	00:37:14.788939-0700	kernel	wlan0:com.apple.p2p.awdl0: isInfraRealtimePacketThresholdAllowed allowed:1 option:32 threshold:50 noRegistrations:1 cachedPeerCount:0 fastDiscoveryInactive:1 fastDiscoveryOnSince:81870671
default	00:37:14.788955-0700	kernel	wlan0:com.apple.p2p.awdl0: currentInfraTrafficType:9274 checking if realtime upgrade required with inputPackets:5 outputPackets:2 packetThreshold:50
default	00:37:14.788965-0700	kernel	wlan0:com.apple.p2p.awdl0: monitorInfraTraffic[9396] Infra Traffic type has changed from Real Time to None. AWDL is Off
default	00:37:14.788999-0700	SpringBoard	Create activity <nw_activity 50:1>
default	00:37:14.789016-0700	SpringBoard	Create activity <nw_activity 50:2>
default	00:37:14.789118-0700	SpringBoard	Activated <nw_activity 50:1 [A4D43FD3-EA53-4C0C-98E2-5595B5DED6E7] (reporting strategy default)>
default	00:37:14.789172-0700	SpringBoard	Activated <nw_activity 50:2 [954FD5C6-1340-48C9-85C2-ADACF3E34CAC] (reporting strategy default)>
default	00:37:14.789251-0700	SpringBoard	Generating initialization context on main thread for: com.groundeffectsoftware.AnxietyWatch
default	00:37:14.799488-0700	kernel	ANE0: aneFirmwareCommandSend: Skip waiting for response
default	00:37:14.799551-0700	kernel	ANE0: aneFirmwareCommandSend: Skip waiting for response
default	00:37:14.799834-0700	kernel	ANE0: aneFirmwareCommandSend: Skip waiting for response
default	00:37:14.802704-0700	SpringBoard	Asked to bootstrap a new process with identity: app<com.groundeffectsoftware.AnxietyWatch(3A076A8F-336D-4BCB-ACE2-64C6E80D0E3A)>
default	00:37:14.802726-0700	SpringBoard	Creating process (sync=true) with identity: app<com.groundeffectsoftware.AnxietyWatch(3A076A8F-336D-4BCB-ACE2-64C6E80D0E3A)>
default	00:37:14.802787-0700	SpringBoard	Created <FBWorkspace: 0xc3e502da0; <FBApplicationProcess: 0xc35ad6d00; app<com.groundeffectsoftware.AnxietyWatch>:<invalid>>>
default	00:37:14.802795-0700	SpringBoard	Bootstrapping app<com.groundeffectsoftware.AnxietyWatch> with intent foreground-interactive
default	00:37:14.803056-0700	SpringBoard	Prewarming for launch of com.groundeffectsoftware.AnxietyWatch
default	00:37:14.803503-0700	runningboardd	Acquiring assertion targeting app<com.groundeffectsoftware.AnxietyWatch(3A076A8F-336D-4BCB-ACE2-64C6E80D0E3A)> from originator [osservice<com.apple.SpringBoard>:35] with description <RBSAssertionDescriptor| "FBApplicationProcess" ID:34-35-40149 target:app<com.groundeffectsoftware.AnxietyWatch(3A076A8F-336D-4BCB-ACE2-64C6E80D0E3A)> attributes:[
	<RBSDomainAttribute| domain:"com.apple.frontboard" name:"SuspendableLPRunReason-Resume" sourceEnvironment:"(null)">,
	<RBSDomainAttribute| domain:"com.apple.frontboard" name:"Visibility" sourceEnvironment:"(null)">,
	<RBSDomainAttribute| domain:"com.apple.frontboard" name:"SuspendableRole-UIFocal" sourceEnvironment:"(null)">,
	<RBSDomainAttribute| domain:"com.apple.frontboard" name:"SuspendableJetsamPriority-Foreground" sourceEnvironment:"(null)">,
	<RBSDomainAttribute| domain:"com.apple.frontboard" name:"SuspendableBootstrapping" sourceEnvironment:"(null)">,
	<RBSDomainAttribute| domain:"com.apple.pagein-prefetching" name:"LaunchPrefetch" sourceEnvironment:"(null)">
	]>
error	00:37:14.803689-0700	runningboardd	Multiple RBSRunningReasonAttribute provided: 10000 vs 20838. First one wins, but client should be fixed for assertion 34-35-40149 (target:app<com.groundeffectsoftware.AnxietyWatch(3A076A8F-336D-4BCB-ACE2-64C6E80D0E3A)>)
default	00:37:14.803705-0700	runningboardd	Assertion 34-35-40149 (target:app<com.groundeffectsoftware.AnxietyWatch(3A076A8F-336D-4BCB-ACE2-64C6E80D0E3A)>) will be created as active
default	00:37:14.803792-0700	SpringBoard	Changing icon manager content visibility to visible (transitioning)
default	00:37:14.803911-0700	SpringBoard	<SBHWidgetContainerViewController:0xc2f1ced00 widget=[com.kylebashour.aqi-wtf::com.kylebashour.aqi-wtf.aqi-widget:chart:systemSmall]> Setting visibility to visible not settled
default	00:37:14.804327-0700	runningboardd	Checking PreventLaunch: global:0 exPath:(null) predicates:(null) allow:(null)
default	00:37:14.804467-0700	runningboardd	preflightManager for <RBSLaunchContext: 0xd2f216580> -> ALLOWED
default	00:37:14.805289-0700	SpringBoard	<SBHWidgetContainerViewController:0xc2f1cca00 widget=[com.kylebashour.aqi-wtf::com.kylebashour.aqi-wtf.aqi-widget:chart:systemSmall]> Setting visibility to visible not settled
default	00:37:14.805311-0700	runningboardd	Creating and launching job for: app<com.groundeffectsoftware.AnxietyWatch(3A076A8F-336D-4BCB-ACE2-64C6E80D0E3A)>
default	00:37:14.805320-0700	runningboardd	_mutateContextIfNeeded called for com.groundeffectsoftware.AnxietyWatch
default	00:37:14.805336-0700	runningboardd	_mutateContextIfNeeded using proxy
default	00:37:14.806478-0700	SpringBoard	<SBHWidgetContainerViewController:0xc2f1cf200 widget=[com.apple.weather::com.apple.weather.widget:com.apple.weather:systemSmall]> Setting visibility to visible not settled
default	00:37:14.807111-0700	runningboardd	app<com.groundeffectsoftware.AnxietyWatch(3A076A8F-336D-4BCB-ACE2-64C6E80D0E3A)>: -[RBPersonaManager personaForIdentity:context:personaUID:personaUniqueString:] required 0.005007 ms (wallclock); resolved to {1000, 3A076A8F-336D-4BCB-ACE2-64C6E80D0E3A}
default	00:37:14.807177-0700	runningboardd	'app<com.groundeffectsoftware.AnxietyWatch(3A076A8F-336D-4BCB-ACE2-64C6E80D0E3A)>' Skipping container path lookup because containerization was prevented (<RBSLaunchContext: 0xd2f216580>)
default	00:37:14.807185-0700	runningboardd	'<private>' Constructed job description:
<private>
default	00:37:14.807240-0700	WidgetRenderer_Default	sceneOfRecord: sceneID: scene::1EF11B85-53DB-4465-965B-179EEB3059D1::0xc3bc08700  persistentID: scene::1EF11B85-53DB-4465-965B-179EEB3059D1::0xc3bc08700
default	00:37:14.807419-0700	WidgetRenderer_Default	[Timeline[com.kylebashour.aqi-wtf::com.kylebashour.aqi-wtf.aqi-widget:chart:systemSmall:-8776424947409478526:162.00/162.00/27.54:(null)~(null)]-pid:35--DA4200B68340::0xc3bc09500)] Widget visibility changed to: <CHUISWidgetVisibilitySettings: 0x8f97a7bd0; settled: NO; focal: NO; visibleBounds: {{inf, inf}, {0, 0}}>
default	00:37:14.807609-0700	WidgetRenderer_Default	[Timeline[com.kylebashour.aqi-wtf::com.kylebashour.aqi-wtf.aqi-widget:chart:systemSmall:-8776424947409478526:162.00/162.00/27.54:(null)~(null)]--DA4200B68340::0xc3bc09500)] Effective widget visibility changed to: <WidgetVisibility: isSettled=false, isFocal=false, bounds=(inf, inf, 0.0, 0.0)>
default	00:37:14.807773-0700	WidgetRenderer_Default	[Timeline[com.kylebashour.aqi-wtf::com.kylebashour.aqi-wtf.aqi-widget:chart:systemSmall:-8776424947409478526:162.00/162.00/27.54:(null)~(null)]--DA4200B68340::0xc3bc09500)] Visibility did change: false
default	00:37:14.807805-0700	WidgetRenderer_Default	[Timeline[com.kylebashour.aqi-wtf::com.kylebashour.aqi-wtf.aqi-widget:chart:systemSmall:-8776424947409478526:162.00/162.00/27.54:(null)~(null)]--DA4200B68340::0xc3bc09500)] Scheduling staleness check in 285.284571s: roughly 2026-07-19T00:41:55-07:00
default	00:37:14.808345-0700	WidgetRenderer_Default	sceneOfRecord: sceneID: scene::1EF11B85-53DB-4465-965B-179EEB3059D1::0xc3bc08700  persistentID: scene::1EF11B85-53DB-4465-965B-179EEB3059D1::0xc3bc08700
default	00:37:14.808398-0700	SpringBoard	Deactivating wallpaper orientation source ActiveOrientation
default	00:37:14.809127-0700	WidgetRenderer_Default	[Timeline[com.kylebashour.aqi-wtf::com.kylebashour.aqi-wtf.aqi-widget:chart:systemSmall:3286285622356593442:162.00/162.00/27.54:(null)~(null)]-pid:35--E98FB66A918C::0xc3bc0a300)] Widget visibility changed to: <CHUISWidgetVisibilitySettings: 0x8f97a7450; settled: NO; focal: NO; visibleBounds: {{inf, inf}, {0, 0}}>
default	00:37:14.809144-0700	WidgetRenderer_Default	[Timeline[com.kylebashour.aqi-wtf::com.kylebashour.aqi-wtf.aqi-widget:chart:systemSmall:3286285622356593442:162.00/162.00/27.54:(null)~(null)]--E98FB66A918C::0xc3bc0a300)] Effective widget visibility changed to: <WidgetVisibility: isSettled=false, isFocal=false, bounds=(inf, inf, 0.0, 0.0)>
default	00:37:14.809155-0700	WidgetRenderer_Default	[Timeline[com.kylebashour.aqi-wtf::com.kylebashour.aqi-wtf.aqi-widget:chart:systemSmall:3286285622356593442:162.00/162.00/27.54:(null)~(null)]--E98FB66A918C::0xc3bc0a300)] Visibility did change: false
default	00:37:14.809173-0700	WidgetRenderer_Default	[Timeline[com.kylebashour.aqi-wtf::com.kylebashour.aqi-wtf.aqi-widget:chart:systemSmall:3286285622356593442:162.00/162.00/27.54:(null)~(null)]--E98FB66A918C::0xc3bc0a300)] Scheduling staleness check in 285.044920s: roughly 2026-07-19T00:41:54-07:00
default	00:37:14.809406-0700	chronod	[<WidgetRenderSession--5148381563099746571-scene::A133932C-59E9-49F1-B248-DA4200B68340::0xc3bc09500-[com.kylebashour.aqi-wtf::com.kylebashour.aqi-wtf.aqi-widget:chart:systemSmall:-8776424947409478526:162.00/162.00/27.54:(null)~(null)]>] Visibility did change: false
default	00:37:14.809596-0700	chronod	[<WidgetRenderSession--9134605727376346852-scene::E086E1C9-8826-45EB-B996-E98FB66A918C::0xc3bc0a300-[com.kylebashour.aqi-wtf::com.kylebashour.aqi-wtf.aqi-widget:chart:systemSmall:3286285622356593442:162.00/162.00/27.54:(null)~(null)]>] Visibility did change: false
default	00:37:14.809621-0700	chronod	[ext:com.kylebashour.aqi-wtf::com.kylebashour.aqi-wtf.aqi-widget] starting grace
default	00:37:14.809997-0700	SpringBoard	Window(0xc35b2d000)(SBTraitsParticipantRoleControlCenter-0) validates resolution: NO. isHidden
default	00:37:14.810180-0700	WidgetRenderer_Default	sceneOfRecord: sceneID: scene::1EF11B85-53DB-4465-965B-179EEB3059D1::0xc3bc08700  persistentID: scene::1EF11B85-53DB-4465-965B-179EEB3059D1::0xc3bc08700
default	00:37:14.810261-0700	WidgetRenderer_Default	[Timeline[com.apple.weather::com.apple.weather.widget:com.apple.weather:systemSmall:1289529871828302290:162.00/162.00/27.54:(null)~(null)]-pid:35--179EEB3059D1::0xc3bc08700)] Widget visibility changed to: <CHUISWidgetVisibilitySettings: 0x8f97a7300; settled: NO; focal: NO; visibleBounds: {{inf, inf}, {0, 0}}>
default	00:37:14.810269-0700	WidgetRenderer_Default	[Timeline[com.apple.weather::com.apple.weather.widget:com.apple.weather:systemSmall:1289529871828302290:162.00/162.00/27.54:(null)~(null)]--179EEB3059D1::0xc3bc08700)] Effective widget visibility changed to: <WidgetVisibility: isSettled=false, isFocal=false, bounds=(inf, inf, 0.0, 0.0)>
default	00:37:14.810276-0700	WidgetRenderer_Default	[Timeline[com.apple.weather::com.apple.weather.widget:com.apple.weather:systemSmall:1289529871828302290:162.00/162.00/27.54:(null)~(null)]--179EEB3059D1::0xc3bc08700)] Visibility did change: false
default	00:37:14.810286-0700	WidgetRenderer_Default	[Timeline[com.apple.weather::com.apple.weather.widget:com.apple.weather:systemSmall:1289529871828302290:162.00/162.00/27.54:(null)~(null)]--179EEB3059D1::0xc3bc08700)] Scheduling staleness check in 2771.229867s: roughly 2026-07-19T01:23:21-07:00
default	00:37:14.810375-0700	chronod	[<WidgetRenderSession-2564924842993383966-scene::1EF11B85-53DB-4465-965B-179EEB3059D1::0xc3bc08700-[com.apple.weather::com.apple.weather.widget:com.apple.weather:systemSmall:1289529871828302290:162.00/162.00/27.54:(null)~(null)]>] Visibility did change: false
default	00:37:14.810381-0700	chronod	[ext:com.apple.weather::com.apple.weather.widget] starting grace
default	00:37:14.810681-0700	amfid	[0xac6c3c780] activating connection: mach=true listener=false peer=false name=com.apple.trustd
default	00:37:14.810735-0700	trustd	[0xd38de0dc0] activating connection: mach=false listener=false peer=true name=com.apple.trustd.peer[10644].0xd38de0dc0
default	00:37:14.811005-0700	trustd	cert[0]: SubjectCommonName =(leaf)[]> 0
default	00:37:14.811033-0700	trustd	cert[0]: LeafMarkerOid =(leaf)[force]> 0
default	00:37:14.811587-0700	securityd	trustd[136]/1#18 LF=0 copy_parent_certificates Error Domain=NSOSStatusErrorDomain Code=-34018 "Client has neither application-identifier nor keychain-access-groups entitlements" UserInfo={numberOfErrorsDeep=0, NSDescription=Client has neither application-identifier nor keychain-access-groups entitlements}
default	00:37:14.811815-0700	securityd	trustd[136]/1#18 LF=0 copy_parent_certificates Error Domain=NSOSStatusErrorDomain Code=-34018 "Client has neither application-identifier nor keychain-access-groups entitlements" UserInfo={numberOfErrorsDeep=0, NSDescription=Client has neither application-identifier nor keychain-access-groups entitlements}
default	00:37:14.812869-0700	trustd	cert[0]: IssuerCommonName =(path)[]> 0
default	00:37:14.813224-0700	amfid	[0xac6c3c780] invalidated because the current process cancelled the connection by calling xpc_connection_cancel()
default	00:37:14.813298-0700	trustd	[0xd38de0dc0] invalidated because the client process (pid 10644) either cancelled the connection or exited
default	00:37:14.813345-0700	amfid	Trust evaluate failure: [leaf IssuerCommonName LeafMarkerOid SubjectCommonName]
default	00:37:14.814313-0700	amfid	elided platform fast path for key: re6Zb+zwFKJNlkQTUeT+/w
default	00:37:14.814321-0700	amfid	Authoritative
default	00:37:14.814330-0700	amfid	[0xac6c3c000] activating connection: mach=true listener=false peer=false name=com.apple.misagent
default	00:37:14.814395-0700	misagent	[0xd5ec78000] activating connection: mach=false listener=false peer=true name=com.apple.misagent.peer[10644].0xd5ec78000
default	00:37:14.814404-0700	misagent	Copying profiles for cert 02b0899c3c75d225ca793b6957c6d3ac3281677549846d3d2efeb0fcf95ab151
default	00:37:14.814728-0700	misagent	Sending 1794d52f-3d15-4a77-a620-806a5f71c7bb - iOS Team Provisioning Profile: com.groundeffectsoftware.AnxietyWatch
default	00:37:14.814805-0700	misagent	Sending 4bb93148-f6f5-49f4-8df7-6cf53526a1be - iOS Team Provisioning Profile: com.groundeffectsoftware.AnxietyWatch
default	00:37:14.814971-0700	amfid	Keep going <private>
default	00:37:14.814989-0700	amfid	[0xac6c3c000] invalidated because the current process cancelled the connection by calling xpc_connection_cancel()
default	00:37:14.815082-0700	misagent	[0xd5ec78000] invalidated because the client process (pid 10644) either cancelled the connection or exited
default	00:37:14.816306-0700	amfid	<private> was picked for validation
default	00:37:14.816323-0700	amfid	[0xac6c3c000] activating connection: mach=true listener=false peer=false name=com.apple.misagent
default	00:37:14.816390-0700	misagent	[0xd5ec78000] activating connection: mach=false listener=false peer=true name=com.apple.misagent.peer[10644].0xd5ec78000
default	00:37:14.816565-0700	amfid	[0xac6c3c000] invalidated because the current process cancelled the connection by calling xpc_connection_cancel()
default	00:37:14.816600-0700	misagent	[0xd5ec78000] invalidated because the client process (pid 10644) either cancelled the connection or exited
default	00:37:14.816948-0700	amfid	selected profile: 1794d52f-3d15-4a77-a620-806a5f71c7bb | 0
default	00:37:14.817631-0700	SpringBoard	<SBFullScreenSwitcherLiveContentOverlayCoordinator: 0xc37cf5880> Adding SwitcherScene overlay for: <SBAppLayout: 0xc3e536d00; primary: com.groundeffectsoftware.AnxietyWatch:4C1CE7F6CEF0; environment: main>, animated: NO
default	00:37:14.817987-0700	SpringBoard	Scene handle active appearance assertion was acquired: <SBSceneHandleActiveAppearanceAssertion: 0xc2fb7fdc0; switcher style update; identifier: SBSceneHandleActiveAppearanceAssertion; state: active; activeAppearance: inactive; priority: 1>
default	00:37:14.818327-0700	SpringBoard	Added: <UIApplicationSceneDeactivationAssertion: 0xc301193b0; reason: systemAnimation; all scene levels; hasPredicate: YES>
default	00:37:14.818337-0700	SpringBoard	Requested update preferences for <Switcher> with reason: SBSystemApertureZStackPolicyAssistant
default	00:37:14.818363-0700	SpringBoard	_updatePreferences <Switcher>: {
    activationPolicyForParticipantsBelow: AtMostBG;
    homeAffordanceDrawingSuppression: Default;
    associatedSceneIdentifiersToSuppressInSystemAperture: (
        sceneID:com.groundeffectsoftware.AnxietyWatch-18DE83D8-1846-45B8-876C-4C1CE7F6CEF0
    );
    associatedBundleIdentifiersToSuppressInSystemAperture: (
        com.groundeffectsoftware.AnxietyWatch
    );
    allowsDimmingWhenForegroundInactive: No;
}
default	00:37:14.818461-0700	SpringBoard	Topmost Value Sources: {
    overrideKeyboardFocusTarget: Switcher,
    homeAffordanceDrawingSuppression: Switcher,
    associatedBundleIdentifiersToSuppressInSystemAperture: Switcher,
    activationState: Switcher,
    audioCategoriesDisablingVolumeHUD: Highest,
    associatedSceneIdentifiersToSuppressInSystemAperture: Switcher,
    ownsHomeGesture: Switcher,
    physicalButtonSceneTargets: HomeScreen
}
default	00:37:14.818495-0700	SpringBoard	Ignoring appearance update for CoverSheet because we have no view.
default	00:37:14.818550-0700	SpringBoard	Resolved Stack (update(Switcher)) [
    Highest: ⬇ ,
    BannerItems: ⬇ ,
    HUD: ⬇ ,
    TransientOverlayPresentation: ⬇ ,
    CoverSheet: ⬇ ,
    Switcher: ownsHomeGesture; FGActive; homeAffordanceDrawingSuppressed: Y->N; suppressedBundles: (none)->com.groundeffectsoftware.AnxietyWatch; suppressedScenes: 0->1,
    HomeScreen: FGActive->BG
]
default	00:37:14.818774-0700	SpringBoard	Requested update preferences for <Switcher> with reason: layout state transition did begin
default	00:37:14.818783-0700	SpringBoard	_updatePreferences <Switcher>: no changes
default	00:37:14.818941-0700	SpringBoard	[DeviceSceneHandle] Did set interfaceOrientation[1] on scene with identifier[<private>]
default	00:37:14.819020-0700	kernel	AMFI: evaluating provisioning profile: 1794d52f-3d15-4a77-a620-806a5f71c7bb
default	00:37:14.819034-0700	kernel	AMFI: profile provisions claimed entitlements
default	00:37:14.819045-0700	kernel	AMFI: profile provisions developer certificate
default	00:37:14.819056-0700	SpringBoard	modifying scene setting userInterfaceStyle to Dark displayIdentity: Main forSceneManagers: Main <SBDeviceApplicationSceneHandle: 0xc3d02c000; sceneID: sceneID:com.groundeffectsoftware.AnxietyWatch-18DE83D8-1846-45B8-876C-4C1CE7F6CEF0; scenePointer: 0x0>
default	00:37:14.819067-0700	SpringBoard	modifying scene setting underAppProtection to 0
default	00:37:14.819072-0700	kernel	AMFI: profile provisions current device
default	00:37:14.819077-0700	kernel	AMFI: profile validated the code signature
default	00:37:14.819081-0700	kernel	AMFI: profile validated the code signature
default	00:37:14.819098-0700	runningboardd	<OSLaunchdJob | handle=501C1BC2-4588-47EE-B599-DC60F58FE755>: submitAndStart completed, info=running, pid=11174
default	00:37:14.819545-0700	runningboardd	existingInstance is: (null)
default	00:37:14.819597-0700	runningboardd	Full encoding handle <private>, with data e398899d00002ba6, and pid 11174
default	00:37:14.819696-0700	runningboardd	[app<com.groundeffectsoftware.AnxietyWatch(3A076A8F-336D-4BCB-ACE2-64C6E80D0E3A)>:11174] Memory Limits: active 3072 inactive 3072
 <private>
default	00:37:14.819705-0700	runningboardd	[app<com.groundeffectsoftware.AnxietyWatch(3A076A8F-336D-4BCB-ACE2-64C6E80D0E3A)>:11174] This process will be managed.
default	00:37:14.819713-0700	runningboardd	Now tracking process: [app<com.groundeffectsoftware.AnxietyWatch(3A076A8F-336D-4BCB-ACE2-64C6E80D0E3A)>:11174]
default	00:37:14.819914-0700	runningboardd	Existing process in RBProcessIndex is: (null)
default	00:37:14.819922-0700	runningboardd	existingProcess in RBProcessManager is: (null)
default	00:37:14.819928-0700	runningboardd	Existing process in RBProcessIndex is: (null)
default	00:37:14.819935-0700	runningboardd	<private>: applying persistent assertion '<private>'
default	00:37:14.819989-0700	runningboardd	Existing process in RBProcessIndex is: (null)
default	00:37:14.820010-0700	kernel	/private/var/containers/Bundle/Application/75D10D57-B2FB-41B5-9784-F91DBB9A6D3B/AnxietyWatch.app/AnxietyWatch[11174] ==> container
default	00:37:14.820184-0700	runningboardd	Calculated state for app<com.groundeffectsoftware.AnxietyWatch(3A076A8F-336D-4BCB-ACE2-64C6E80D0E3A)>: running-active (role: UserInteractiveFocal) (endowments: <private>)
default	00:37:14.820260-0700	runningboardd	Using default underlying assertion for app: [app<com.groundeffectsoftware.AnxietyWatch(3A076A8F-336D-4BCB-ACE2-64C6E80D0E3A)>:11174]
error	00:37:14.820285-0700	kernel	Sandbox: AnxietyWatch(11174) deny(1) sysctl-read kern.bootargs
default	00:37:14.823394-0700	runningboardd	Acquiring assertion targeting [app<com.groundeffectsoftware.AnxietyWatch(3A076A8F-336D-4BCB-ACE2-64C6E80D0E3A)>:11174] from originator [app<com.groundeffectsoftware.AnxietyWatch(3A076A8F-336D-4BCB-ACE2-64C6E80D0E3A)>:11174] with description <RBSAssertionDescriptor| "RB Underlying Assertion" ID:34-34-40150 target:11174 attributes:[
	<RBSDomainAttribute| domain:"com.apple.underlying" name:"defaultUnderlyingAppAssertion" sourceEnvironment:"(null)">,
	<RBSAcquisitionCompletionAttribute| policy:AfterApplication>
	]>
default	00:37:14.826740-0700	runningboardd	Assertion 34-34-40150 (target:[app<com.groundeffectsoftware.AnxietyWatch(3A076A8F-336D-4BCB-ACE2-64C6E80D0E3A)>:11174]) will be created as active
default	00:37:14.831883-0700	runningboardd	Existing process in RBProcessIndex is: (null)
default	00:37:14.832691-0700	runningboardd	Acquired process power assertion with ID 33400 for pid 11174
default	00:37:14.832715-0700	runningboardd	[app<com.groundeffectsoftware.AnxietyWatch(3A076A8F-336D-4BCB-ACE2-64C6E80D0E3A)>:11174] Set jetsam priority to 100 [0] flag[1]
default	00:37:14.832721-0700	runningboardd	[app<com.groundeffectsoftware.AnxietyWatch(3A076A8F-336D-4BCB-ACE2-64C6E80D0E3A)>:11174] Resuming task.
default	00:37:14.832760-0700	runningboardd	[app<com.groundeffectsoftware.AnxietyWatch(3A076A8F-336D-4BCB-ACE2-64C6E80D0E3A)>:11174] Set darwin role to: UserInteractiveFocal
default	00:37:14.832773-0700	SpringBoard	Hit the server for a process handle 398899d00002ba6 that resolved to: [app<com.groundeffectsoftware.AnxietyWatch(3A076A8F-336D-4BCB-ACE2-64C6E80D0E3A)>:11174]
default	00:37:14.832811-0700	SpringBoard	Received state update for 11174 (app<com.groundeffectsoftware.AnxietyWatch(3A076A8F-336D-4BCB-ACE2-64C6E80D0E3A)>, running-active-Visible
default	00:37:14.832845-0700	SpringBoard	[app<com.groundeffectsoftware.AnxietyWatch>:11174] Bootstrap success!
default	00:37:14.832859-0700	SpringBoard	No capture application found for the <private>, launchCameraCapture: NO, isCaptureApplication: NO
default	00:37:14.833394-0700	runningboardd	11174 Set Darwin GPU to "UserInteractiveFocals" (7)
default	00:37:14.833442-0700	SpringBoard	[app<com.groundeffectsoftware.AnxietyWatch>:11174] Setting process task state to: Running
default	00:37:14.833461-0700	runningboardd	<OSLaunchdJob | handle=501C1BC2-4588-47EE-B599-DC60F58FE755>: monitor initial info is running, pid=11174
default	00:37:14.833468-0700	SpringBoard	[app<com.groundeffectsoftware.AnxietyWatch>:11174] Setting process visibility to: Foreground
default	00:37:14.833493-0700	runningboardd	[app<com.groundeffectsoftware.AnxietyWatch(3A076A8F-336D-4BCB-ACE2-64C6E80D0E3A)>:11174] reported to RB as running
default	00:37:14.833642-0700	runningboardd	[app<com.groundeffectsoftware.AnxietyWatch(3A076A8F-336D-4BCB-ACE2-64C6E80D0E3A)>:11174] set Memory Limits to Default Inactive (3072)
default	00:37:14.833678-0700	runningboardd	<OSLaunchdJob | handle=501C1BC2-4588-47EE-B599-DC60F58FE755>: starting monitoring
default	00:37:14.833826-0700	runningboardd	[app<com.groundeffectsoftware.AnxietyWatch(3A076A8F-336D-4BCB-ACE2-64C6E80D0E3A)>:11174] Set Carplay mode to: 0
default	00:37:14.834105-0700	SpringBoard	[app<com.groundeffectsoftware.AnxietyWatch>:11174] Registering event dispatcher after bootstrap
default	00:37:14.834120-0700	runningboardd	[app<com.groundeffectsoftware.AnxietyWatch(3A076A8F-336D-4BCB-ACE2-64C6E80D0E3A)>:11174] visiblity is yes
default	00:37:14.834127-0700	SpringBoard	Registering Source for 11174 : <FBWorkspaceEventDispatcherSource: 0xc3025b570>
default	00:37:14.834192-0700	SpringBoard	[app<com.groundeffectsoftware.AnxietyWatch>:11174] Initial launch state: FV-Focal[100].
default	00:37:14.834237-0700	SpringBoard	Starting death monitoring for handle <private>
default	00:37:14.834299-0700	SpringBoard	[Main (EmbeddedDisplay)] dispatch event:
<SBSceneReadySwitcherModifierEvent: 0xc301df1e0; type: SceneReady; appLayout: <SBAppLayout: 0xc3e536d00; primary: com.groundeffectsoftware.AnxietyWatch:4C1CE7F6CEF0; environment: main> {
    configuration = full;
    environment = main;
    centerConfiguration = undefined;
    preferredDisplayOrdinal = 0;
    continuousExposeIdentifier = com.groundeffectsoftware.AnxietyWatch;
    layoutItems = {
        primary = <SBDisplayItem: 0xc3170a0c0; type: App; bundleIdentifier: com.groundeffectsoftware.AnxietyWatch; uniqueIdentifier: sceneID:com.groundeffectsoftware.AnxietyWatch-18DE83D8-1846-45B8-876C-4C1CE7F6CEF0>;
    }
}>
default	00:37:14.834408-0700	healthd	Hit the server for a process handle 398899d00002ba6 that resolved to: [app<com.groundeffectsoftware.AnxietyWatch(3A076A8F-336D-4BCB-ACE2-64C6E80D0E3A)>:11174]
default	00:37:14.834417-0700	healthd	Received state update for 11174 (app<com.groundeffectsoftware.AnxietyWatch(3A076A8F-336D-4BCB-ACE2-64C6E80D0E3A)>, running-active-Visible
default	00:37:14.834427-0700	healthd	Process <private> (11174) state changed BKSApplicationStateTerminated -> BKSApplicationStateForegroundRunning: suspended 0 -> 0, foreground 0 -> 1, terminated 0
default	00:37:14.834458-0700	SpringBoard	Adding: <FBApplicationProcess: 0xc35ad6d00; app<com.groundeffectsoftware.AnxietyWatch>:11174(v7F93)>
default	00:37:14.834470-0700	CommCenter	Hit the server for a process handle 398899d00002ba6 that resolved to: [app<com.groundeffectsoftware.AnxietyWatch(3A076A8F-336D-4BCB-ACE2-64C6E80D0E3A)>:11174]
default	00:37:14.834477-0700	runningboardd	Calculated state for app<com.groundeffectsoftware.AnxietyWatch(3A076A8F-336D-4BCB-ACE2-64C6E80D0E3A)>: running-active (role: UserInteractiveFocal) (endowments: <private>)
default	00:37:14.834506-0700	CommCenter	Received state update for 11174 (app<com.groundeffectsoftware.AnxietyWatch(3A076A8F-336D-4BCB-ACE2-64C6E80D0E3A)>, running-active-Visible
default	00:37:14.834665-0700	SpringBoard	adding status bar settings assertion: <SBWindowSceneStatusBarSettingsAssertion: 0xc301deaf0> {
    settings = <SBStatusBarSettings: 0xc304ed8c0; alpha: 1> {
        hiddenParts = none;
    };
    level = app switcher;
    reason = kSBMainAppSwitcherStatusBarReason;
}
default	00:37:14.834773-0700	contextstored	CDUserContext: <private> => ADD <private>, REMOVE nil
default	00:37:14.834940-0700	SpringBoard	[FBSystemService][0x53c6] Request complete; no error reported.
default	00:37:14.834995-0700	backboardd	Setting minimum brightness level: 0.000000 with fade duration 0.400000
default	00:37:14.835037-0700	backboardd	Set BrightnessSystem property:DisplayBrightnessFadePeriod to:0.4
default	00:37:14.835058-0700	healthd	CoreDuet: Attempt to add new foregroundClientBundleIds: <private> 
 and remove previouslyForegroundBundleIds: <private>
default	00:37:14.835092-0700	SpringBoard	[ShouldAutoPiP] For request(0xc3e502bc0): NO
default	00:37:14.835287-0700	backboardd	Set BrightnessSystem property:BrightnessMinPhysicalWithFade to:0
default	00:37:14.835433-0700	SpringBoard	Returning cached initialization context for com.groundeffectsoftware.AnxietyWatch
default	00:37:14.835784-0700	SpringBoard	[0xc35282040:(FBSceneManager):sceneID:com.groundeffectsoftware.AnxietyWatch-18DE83D8-1846-45B8-876C-4C1CE7F6CEF0] Initialized with connection: 0xc304265e0.
default	00:37:14.835793-0700	audiomxd	Hit the server for a process handle 398899d00002ba6 that resolved to: [app<com.groundeffectsoftware.AnxietyWatch(3A076A8F-336D-4BCB-ACE2-64C6E80D0E3A)>:11174]
default	00:37:14.835799-0700	SpringBoard	[app<com.groundeffectsoftware.AnxietyWatch>:11174] Registered new scene: <FBUIApplicationWorkspaceScene: 0xc35282040; (FBSceneManager):sceneID:com.groundeffectsoftware.AnxietyWatch-18DE83D8-1846-45B8-876C-4C1CE7F6CEF0> (fromRemnant = 0)
default	00:37:14.835812-0700	audiomxd	Received state update for 11174 (app<com.groundeffectsoftware.AnxietyWatch(3A076A8F-336D-4BCB-ACE2-64C6E80D0E3A)>, running-active-Visible
default	00:37:14.835819-0700	SpringBoard	[(FBSceneManager):sceneID:com.groundeffectsoftware.AnxietyWatch-18DE83D8-1846-45B8-876C-4C1CE7F6CEF0][1] Scene activated.
default	00:37:14.835838-0700	SpringBoard	[app<com.groundeffectsoftware.AnxietyWatch>:11174] Workspace interruption policy did change: reconnect
default	00:37:14.835927-0700	powerd	Sleep revert state: 1
default	00:37:14.835937-0700	powerd	Process runningboardd.34 Created SystemIsActive "app<com.groundeffectsoftware.AnxietyWatch(3A076A8F-336D-4BCB-ACE2-64C6E80D0E3A)>34-35-40149:FBApplicationProcess" age:00:00:00  id:51539640952 [System: PrevIdle SysAct]
default	00:37:14.835963-0700	sharingd	SystemUI changed: <private> -> <private>
default	00:37:14.835968-0700	sharingd	on lock screen: <private>
default	00:37:14.835974-0700	sharingd	System UI Changed 0x0 < >, CanTrigger yes
default	00:37:14.835994-0700	runningboardd	Successfully acquired underlying assertion for [app<com.groundeffectsoftware.AnxietyWatch(3A076A8F-336D-4BCB-ACE2-64C6E80D0E3A)>:11174]
default	00:37:14.836061-0700	healthd	Fetched new switchIndex: 7
default	00:37:14.836069-0700	healthd	Fetched new switchIndex: 7
default	00:37:14.836095-0700	SpringBoard	<BSCompoundAssertion:0xc2fc30700> (SBApplicationAppProtectionAssistant: 0xc2fc33500 - com.groundeffectsoftware.AnxietyWatch) acquire for reason:NULL scene acq:0xc30fb5720 count:1
default	00:37:14.836119-0700	SpringBoard	Informing <APSystemAppOutlet: 0xc32b6b2d0> that <private> will become foreground visible
default	00:37:14.836138-0700	SpringBoard	scene will become FG visible for <APApplication: com.groundeffectsoftware.AnxietyWatch>
default	00:37:14.836150-0700	SpringBoard	auth result for <APApplication: com.groundeffectsoftware.AnxietyWatch>: true (null)
default	00:37:14.836169-0700	SpringBoard	<StateMachine:0xc3020f980> Created with presentation environment: <0xc3168e580:<_UISceneKeyboardProxyLayerForwardingPresentationScene: 0xc3168e580> Tracking scene: <FBScene: 0xc31ea5400; FBSceneManager:sceneID:com.groundeffectsoftware.AnxietyWatch-18DE83D8-1846-45B8-876C-4C1CE7F6CEF0>>
default	00:37:14.836302-0700	runningboardd	Acquiring assertion targeting [app<com.groundeffectsoftware.AnxietyWatch(3A076A8F-336D-4BCB-ACE2-64C6E80D0E3A)>:11174] from originator [osservice<com.apple.SpringBoard>:35] with description <RBSAssertionDescriptor| "com.apple.frontboard.after-life.interrupted" ID:34-35-40151 target:11174 attributes:[
	<RBSDomainAttribute| domain:"com.apple.frontboard" name:"AfterLife-Interrupted" sourceEnvironment:"(null)">
	]>
default	00:37:14.836333-0700	runningboardd	Assertion 34-35-40151 (target:[app<com.groundeffectsoftware.AnxietyWatch(3A076A8F-336D-4BCB-ACE2-64C6E80D0E3A)>:11174]) will be created as inactive as originator process has not exited
default	00:37:14.836397-0700	trustd	[0xd38de0dc0] activating connection: mach=false listener=false peer=true name=com.apple.trustd.peer[10644].0xd38de0dc0
default	00:37:14.836425-0700	healthd	Resuming timer
default	00:37:14.836498-0700	trustd	cert[0]: SubjectCommonName =(leaf)[]> 0
default	00:37:14.836510-0700	trustd	cert[0]: LeafMarkerOid =(leaf)[force]> 0
default	00:37:14.836575-0700	SpringBoard	[com.apple.springboard] didAddExternalForegroundApplicationSceneHandle pid:11174 scene:com.apple.frontboard.systemappservices/FBSceneManager:sceneID%3Acom.groundeffectsoftware.AnxietyWatch-18DE83D8-1846-45B8-876C-4C1CE7F6CEF0 now:<recentPIDs: [11174]; recentSceneIdentityTokensByPID: {11174: [com.apple.frontboard.systemappservices/FBSceneManager:sceneID%3Acom.groundeffectsoftware.AnxietyWatch-18DE83D8-1846-45B8-876C-4C1CE7F6CEF0]}>
default	00:37:14.836590-0700	SpringBoard	[coordinator] didAddExternalForegroundApplicationSceneHandle pid:11174 scene:com.apple.frontboard.systemappservices/FBSceneManager:sceneID%3Acom.groundeffectsoftware.AnxietyWatch-18DE83D8-1846-45B8-876C-4C1CE7F6CEF0 now:<recentPIDs: [11174]; recentSceneIdentityTokensByPID: {11174: [com.apple.frontboard.systemappservices/FBSceneManager:sceneID%3Acom.groundeffectsoftware.AnxietyWatch-18DE83D8-1846-45B8-876C-4C1CE7F6CEF0]}>
default	00:37:14.836596-0700	SpringBoard	Now tracking: <FBScene: 0xc31ea5400; FBSceneManager:sceneID:com.groundeffectsoftware.AnxietyWatch-18DE83D8-1846-45B8-876C-4C1CE7F6CEF0>
default	00:37:14.836682-0700	SpringBoard	[sceneID:com.groundeffectsoftware.AnxietyWatch-18DE83D8-1846-45B8-876C-4C1CE7F6CEF0] Setting deactivation reasons to: 'systemAnimation' for reason: scene settings update - settings are eligible for deactivation reasons.
default	00:37:14.836733-0700	SpringBoard	[(FBSceneManager):sceneID:com.groundeffectsoftware.AnxietyWatch-18DE83D8-1846-45B8-876C-4C1CE7F6CEF0] scene content state changed: preparing
default	00:37:14.837398-0700	amfid	[0xac6c3c640] activating connection: mach=true listener=false peer=false name=com.apple.trustd
default	00:37:14.837404-0700	SpringBoard	[0xc35282040:(FBSceneManager):sceneID:com.groundeffectsoftware.AnxietyWatch-18DE83D8-1846-45B8-876C-4C1CE7F6CEF0] Scene lifecycle state did change: Foreground
default	00:37:14.837444-0700	SpringBoard	[0xc35282040:(FBSceneManager):sceneID:com.groundeffectsoftware.AnxietyWatch-18DE83D8-1846-45B8-876C-4C1CE7F6CEF0] Scene state did change: FV-Focal[100].
default	00:37:14.838010-0700	healthd	Setting gAssertionsOffloader timeout to 500
default	00:37:14.838274-0700	runningboardd	Acquiring assertion targeting [app<com.groundeffectsoftware.AnxietyWatch(3A076A8F-336D-4BCB-ACE2-64C6E80D0E3A)>:11174] from originator [osservice<com.apple.SpringBoard>:35] with description <RBSAssertionDescriptor| "FBWorkspace (FV-Focal[100])" ID:34-35-40152 target:11174 attributes:[
	<RBSDomainAttribute| domain:"com.apple.frontboard" name:"SuspendableLPRunReason-Resume" sourceEnvironment:"(null)">,
	<RBSDomainAttribute| domain:"com.apple.frontboard" name:"Visibility" sourceEnvironment:"(null)">,
	<RBSDomainAttribute| domain:"com.apple.frontboard" name:"SuspendableRole-UIFocal" sourceEnvironment:"(null)">,
	<RBSDomainAttribute| domain:"com.apple.frontboard" name:"SuspendableJetsamPriority-Foreground" sourceEnvironment:"(null)">
	]>
default	00:37:14.838522-0700	runningboardd	Assertion 34-35-40152 (target:[app<com.groundeffectsoftware.AnxietyWatch(3A076A8F-336D-4BCB-ACE2-64C6E80D0E3A)>:11174]) will be created as active
default	00:37:14.838824-0700	dtappserviced	[FBSSystemService][0x53c6] Request successful: <BSProcessHandle: 0xbcf02da40; AnxietyWatch:11174; valid: YES>
default	00:37:14.839106-0700	backboardd	soft cancel on display:<main>
default	00:37:14.839118-0700	amfid	[0xac6c3c640] invalidated because the current process cancelled the connection by calling xpc_connection_cancel()
default	00:37:14.839135-0700	SpringBoard	[app<com.groundeffectsoftware.AnxietyWatch>:11174] Workspace state did change: XX-None[0] --> FV-Focal[100] (assertion acquired).
default	00:37:14.839235-0700	audiomxd	     HALS_IOStreamDSP.cpp:631    getting parameter <private>
default	00:37:14.839241-0700	audiomxd	     HALS_IOStreamDSP.cpp:631    getting parameter <private>
default	00:37:14.839262-0700	cameracaptured	<<<< FigCaptureDisplayLayoutMonitor >>>> -[FigCaptureDisplayLayoutMonitor _parseFBSDisplayLayout:]: <FigCaptureDisplayLayoutMonitor: 0xd6b0b0fc0 Main Display> <FBSDisplayLayout: 0xd6b14f040; displayIdentity: Main> {    bounds = {{0, 0}, {390, 844}};    interfaceOrientation = "portrait (1)";    backlightLevel = 100;    backlightState = 2;    elements = {        <SBSDisplayLayoutElement: 0xd6a770380; sceneID:com.groundeffectsoftware.AnxietyWatch-18DE83D8-1846-45B8-876C-4C1CE7F6CEF0; bundleID: com.groundeffectsoftware.AnxietyWatch; frame: {{0, 0}, {390, 844}}; level: 1; role: primary>;    }    timestamp = July 19, 2026 at 12:37:14 AM PDT;}
default	00:37:14.839271-0700	cameracaptured	<<<< FigCaptureDisplayLayoutMonitor >>>> -[FigCaptureDisplayLayoutMonitor _updateObserversWithLayout:]: <FigCaptureDisplayLayoutMonitor: 0xd6b0b0fc0 Main Display> <FigCaptureDisplayLayout: 0xd6b14d700 07-19-2026 00:37:14, Main Display, foreground:[com.groundeffectsoftware.AnxietyWatch]>
default	00:37:14.839284-0700	cameracaptured	<<<< FigCaptureClientApplicationStateMonitor >>>> -[FigCaptureClientApplicationStateMonitor _handleLayout:]: <private> Looking for com.apple.camera in the Main Display layout
default	00:37:14.839293-0700	cameracaptured	<<<< FigCaptureClientApplicationStateMonitor >>>> -[FigCaptureClientApplicationStateMonitor _updateClientStateCondition:newValue:]: <0xd6b328000[9520][com.apple.camera]> Updating client state condition "_layoutState" with new value "Other Apps"
default	00:37:14.839329-0700	amfid	Trust evaluate failure: [leaf IssuerCommonName LeafMarkerOid SubjectCommonName]
default	00:37:14.839339-0700	dtappserviced	invoke(usingContentsOf:): Received reply from action (type=LaunchActionImplementation, invocation=9F02BAC1-8796-45E8-9A9A-488E6EBFAB6D, device=02702B8F-3B8A-580C-A5FA-2E4E9DB085F7): success(CoreDeviceUtilities.LaunchActionDeclaration.Output(processToken: CoreDeviceUtilities.ProcessToken.(unknown context at $1052fcfc8)._Value.auditToken(__C.audit_token_t(val: (4294967295, 501, 501, 501, 501, 11174, 0, 32659))) => /private/var/containers/Bundle/Application/75D10D57-B2FB-41B5-9784-F91DBB9A6D3B/AnxietyWatch.app/AnxietyWatch))
default	00:37:14.839546-0700	SpringBoard	[Main (EmbeddedDisplay)] dispatch event:
<SBTransitionSwitcherModifierEvent: 0xc33adf9c0; type: MainTransition; transitionID: BCADD82A-692B-4E19-9E54-1A0161C7CE61; phase: Prepare; animated: YES; fromAppLayout: 0x0; toAppLayout: <SBAppLayout: 0xc3e536d00; primary: com.groundeffectsoftware.AnxietyWatch:4C1CE7F6CEF0; environment: main>; fromEnvironmentMode: home-screen; toEnvironmentMode: application; fromSpaceConfiguration: undefined; toSpaceConfiguration: full; pendingTermination: {(
)}; morphingPIPLayoutRole: undefined; previousDesktopItems: {(
)}>
default	00:37:14.839608-0700	securityd	trustd[136]/1#18 LF=0 copy_parent_certificates Error Domain=NSOSStatusErrorDomain Code=-34018 "Client has neither application-identifier nor keychain-access-groups entitlements" UserInfo={numberOfErrorsDeep=0, NSDescription=Client has neither application-identifier nor keychain-access-groups entitlements}
default	00:37:14.839653-0700	securityd	trustd[136]/1#18 LF=0 copy_parent_certificates Error Domain=NSOSStatusErrorDomain Code=-34018 "Client has neither application-identifier nor keychain-access-groups entitlements" UserInfo={numberOfErrorsDeep=0, NSDescription=Client has neither application-identifier nor keychain-access-groups entitlements}
default	00:37:14.839682-0700	SleepLockScreen	[ContentAppearenceProvider:5C8BF78E] updated layout, contains SleepLockScreen: false, display on: true
default	00:37:14.839714-0700	biomed	SourceUpdater: <private> triggered 5 to run on the live schedule
default	00:37:14.839736-0700	biomed	SourceUpdater: <private> triggered 88 to run on the live schedule
default	00:37:14.839745-0700	misagent	[0xd5ec78000] activating connection: mach=false listener=false peer=true name=com.apple.misagent.peer[10644].0xd5ec78000
default	00:37:14.839755-0700	SpringBoard	[Main (EmbeddedDisplay)] handle response:
<SBSwitcherModifierEventResponse: 0xc30259410> {
    <SBSwitcherModifierEventResponse: 0xc30259710> {
	    <SBSwitcherModifierEventResponse: 0xc3025a610> {
		    <SBTimerEventSwitcherEventResponse: 0xc30259cb0; delay: 0.240000; reason: kSBTransitionModifierInvalidateAsyncRenderingReason>;
		    <SBInvalidateAdjustedAppLayoutsSwitcherEventResponse: 0xc30259200>;
		};
	    <SBTimerEventSwitcherEventResponse: 0xc3025b150; delay: 0.060000; reason: kSBFullScreenToHomeCornerRadiusDelayReason>;
	};
    <SBSwitcherModifierEventResponse: 0xc30259d70> {
	    <SBUpdateLayoutSwitcherEventResponse: 0xc3251d380; updateVisibleItems; layout; style; mode: None>;
	    <SBRequestFolderSnapshotsSwitcherEventResponse: 0xc30259bf0; snapshotRequested: YES>;
	    <SBIconOverlayVisibilitySwitcherEventResponse: 0xc3251d6c0; visible: YES; appLayout: <SBAppLayout: 0xc3e536d00; primary: com.groundeffectsoftware.AnxietyWatch:4C1CE7F6CEF0; environment: main>>;
	    <SBIconViewVisibilitySwitcherEventRes
default	00:37:14.839762-0700	healthd	beginning sync session <HDNanoSyncSession:0x9e0fcdf80 uuid:F9C6E72F-46C2-4B64-BFDE-2601D7EA710E reason:"client process entered foreground"> with store <HDNanoSyncStore:0x9e4c87780 "Watch7,12" (active) (standard account) registry-id:EB3E34D6-C5A1-4093-BED1-96D75BB741AC device-id:4AD50F07-D8C8-4036-AF05-80BA31CEB1CF>
default	00:37:14.839814-0700	healthd	beginning sync session <HDNanoSyncSession:0x9e0fcdf80 uuid:F9C6E72F-46C2-4B64-BFDE-2601D7EA710E reason:"client process entered foreground"> transaction 0 with store <HDNanoSyncStore:0x9e4c87780 "Watch7,12" (active) (standard account) registry-id:EB3E34D6-C5A1-4093-BED1-96D75BB741AC device-id:4AD50F07-D8C8-4036-AF05-80BA31CEB1CF>
default	00:37:14.839873-0700	misagent	Copying profiles for cert 02b0899c3c75d225ca793b6957c6d3ac3281677549846d3d2efeb0fcf95ab151
default	00:37:14.839939-0700	misagent	Sending 85a84ab0-d3c8-4d0c-80f2-4f4d3a1c9e62 - iOS Team Provisioning Profile: org.waitingforthefuture.AnxietyScope
default	00:37:14.839946-0700	misagent	Sending 864310a1-3c43-4eda-87e1-5187db33127b - iOS Team Provisioning Profile: org.waitingforthefuture.AnxietyWatch
default	00:37:14.839999-0700	biomed	SourceUpdater: <private> triggered 103 to run on the live schedule
default	00:37:14.840006-0700	biomed	SourceUpdater: <private> triggered 120 to run on the live schedule
default	00:37:14.840042-0700	biomed	Enumerator for App.InFocus starting from <private>/<private>+0x71710
default	00:37:14.840049-0700	amfid	elided platform fast path for key: re6Zb+zwFKJNlkQTUeT+/w
default	00:37:14.840136-0700	amfid	Authoritative
default	00:37:14.840168-0700	amfid	[0xac6c3c000] activating connection: mach=true listener=false peer=false name=com.apple.misagent
default	00:37:14.840178-0700	amfid	Keep going <private>
default	00:37:14.840192-0700	amfid	[0xac6c3c000] invalidated because the current process cancelled the connection by calling xpc_connection_cancel()
default	00:37:14.840261-0700	runningboardd	Calculated state for app<com.groundeffectsoftware.AnxietyWatch(3A076A8F-336D-4BCB-ACE2-64C6E80D0E3A)>: running-active (role: UserInteractiveFocal) (endowments: <private>)
default	00:37:14.840322-0700	misagent	Sending 9eea68e5-4e49-47d8-abf8-d6be98b7b722 - iOS Team Provisioning Profile: org.waitingforthefuture.AnxietyWatch
default	00:37:14.840403-0700	trustd	cert[0]: IssuerCommonName =(path)[]> 0
default	00:37:14.840409-0700	misagent	Sending d12fe033-a5bb-4942-8abb-fa4490222c5b - iOS Team Provisioning Profile: *
default	00:37:14.840435-0700	healthd	HDMedicationDoseEventSyncEntity: next 0 for start 0 session <HDNanoSyncSession:0x9e0fcdf80 uuid:F9C6E72F-46C2-4B64-BFDE-2601D7EA710E reason:"client process entered foreground"> predicate { AND :
	<"data_provenances.sync_provenance" != 63>,
	<"end_date" > 805448234.825658>
}
default	00:37:14.840495-0700	misagent	Sending 1794d52f-3d15-4a77-a620-806a5f71c7bb - iOS Team Provisioning Profile: com.groundeffectsoftware.AnxietyWatch
default	00:37:14.840564-0700	misagent	Sending 4bb93148-f6f5-49f4-8df7-6cf53526a1be - iOS Team Provisioning Profile: com.groundeffectsoftware.AnxietyWatch
default	00:37:14.840735-0700	amfid	<private> was picked for validation
default	00:37:14.840754-0700	amfid	[0xac6c3c000] activating connection: mach=true listener=false peer=false name=com.apple.misagent
default	00:37:14.840759-0700	amfid	[0xac6c3c000] invalidated because the current process cancelled the connection by calling xpc_connection_cancel()
default	00:37:14.840811-0700	misagent	[0xd5ec78180] activating connection: mach=false listener=false peer=true name=com.apple.misagent.peer[10644].0xd5ec78180
error	00:37:14.840822-0700	SpringBoard	Live host view super view[(null)] not matching container view[<UIView: 0xc3cffc540; frame = (0 0; 390 844); clipsToBounds = YES; layer = <CALayer: 0xc321ce310>>], frame not updated
default	00:37:14.840862-0700	SpringBoard	Scene handle active appearance assertion was acquired: <SBSceneHandleActiveAppearanceAssertion: 0xc2f015480; switcher style update; identifier: SBSceneHandleActiveAppearanceAssertion; state: active; activeAppearance: active; priority: 1>
default	00:37:14.840882-0700	SpringBoard	Scene handle active appearance assertion was invalidated: <SBSceneHandleActiveAppearanceAssertion: 0xc2fb7fdc0; switcher style update; identifier: SBSceneHandleActiveAppearanceAssertion; state: invalidated; activeAppearance: inactive; priority: 1>
error	00:37:14.840889-0700	SpringBoard	Live host view super view[(null)] not matching container view[<UIView: 0xc3cffc540; frame = (0 0; 390 844); clipsToBounds = YES; layer = <CALayer: 0xc321ce310>>], frame not updated
error	00:37:14.840897-0700	SpringBoard	Live host view super view[(null)] not matching container view[<UIView: 0xc3cffc540; frame = (0 0; 390 844); clipsToBounds = YES; layer = <CALayer: 0xc321ce310>>], frame not updated
default	00:37:14.840903-0700	trustd	[0xd38de0dc0] invalidated because the client process (pid 10644) either cancelled the connection or exited
default	00:37:14.841191-0700	SpringBoard	Requiring wallpaper for reason: <private>
default	00:37:14.841198-0700	SpringBoard	Actively required was updated: YES
default	00:37:14.841204-0700	SpringBoard	activating lock scene
default	00:37:14.841217-0700	SpringBoard	Poster scenes un-fenced update for reasons: UpdateForActiveVariant
default	00:37:14.841281-0700	SpringBoard	Begin requiring home screen content for reason 'SBDeckSwitcherViewController-0xc35a8d400-Main (EmbeddedDisplay)'
default	00:37:14.841320-0700	SpringBoard	Push: <SBMainSwitcherWindow: 0xc36e77800>
default	00:37:14.841325-0700	SpringBoard	Evaluate: making new window key: <SBMainSwitcherWindow: 0xc36e77800>, for reason: push
default	00:37:14.841341-0700	SpringBoard	SBWindowScene: 0xc33121180: Window became key in scene: SBMainSwitcherWindow: 0xc36e77800; contextId: 0xDFEB0802: reason: SBWindowScene: 0xc33121180: Window requested to become key in scene: 0xc36e77800
default	00:37:14.841350-0700	SpringBoard	Key window needs update: 1; currentKeyWindowScene: 0xc33121180; evaluatedKeyWindowScene: 0xc33121180; currentApplicationKeyWindow: 0xc36e76800; evaluatedApplicationKeyWindow: 0xc36e77800; reason: SBWindowScene: 0xc33121180: Window requested to become key in scene: 0xc36e77800
default	00:37:14.841363-0700	SpringBoard	Window did become application key: SBMainSwitcherWindow: 0xc36e77800; contextId: 0xDFEB0802; scene identity: com.apple.frontboard.systemappservices/FBSceneManager:com.apple.springboard
default	00:37:14.841371-0700	SpringBoard	[0xc3329adf0] Beginning and ending local event deferring requested for token: 0xc36d861c0; environments: 1; reason: SBWindowScene: 0xc33121180: Begin event deferring in keyboardFocus for window: 0xc36e77800
default	00:37:14.841377-0700	SpringBoard	[0xc3329adf0] Begin local event deferring requested for token: 0xc358c1080; environments: 1; reason: SBWindowScene: 0xc33121180: Begin event deferring in keyboardFocus for window: 0xc36e77800
default	00:37:14.841428-0700	SpringBoard	Window resigning application key: SBHomeScreenWindow: 0xc36e76800; contextId: 0xF8E9EBF3; scene identity: com.apple.frontboard.systemappservices/FBSceneManager:com.apple.springboard
default	00:37:14.841465-0700	SpringBoard	[com.apple.springboard] coalition says I have focus; enforcing policy: {
    keyboardFocusTarget: <com.apple.frontboard.systemappservices/FBSceneManager:sceneID%3Acom.groundeffectsoftware.AnxietyWatch-18DE83D8-1846-45B8-876C-4C1CE7F6CEF0 pid:11174>;
    selectionPolicy: KeyboardArbiter;
    shouldSuppressRemoteDeferring: 0;
}
default	00:37:14.841473-0700	SpringBoard	rules: (keyboardFocus) outbound target changed from:(null) to <com.apple.frontboard.systemappservices/FBSceneManager:sceneID%3Acom.groundeffectsoftware.AnxietyWatch-18DE83D8-1846-45B8-876C-4C1CE7F6CEF0 pid:11174>
default	00:37:14.841563-0700	SpringBoard	rules: (keyboardFocus) defer (<com.apple.frontboard.systemappservices/FBSceneManager:com.apple.springboard pid:35>) -> <com.apple.frontboard.systemappservices/FBSceneManager:sceneID%3Acom.groundeffectsoftware.AnxietyWatch-18DE83D8-1846-45B8-876C-4C1CE7F6CEF0 pid:11174>
default	00:37:14.841574-0700	SpringBoard	[0xc3329adf0] Remote event deferring rule comparison requested by system shell behavior delegate: <SBKeyboardFocusCoordinator: 0xc32c97300>; reason: SB rule update
default	00:37:14.841595-0700	SpringBoard	[coordinator] new enforced policy: {
    keyboardFocusTarget: <com.apple.frontboard.systemappservices/FBSceneManager:sceneID%3Acom.groundeffectsoftware.AnxietyWatch-18DE83D8-1846-45B8-876C-4C1CE7F6CEF0 pid:11174>;
    selectionPolicy: KeyboardArbiter;
    shouldSuppressRemoteDeferring: 0;
}
default	00:37:14.841670-0700	SpringBoard	set currentFocus PID:11174 sceneIdentity:com.groundeffectsoftware.AnxietyWatch-18DE83D8-1846-45B8-876C-4C1CE7F6CEF0
default	00:37:14.841686-0700	kernel	AMFI: evaluating provisioning profile: 85a84ab0-d3c8-4d0c-80f2-4f4d3a1c9e62
default	00:37:14.841691-0700	kernel	AMFI: profile provisions developer certificate
default	00:37:14.841741-0700	kernel	AMFI: profile provisions current device
default	00:37:14.841749-0700	SpringBoard	Reloading input views for key-window scene responder: <(null): 0x0; > force:N
default	00:37:14.841758-0700	biomed	Enumerator for App.InFocus starting from <private>/<private>+0x71710
default	00:37:14.841788-0700	SpringBoard	_reloadInputViewsForKeyWindowSceneResponder: 0 force: 0, fromBecomeFirstResponder: 0 (automaticKeyboard: 0, reloadIdentifier: E296A71D-14ED-45F0-82E4-D754A886764E)
default	00:37:14.841818-0700	SpringBoard	_inputViewsForResponder: <(null): 0x0; >, automaticKeyboard: 0, force: 0
default	00:37:14.841860-0700	SpringBoard	_inputViewsForResponder, found custom inputView: <(null): 0x0>, customInputViewController: <(null): 0x0>
default	00:37:14.841873-0700	SpringBoard	_inputViewsForResponder, found inputAccessoryView: <(null): 0x0>
default	00:37:14.842181-0700	SpringBoard	_inputViewsForResponder, responderRequiresKeyboard 0 (automaticKeyboardEnabled: 0, activeInstance: <UIKeyboardAutomatic: 0xc36f72300; frame = {{0, 0}, {0, 0}}; alpha = 1.000000; isHidden = 0; tAMIC = 0>, self.isOnScreen: 0, requiresKBWhenFirstResponder: 0)
default	00:37:14.842202-0700	SpringBoard	_inputViewsForResponder, useKeyboard 0 (allowsSystemInputView: 1, !inputView <(null): 0x0>, responderRequiresKeyboard 0)
default	00:37:14.842217-0700	kernel	AMFI: profile validated the code signature
default	00:37:14.842223-0700	kernel	AMFI: profile validated the code signature
default	00:37:14.842236-0700	SpringBoard	_inputViewsForResponder, configuring _responderWithoutAutomaticAppearanceEnabled: <(null): 0x0> (_automaticAppearEnabled: 1)
default	00:37:14.842243-0700	SpringBoard	_inputViewsForResponder, needsIVPlaceholder: 0, needsIAVPlaceholder: 0, needsInputSetWithPlaceholder: 0
default	00:37:14.842257-0700	SpringBoard	_inputViewsForResponder returning: <<UIInputViewSet: 0xc37c218c0>; (empty)>
default	00:37:14.842264-0700	SpringBoard	currently observing: YES
default	00:37:14.842271-0700	SpringBoard	currently observing: NO
error	00:37:14.842350-0700	SpringBoard	-[RTIInputSystemClient remoteTextInputSessionWithID:performInputOperation:]  perform input operation requires a valid sessionID. inputModality = Keyboard, inputOperation = <null selector>, customInfoType = UIEmojiSearchOperations
default	00:37:14.842375-0700	SpringBoard	endPlacementForInputViewSet: <<UIInputViewSet: 0xc37c218c0>; (empty)> windowScene: <SBWindowScene: 0xc33121180; scene: "<FBSScene: 0xc333061c0; identifier: com.apple.springboard>"; persistentIdentifier: com.apple.springboard>
default	00:37:14.842442-0700	SpringBoard	-[_UIRemoteKeyboards prepareToMoveKeyboard:withIAV:isIAVRelevant:showing:notifyRemote:forScene:] position: {{0, 0}, {0, 0}} visible: 0; notifyRemote: 1; isMinimized: NO
default	00:37:14.842530-0700	SpringBoard	Show keyboard with visual mode windowed (0)
default	00:37:14.842544-0700	SpringBoard	Setting tracking element input views: <<UIInputViewSet: 0xc38aa4540>; (empty)>
default	00:37:14.842554-0700	SpringBoard	endPlacementForInputViewSet: <<UIInputViewSet: 0xc38aa4540>; (empty)> windowScene: <SBWindowScene: 0xc33121180; scene: "<FBSScene: 0xc333061c0; identifier: com.apple.springboard>"; persistentIdentifier: com.apple.springboard>
default	00:37:14.842561-0700	SpringBoard	Moving from placement: <UIInputViewSetPlacementOffScreenDown> to placement: <UIInputViewSetPlacementOffScreenDown> (currentPlacement: <UIInputViewSetPlacementOffScreenDown>)
default	00:37:14.842571-0700	SpringBoard	Change from input view set: <<UIInputViewSet: 0xc35280c00>; (empty)>
default	00:37:14.842576-0700	SpringBoard	Change to input view set: <<UIInputViewSet: 0xc38aa4540>; (empty)>
default	00:37:14.842618-0700	SpringBoard	endPlacementForInputViewSet: <<UIInputViewSet: 0xc38aa4540>; (empty)> windowScene: <SBWindowScene: 0xc33121180; scene: "<FBSScene: 0xc333061c0; identifier: com.apple.springboard>"; persistentIdentifier: com.apple.springboard>
default	00:37:14.842642-0700	backboardd	new deferring rules for pid:35: [
    [35-144]; <keyboardFocus; builtin; …board.systemappservices/FBSceneManager:com.apple.springboard>; () -> <token: 0xDFEB0802; pid: 35>; reason: …gin event deferring in keyboardFocus for window: 0xc36e77800,
    [35-2]; <system; builtin; SBMainSystemGestures>; () -> <token: 0x49AE3F00; pid: 35>; reason: systemGestureSymbol-Main,
    [35-1]; <system; builtin>; () -> <token: 0x49AE3F00; pid: 35>; reason: systemGestures-Main,
    [35-4]; <keyboardFocus; SBKeyboardFocus>; () -> <token: …board.systemappservices/FBSceneManager:com.apple.springboard; pid: 35>; reason: SB incoming to root scene (symbol),
    [35-5]; <systemKeyCommandOverlay>; () -> <token: 0x79DE628A; pid: 35>; reason: systemKeyCommandOverlayEnvironment to root scene,
    [35-3]; <keyboardFocus>; () -> <token: …board.systemappservices/FBSceneManager:com.apple.springboard; pid: 35>; reason: SB incoming to root scene
]
default	00:37:14.842663-0700	backboardd	[systemKeyCommandOverlay 0xb02246fd0] setRules:forPID(35): [[35-5]; <systemKeyCommandOverlay>; () -> <token: 0x79DE628A; pid: 35>; reason: systemKeyCommandOverlayEnvironment to root scene]
default	00:37:14.842716-0700	backboardd	[keyboardFocus 0xb02247110] setRules:forPID(35): [
    [35-144]; <keyboardFocus; builtin; com.apple.frontboard.systemappservices/FBSceneManager:com.apple.springboard>; () -> <token: 0xDFEB0802; pid: 35>; reason: SBWindowScene: 0xc33121180: Begin event deferring in keyboardFocus for window: 0xc36e77800,
    [35-4]; <keyboardFocus; SBKeyboardFocus>; () -> <token: com.apple.frontboard.systemappservices/FBSceneManager:com.apple.springboard; pid: 35>; reason: SB incoming to root scene (symbol),
    [35-3]; <keyboardFocus>; () -> <token: com.apple.frontboard.systemappservices/FBSceneManager:com.apple.springboard; pid: 35>; reason: SB incoming to root scene
]
default	00:37:14.842752-0700	SpringBoard	updatePlacementWithPlacement: <UIInputViewSetPlacementOffScreenDown>
default	00:37:14.842909-0700	healthd	finished sync transaction 0 in 0.013082s; success=YES, status=1
default	00:37:14.842927-0700	healthd	finished sync session <HDNanoSyncSession:0x9e0fcdf80 uuid:F9C6E72F-46C2-4B64-BFDE-2601D7EA710E reason:"client process entered foreground"> in 0.013423s with 1 transactions; success=YES
default	00:37:14.843094-0700	healthd	<HDAnalyticsSubmissionCoordinator: 0x9e4cb8700>: Event sent: com.apple.healthd.sync.nano.sync.finished
default	00:37:14.843200-0700	healthd	!setState service=(null)
default	00:37:14.843219-0700	healthd	!setState priority=200
default	00:37:14.843225-0700	healthd	!setState guid=(null)
default	00:37:14.843404-0700	healthd	!setState destination=<private>
error	00:37:14.843410-0700	backboardd	cycle detected between [35-144] -> [35-3]
default	00:37:14.843415-0700	healthd	Attempting To Send message from account <private> to destinations <private>
default	00:37:14.843468-0700	SpringBoard	Window(0xc35b2d000)(SBTraitsParticipantRoleControlCenter-0) validates resolution: NO. isHidden
default	00:37:14.843498-0700	healthd	!setState guid=<private>
default	00:37:14.843524-0700	healthd	OUTGOING-CLIENT_REQUEST:<private> SERVICE:com.apple.private.alloy.health.sync.classc
default	00:37:14.843538-0700	healthd	Client request to send data on service: com.apple.private.alloy.health.sync.classc   guid: D15725C6-2212-46AE-9AB4-AA7C61F217C2   to destinations: <private>  isScheduled? : NO  options: <private>    size: 824] (1 pending)
error	00:37:14.843544-0700	SpringBoard	SBIconView implements focusItemsInRect: - caching for linear focus movement is limited as long as this view is on screen.
default	00:37:14.843561-0700	healthd	HDIDSMessageCenter: "health.sync.classc" outgoing request D15725C6-2212-46AE-9AB4-AA7C61F217C2 messageID:2 pri:Default to device:4AD50F07-D8C8-4036-AF05-80BA31CEB1CF (824 bytes)
default	00:37:14.843652-0700	backboardd	[system 0xb02247250] setRules:forPID(35): [
    [35-2]; <system; builtin; SBMainSystemGestures>; () -> <token: 0x49AE3F00; pid: 35>; reason: systemGestureSymbol-Main,
    [35-1]; <system; builtin>; () -> <token: 0x49AE3F00; pid: 35>; reason: systemGestures-Main
]
default	00:37:14.843671-0700	backboardd	[keyboardFocus 0xb022472a0] setRules:forPID(35): [
    [35-144]; <keyboardFocus; builtin; com.apple.frontboard.systemappservices/FBSceneManager:com.apple.springboard>; () -> <token: 0xDFEB0802; pid: 35>; reason: SBWindowScene: 0xc33121180: Begin event deferring in keyboardFocus for window: 0xc36e77800,
    [35-4]; <keyboardFocus; SBKeyboardFocus>; () -> <token: com.apple.frontboard.systemappservices/FBSceneManager:com.apple.springboard; pid: 35>; reason: SB incoming to root scene (symbol),
    [35-3]; <keyboardFocus>; () -> <token: com.apple.frontboard.systemappservices/FBSceneManager:com.apple.springboard; pid: 35>; reason: SB incoming to root scene
]
default	00:37:14.844264-0700	biomed	Enumerator for App.InFocus starting from <private>/<private>+0x71710
default	00:37:14.844675-0700	runningboardd	PERF: Received lookupHandleForPredicate request from [osservice<com.apple.CommCenter>:105] (euid 25, auid 25) (persona (null))
error	00:37:14.844722-0700	backboardd	cycle detected between [35-144] -> [35-3]
default	00:37:14.844840-0700	backboardd	[systemKeyCommandOverlay 0xb022472f0] setRules:forPID(35): [[35-5]; <systemKeyCommandOverlay>; () -> <token: 0x79DE628A; pid: 35>; reason: systemKeyCommandOverlayEnvironment to root scene]
default	00:37:14.844909-0700	CommCenter	unsubscribing configuration of monitor M105-496
default	00:37:14.844924-0700	backboardd	[system 0xb02247340] setRules:forPID(35): [
    [35-2]; <system; builtin; SBMainSystemGestures>; () -> <token: 0x49AE3F00; pid: 35>; reason: systemGestureSymbol-Main,
    [35-1]; <system; builtin>; () -> <token: 0x49AE3F00; pid: 35>; reason: systemGestures-Main
]
default	00:37:14.847497-0700	SpringBoard	Added: <UIApplicationSceneDeactivationAssertion: 0xc302ef9f0; reason: systemAnimation; all scene levels; hasPredicate: YES>
default	00:37:14.847517-0700	SpringBoard	Removed: <UIApplicationSceneDeactivationAssertion: 0xc301193b0; reason: systemAnimation; all scene levels; hasPredicate: NO>
default	00:37:14.847543-0700	SpringBoard	[Main (EmbeddedDisplay)] dispatch event:
<SBTransitionSwitcherModifierEvent: 0xc3fda7b80; type: MainTransition; transitionID: BCADD82A-692B-4E19-9E54-1A0161C7CE61; phase: Animate; animated: YES; fromAppLayout: 0x0; toAppLayout: <SBAppLayout: 0xc3e536d00; primary: com.groundeffectsoftware.AnxietyWatch:4C1CE7F6CEF0; environment: main>; fromEnvironmentMode: home-screen; toEnvironmentMode: application; fromSpaceConfiguration: undefined; toSpaceConfiguration: full; pendingTermination: {(
)}; morphingPIPLayoutRole: undefined; previousDesktopItems: {(
)}>
default	00:37:14.847565-0700	CommCenter	#I ActivationObserver: notifyAboutFrontAppChange : app: <private>; pid: 11174; net: 0
default	00:37:14.847570-0700	CommCenter	#I ActivationObserver: notifyAboutFrontAppsChange
default	00:37:14.847779-0700	healthd	resolved outgoing Changes request D15725C6-2212-46AE-9AB4-AA7C61F217C2 <session:F9C6E72F-46C2-4B64-BFDE-2601D7EA710E status:Finished, changes:()>, <status:ChangesRequested anchors:(ACHAchievementsPlugin(1) 289, RacePreviousRoute(1) 0, ActivityCache(1) 106489, medication(1) 0, ACHAchievementsPlugin(2) 40, WorkoutHealthPlugin(2) 549, com.apple.healthd.hearing.sync-schema(2) 0, CategorySample(2) 106451, medication(2) 0, FitnessIntelligencePlugin(3) 0, WorkoutHealthPlugin(3) 0, CorrelationSample(3) 0, FitnessIntelligencePlugin(4) 0, WorkoutHealthPlugin(4) 0, QuantitySample(4) 106494, FitnessIntelligencePlugin(5) 0, Workout(5) 0, FitnessIntelligencePlugin(6) 0, UserCharacteristic(8) 0, Association(9) 10206, UnitPreferences(10) 0, Source(11) 55, Authorization(12) 0, Device(13) 2, LogicalSourceOrder(14) 550, MedicalID(15) 0, UnprotectedNanoUserDefaults(16) 109372, ProtectedNanoUserDefaults(17) 5364, LocationSeries(18) 0, DeletedSample(19) 106475, HDSyncEntityType(21) 0, BinarySample(26) 106381, SleepSchedule(52) 0, <…> to <decode: missing data>
default	00:37:14.847814-0700	CommCenter	#I [Frontmost] Apps changed
default	00:37:14.847831-0700	CommCenter	#I Process screen app: <private>
default	00:37:14.847837-0700	CommCenter	#I [Frontmost] BB online assertion required: false
default	00:37:14.848215-0700	SpringBoard	attention client RESET <AWAttentionAwarenessConfiguration: 0xc4005d0e0> (identifier: com.apple.SpringBoard.HomeGrabberView-79 samplingInterval:       0.00000, samplingDelay:       0.00000, sampleWhileAbsent: false, retroactiveTimeoutMode: false, pollingFilter: false, continuousFaceDetectMode: false, activateAttentionDetection: true, activateEyeRelief: false, activateMotionDetection: false, unityStream: false, attentionLostTimeouts:       1.00000 nonSampledAttentionLostTimeoutEnable: false nonSampledAttentionLostTimeout:       0.00000 notificationMask NONE mask Digitizer attentionLostEventMask Digitizer digitizerDisplayUUIDs (null) buttonDisplayUUIDs (null) keyboardDisplayUUIDs (null) tagIndex 0 (nil tag))
error	00:37:14.848228-0700	SpringBoard	attention client com.apple.SpringBoard.HomeGrabberView-79 cannot reset; error:Error Domain=NSPOSIXErrorDomain Code=57 "Socket is not connected" UserInfo={NSLocalizedDescription= Not connected to server}
default	00:37:14.848237-0700	SpringBoard	attention client RESUME <AWAttentionAwarenessConfiguration: 0xc4005d0e0> (identifier: com.apple.SpringBoard.HomeGrabberView-79 samplingInterval:       0.00000, samplingDelay:       0.00000, sampleWhileAbsent: false, retroactiveTimeoutMode: false, pollingFilter: false, continuousFaceDetectMode: false, activateAttentionDetection: true, activateEyeRelief: false, activateMotionDetection: false, unityStream: false, attentionLostTimeouts:       1.00000 nonSampledAttentionLostTimeoutEnable: false nonSampledAttentionLostTimeout:       0.00000 notificationMask NONE mask Digitizer attentionLostEventMask Digitizer digitizerDisplayUUIDs (null) buttonDisplayUUIDs (null) keyboardDisplayUUIDs (null) tagIndex 0 (nil tag))
default	00:37:14.848264-0700	backboardd	chain did update (setDeferringRules) <keyboardFocus; display: null; compatibilityDisplay: builtin> containsEndOfChain: YES; [
    <token: com.apple.frontboard.systemappservices/FBSceneManager:com.apple.springboard; pid: 35>,
    <token: 0xDFEB0802; pid: 35>
]
default	00:37:14.848285-0700	backboardd	  81870.72987: AW SHARED MEM: opening index 8 for client with pid 35
default	00:37:14.848354-0700	backboardd	  81870.72992: reset attention lost timeout for com.apple.SpringBoard.HomeGrabberView-79 at   81870.72988
default	00:37:14.848361-0700	backboardd	  81870.72997: 10 total attention aware service clients
default	00:37:14.848367-0700	backboardd	  81870.72999: <AWScheduler: 0xb02c11920> (identifier: Face detect scheduler) 10 clients
default	00:37:14.848467-0700	SpringBoard	Updating gesture recognizers; _registeredHomeAffordanceInteractions count changed to 1
default	00:37:14.848479-0700	SpringBoard	attention client SUSPEND <AWAttentionAwarenessConfiguration: 0xc4005d0e0> (identifier: com.apple.SpringBoard.HomeGrabberView-79 samplingInterval:       0.00000, samplingDelay:       0.00000, sampleWhileAbsent: false, retroactiveTimeoutMode: false, pollingFilter: false, continuousFaceDetectMode: false, activateAttentionDetection: true, activateEyeRelief: false, activateMotionDetection: false, unityStream: false, attentionLostTimeouts:       1.00000 nonSampledAttentionLostTimeoutEnable: false nonSampledAttentionLostTimeout:       0.00000 notificationMask NONE mask Digitizer attentionLostEventMask Digitizer digitizerDisplayUUIDs (null) buttonDisplayUUIDs (null) keyboardDisplayUUIDs (null) tagIndex 0 (nil tag))
default	00:37:14.848498-0700	SpringBoard	attention client RESET <AWAttentionAwarenessConfiguration: 0xc4005d0e0> (identifier: com.apple.SpringBoard.HomeGrabberView-79 samplingInterval:       0.00000, samplingDelay:       0.00000, sampleWhileAbsent: false, retroactiveTimeoutMode: false, pollingFilter: false, continuousFaceDetectMode: false, activateAttentionDetection: true, activateEyeRelief: false, activateMotionDetection: false, unityStream: false, attentionLostTimeouts:       1.00000 nonSampledAttentionLostTimeoutEnable: false nonSampledAttentionLostTimeout:       0.00000 notificationMask NONE mask Digitizer attentionLostEventMask Digitizer digitizerDisplayUUIDs (null) buttonDisplayUUIDs (null) keyboardDisplayUUIDs (null) tagIndex 0 (nil tag))
error	00:37:14.848625-0700	SpringBoard	attention client com.apple.SpringBoard.HomeGrabberView-79 cannot reset; error:Error Domain=NSPOSIXErrorDomain Code=57 "Socket is not connected" UserInfo={NSLocalizedDescription= Not connected to server}
default	00:37:14.848634-0700	SpringBoard	attention client RESUME <AWAttentionAwarenessConfiguration: 0xc4005d0e0> (identifier: com.apple.SpringBoard.HomeGrabberView-79 samplingInterval:       0.00000, samplingDelay:       0.00000, sampleWhileAbsent: false, retroactiveTimeoutMode: false, pollingFilter: false, continuousFaceDetectMode: false, activateAttentionDetection: true, activateEyeRelief: false, activateMotionDetection: false, unityStream: false, attentionLostTimeouts:       1.00000 nonSampledAttentionLostTimeoutEnable: false nonSampledAttentionLostTimeout:       0.00000 notificationMask NONE mask Digitizer attentionLostEventMask Digitizer digitizerDisplayUUIDs (null) buttonDisplayUUIDs (null) keyboardDisplayUUIDs (null) tagIndex 0 (nil tag))
default	00:37:14.848643-0700	backboardd	  81870.73001: New client: <AWRemoteClient: 0xb04045600> (identifier: com.apple.SpringBoard.HomeGrabberView-79 samplingInterval:       0.00000 samplingDelay:       0.00000 sampleWhileAbsent: false retroactiveTimeoutMode: false pollingFilter: false continuousFaceDetectMode: false unityStream: false activateEyeRelief: false activateAttentionDetection: false activateMotionDetection: false activatePersonDetection: false attentionLostTimeouts: 1 nonSampledAttentionLostTimeoutEnabled false nonSampledAttentionLostTimeout       0.00000 notificationMask NONE mask AttentionLost|Digitizer attentionLostEventMask AttentionLost|Digitizer digitizerDisplayUUIDs (null) buttonDisplayUUIDs (null) keyboardDisplayUUIDs (null) tagIndex 0)
default	00:37:14.848654-0700	backboardd	chain did update (setDeferringRules) <keyboardFocus; display: builtin> containsEndOfChain: YES; [
    <token: com.apple.frontboard.systemappservices/FBSceneManager:com.apple.springboard; pid: 35>,
    <token: 0xDFEB0802; pid: 35>
]
default	00:37:14.848670-0700	backboardd	  81870.73035: AW SHARED MEM: closing index 8 for client with pid 35
default	00:37:14.848706-0700	backboardd	  81870.73038: Removing client: <AWRemoteClient: 0xb04045600> (identifier: com.apple.SpringBoard.HomeGrabberView-79 samplingInterval:       0.00000 samplingDelay:       0.00000 sampleWhileAbsent: false retroactiveTimeoutMode: false pollingFilter: false continuousFaceDetectMode: false unityStream: false activateEyeRelief: false activateAttentionDetection: false activateMotionDetection: false activatePersonDetection: false attentionLostTimeouts: 1 nonSampledAttentionLostTimeoutEnabled false nonSampledAttentionLostTimeout       0.00000 notificationMask NONE mask AttentionLost|Digitizer attentionLostEventMask AttentionLost|Digitizer digitizerDisplayUUIDs (null) buttonDisplayUUIDs (null) keyboardDisplayUUIDs (null) tagIndex 0)
default	00:37:14.848716-0700	backboardd	  81870.73044: 9 total attention aware service clients
default	00:37:14.848737-0700	backboardd	  81870.73062: AW SHARED MEM: opening index 8 for client with pid 35
default	00:37:14.848766-0700	backboardd	  81870.73066: reset attention lost timeout for com.apple.SpringBoard.HomeGrabberView-79 at   81870.73064
default	00:37:14.848839-0700	backboardd	new deferring rules for pid:35: [
    [35-144]; <keyboardFocus; builtin; …board.systemappservices/FBSceneManager:com.apple.springboard>; () -> <token: 0xDFEB0802; pid: 35>; reason: …gin event deferring in keyboardFocus for window: 0xc36e77800,
    [35-2]; <system; builtin; SBMainSystemGestures>; () -> <token: 0x49AE3F00; pid: 35>; reason: systemGestureSymbol-Main,
    [35-1]; <system; builtin>; () -> <token: 0x49AE3F00; pid: 35>; reason: systemGestures-Main,
    [35-145]; <keyboardFocus; …board.systemappservices/FBSceneManager:com.apple.springboard>; () -> <token: …ctsoftware.AnxietyWatch-18DE83D8-1846-45B8-876C-4C1CE7F6CEF0; pid: 11174>; reason: SpringBoard<com.apple.springboard>: enforcing outbound,
    [35-4]; <keyboardFocus; SBKeyboardFocus>; () -> <token: …board.systemappservices/FBSceneManager:com.apple.springboard; pid: 35>; reason: SB incoming to root scene (symbol),
    [35-5]; <systemKeyCommandOverlay>; () -> <token: 0x79DE628A; pid: 35>; reason: systemKeyCommandOverlayEnvironment to root scene,
    [35-3]
default	00:37:14.848860-0700	SpringBoard	attention client SUSPEND <AWAttentionAwarenessConfiguration: 0xc4005d0e0> (identifier: com.apple.SpringBoard.HomeGrabberView-79 samplingInterval:       0.00000, samplingDelay:       0.00000, sampleWhileAbsent: false, retroactiveTimeoutMode: false, pollingFilter: false, continuousFaceDetectMode: false, activateAttentionDetection: true, activateEyeRelief: false, activateMotionDetection: false, unityStream: false, attentionLostTimeouts:       1.00000 nonSampledAttentionLostTimeoutEnable: false nonSampledAttentionLostTimeout:       0.00000 notificationMask NONE mask Digitizer attentionLostEventMask Digitizer digitizerDisplayUUIDs (null) buttonDisplayUUIDs (null) keyboardDisplayUUIDs (null) tagIndex 0 (nil tag))
default	00:37:14.848870-0700	backboardd	  81870.73069: 10 total attention aware service clients
default	00:37:14.848881-0700	backboardd	  81870.73072: <AWScheduler: 0xb02c11920> (identifier: Face detect scheduler) 10 clients
default	00:37:14.848890-0700	backboardd	  81870.73073: New client: <AWRemoteClient: 0xb04046f00> (identifier: com.apple.SpringBoard.HomeGrabberView-79 samplingInterval:       0.00000 samplingDelay:       0.00000 sampleWhileAbsent: false retroactiveTimeoutMode: false pollingFilter: false continuousFaceDetectMode: false unityStream: false activateEyeRelief: false activateAttentionDetection: false activateMotionDetection: false activatePersonDetection: false attentionLostTimeouts: 1 nonSampledAttentionLostTimeoutEnabled false nonSampledAttentionLostTimeout       0.00000 notificationMask NONE mask AttentionLost|Digitizer attentionLostEventMask AttentionLost|Digitizer digitizerDisplayUUIDs (null) buttonDisplayUUIDs (null) keyboardDisplayUUIDs (null) tagIndex 0)
default	00:37:14.848898-0700	backboardd	[systemKeyCommandOverlay 0xb02246fd0] setRules:forPID(35): [[35-5]; <systemKeyCommandOverlay>; () -> <token: 0x79DE628A; pid: 35>; reason: systemKeyCommandOverlayEnvironment to root scene]
default	00:37:14.848917-0700	backboardd	[keyboardFocus 0xb02247110] setRules:forPID(35): [
    [35-144]; <keyboardFocus; builtin; com.apple.frontboard.systemappservices/FBSceneManager:com.apple.springboard>; () -> <token: 0xDFEB0802; pid: 35>; reason: SBWindowScene: 0xc33121180: Begin event deferring in keyboardFocus for window: 0xc36e77800,
    [35-145]; <keyboardFocus; com.apple.frontboard.systemappservices/FBSceneManager:com.apple.springboard>; () -> <token: com.apple.frontboard.systemappservices/FBSceneManager:sceneID%3Acom.groundeffectsoftware.AnxietyWatch-18DE83D8-1846-45B8-876C-4C1CE7F6CEF0; pid: 11174>; reason: SpringBoard<com.apple.springboard>: enforcing outbound,
    [35-4]; <keyboardFocus; SBKeyboardFocus>; () -> <token: com.apple.frontboard.systemappservices/FBSceneManager:com.apple.springboard; pid: 35>; reason: SB incoming to root scene (symbol),
    [35-3]; <keyboardFocus>; () -> <token: com.apple.frontboard.systemappservices/FBSceneManager:com.apple.springboard; pid: 35>; reason: SB incoming to root scene
]
default	00:37:14.848932-0700	backboardd	  81870.73086: AW SHARED MEM: closing index 8 for client with pid 35
default	00:37:14.848977-0700	biomed	Enumerator for App.InFocus starting from <private>/<private>+0x71710
default	00:37:14.849096-0700	backboardd	  81870.73093: Removing client: <AWRemoteClient: 0xb04046f00> (identifier: com.apple.SpringBoard.HomeGrabberView-79 samplingInterval:       0.00000 samplingDelay:       0.00000 sampleWhileAbsent: false retroactiveTimeoutMode: false pollingFilter: false continuousFaceDetectMode: false unityStream: false activateEyeRelief: false activateAttentionDetection: false activateMotionDetection: false activatePersonDetection: false attentionLostTimeouts: 1 nonSampledAttentionLostTimeoutEnabled false nonSampledAttentionLostTimeout       0.00000 notificationMask NONE mask AttentionLost|Digitizer attentionLostEventMask AttentionLost|Digitizer digitizerDisplayUUIDs (null) buttonDisplayUUIDs (null) keyboardDisplayUUIDs (null) tagIndex 0)
default	00:37:14.849107-0700	backboardd	  81870.73106: 9 total attention aware service clients
default	00:37:14.849534-0700	biomed	Enumerator for App.InFocus starting from <private>/<private>+0x71710
error	00:37:14.849577-0700	backboardd	cycle detected between [35-144] -> [35-3]
default	00:37:14.849700-0700	backboardd	[system 0xb02247250] setRules:forPID(35): [
    [35-2]; <system; builtin; SBMainSystemGestures>; () -> <token: 0x49AE3F00; pid: 35>; reason: systemGestureSymbol-Main,
    [35-1]; <system; builtin>; () -> <token: 0x49AE3F00; pid: 35>; reason: systemGestures-Main
]
default	00:37:14.849723-0700	backboardd	[keyboardFocus 0xb022472a0] setRules:forPID(35): [
    [35-144]; <keyboardFocus; builtin; com.apple.frontboard.systemappservices/FBSceneManager:com.apple.springboard>; () -> <token: 0xDFEB0802; pid: 35>; reason: SBWindowScene: 0xc33121180: Begin event deferring in keyboardFocus for window: 0xc36e77800,
    [35-145]; <keyboardFocus; com.apple.frontboard.systemappservices/FBSceneManager:com.apple.springboard>; () -> <token: com.apple.frontboard.systemappservices/FBSceneManager:sceneID%3Acom.groundeffectsoftware.AnxietyWatch-18DE83D8-1846-45B8-876C-4C1CE7F6CEF0; pid: 11174>; reason: SpringBoard<com.apple.springboard>: enforcing outbound,
    [35-4]; <keyboardFocus; SBKeyboardFocus>; () -> <token: com.apple.frontboard.systemappservices/FBSceneManager:com.apple.springboard; pid: 35>; reason: SB incoming to root scene (symbol),
    [35-3]; <keyboardFocus>; () -> <token: com.apple.frontboard.systemappservices/FBSceneManager:com.apple.springboard; pid: 35>; reason: SB incoming to root scene
]
default	00:37:14.851001-0700	SpringBoard	Window(0xc35b2d000)(SBTraitsParticipantRoleControlCenter-0) validates resolution: NO. isHidden
error	00:37:14.851124-0700	backboardd	cycle detected between [35-144] -> [35-3]
default	00:37:14.851602-0700	dtappserviced	nw_socket_handle_socket_event [C9:2] Socket received READ_CLOSE event
default	00:37:14.851645-0700	backboardd	[systemKeyCommandOverlay 0xb022472f0] setRules:forPID(35): [[35-5]; <systemKeyCommandOverlay>; () -> <token: 0x79DE628A; pid: 35>; reason: systemKeyCommandOverlayEnvironment to root scene]
default	00:37:14.851660-0700	backboardd	[system 0xb02247340] setRules:forPID(35): [
    [35-2]; <system; builtin; SBMainSystemGestures>; () -> <token: 0x49AE3F00; pid: 35>; reason: systemGestureSymbol-Main,
    [35-1]; <system; builtin>; () -> <token: 0x49AE3F00; pid: 35>; reason: systemGestures-Main
]
error	00:37:14.851748-0700	kernel	System Policy: AnxietyWatch(11174) deny(1) file-write-create /default.profraw
default	00:37:14.851816-0700	biomed	Enumerator for App.InFocus starting from <private>/<private>+0x71710
error	00:37:14.852247-0700	SpringBoard	Live host view super view[(null)] not matching container view[<UIView: 0xc3cffc540; frame = (0 0; 390 844); clipsToBounds = YES; layer = <CALayer: 0xc321ce310>>], frame not updated
default	00:37:14.852566-0700	amfid	selected profile: 85a84ab0-d3c8-4d0c-80f2-4f4d3a1c9e62 | 0
default	00:37:14.853876-0700	CommCenter	#I     	front app: <private>
default	00:37:14.853915-0700	wifid	App state params {
    IO80211IsInHomeScreen = 0;
    IO80211IsLatencySensitiveAppActive = 1;
}
default	00:37:14.853935-0700	wifid	__WiFiManagerApplicationStateUpdate: Delta state =4
default	00:37:14.853957-0700	dtappserviced	[C10 A787CC52-5BBD-4875-8D0D-C7734DEAC32D IPv6#6963e7e9.55772 tcp, local: fd96:384d:410d::1.54102, definite, attribution: developer, server, prohibit joining protocols] cancel
default	00:37:14.854652-0700	dtappserviced	[C10 A787CC52-5BBD-4875-8D0D-C7734DEAC32D IPv6#6963e7e9.55772 tcp, local: fd96:384d:410d::1.54102, definite, attribution: developer, server, prohibit joining protocols] cancelled
	[C10 86C1110D-EEAD-454D-AD46-894D43286FFA fd96:384d:410d::1.54102<->IPv6#6963e7e9.55772]
	Connected Path: satisfied (Path is satisfied), viable, interface: utun3, scoped, ipv6, uses wifi, LQM: unknown
	Duration: 0.126s, TCP @0.000s took 0.000s
	bytes in/out: 1337/653, packets in/out: 5/5, rtt: 0.001s, retransmitted bytes: 0, out-of-order bytes: 0
	ecn packets sent/acked/marked/lost: 5/5/0/0
default	00:37:14.854681-0700	backboardd	chain did update (setDeferringRules) <keyboardFocus; display: null> containsEndOfChain: YES; [
    <token: com.apple.frontboard.systemappservices/FBSceneManager:com.apple.springboard; pid: 35>,
    <token: com.apple.frontboard.systemappservices/FBSceneManager:sceneID%3Acom.groundeffectsoftware.AnxietyWatch-18DE83D8-1846-45B8-876C-4C1CE7F6CEF0; pid: 11174>
]
default	00:37:14.854693-0700	backboardd	chain did update (setDeferringRules) <keyboardFocus; display: builtin> containsEndOfChain: YES; [
    <token: com.apple.frontboard.systemappservices/FBSceneManager:com.apple.springboard; pid: 35>,
    <token: com.apple.frontboard.systemappservices/FBSceneManager:sceneID%3Acom.groundeffectsoftware.AnxietyWatch-18DE83D8-1846-45B8-876C-4C1CE7F6CEF0; pid: 11174>
]
default	00:37:14.854868-0700	dtappserviced	nw_connection_report_state_with_handler_on_nw_queue [C10] reporting state cancelled
error	00:37:14.854876-0700	dtappserviced	[C10 IPv6#6963e7e9.55772 tcp, local: fd96:384d:410d::1.54102, definite, attribution: developer, server, prohibit joining protocols] is already cancelled, ignoring cancel
default	00:37:14.854883-0700	dtappserviced	[C9 27BCDFDF-9511-4B81-A8B7-634656A51387 IPv6#6963e7e9.55772 tcp, local: fd96:384d:410d::1.54102, definite, attribution: developer, server, prohibit joining protocols] cancel
default	00:37:14.854989-0700	wifid	BG Application: Not Present, BG Daemon: Present. Daemons: carkitd apsd  (activity=0) Cloud Clients:  (activity=0)
default	00:37:14.855005-0700	wifid	-[WiFiUserInteractionMonitor isNetworkRecommendationAllowed]: cellular is 5G and inexpensive. Not allowing recommendation.
default	00:37:14.855017-0700	CommCenter	#I Process screen app: we got 1 policies
default	00:37:14.855276-0700	identityservicesd	Gossip - Trying to fetch STH.
default	00:37:14.855716-0700	SpringBoard	Application process state changed for com.groundeffectsoftware.AnxietyWatch: <SBApplicationProcessState: 0xc3005d500; pid: 11174; taskState: Running; visibility: Foreground>
default	00:37:14.855806-0700	wifid	__WiFiDeviceManagerEvaluateAPEnvironment: WiFiRoam : BSS List info for network : snorper : chanCount5GHz: [6] chanCount24GHz: [3] chanCount6GHz: [0]
default	00:37:14.855813-0700	SpringBoard	Returning cached initialization context for com.groundeffectsoftware.AnxietyWatch
default	00:37:14.855818-0700	wifid	__WiFiDeviceManagerEvaluateAPEnvironment: WiFiRoam : AP environment is Multi AP for snorper(c2:a7:31:94:c7:a3). Last applied environment is Multi AP. Early exit ? : [0]. augmented from scan results ? : [1]
default	00:37:14.855835-0700	apsd	<private> wifi is historically cheap? NO  awakePercentage = 0.000000,  wifiGrowAttemptDelta 24  wifiKeepAliveInterval 600.000000
default	00:37:14.856230-0700	SpringBoard	SBMainDisplaySceneManager requested idle timer behavior disabled? NO(null)
default	00:37:14.856268-0700	SpringBoard	idleTimerDescriptorForBehavior: <SBIdleTimerBehavior: 0xc305d2e80; duration: Unlocked; mode: Auto; warnMode: Warn>
default	00:37:14.856291-0700	CommCenter	#N Process screen app: fSatelliteFgAppEntitled: empty satellite policy: app: <private> [false]
default	00:37:14.856302-0700	CommCenter	#I SIM has not requested to be notified on entering idle screen, not processing
default	00:37:14.856314-0700	CommCenter	#I SIM has not requested to be notified on entering idle screen, not processing
default	00:37:14.856322-0700	SpringBoard	noting foreground launch for <private> with widget extension; trigger metadata query
default	00:37:14.856348-0700	SpringBoard	applying updated idle timer descriptor: <SBIdleTimerDescriptor: 0xc2f5c0230; mode: Auto; sample: 4.0s; samplingStartBeforeFirstTimeout: 12.0s; quickUnwarn: 282.0s; warn: 280.0s; total: 300.0s> reason:SBAppDidEnterForeground
default	00:37:14.856367-0700	kernel	tcp_connection_summary (tcp_close:1820)[<IPv6-redacted>:54102<-><IPv6-redacted>:55772] interface: utun3 (skipped: 166)
so_gencnt: 227184 t_state: CLOSE_WAIT process: dtappserviced:10642 Duration: 0.137 sec Conn_Time: 0.001 sec bytes in/out: 1337/666 pkts in/out: 5/6 pkt rxmit: 0 ooo pkts: 0 dup bytes in: 0 ACKs delayed: 0 delayed ACKs sent: 0
rtt: 1.250 ms rttvar: 0.562 ms base rtt: 1 ms so_error: 54 svc/tc: 0 flow: 0xb034b728
default	00:37:14.856379-0700	SpringBoard	_applyActiveIdleTimerDescriptorForReason:"SBAppDidEnterForeground" enabled
default	00:37:14.856390-0700	kernel	tcp_connection_summary [<IPv6-redacted>:54102<-><IPv6-redacted>:55772] interface: utun3 (skipped: 166)
so_gencnt: 227184 t_state: CLOSE_WAIT process: dtappserviced:10642 flowctl: 0us (0x) SYN in/out: 1/1 FIN in/out: 1/0 RST in/out: 1/0 AccECN (client/server): Disabled/Classic ECN requested
default	00:37:14.856401-0700	SpringBoard	_setIdleTimerWithDescriptor:<SBIdleTimerDescriptor: 0xc2f5c0230; mode: Auto; sample: 4.0s; samplingStartBeforeFirstTimeout: 12.0s; quickUnwarn: 282.0s; warn: 280.0s; total: 300.0s> reason:"SBAppDidEnterForeground"]
default	00:37:14.856409-0700	SpringBoard	dsc:0xc2f5c0230 <mode: Auto; samplingStartBeforeFirstTimeout: 12.0s; quickUnwarn: 0.0s; warn: 0.0s; total: 300.0s> reason:MCFeatureAutoLockTime (300) is lte MAX (3600)
default	00:37:14.856415-0700	SpringBoard	dsc:0xc2f5c0230 <mode: Auto; samplingStartBeforeFirstTimeout: 12.0s; quickUnwarn: 282.0s; warn: 280.0s; total: 300.0s> reason:totalInterval (300) lte 30; subtracting delta (20) to calculate warnInterval
default	00:37:14.856425-0700	SpringBoard	-> dsc:0xc2f5c0230 <mode: Auto; sample: 4.0s; samplingStartBeforeFirstTimeout: 12.0s; quickUnwarn: 282.0s; warn: 280.0s; total: 300.0s> reason:should use attention awareness
default	00:37:14.856441-0700	SpringBoard	0xc3279d840 reconfigured attention timeouts:[
    1; 280.00,
    2; 282.00,
    3; 300.00
]
default	00:37:14.856559-0700	chronod	Reloading descriptors for 1 extensions in container com.groundeffectsoftware.AnxietyWatch with reason: reload descriptors requested by client
default	00:37:14.856652-0700	backboardd	  81870.73965: reset attention lost timeout for com.apple.springboard.GlobalBacklightIdleTimer at   81870.73965
default	00:37:14.856663-0700	backboardd	  81870.73966: updated config <AWRemoteClient: 0xb03ce8e00> (identifier: com.apple.springboard.GlobalBacklightIdleTimer samplingInterval:       4.00000 samplingDelay:     268.00000 sampleWhileAbsent: false retroactiveTimeoutMode: false pollingFilter: false continuousFaceDetectMode: false unityStream: false activateEyeRelief: false activateAttentionDetection: true activateMotionDetection: false activatePersonDetection: false attentionLostTimeouts: 280, 282, 300 nonSampledAttentionLostTimeoutEnabled true nonSampledAttentionLostTimeout       0.00000 notificationMask NONE mask AttentionLost|Button|Keyboard|Digitizer|Pointer|GameController|FaceDetect|MesaTouch|GenericGesture attentionLostEventMask AttentionLost|Button|Keyboard|Digitizer|Pointer|GameController|MesaTouch|GenericGesture digitizerDisplayUUIDs (null) buttonDisplayUUIDs (null) keyboardDisplayUUIDs (null) tagIndex 1127)
default	00:37:14.856934-0700	SpringBoard	<0xc32736940> - reconfigure attention client with configuration:<AWAttentionAwarenessConfiguration: 0xc3cecd180> (identifier: com.apple.springboard.GlobalBacklightIdleTimer samplingInterval:       4.00000, samplingDelay:     268.00000, sampleWhileAbsent: false, retroactiveTimeoutMode: false, pollingFilter: false, continuousFaceDetectMode: false, activateAttentionDetection: true, activateEyeRelief: false, activateMotionDetection: false, unityStream: false, attentionLostTimeouts:     282.00000,     280.00000,     300.00000 nonSampledAttentionLostTimeoutEnable: true nonSampledAttentionLostTimeout:    3600.00000 notificationMask NONE mask Button|Keyboard|Digitizer|Pointer|GameController|FaceDetect|MesaTouch|GenericGesture attentionLostEventMask Button|Keyboard|Digitizer|Pointer|GameController|MesaTouch|GenericGesture digitizerDisplayUUIDs (null) buttonDisplayUUIDs (null) keyboardDisplayUUIDs (null) tagIndex 1127)
default	00:37:14.856962-0700	SpringBoard	<SBBacklightIdleTimer: 0xc3279d840> sending idleTimerDidRefresh: to <SBIdleTimerPolicyAggregator: 0xc327282c0>
default	00:37:14.856970-0700	SpringBoard	<SBBacklightIdleTimer: 0xc3279d840> sending idleTimerDidRefresh: to <SBIdleTimerProxy: 0xc32ac5e80>
default	00:37:14.856976-0700	SpringBoard	<SBIdleTimerProxy: 0xc32ac5e80> sending idleTimerDidRefresh: to <SBIdleTimerGlobalCoordinator: 0xc33b17d80>
default	00:37:14.856983-0700	SpringBoard	rules: (scene setting) REMOVED keyboardFocus environment from scene: com.apple.springboard
default	00:37:14.857019-0700	dtappserviced	[0xbcf094280] Connection Disconnected (state: connected, error [57: Socket is not connected])
default	00:37:14.857036-0700	dtappserviced	[C9 27BCDFDF-9511-4B81-A8B7-634656A51387 IPv6#6963e7e9.55772 tcp, local: fd96:384d:410d::1.54102, definite, attribution: developer, server, prohibit joining protocols] cancelled
	[C9 86C1110D-EEAD-454D-AD46-894D43286FFA fd96:384d:410d::1.54102<->IPv6#6963e7e9.55772]
	Connected Path: satisfied (Path is satisfied), viable, interface: utun3, scoped, ipv6, uses wifi, LQM: unknown
	Privacy Stance: Not Eligible
	Duration: 0.129s, TCP @0.000s took 0.000s
	bytes in/out: 1337/666, packets in/out: 5/6, rtt: 0.001s, retransmitted bytes: 0, out-of-order bytes: 0
	ecn packets sent/acked/marked/lost: 6/5/0/0
default	00:37:14.857048-0700	identityservicesd	Gossip - Retrieved nil STH. Will not gossip.
default	00:37:14.857054-0700	identityservicesd	Daemon Attempting To Send message from account <private> to destinations <private>
default	00:37:14.857060-0700	identityservicesd	This service supports sending messages to an inactive device, it is allowed to proceed
default	00:37:14.857108-0700	SpringBoard	sceneOfRecord: sceneID: com.apple.springboard  persistentID: com.apple.springboard
default	00:37:14.857120-0700	dtappserviced	[0xbcf094280] disconnect_continue: root_channel still present
default	00:37:14.857247-0700	apsd	<private> _toggleWiFiAutoAssociateIfNecessary enabling wifi auto association highEnoughPushCost NO  wifiHistoricallyOK NO  serverLoadIsOK YES criticalReliability NO  serverSupportsDualMode YES  _dualMode 0 enableDualMode YES disableCostDrivenDualMode NO isPiggybacking NO isWoWEnabled YES isUltraConstrained NO
default	00:37:14.858791-0700	SpringBoard	[lock] Poster last extant update changed 5222
default	00:37:14.858819-0700	SpringBoard	[home] Poster last extant update changed 5222
default	00:37:14.858969-0700	dtappserviced	nw_connection_report_state_with_handler_on_nw_queue [C9] reporting state cancelled
error	00:37:14.858998-0700	dtappserviced	[C9 IPv6#6963e7e9.55772 tcp, local: fd96:384d:410d::1.54102, definite, attribution: developer, server, prohibit joining protocols] is already cancelled, ignoring cancel
default	00:37:14.859081-0700	SpringBoard	rules: (scene setting) ADDED keyboardFocus environment to scene: sceneID:com.groundeffectsoftware.AnxietyWatch-18DE83D8-1846-45B8-876C-4C1CE7F6CEF0
default	00:37:14.859230-0700	chronod	[com.groundeffectsoftware.AnxietyWatch::com.groundeffectsoftware.AnxietyWatch.AnxietyWatchLiveActivities] scheduling query
default	00:37:14.859250-0700	chronod	[951D45D8]: task submitted descriptor<com.groundeffectsoftware.AnxietyWatch::com.groundeffectsoftware.AnxietyWatch.AnxietyWatchLiveActivities>.951D45D8
default	00:37:14.859257-0700	chronod	Preferences[com.apple.chronod]: extensionsPendingDescriptorRefetch preference changed to ["Ƭ\u{02}%@::com.groundeffectsoftware.AnxietyWatch::com.groundeffectsoftware.AnxietyWatch.AnxietyWatchLiveActivities"] [default=[]]
error	00:37:14.859314-0700	dtappserviced	[C9 IPv6#6963e7e9.55772 tcp, local: fd96:384d:410d::1.54102, definite, attribution: developer, server, prohibit joining protocols] is already cancelled, ignoring cancel
default	00:37:14.859322-0700	dtappserviced	nw_http2_transport_remove_input_handler [C9:1] not closing already closed stream
error	00:37:14.859328-0700	dtappserviced	[C10 IPv6#6963e7e9.55772 tcp, local: fd96:384d:410d::1.54102, definite, attribution: developer, server, prohibit joining protocols] is already cancelled, ignoring cancel
default	00:37:14.859343-0700	dtappserviced	nw_listener_cancel_block_invoke [L5] cancel
default	00:37:14.859361-0700	runningboardd	PERF: Received lookupHandleForPredicate request from [osservice<com.apple.chronod>:120] (euid 501, auid 501) (persona (null))
default	00:37:14.859474-0700	dtappserviced	nw_listener_resume_inbox [L5] Resumed for <protocol: http2_transport>
default	00:37:14.859483-0700	dtappserviced	nw_listener_cancel_all_inboxes_on_queue_block_invoke [L5] cancelling all inboxes: <protocol: http2_transport>
default	00:37:14.859513-0700	identityservicesd	  == Incrementing outgoing-messages for service: com.apple.private.alloy.health.sync.classc   Requestor: com.apple.healthd  (Count: 145, GlobalCountForAdhocType2: 2151)
default	00:37:14.859519-0700	identityservicesd	     No budget specified
default	00:37:14.859559-0700	identityservicesd	Daemon sending message with priority Default guid: D15725C6-2212-46AE-9AB4-AA7C61F217C2 messageType: (null), serviceIdentifier: com.apple.private.alloy.health.sync.classc to: <private>   from: (null)   aliases: <private>  service type: adhoc type 2   QoS=0x15
default	00:37:14.859580-0700	identityservicesd	Incoming Encryption Request
default	00:37:14.859591-0700	identityservicesd	Public Key for Device Class A for UniqueID <private>: <private>
default	00:37:14.859621-0700	dtappserviced	nw_listener_set_state_on_queue [L5] reporting state cancelled ((null))
default	00:37:14.859627-0700	apsd	<private>: Received delegate call: shouldUseDualMode is set to YES
default	00:37:14.859632-0700	apsd	<private> resetting consecutive failures because we have at least one connection
default	00:37:14.859639-0700	apsd	<private>: handleDualModeState isDualChannelAllowed YES
default	00:37:14.859646-0700	dtappserviced	nw_http2_transport_remove_input_handler [C9:1] not closing already closed stream
default	00:37:14.859652-0700	apsd	APSUserCourier <private> adjusting connection. Connected on 2 interfaces. Current link quality: <private>
default	00:37:14.859672-0700	apsd	<private> _hasListeningTopics YES
default	00:37:14.859688-0700	dtappserviced	nw_socket_handle_socket_event [C9:2] Socket received CONNRESET event
default	00:37:14.859747-0700	dtappserviced	nw_socket_handle_socket_event [C9:2] Socket received DISCONNECTED event
error	00:37:14.859786-0700	dtappserviced	nw_socket_handle_socket_event [C9:2] Socket SO_ERROR [54: Connection reset by peer]
error	00:37:14.859895-0700	dtappserviced	[C9 IPv6#6963e7e9.55772 tcp, local: fd96:384d:410d::1.54102, definite, attribution: developer, server, prohibit joining protocols] is already cancelled, ignoring cancel
default	00:37:14.859906-0700	AnxietyWatch	<private>ms (+<private>ms) ModelContainer: building schema (24 models)
error	00:37:14.859918-0700	dtappserviced	nw_protocol_socket_reset_linger [C9:2] setsockopt SO_LINGER failed [22: Invalid argument]
default	00:37:14.859935-0700	dtappserviced	[0xbcf094280] disconnect: already disconnecting
default	00:37:14.859941-0700	dtappserviced	[0xbcf094280] disconnect_continue: root_listener still present
default	00:37:14.859978-0700	dtappserviced	[0xbcf094280] disconnect: already disconnecting
default	00:37:14.859986-0700	dtappserviced	[0xbcf094280] Cancel complete, delivering XPC_ERROR_CONNECTION_INVALID
default	00:37:14.860084-0700	dtappserviced	[0xbcf094280] Flushing outgoing messages
default	00:37:14.860096-0700	dtappserviced	[0xbcf094280] Flushing outstanding replies
error	00:37:14.860141-0700	dtappserviced	startListening(forAnyOf:usingServiceName:on:fallingBackUsing:): Received error from peer connection: <private>
default	00:37:14.860196-0700	dtappserviced	[0xbcf094280] disconnect: already canceled
default	00:37:14.860254-0700	apsd	<private> calling _connectStream with interface preference None
default	00:37:14.860260-0700	apsd	<private> _connectStream has None preference and dual channel is enabled.
default	00:37:14.860312-0700	chronod	[0xd081adb80] activating connection: mach=true listener=false peer=false name=com.apple.biome.access.user
default	00:37:14.860320-0700	identityservicesd	Public Key for My Class A key is <private>:
default	00:37:14.860419-0700	identityservicesd	Using full identity: <private>
default	00:37:14.860454-0700	identityservicesd	Fetched device public identity: <private>
default	00:37:14.860462-0700	identityservicesd	Symmestric key generated Sucessfully
default	00:37:14.860521-0700	identityservicesd	Symmestric key converted to NSData sucessfully
default	00:37:14.860536-0700	identityservicesd	Data encrypted with Symmestric key sucessfully
default	00:37:14.860749-0700	biomed	Incoming connection from chronod(120)
default	00:37:14.860766-0700	biomed	[0x7deeb6b80] activating connection: mach=false listener=false peer=true name=com.apple.biome.access.user.peer[120].0x7deeb6b80
default	00:37:14.861670-0700	SpringBoard	[lock] Poster Extant update COULD change 5222 (5222)
default	00:37:14.861677-0700	SpringBoard	[lock] Poster Extant update DID change
default	00:37:14.861685-0700	SpringBoard	[home] Poster Extant update COULD change 5222 (5222)
default	00:37:14.861690-0700	SpringBoard	[home] Poster Extant update DID change
default	00:37:14.862097-0700	identityservicesd	Encryption Success
default	00:37:14.862119-0700	identityservicesd	Store outgoing message {guid: <private>, canSendUrgent: NO, forceImmediateSend: YES, hasSpecialTrafficClass: YES}
default	00:37:14.862396-0700	chronod	[0xd081adb80] invalidated because the current process cancelled the connection by calling xpc_connection_cancel()
default	00:37:14.862787-0700	identityservicesd	Performing duet check for priority non-urgent for account <private> serviceIdentifier com.apple.private.alloy.health.sync.classc duetIdentifiers <private> bypassDuet NO  logString: <private>
default	00:37:14.862802-0700	chronod	[0xd081adb80] activating connection: mach=true listener=false peer=false name=com.apple.biome.access.user
default	00:37:14.862947-0700	identityservicesd	0xc93561300 -[IDSDuetInterface checkAvailabilityForValues:priority:logString:fromQueue:withCompletionBlock:] Sending IDS message, asking CoreDuet
default	00:37:14.863234-0700	biomed	Incoming connection from chronod(120)
default	00:37:14.863251-0700	biomed	[0x7deeb6880] activating connection: mach=false listener=false peer=true name=com.apple.biome.access.user.peer[120].0x7deeb6880
default	00:37:14.863259-0700	biomed	[0x7deeb6b80] invalidated because the client process (pid 120) either cancelled the connection or exited
default	00:37:14.863477-0700	identityservicesd	CHECKING: <private>, Priority=Default, Phone Foreground: (null), Watch Foreground: <private>, Foreground Services: <private>, Remote Foreground Services: <private>
default	00:37:14.863486-0700	identityservicesd	CHECKING: <private>, Priority=Default, Local Thermals: Nominal, Paired Thermals: Nominal, Watch Plugged In: 0
default	00:37:14.864259-0700	chronod	[0xd081adb80] invalidated because the current process cancelled the connection by calling xpc_connection_cancel()
default	00:37:14.864284-0700	chronod	[951D45D8]: descriptor<com.groundeffectsoftware.AnxietyWatch::com.groundeffectsoftware.AnxietyWatch.AnxietyWatchLiveActivities>.951D45D8 overridden for budget exempt reason: free
default	00:37:14.864331-0700	chronod	[951D45D8]: required data protection level: None
default	00:37:14.864341-0700	chronod	[951D45D8]: Scheduled DAS standard refresh; name: descriptor<com.groundeffectsoftware.AnxietyWatch::com.groundeffectsoftware.AnxietyWatch.AnxietyWatchLiveActivities>
default	00:37:14.864360-0700	chronod	[951D45D8]: activity added
default	00:37:14.864367-0700	chronod	[951D45D8]: immediate activity enqueued (ClassA >= ClassD)
default	00:37:14.864394-0700	chronod	[951D45D8]: activityHandler began
default	00:37:14.864478-0700	chronod	Add pending task: descriptor<com.groundeffectsoftware.AnxietyWatch::com.groundeffectsoftware.AnxietyWatch.AnxietyWatchLiveActivities>.951D45D8
default	00:37:14.864870-0700	chronod	Popped next task: descriptor<com.groundeffectsoftware.AnxietyWatch::com.groundeffectsoftware.AnxietyWatch.AnxietyWatchLiveActivities>.951D45D8 from backgroundOpportunistic
default	00:37:14.864880-0700	chronod	Remove pending task: descriptor<com.groundeffectsoftware.AnxietyWatch::com.groundeffectsoftware.AnxietyWatch.AnxietyWatchLiveActivities>.951D45D8
default	00:37:14.864887-0700	chronod	[951D45D8]: starting pended task descriptor<com.groundeffectsoftware.AnxietyWatch::com.groundeffectsoftware.AnxietyWatch.AnxietyWatchLiveActivities>.951D45D8; pendingTasks.count = 0
default	00:37:14.864895-0700	chronod	[951D45D8]: activityHandler ended
default	00:37:14.864943-0700	chronod	[951D45D8]: start() with task descriptor<com.groundeffectsoftware.AnxietyWatch::com.groundeffectsoftware.AnxietyWatch.AnxietyWatchLiveActivities>.951D45D8
default	00:37:14.864953-0700	chronod	[951D45D8]: task session started. created 0.000084s ago.
default	00:37:14.864959-0700	chronod	[951D45D8]: _taskQueue_setup() with task descriptor<com.groundeffectsoftware.AnxietyWatch::com.groundeffectsoftware.AnxietyWatch.AnxietyWatchLiveActivities>.951D45D8
default	00:37:14.865094-0700	chronod	Overriding assertion attributes in sync launch case: com.groundeffectsoftware.AnxietyWatch.AnxietyWatchLiveActivities
default	00:37:14.865252-0700	chronod	Launching process with config: bundleID: com.groundeffectsoftware.AnxietyWatch.AnxietyWatchLiveActivities instance ID: Optional([_EXExtensionInstanceIdentifier: 1D2C8387-1CF8-4E60-B7FE-93D36A99A011])
default	00:37:14.865756-0700	AnxietyWatch	[0x1039e5110] activating connection: mach=true listener=false peer=false name=com.apple.cfprefsd.daemon.system
default	00:37:14.865843-0700	AnxietyWatch	[0x1039e5250] activating connection: mach=true listener=false peer=false name=com.apple.cfprefsd.daemon
default	00:37:14.866070-0700	cfprefsd	[0xce3151380] activating connection: mach=false listener=false peer=true name=com.apple.cfprefsd.daemon.peer[11174].0xce3151380
default	00:37:14.866106-0700	cfprefsd	[0xc4b168300] activating connection: mach=false listener=false peer=true name=com.apple.cfprefsd.daemon.system.peer[11174].0xc4b168300
default	00:37:14.867702-0700	AnxietyWatch	kExcludedFromBackupXattrName set on path: <private>
default	00:37:14.867722-0700	runningboardd	PERF: Received lookupHandleForPredicate request from [xpcservice<com.apple.extensionkitservice([osservice<com.apple.chronod>:120])>{vt hash: 0}{definition:com.apple.extensionkitservice[standard][client]}:242:242] (euid 501, auid 501) (persona (null))
default	00:37:14.868069-0700	AnxietyWatch	<private>ms (+<private>ms) ModelContainer: opening store
default	00:37:14.869009-0700	extensionkitservice	Configuring RBSLaunchContext for extension: `<private>`
default	00:37:14.870675-0700	runningboardd	Executing launch request for xpcservice<com.groundeffectsoftware.AnxietyWatch.AnxietyWatchLiveActivities([osservice<com.apple.chronod>:120])>{vt hash: 259808002}[uuid:1D2C8387-1CF8-4E60-B7FE-93D36A99A011]{definition:com.groundeffectsoftware.AnxietyWatch.AnxietyWatchLiveActivities[extension][client]} (Launching extension com.groundeffectsoftware.AnxietyWatch.AnxietyWatchLiveActivities(4AEEACEC-54FD-4263-AB69-903249A4F79A for host 120) from requestor: [xpcservice<com.apple.extensionkitservice([osservice<com.apple.chronod>:120])>{vt hash: 0}{definition:com.apple.extensionkitservice[standard][client]}:242:242]
default	00:37:14.870690-0700	runningboardd	Checking PreventLaunch: global:0 exPath:(null) predicates:(null) allow:(null)
default	00:37:14.870697-0700	runningboardd	Skipping preflight as <RBSLaunchContext: 0xd2f217480> is not an app
default	00:37:14.870738-0700	runningboardd	Creating and launching job for: xpcservice<com.groundeffectsoftware.AnxietyWatch.AnxietyWatchLiveActivities([osservice<com.apple.chronod>:120])>{vt hash: 259808002}[uuid:1D2C8387-1CF8-4E60-B7FE-93D36A99A011]{definition:com.groundeffectsoftware.AnxietyWatch.AnxietyWatchLiveActivities[extension][client]}
default	00:37:14.870893-0700	runningboardd	<OSLaunchdJob | handle=CB322F66-2653-4C46-80BD-C547B3DD14E6>: submitExtension created a job
default	00:37:14.870943-0700	runningboardd	<OSLaunchdJob | handle=CB322F66-2653-4C46-80BD-C547B3DD14E6>: createInstance created a job <OSLaunchdJob | handle=21E32FBF-6D53-4650-B7DE-EC9F29EB1681>
default	00:37:14.870996-0700	runningboardd	'1D2C8387-1CF8-4E60-B7FE-93D36A99A011' Submitting extension overlay (host PID 120, path /private/var/containers/Bundle/Application/75D10D57-B2FB-41B5-9784-F91DBB9A6D3B/AnxietyWatch.app/PlugIns/AnxietyWatchLiveActivitiesExtension.appex/AnxietyWatchLiveActivitiesExtension):
<dictionary: 0xd2ee57660> { count = 2, transaction: 0, voucher = 0x0, contents =
	"XPCService" => <dictionary: 0xd2ee56f40> { count = 16, transaction: 0, voucher = 0x0, contents =
		"_ManagedBy" => <string: 0xd2f301890> { string cache = 0x0, length = 22, contents = "com.apple.runningboard" }
		"RunLoopType" => <string: 0xd2f303ab0> { string cache = 0x0, length = 9, contents = "NSRunLoop" }
		"Platform" => <int64: 0xb29396c52001beef>: 2
		"JoinExistingSession" => <bool: 0x1f8ced280>: false
		"_SandboxProfile" => <string: 0xd2f301ef0> { string cache = 0x0, length = 6, contents = "plugin" }
		"_LaunchWatchdogTimeOut" => <int64: 0xb29396c52001beff>: 0
		"_AdditionalSubServices" => <dictionary: 0xd2ee57480> { count = 1, transaction: 0, voucher = 0x0, contents =
			"xpc-session" => <bool: 0x1f8ced260>: true
		}
		"_ProcessType" => <string: 0xd2f3017a0> { string cache = 0x0, length = 8, contents = "AppNonUI" }
		"_AdditionalProperties" => <dictionary: 0xd2ee54300> { count = 1, transaction: 0, voucher = 0x0, contents =
			"RunningBoard" => <dictionary: 0xd2ee56220> { count = 3, transaction: 0, voucher = 0x0, contents =
				"RunningBoardLaunchedIdentity" => <dictionary: 0xd2ee57ba0> { count = 6, transaction: 0, voucher = 0x0, contents =
					"TYPE" => <int64: 0xb29396c52001bedf>: 4
					"v" => <data: 0xd2f8f3400>: { length = 123 bytes, contents = 0x7b226164646974696f6e616c456e7669726f6e6d656e7456... }
					"h" => <int64: 0xb29396c52001bd3f>: 120
					"i" => <string: 0xd2f303570> { string cache = 0x0, length = 64, contents = "com.groundeffectsoftware.AnxietyWatch.AnxietyWatchLiveActivities" }
					"r" => <int64: 0xb29396c52001beef>: 2
					"H" => <dictionary: 0xd2ee55e00> { count = 4, transaction: 0, voucher = 0x0, contents =
						"l" => <string: 0xd2f300030> { string cache = 0x0, length = 17, contents = "com.apple.chronod" }
						"t" => <int64: 0xb29396c52001beef>: 2
						"TYPE" => <int64: 0xb29396c52001becf>: 6
						"p" => <int64: 0xb29396c52001beff>: 0
					}
				}
				"RunningBoardLaunched" => <bool: 0x1f8ced260>: true
				"LaunchRequestEndpointIdentifiers" => <dictionary: 0xd2ee55ce0> { count = 2, transaction: 0, voucher = 0x0, contents =
					"com.groundeffectsoftware.AnxietyWatch.AnxietyWatchLiveActivities.xpc-session" => <bool: 0x1f8ced260>: true
					"com.groundeffectsoftware.AnxietyWatch.AnxietyWatchLiveActivities" => <bool: 0x1f8ced260>: true
				}
			}
		}
		"EnvironmentVariables" => <dictionary: 0xd2ee57600> { count = 2, transaction: 0, voucher = 0x0, contents =
			"EXTENSION_KIT_EXTENSION_TYPE" => <string: 0xd2f3021f0> { string cache = 0x0, length = 1, contents = "1" }
			"BSServiceDomains" => <string: 0xd2f300450> { string cache = 0x0, length = 46, contents = "{"XPCService":{"Services":{"MainService":{}}}}" }
		}
		"_OmitSandboxParameters" => <bool: 0x1f8ced280>: false
		"_AbandonCoalition" => <bool: 0x1f8ced260>: true
		"_MultipleInstances" => <bool: 0x1f8ced260>: true
		"ServiceType" => <string: 0xd2f303180> { string cache = 0x0, length = 11, contents = "Application" }
		"ProgramArguments" => <array: 0xd2f302b80> { count = 3, capacity = 8, contents =
			0: <string: 0xd2f3022e0> { string cache = 0x0, length = 182, contents = "/private/var/containers/Bundle/Application/75D10D57-B2FB-41B5-9784-F91DBB9A6D3B/AnxietyWatch.app/PlugIns/AnxietyWatchLiveActivitiesExtension.appex/AnxietyWatchLiveActivitiesExtension" }
			1: <string: 0xd2f303450> { string cache = 0x0, length = 16, contents = "-LaunchArguments" }
			2: <string: 0xd2f3001b0> { string cache = 0x0, length = 156, contents = "eyJ0eXBlIjoxLCJzZXJ2aWNlTmFtZSI6ImNvbS5ncm91bmRlZmZlY3Rzb2Z0d2FyZS5BbnhpZXR5V2F0Y2guQW54aWV0eVdhdGNoTGl2ZUFjdGl2aXRpZXMiLCJlbmhhbmNlZFNlY3VyaXR5IjpmYWxzZX0=" }
		}
		"_ManagedBy_Services" => <array: 0xd2f301230> { count = 2, capacity = 8, contents =
			0: <string: 0xd2f3025e0> { string cache = 0x0, length = 64, contents = "com.groundeffectsoftware.AnxietyWatch.AnxietyWatchLiveActivities" }
			1: <string: 0xd2f300060> { string cache = 0x0, length = 76, contents = "com.groundeffectsoftware.AnxietyWatch.AnxietyWatchLiveActivities.xpc-session" }
		}
	}
	"CFBundlePackageType" => <string: 0xd2f300e40> { string cache = 0x0, length = 4, contents = "XPC!" }
}
default	00:37:14.871021-0700	runningboardd	<OSLaunchdJob | handle=21E32FBF-6D53-4650-B7DE-EC9F29EB1681>: start succeeded, info=running, pid=11161
default	00:37:14.871752-0700	runningboardd	Acquiring assertion targeting [xpcservice<com.groundeffectsoftware.AnxietyWatch.AnxietyWatchLiveActivities([osservice<com.apple.chronod>:120])>{vt hash: 259808002}[uuid:1D2C8387-1CF8-4E60-B7FE-93D36A99A011]{definition:com.groundeffectsoftware.AnxietyWatch.AnxietyWatchLiveActivities[extension][client]}:11161] from originator [xpcservice<com.apple.extensionkitservice([osservice<com.apple.chronod>:120])>{vt hash: 0}{definition:com.apple.extensionkitservice[standard][client]}:242:242] with description <RBSAssertionDescriptor| "Taking assertion for pid 11161" ID:34-242-40153 target:11161 attributes:[
	<RBSDomainAttribute| domain:"com.apple.chronod" name:"WidgetExtensionRun-QOS-UserInitiated" sourceEnvironment:"(null)">
	]>
default	00:37:14.871913-0700	runningboardd	Assertion 34-242-40153 (target:[xpcservice<com.groundeffectsoftware.AnxietyWatch.AnxietyWatchLiveActivities([osservice<com.apple.chronod>:120])>{vt hash: 259808002}[uuid:1D2C8387-1CF8-4E60-B7FE-93D36A99A011]{definition:com.groundeffectsoftware.AnxietyWatch.AnxietyWatchLiveActivities[extension][client]}:11161]) will be created as active
default	00:37:14.872704-0700	runningboardd	Calculated state for xpcservice<com.groundeffectsoftware.AnxietyWatch.AnxietyWatchLiveActivities([osservice<com.apple.chronod>:120])>{vt hash: 259808002}[uuid:1D2C8387-1CF8-4E60-B7FE-93D36A99A011]{definition:com.groundeffectsoftware.AnxietyWatch.AnxietyWatchLiveActivities[extension][client]}: running-active (role: UserInitiated) (endowments: (null))
default	00:37:14.875211-0700	runningboardd	[xpcservice<com.groundeffectsoftware.AnxietyWatch.AnxietyWatchLiveActivities([osservice<com.apple.chronod>:120])>{vt hash: 259808002}[uuid:1D2C8387-1CF8-4E60-B7FE-93D36A99A011]{definition:com.groundeffectsoftware.AnxietyWatch.AnxietyWatchLiveActivities[extension][client]}:11161] Set jetsam priority to 40 [0] flag[1]
default	00:37:14.875228-0700	runningboardd	[xpcservice<com.groundeffectsoftware.AnxietyWatch.AnxietyWatchLiveActivities([osservice<com.apple.chronod>:120])>{vt hash: 259808002}[uuid:1D2C8387-1CF8-4E60-B7FE-93D36A99A011]{definition:com.groundeffectsoftware.AnxietyWatch.AnxietyWatchLiveActivities[extension][client]}:11161] Resuming task.
default	00:37:14.875246-0700	runningboardd	[xpcservice<com.groundeffectsoftware.AnxietyWatch.AnxietyWatchLiveActivities([osservice<com.apple.chronod>:120])>{vt hash: 259808002}[uuid:1D2C8387-1CF8-4E60-B7FE-93D36A99A011]{definition:com.groundeffectsoftware.AnxietyWatch.AnxietyWatchLiveActivities[extension][client]}:11161] Set darwin role to: UserInitiated
default	00:37:14.876036-0700	SpringBoard	Received state update for 11161 (xpcservice<com.groundeffectsoftware.AnxietyWatch.AnxietyWatchLiveActivities([osservice<com.apple.chronod>:120])>{vt hash: 259808002}[uuid:1D2C8387-1CF8-4E60-B7FE-93D36A99A011]{definition:com.groundeffectsoftware.AnxietyWatch.AnxietyWatchLiveActivities[extension][client]}, running-active-NotVisible
default	00:37:14.876908-0700	runningboardd	Acquired process power assertion with ID 33401 for pid 11161
default	00:37:14.877104-0700	runningboardd	Invalidating assertion 34-242-40153 (target:[xpcservice<com.groundeffectsoftware.AnxietyWatch.AnxietyWatchLiveActivities([osservice<com.apple.chronod>:120])>{vt hash: 259808002}[uuid:1D2C8387-1CF8-4E60-B7FE-93D36A99A011]{definition:com.groundeffectsoftware.AnxietyWatch.AnxietyWatchLiveActivities[extension][client]}:11161]) from originator [xpcservice<com.apple.extensionkitservice([osservice<com.apple.chronod>:120])>{vt hash: 0}{definition:com.apple.extensionkitservice[standard][client]}:242:242]
default	00:37:14.877652-0700	AnxietyWatchLiveActivitiesExtension	[0x101974000] invalidated because the client process (pid 120) either cancelled the connection or exited
error	00:37:14.877676-0700	AnxietyWatchLiveActivitiesExtension	[S:4] Error received: Connection invalidated.
default	00:37:14.877907-0700	chronod	Starting death monitoring for handle <private>
default	00:37:14.877981-0700	powerd	Sleep revert state: 1
default	00:37:14.877993-0700	powerd	Process runningboardd.34 Created SystemIsActive "xpcservice<com.groundeffectsoftware.AnxietyWatch.AnxietyWatchLiveActivities([osservice<com.apple.chronod>:120])>{vt hash: 259808002}[uuid:1D2C8387-1CF8-4E60-B7FE-93D36A99A011]{definition:com.groundeffectsoftware.AnxietyWatch.AnxietyWatchLiveActivities[extension][client]}34-242-40153:Taking assertion for pid 11161" age:00:00:00  id:51539640953 [System: PrevIdle SysAct]
default	00:37:14.878084-0700	audiomxd	Received state update for 11161 (xpcservice<com.groundeffectsoftware.AnxietyWatch.AnxietyWatchLiveActivities([osservice<com.apple.chronod>:120])>{vt hash: 259808002}[uuid:1D2C8387-1CF8-4E60-B7FE-93D36A99A011]{definition:com.groundeffectsoftware.AnxietyWatch.AnxietyWatchLiveActivities[extension][client]}, running-active-NotVisible
default	00:37:14.878262-0700	runningboardd	Acquiring assertion targeting [xpcservice<com.groundeffectsoftware.AnxietyWatch.AnxietyWatchLiveActivities([osservice<com.apple.chronod>:120])>{vt hash: 259808002}[uuid:1D2C8387-1CF8-4E60-B7FE-93D36A99A011]{definition:com.groundeffectsoftware.AnxietyWatch.AnxietyWatchLiveActivities[extension][client]}:11161] from originator [osservice<com.apple.chronod>:120] with description <RBSAssertionDescriptor| "Taking assertion for pid 11161" ID:34-120-40154 target:11161 attributes:[
	<RBSDomainAttribute| domain:"com.apple.chronod" name:"WidgetExtensionRun-QOS-UserInitiated" sourceEnvironment:"(null)">
	]>
default	00:37:14.878298-0700	runningboardd	Assertion 34-120-40154 (target:[xpcservice<com.groundeffectsoftware.AnxietyWatch.AnxietyWatchLiveActivities([osservice<com.apple.chronod>:120])>{vt hash: 259808002}[uuid:1D2C8387-1CF8-4E60-B7FE-93D36A99A011]{definition:com.groundeffectsoftware.AnxietyWatch.AnxietyWatchLiveActivities[extension][client]}:11161]) will be created as active
default	00:37:14.878592-0700	runningboardd	Attempting to rename power assertion 33401 for target xpcservice<com.groundeffectsoftware.AnxietyWatch.AnxietyWatchLiveActivities([osservice<com.apple.chronod>:120])>{vt hash: 259808002}[uuid:1D2C8387-1CF8-4E60-B7FE-93D36A99A011]{definition:com.groundeffectsoftware.AnxietyWatch.AnxietyWatchLiveActivities[extension][client]} to xpcservice<com.groundeffectsoftware.AnxietyWatch.AnxietyWatchLiveActivities([osservice<com.apple.chronod>:120])>{vt hash: 259808002}[uuid:1D2C8387-1CF8-4E60-B7FE-93D36A99A011]{definition:com.groundeffectsoftware.AnxietyWatch.AnxietyWatchLiveActivities[extension][client]};34-120-40154:Taking assertion for pid 11161;34-242-40153:Taking assertion for pid 11161
default	00:37:14.878776-0700	identityservicesd	DENIED: <private>, Priority=Default, Watch Battery Level: 6, Watch Plugin Status: 0, Usage Threshold: 10.000000
default	00:37:14.878832-0700	identityservicesd	Received duet response canSend? NO <private>
default	00:37:14.878869-0700	identityservicesd	Notifying client IDSResponsePersisted(11) for com.apple.private.alloy.health.sync.classc id <private> alt (null)
default	00:37:14.878902-0700	identityservicesd	Updating listener on <private> with responseCode 11 error (null)  lastCall YES - messageContext <private>
default	00:37:14.878931-0700	chronod	Created new process ExtensionProcess: bundleID: com.groundeffectsoftware.AnxietyWatch.AnxietyWatchLiveActivities instance ID: Optional([_EXExtensionInstanceIdentifier: 1D2C8387-1CF8-4E60-B7FE-93D36A99A011]) pid: 11161.
default	00:37:14.878993-0700	chronod	[C:d9] Alloc <private>
default	00:37:14.879002-0700	chronod	[0xd081adb80] activating connection: mach=false listener=false peer=false name=(anonymous)
default	00:37:14.879013-0700	healthd	OUTGOING-UPDATE:<private> CODE:11 LASTCALL:YES
default	00:37:14.879019-0700	chronod	[com.groundeffectsoftware.AnxietyWatch.AnxietyWatchLiveActivities-9B76ED1C-3FFB-48B3-870F-60BA9C938DE4] Created a new WidgetExtensionSession at user interactive priority.
default	00:37:14.879039-0700	SpringBoard	[com.groundeffectsoftware.AnxietyWatch] Foreground app will not request ephemeral notifications isAppClip: NO wantsEphemeral notifications: NO
default	00:37:14.879059-0700	healthd	<private> outgoing message guid response: D15725C6-2212-46AE-9AB4-AA7C61F217C2  callbackID: (null)  response code: 11   error: (null)   lastCall: YES  endpointState: 1
default	00:37:14.879117-0700	runningboardd	Acquiring assertion targeting [xpcservice<com.groundeffectsoftware.AnxietyWatch.AnxietyWatchLiveActivities([osservice<com.apple.chronod>:120])>{vt hash: 259808002}[uuid:1D2C8387-1CF8-4E60-B7FE-93D36A99A011]{definition:com.groundeffectsoftware.AnxietyWatch.AnxietyWatchLiveActivities[extension][client]}:11161] from originator [osservice<com.apple.chronod>:120] with description <RBSAssertionDescriptor| "[AnxietyWatch.AnxietyWatchLiveActivities-60BA9C938DE4]" ID:34-120-40155 target:11161 attributes:[
	<RBSDomainAttribute| domain:"com.apple.chronod" name:"WidgetExtensionRun-QOS-UserInitiated" sourceEnvironment:"(null)">
	]>
default	00:37:14.879168-0700	runningboardd	Assertion 34-120-40155 (target:[xpcservice<com.groundeffectsoftware.AnxietyWatch.AnxietyWatchLiveActivities([osservice<com.apple.chronod>:120])>{vt hash: 259808002}[uuid:1D2C8387-1CF8-4E60-B7FE-93D36A99A011]{definition:com.groundeffectsoftware.AnxietyWatch.AnxietyWatchLiveActivities[extension][client]}:11161]) will be created as active
default	00:37:14.879175-0700	AnxietyWatchLiveActivitiesExtension	[S:5] Alloc <private>
default	00:37:14.879193-0700	chronod	[AnxietyWatch.AnxietyWatchLiveActivities-60BA9C938DE4] acquired WidgetExtensionRun-QOS-UserInitiated
default	00:37:14.879204-0700	chronod	[AnxietyWatch.AnxietyWatchLiveActivities-60BA9C938DE4] Session initialized
default	00:37:14.879211-0700	chronod	Added: <Task F32B0654-D1FB-47CB-8A1F-48C99F7BA275: descriptor<com.groundeffectsoftware.AnxietyWatch::com.groundeffectsoftware.AnxietyWatch.AnxietyWatchLiveActivities>>
default	00:37:14.879229-0700	AnxietyWatchLiveActivitiesExtension	[0x101974000] activating connection: mach=false listener=false peer=true name=com.groundeffectsoftware.AnxietyWatch.AnxietyWatchLiveActivities.peer[120].0x101974000
default	00:37:14.879288-0700	runningboardd	Calculated state for xpcservice<com.groundeffectsoftware.AnxietyWatch.AnxietyWatchLiveActivities([osservice<com.apple.chronod>:120])>{vt hash: 259808002}[uuid:1D2C8387-1CF8-4E60-B7FE-93D36A99A011]{definition:com.groundeffectsoftware.AnxietyWatch.AnxietyWatchLiveActivities[extension][client]}: running-active (role: UserInitiated) (endowments: (null))
default	00:37:14.879371-0700	chronod	[951D45D8]: _taskQueue_execute() with task descriptor<com.groundeffectsoftware.AnxietyWatch::com.groundeffectsoftware.AnxietyWatch.AnxietyWatchLiveActivities>.951D45D8
default	00:37:14.879386-0700	runningboardd	Attempting to rename power assertion 33401 for target xpcservice<com.groundeffectsoftware.AnxietyWatch.AnxietyWatchLiveActivities([osservice<com.apple.chronod>:120])>{vt hash: 259808002}[uuid:1D2C8387-1CF8-4E60-B7FE-93D36A99A011]{definition:com.groundeffectsoftware.AnxietyWatch.AnxietyWatchLiveActivities[extension][client]} to xpcservice<com.groundeffectsoftware.AnxietyWatch.AnxietyWatchLiveActivities([osservice<com.apple.chronod>:120])>{vt hash: 259808002}[uuid:1D2C8387-1CF8-4E60-B7FE-93D36A99A011]{definition:com.groundeffectsoftware.AnxietyWatch.AnxietyWatchLiveActivities[extension][client]};34-120-40154:Taking assertion for pid 11161;34-120-40155:[AnxietyWatch.AnxietyWatchLiveActivities-60BA9C938DE4];34-242-40153:Taking assertion for pid 11161
default	00:37:14.879396-0700	chronod	[com.groundeffectsoftware.AnxietyWatch::com.groundeffectsoftware.AnxietyWatch.AnxietyWatchLiveActivities] performing query - reason: reload descriptors requested by client
default	00:37:14.879446-0700	chronod	[AnxietyWatch.AnxietyWatchLiveActivities-60BA9C938DE4] Session operation: `getAllDescriptors` request.
default	00:37:14.879465-0700	chronod	[AnxietyWatch.AnxietyWatchLiveActivities-60BA9C938DE4] Session operation: `getAllDescriptors` executing.
default	00:37:14.879476-0700	chronod	Could not get attrs using bssendp for connection com.apple.xpc.anonymous.0xd081adb80, pid -1: 135: Process is not managed
default	00:37:14.879507-0700	contextstored	Sending fired registration <private> to com.apple.dasd.trigger
default	00:37:14.879609-0700	AnxietyWatchLiveActivitiesExtension	=+= getAllCurrentDescriptors(completion:) - locale: en_US (fixed en_US)
default	00:37:14.879667-0700	AnxietyWatch	<private>ms (+<private>ms) ModelContainer: store opened
default	00:37:14.879673-0700	AnxietyWatch	kExcludedFromBackupXattrName set on path: <private>
default	00:37:14.879827-0700	AnxietyWatch	kExcludedFromBackupXattrName set on path: <private>
default	00:37:14.879852-0700	AnxietyWatch	kExcludedFromBackupXattrName set on path: <private>
default	00:37:14.880537-0700	chronod	[AnxietyWatch.AnxietyWatchLiveActivities-60BA9C938DE4] Session operation: `getAllDescriptors` result.
default	00:37:14.880795-0700	AnxietyWatch	<private>ms (+<private>ms) App.init: begin (accessing sharedModelContainer)
default	00:37:14.880809-0700	runningboardd	Acquiring assertion targeting [xpcservice<com.groundeffectsoftware.AnxietyWatch.AnxietyWatchLiveActivities([osservice<com.apple.chronod>:120])>{vt hash: 259808002}[uuid:1D2C8387-1CF8-4E60-B7FE-93D36A99A011]{definition:com.groundeffectsoftware.AnxietyWatch.AnxietyWatchLiveActivities[extension][client]}:11161] from originator [osservice<com.apple.chronod>:120] with description <RBSAssertionDescriptor| "[AnxietyWatch.AnxietyWatchLiveActivities-60BA9C938DE4]" ID:34-120-40156 target:11161 attributes:[
	<RBSDomainAttribute| domain:"com.apple.chronod" name:"WaitForWidgetSuspension" sourceEnvironment:"(null)">
	]>
default	00:37:14.880816-0700	runningboardd	Assertion 34-120-40156 (target:[xpcservice<com.groundeffectsoftware.AnxietyWatch.AnxietyWatchLiveActivities([osservice<com.apple.chronod>:120])>{vt hash: 259808002}[uuid:1D2C8387-1CF8-4E60-B7FE-93D36A99A011]{definition:com.groundeffectsoftware.AnxietyWatch.AnxietyWatchLiveActivities[extension][client]}:11161]) will be created as active
default	00:37:14.881644-0700	chronod	[AnxietyWatch.AnxietyWatchLiveActivities-60BA9C938DE4] acquired WaitForWidgetSuspension
default	00:37:14.881767-0700	chronod	[AnxietyWatch.AnxietyWatchLiveActivities-60BA9C938DE4] WidgetExtensionAssertion invalidated
default	00:37:14.882235-0700	chronod	[AnxietyWatch.AnxietyWatchLiveActivities-60BA9C938DE4] Session invalidated
default	00:37:14.882247-0700	chronod	Connection to extension process was invalidated: com.groundeffectsoftware.AnxietyWatch.AnxietyWatchLiveActivities
default	00:37:14.882258-0700	chronod	Removed: <Task F32B0654-D1FB-47CB-8A1F-48C99F7BA275: descriptor<com.groundeffectsoftware.AnxietyWatch::com.groundeffectsoftware.AnxietyWatch.AnxietyWatchLiveActivities>>
default	00:37:14.882385-0700	chronod	[951D45D8]: _taskQueue_evaluate() with task descriptor<com.groundeffectsoftware.AnxietyWatch::com.groundeffectsoftware.AnxietyWatch.AnxietyWatchLiveActivities>.951D45D8
default	00:37:14.882421-0700	chronod	[951D45D8]: _taskQueue_teardown() with task descriptor<com.groundeffectsoftware.AnxietyWatch::com.groundeffectsoftware.AnxietyWatch.AnxietyWatchLiveActivities>.951D45D8
default	00:37:14.882530-0700	chronod	[951D45D8]: _taskQueue_complete() with task descriptor<com.groundeffectsoftware.AnxietyWatch::com.groundeffectsoftware.AnxietyWatch.AnxietyWatchLiveActivities>.951D45D8
default	00:37:14.882540-0700	chronod	[com.groundeffectsoftware.AnxietyWatch::com.groundeffectsoftware.AnxietyWatch.AnxietyWatchLiveActivities] query completed
default	00:37:14.882555-0700	chronod	[com.groundeffectsoftware.AnxietyWatch::com.groundeffectsoftware.AnxietyWatch.AnxietyWatchLiveActivities] query returned 0 widget descriptors, 0 controls, 1 activities
default	00:37:14.882574-0700	runningboardd	Invalidating assertion 34-120-40155 (target:[xpcservice<com.groundeffectsoftware.AnxietyWatch.AnxietyWatchLiveActivities([osservice<com.apple.chronod>:120])>{vt hash: 259808002}[uuid:1D2C8387-1CF8-4E60-B7FE-93D36A99A011]{definition:com.groundeffectsoftware.AnxietyWatch.AnxietyWatchLiveActivities[extension][client]}:11161]) from originator [osservice<com.apple.chronod>:120]
default	00:37:14.882703-0700	runningboardd	Attempting to rename power assertion 33401 for target xpcservice<com.groundeffectsoftware.AnxietyWatch.AnxietyWatchLiveActivities([osservice<com.apple.chronod>:120])>{vt hash: 259808002}[uuid:1D2C8387-1CF8-4E60-B7FE-93D36A99A011]{definition:com.groundeffectsoftware.AnxietyWatch.AnxietyWatchLiveActivities[extension][client]} to xpcservice<com.groundeffectsoftware.AnxietyWatch.AnxietyWatchLiveActivities([osservice<com.apple.chronod>:120])>{vt hash: 259808002}[uuid:1D2C8387-1CF8-4E60-B7FE-93D36A99A011]{definition:com.groundeffectsoftware.AnxietyWatch.AnxietyWatchLiveActivities[extension][client]};34-120-40154:Taking assertion for pid 11161;34-120-40155:[AnxietyWatch.AnxietyWatchLiveActivities-60BA9C938DE4];34-120-40156:[AnxietyWatch.AnxietyWatchLiveActivities-60BA9C938DE4];34-242-40153:Taking assertion for pid 11161
default	00:37:14.882719-0700	runningboardd	Calculated state for xpcservice<com.groundeffectsoftware.AnxietyWatch.AnxietyWatchLiveActivities([osservice<com.apple.chronod>:120])>{vt hash: 259808002}[uuid:1D2C8387-1CF8-4E60-B7FE-93D36A99A011]{definition:com.groundeffectsoftware.AnxietyWatch.AnxietyWatchLiveActivities[extension][client]}: running-active (role: UserInitiated) (endowments: (null))
default	00:37:14.882731-0700	chronod	[951D45D8]: activity completed
default	00:37:14.882739-0700	chronod	Resolved default intents for descriptors: 0, controls: 0
default	00:37:14.882747-0700	chronod	[951D45D8]: task session completed in 0.016319s. time since creation: 0.016350s
default	00:37:14.882754-0700	chronod	[com.groundeffectsoftware.AnxietyWatch::com.groundeffectsoftware.AnxietyWatch.AnxietyWatchLiveActivities] Found: <CHSLiveActivityDescriptor: 0xd081255e0; displayName: 0x0>
default	00:37:14.882760-0700	chronod	No tasks pending
default	00:37:14.882855-0700	chronod	[AnxietyWatch.AnxietyWatchLiveActivities-60BA9C938DE4] Session deinit
default	00:37:14.883389-0700	dasd	Can't complete, <private> - not running, cancelling instead!
default	00:37:14.883397-0700	AnxietyWatch	Cache loaded with 6309 pre-cached in CacheData and 78 items in CacheExtra.
default	00:37:14.883416-0700	runningboardd	Invalidating assertion 34-120-40154 (target:[xpcservice<com.groundeffectsoftware.AnxietyWatch.AnxietyWatchLiveActivities([osservice<com.apple.chronod>:120])>{vt hash: 259808002}[uuid:1D2C8387-1CF8-4E60-B7FE-93D36A99A011]{definition:com.groundeffectsoftware.AnxietyWatch.AnxietyWatchLiveActivities[extension][client]}:11161]) from originator [osservice<com.apple.chronod>:120]
default	00:37:14.883487-0700	chronod	Filling descriptor cache with 1 activity descriptors
default	00:37:14.883495-0700	chronod	Received descriptors for 1 extensions from descriptor service with error: nil
default	00:37:14.883522-0700	chronod	Preferences[com.apple.chronod]: extensionsPendingDescriptorRefetch preference changed to [] [default=[]]
default	00:37:14.883554-0700	SpringBoard	CHSApplicationProcessStateChangeConsumer: cacheDescriptors request completed with 0 extensions found
default	00:37:14.883606-0700	runningboardd	Incoming connection from 11174, user 501/501
default	00:37:14.883615-0700	runningboardd	[0xd2f9a8900] activating connection: mach=false listener=false peer=true name=com.apple.runningboard.peer[11174].0xd2f9a8900
default	00:37:14.883630-0700	AnxietyWatch	<private>ms (+<private>ms) App.init: HealthDataCoordinator built
default	00:37:14.883641-0700	AnxietyWatch	Initializing connection
default	00:37:14.883646-0700	AnxietyWatch	Removing all cached process handles
default	00:37:14.883652-0700	AnxietyWatch	Sending handshake request attempt #1 to server
default	00:37:14.883658-0700	AnxietyWatch	Creating connection to com.apple.runningboard
default	00:37:14.883666-0700	AnxietyWatch	[0x1081ce080] activating connection: mach=true listener=false peer=false name=com.apple.runningboard
default	00:37:14.883678-0700	dasd	CANCELED: descriptor<com.groundeffectsoftware.AnxietyWatch::com.groundeffectsoftware.AnxietyWatch.AnxietyWatchLiveActivities>:6FB630 at priority 30
default	00:37:14.883760-0700	dasd	[<private>] Ending progress monitoring
error	00:37:14.883769-0700	dasd	No group name for <private>
default	00:37:14.883781-0700	dasd	NO LONGER RUNNING descriptor<com.groundeffectsoftware.AnxietyWatch::com.groundeffectsoftware.AnxietyWatch.AnxietyWatchLiveActivities>:6FB630 ...Tasks running in group [com.apple.dasd.default] are 0!
default	00:37:14.883806-0700	AnxietyWatch	Handshake succeeded
default	00:37:14.883812-0700	AnxietyWatch	Identity resolved as app<com.groundeffectsoftware.AnxietyWatch(3A076A8F-336D-4BCB-ACE2-64C6E80D0E3A)>
default	00:37:14.884031-0700	runningboardd	Setting client for [app<com.groundeffectsoftware.AnxietyWatch(3A076A8F-336D-4BCB-ACE2-64C6E80D0E3A)>:11174] as ready
default	00:37:14.884038-0700	runningboardd	Inheritance changeset: <RBSInheritanceChangeSet| gained:{(
    <RBSInheritance| environment:(none) name:com.apple.frontboard.visibility origID:34-35-40149 0>,
    <RBSInheritance| environment:(none) name:com.apple.frontboard.visibility origID:34-35-40152 0>
)} lost:{(
)}>
default	00:37:14.884047-0700	runningboardd	Received handshake request from 11174 with 0 assertion descriptors
default	00:37:14.884053-0700	runningboardd	Handshake successful with 11174; sending response
default	00:37:14.884088-0700	AnxietyWatch	[0x1081ce1c0] activating connection: mach=true listener=false peer=false name=com.apple.duetactivityscheduler
default	00:37:14.884126-0700	AnxietyWatch	Connecting to daemon; reconnect: 0
default	00:37:14.884133-0700	AnxietyWatch	<private>ms (+<private>ms) App.init: registerBackgroundTask done
default	00:37:14.884140-0700	AnxietyWatch	Daemon connection established with BGTaskScheduler client
default	00:37:14.884154-0700	dasd	[0x77f72b900] activating connection: mach=false listener=false peer=true name=com.apple.duetactivityscheduler.peer[11174].0x77f72b900
default	00:37:14.884166-0700	AnxietyWatch	<private>ms (+<private>ms) App.init: FullAppDemoDeviceSession built
default	00:37:14.884179-0700	dasd	Establishing connection from client: <private>
default	00:37:14.884186-0700	dasd	Establishing connection from client <private> with pid 11174
default	00:37:14.885788-0700	PerfPowerServices	Hit the server for a process handle 398899d00002ba6 that resolved to: [app<com.groundeffectsoftware.AnxietyWatch(3A076A8F-336D-4BCB-ACE2-64C6E80D0E3A)>:11174]
default	00:37:14.885879-0700	PerfPowerServices	Received state update for 11174 (app<com.groundeffectsoftware.AnxietyWatch(3A076A8F-336D-4BCB-ACE2-64C6E80D0E3A)>, running-active-Visible
default	00:37:14.885961-0700	AnxietyWatch	[0x1081ce300] activating connection: mach=true listener=false peer=false name=com.apple.lsd.mapdb
default	00:37:14.886110-0700	WirelessRadioManagerd	Hit the server for a process handle 398899d00002ba6 that resolved to: [app<com.groundeffectsoftware.AnxietyWatch(3A076A8F-336D-4BCB-ACE2-64C6E80D0E3A)>:11174]
default	00:37:14.886126-0700	lsd	[0x6ecd2c900] activating connection: mach=false listener=false peer=true name=com.apple.lsd.mapdb.peer[11174].0x6ecd2c900
default	00:37:14.886189-0700	WirelessRadioManagerd	Received state update for 11174 (app<com.groundeffectsoftware.AnxietyWatch(3A076A8F-336D-4BCB-ACE2-64C6E80D0E3A)>, running-active-Visible
default	00:37:14.888469-0700	SpringBoard	[com.groundeffectsoftware.AnxietyWatch] com.groundeffectsoftware.AnxietyWatch application state changed to <RBSProcessState| task:running-active debug:none endowmentNamespace:[
	com.apple.frontboard.visibility
	]>
default	00:37:14.888577-0700	SpringBoard	[com.groundeffectsoftware.AnxietyWatch] Ignore becoming foreground for application without push registration
default	00:37:14.888694-0700	AnxietyWatch	[0x1081ce440] activating connection: mach=true listener=false peer=false name=com.apple.server.bluetooth.le.att.xpc
default	00:37:14.888900-0700	bluetoothd	[0x920f47180] activating connection: mach=false listener=false peer=true name=com.apple.server.bluetooth.le.att.xpc.peer[11174].0x920f47180
default	00:37:14.888909-0700	bluetoothd	Received XPC message "CBMsgIdCheckIn" from session ""
default	00:37:14.888922-0700	bluetoothd	Received XPC check-in from session "com.groundeffectsoftware.AnxietyWatch-central-11174-427" fAccessLevel 0 fProgrammaticPairing 0 fDeviceAccessForMediaSession 0 fDeviceAccessPerAccessorySession 0 isExtension false launchType AppLaunchTypeApplication
default	00:37:14.888962-0700	bluetoothd	Starting timer for a dead session to clean up leaked prior session for "com.groundeffectsoftware.AnxietyWatch"
default	00:37:14.888972-0700	bluetoothd	Starting Resurrection Timer (15 secs) for <com.groundeffectsoftware.AnxietyWatch>
default	00:37:14.888993-0700	bluetoothd	Sending 'session attached' event for session "com.groundeffectsoftware.AnxietyWatch-central-11174-427"
default	00:37:14.889003-0700	bluetoothd	Attached session for "com.groundeffectsoftware.AnxietyWatch-central-11174-427" with session: 0x920e2fac0, session handle: 0xbed20000
default	00:37:14.889187-0700	bluetoothd	Registering central session "com.groundeffectsoftware.AnxietyWatch-central-11174-427" with backgrounding: on, persistence: on (CBSR) restoreID: com.anxietywatch.polar-h10 AppRegistrationFlags showPowerPrompt:0 backgroundingDisabled:0 programmaticPairing:0 needsRestrictedStateOperation:0 powerOnInRestrictedState:0 tccExemptAppBundle:0 receivesControllerBTClockEvents:0 receivesOfflineADVDataRequests:0 hasEntitlementBTCentralBackground:0 deviceAccessForMediaSession:0 deviceAccessForMediaExtensionSession:0 deviceAccessPerAccessorySession:0 deviceAccessPerAccessoryExtensionSession:0 worksWithFindMyDevices:0 appLaunchType:AppLaunchTypeApplication(isExtension:0)
default	00:37:14.889309-0700	bluetoothd	getReadyForTCC com.groundeffectsoftware.AnxietyWatch-central-11174-427, appIsBackgroundRunning: 0, isBeingRestored: 0, isApp : 1, appAuthorizationHasBeenChecked: 1
default	00:37:14.889319-0700	bluetoothd	Session "com.groundeffectsoftware.AnxietyWatch-central-11174-427" tccRequired : 1
error	00:37:14.889421-0700	bluetoothd	No pid for bundle "com.groundeffectsoftware.AnxietyWatch"
default	00:37:14.889440-0700	bluetoothd	[0x920d48280] activating connection: mach=true listener=false peer=false name=com.apple.tccd
default	00:37:14.889456-0700	AnxietyWatch	<private>ms (+<private>ms) App.init: PolarHRMService built (+ModelContext)
default	00:37:14.889780-0700	runningboardd	Acquiring assertion targeting [app<com.groundeffectsoftware.AnxietyWatch(3A076A8F-336D-4BCB-ACE2-64C6E80D0E3A)>:11174] from originator [osservice<com.apple.bluetoothd>:102] with description <RBSAssertionDescriptor| "com.groundeffectsoftware.AnxietyWatch" ID:34-102-40157 target:app<com.groundeffectsoftware.AnxietyWatch((null))> attributes:[
	<RBSLegacyAttribute| requestedReason:Bluetooth reason:Bluetooth flags:( PreventTaskSuspend )>,
	<RBSAcquisitionCompletionAttribute| policy:AfterValidation>
	]>
default	00:37:14.889803-0700	AnxietyWatch	[C:1] Alloc <private>
default	00:37:14.890894-0700	runningboardd	Assertion 34-102-40157 (target:[app<com.groundeffectsoftware.AnxietyWatch(3A076A8F-336D-4BCB-ACE2-64C6E80D0E3A)>:11174]) will be created as active
default	00:37:14.890923-0700	AnxietyWatch	[0x1081ce580] activating connection: mach=false listener=false peer=false name=(anonymous)
default	00:37:14.891105-0700	tccd	[0xc60c7fd40] activating connection: mach=false listener=false peer=true name=com.apple.tccd.peer[102].0xc60c7fd40
default	00:37:14.891120-0700	tccd	REQUEST: tccd_uid=501, sender_pid=102, sender_uid=501, sender_auid=-1, function=TCCAccessRequest, msgID=102.393
default	00:37:14.891191-0700	runningboardd	Calculated state for app<com.groundeffectsoftware.AnxietyWatch(3A076A8F-336D-4BCB-ACE2-64C6E80D0E3A)>: running-active (role: UserInteractiveFocal) (endowments: <private>)
default	00:37:14.891300-0700	tccd	AUTHREQ_CTX: msgID=102.393, function=TCCAccessRequest, service=kTCCServiceBluetoothAlways, preflight=yes, query=1, client_dict=(null), daemon_dict=<private>
default	00:37:14.891308-0700	tccd	AUTHREQ_ATTRIBUTION: msgID=102.393, attribution={accessing={TCCDProcess: identifier=com.groundeffectsoftware.AnxietyWatch, pid=11174, auid=501, euid=501, binary_path=/private/var/containers/Bundle/Application/75D10D57-B2FB-41B5-9784-F91DBB9A6D3B/AnxietyWatch.app/AnxietyWatch}, requesting={TCCDProcess: identifier=com.apple.bluetoothd, pid=102, auid=501, euid=501, binary_path=/usr/sbin/bluetoothd}, },
default	00:37:14.891395-0700	tccd	requestor: TCCDProcess: identifier=com.apple.bluetoothd, pid=102, auid=501, euid=501, binary_path=/usr/sbin/bluetoothd is checking access for accessor TCCDProcess: identifier=com.groundeffectsoftware.AnxietyWatch, pid=11174, auid=501, euid=501, binary_path=/private/var/containers/Bundle/Application/75D10D57-B2FB-41B5-9784-F91DBB9A6D3B/AnxietyWatch.app/AnxietyWatch
default	00:37:14.891418-0700	runningboardd	Attempting to rename power assertion 33400 for target app<com.groundeffectsoftware.AnxietyWatch(3A076A8F-336D-4BCB-ACE2-64C6E80D0E3A)> to app<com.groundeffectsoftware.AnxietyWatch(3A076A8F-336D-4BCB-ACE2-64C6E80D0E3A)>;34-102-40157:com.groundeffectsoftware.AnxietyWatch(Bluetooth);34-35-40149:FBApplicationProcess
default	00:37:14.891830-0700	liveactivitiesd	[S:24] Alloc com.apple.sessionservices
default	00:37:14.891879-0700	liveactivitiesd	[0x74107ee80] activating connection: mach=false listener=false peer=true name=com.apple.sessionservices.peer[11174].0x74107ee80
default	00:37:14.891887-0700	tccd	AUTHREQ_SUBJECT: msgID=102.393, subject=com.groundeffectsoftware.AnxietyWatch,
default	00:37:14.892405-0700	SpringBoard	-[SASSystemState init]_block_invoke #modes DisplayTransition called transition=<private>
default	00:37:14.892421-0700	SpringBoard	-[SASSystemState init]_block_invoke #modes Device went to sleep or went through another transition setLiftToWake:NO
default	00:37:14.892430-0700	SpringBoard	-[SASMyriadController _updateRaiseToWakeTimeForTransition:] #myriad BTLE observerCalled transition=<private>
default	00:37:14.892451-0700	SpringBoard	SBMainDisplaySceneManager requested idle timer behavior disabled? NO(null)
default	00:37:14.892481-0700	liveactivitiesd	No record for <private> found
default	00:37:14.892488-0700	SpringBoard	idleTimerDescriptorForBehavior: <SBIdleTimerBehavior: 0xc31276310; duration: Unlocked; mode: Auto; warnMode: Warn>
default	00:37:14.892513-0700	bluetoothd	preflight ext:0 userAuth:2 reason:2 response:0
default	00:37:14.892534-0700	bluetoothd	[0x920d48280] invalidated after the last release of the connection object
default	00:37:14.892566-0700	tccd	AUTHREQ_RESULT: msgID=102.393, authValue=2, authReason=2, authVersion=1, desired_auth=0, error=(null),
default	00:37:14.892580-0700	tccd	REPLY: (501) function=TCCAccessRequest, msgID=102.393
default	00:37:14.892713-0700	bluetoothd	ReadyForTCC. TCC required:1 com.groundeffectsoftware.AnxietyWatch
default	00:37:14.892728-0700	bluetoothd	Session "com.groundeffectsoftware.AnxietyWatch-central-11174-427" : needsRestrictedStateOperation = 0, powerOnInRestrictedState = 0 , denylistMode = 0, receivesControllerBTClockEvents=0
default	00:37:14.892755-0700	bluetoothd	XpcLeAttConnection::refreshPlistLimitations fBundleIdentifier:com.groundeffectsoftware.AnxietyWatch fDataAccessClient:com.groundeffectsoftware.AnxietyWatch onBehalfOfASKApp:0
default	00:37:14.892812-0700	bluetoothd	Application: com.groundeffectsoftware.AnxietyWatch privacySupported: 1 tccAuthKnown 1 uses medical devices 0 or state restoration 0 numberOfPairedDevices 0, allowedExternalRestrictedServices 0x00000000
default	00:37:14.892823-0700	liveactivitiesd	No record for <private> found
default	00:37:14.892832-0700	AnxietyWatch	<private>ms (+<private>ms) App.init: LiveActivityCoordinator built
default	00:37:14.893068-0700	dasd	Registration fired for <private>
default	00:37:14.893093-0700	dasd	Dispatching call to informative registration callback for <private>
default	00:37:14.893196-0700	AnxietyWatch	[0x1081ce800] activating connection: mach=true listener=false peer=false name=com.apple.server.bluetooth.le.att.xpc
default	00:37:14.893320-0700	AnxietyWatch	<private>ms (+<private>ms) App.init: EMAYRealtimeService built (+ModelContext)
default	00:37:14.893332-0700	bluetoothd	[0x920f47480] activating connection: mach=false listener=false peer=true name=com.apple.server.bluetooth.le.att.xpc.peer[11174].0x920f47480
default	00:37:14.893338-0700	bluetoothd	Received XPC message "CBMsgIdCheckIn" from session ""
default	00:37:14.893349-0700	bluetoothd	Received XPC check-in from session "com.groundeffectsoftware.AnxietyWatch-central-11174-428" fAccessLevel 0 fProgrammaticPairing 0 fDeviceAccessForMediaSession 0 fDeviceAccessPerAccessorySession 0 isExtension false launchType AppLaunchTypeApplication
default	00:37:14.893359-0700	bluetoothd	Starting timer for a dead session to clean up leaked prior session for "com.groundeffectsoftware.AnxietyWatch"
default	00:37:14.893384-0700	bluetoothd	Restoring zombie'd session type 0 "com.groundeffectsoftware.AnxietyWatch-central-11171-426" for application "com.groundeffectsoftware.AnxietyWatch"
default	00:37:14.893393-0700	bluetoothd	getReadyForTCC com.groundeffectsoftware.AnxietyWatch-central-11174-428, appIsBackgroundRunning: 0, isBeingRestored: 1, isApp : 1, appAuthorizationHasBeenChecked: 1
default	00:37:14.893402-0700	bluetoothd	Session "com.groundeffectsoftware.AnxietyWatch-central-11174-428" tccRequired : 1
default	00:37:14.893440-0700	bluetoothd	[0x920d48280] activating connection: mach=true listener=false peer=false name=com.apple.tccd
error	00:37:14.893448-0700	bluetoothd	No pid for bundle "com.groundeffectsoftware.AnxietyWatch"
default	00:37:14.893605-0700	tccd	[0xc60c7e940] activating connection: mach=false listener=false peer=true name=com.apple.tccd.peer[102].0xc60c7e940
default	00:37:14.893615-0700	tccd	[0xc60c7fd40] invalidated because the client process (pid 102) either cancelled the connection or exited
default	00:37:14.893629-0700	tccd	REQUEST: tccd_uid=501, sender_pid=102, sender_uid=501, sender_auid=-1, function=TCCAccessRequest, msgID=102.394
default	00:37:14.893729-0700	AnxietyWatch	<private>ms (+<private>ms) App.init: CNSMonitoringCoordinator built (+ModelContext)
default	00:37:14.893748-0700	AnxietyWatch	[com.groundeffectsoftware.AnxietyWatch] Creating a user notification center
default	00:37:14.893754-0700	AnxietyWatch	<private>ms (+<private>ms) <private>
default	00:37:14.894004-0700	SpringBoard	MRNowPlayingAudioFormatController foreground bundle id changed: com.groundeffectsoftware.AnxietyWatch
default	00:37:14.894063-0700	tccd	AUTHREQ_CTX: msgID=102.394, function=TCCAccessRequest, service=kTCCServiceBluetoothAlways, preflight=yes, query=1, client_dict=(null), daemon_dict=<private>
default	00:37:14.894076-0700	tccd	AUTHREQ_ATTRIBUTION: msgID=102.394, attribution={accessing={TCCDProcess: identifier=com.groundeffectsoftware.AnxietyWatch, pid=11174, auid=501, euid=501, binary_path=/private/var/containers/Bundle/Application/75D10D57-B2FB-41B5-9784-F91DBB9A6D3B/AnxietyWatch.app/AnxietyWatch}, requesting={TCCDProcess: identifier=com.apple.bluetoothd, pid=102, auid=501, euid=501, binary_path=/usr/sbin/bluetoothd}, },
default	00:37:14.894124-0700	tccd	requestor: TCCDProcess: identifier=com.apple.bluetoothd, pid=102, auid=501, euid=501, binary_path=/usr/sbin/bluetoothd is checking access for accessor TCCDProcess: identifier=com.groundeffectsoftware.AnxietyWatch, pid=11174, auid=501, euid=501, binary_path=/private/var/containers/Bundle/Application/75D10D57-B2FB-41B5-9784-F91DBB9A6D3B/AnxietyWatch.app/AnxietyWatch
default	00:37:14.894217-0700	SpringBoard	[Main (EmbeddedDisplay)] dispatch event:
<SBTimerSwitcherModifierEvent: 0xc31c575d0; type: Timer; reason: kSBFullScreenToHomeCornerRadiusDelayReason>
default	00:37:14.894292-0700	SpringBoard	[Main (EmbeddedDisplay)] handle response:
<SBUpdateLayoutSwitcherEventResponse: 0xc2f017c80; layout; mode: Animated>
default	00:37:14.895246-0700	tccd	AUTHREQ_SUBJECT: msgID=102.394, subject=com.groundeffectsoftware.AnxietyWatch,
default	00:37:14.895788-0700	tccd	AUTHREQ_RESULT: msgID=102.394, authValue=2, authReason=2, authVersion=1, desired_auth=0, error=(null),
default	00:37:14.895808-0700	tccd	REPLY: (501) function=TCCAccessRequest, msgID=102.394
default	00:37:14.895823-0700	bluetoothd	preflight ext:0 userAuth:2 reason:2 response:0
default	00:37:14.895836-0700	bluetoothd	[0x920d48280] invalidated after the last release of the connection object
default	00:37:14.895858-0700	bluetoothd	ReadyForTCC. TCC required:1 com.groundeffectsoftware.AnxietyWatch
default	00:37:14.895874-0700	bluetoothd	Restore identifier "com.anxietywatch.emay-sleepo2" from session "com.groundeffectsoftware.AnxietyWatch-central-11174-428" in application "com.groundeffectsoftware.AnxietyWatch" found, canceling resurrectionTimer
default	00:37:14.895880-0700	bluetoothd	Resurrecting Central session: com.groundeffectsoftware.AnxietyWatch-central-11174-428
error	00:37:14.895904-0700	bluetoothd	No pid for bundle "com.groundeffectsoftware.AnxietyWatch"
default	00:37:14.895910-0700	bluetoothd	Ignore needsRestrictedStateOperation since restorable sessions are always apps
default	00:37:14.895921-0700	bluetoothd	XpcLeAttConnection::refreshPlistLimitations fBundleIdentifier:com.groundeffectsoftware.AnxietyWatch fDataAccessClient:com.groundeffectsoftware.AnxietyWatch onBehalfOfASKApp:0
default	00:37:14.895936-0700	bluetoothd	Application: com.groundeffectsoftware.AnxietyWatch privacySupported: 1 tccAuthKnown 1 uses medical devices 0 or state restoration 0 numberOfPairedDevices 0, allowedExternalRestrictedServices 0x00000000
default	00:37:14.897445-0700	AnxietyWatch	[C:2] Alloc com.apple.frontboard.systemappservices
default	00:37:14.897459-0700	AnxietyWatch	[0x1081cea80] activating connection: mach=false listener=false peer=false name=(anonymous)
default	00:37:14.897476-0700	AnxietyWatch	Creating new assertion because there is no existing background assertion.
default	00:37:14.897483-0700	AnxietyWatch	Creating new background assertion
default	00:37:14.897489-0700	AnxietyWatch	Created new background assertion <BKSProcessAssertion: 0x1081e0ff0>
default	00:37:14.897614-0700	bluetoothd	SystemUI unknown identifier: '<private>' / '<private>'
default	00:37:14.897708-0700	bluetoothd	ScreenState changed: ActiveOn -> ActiveOn (raw 2)
default	00:37:14.897751-0700	bluetoothd	SystemUI changed: <private>, diff <private>
default	00:37:14.897927-0700	runningboardd	Acquiring assertion targeting [app<com.groundeffectsoftware.AnxietyWatch(3A076A8F-336D-4BCB-ACE2-64C6E80D0E3A)>:11174] from originator [app<com.groundeffectsoftware.AnxietyWatch(3A076A8F-336D-4BCB-ACE2-64C6E80D0E3A)>:11174] with description <RBSAssertionDescriptor| "Shared Background Assertion 0 for com.groundeffectsoftware.AnxietyWatch" ID:34-11174-40158 target:11174 attributes:[
	<RBSLegacyAttribute| requestedReason:FinishTask reason:FinishTask flags:( PreventTaskSuspend )>,
	<RBSAcquisitionCompletionAttribute| policy:AfterValidation>
	]>
default	00:37:14.897967-0700	runningboardd	Assertion 34-11174-40158 (target:[app<com.groundeffectsoftware.AnxietyWatch(3A076A8F-336D-4BCB-ACE2-64C6E80D0E3A)>:11174]) will be created as inactive as start-time-defining assertions exist
default	00:37:14.898413-0700	SpringBoard	[S:201] Alloc com.apple.frontboard.systemappservices
default	00:37:14.898427-0700	SpringBoard	[0xc3d114600] activating connection: mach=false listener=false peer=true name=com.apple.frontboard.systemappservices.peer[11174].0xc3d114600
default	00:37:14.899118-0700	backboardd	Connection added: IOHIDEventSystemConnection uuid:DE4AC063-9EC5-4BA2-BAC6-B25782A9960A pid:11174 process:AnxietyWatch type:Passive entitlements:0x0 caller:BackBoardServices: <redacted> + 300 attributes:{
    HighFrequency = 1;
    bundleID = "com.groundeffectsoftware.AnxietyWatch";
    pid = 11174;
} state:0x0 events:0 mask:0x0 dropped:0 dropStatus:0 droppedMask:0x0 lastDroppedTime:NONE
default	00:37:14.899179-0700	backboardd	Adding client connection: <BKHIDClientConnection: 0xb04a13b40; IOHIDEventSystemConnectionRef: 0xb0399dc00; vpid: 11174(v7F93); taskPort: 0xBD333; bundleID: com.groundeffectsoftware.AnxietyWatch> for client: IOHIDEventSystemConnection uuid:DE4AC063-9EC5-4BA2-BAC6-B25782A9960A pid:11174 process:AnxietyWatch type:Passive entitlements:0x0 caller:BackBoardServices: <redacted> + 300 attributes:{
    HighFrequency = 1;
    bundleID = "com.groundeffectsoftware.AnxietyWatch";
    pid = 11174;
} state:0x0 events:0 mask:0x0 dropped:0 dropStatus:0 droppedMask:0x0 lastDroppedTime:NONE
default	00:37:14.899195-0700	backboardd	Connection: DE4AC063-9EC5-4BA2-BAC6-B25782A9960A not entitled to match protected service: 4294969245
default	00:37:14.899207-0700	backboardd	Connection: DE4AC063-9EC5-4BA2-BAC6-B25782A9960A not entitled to match protected service: 4294969273
default	00:37:14.899216-0700	SpringBoard	Fetching initialization context for: com.groundeffectsoftware.AnxietyWatch
default	00:37:14.899224-0700	SpringBoard	Returning cached initialization context for com.groundeffectsoftware.AnxietyWatch
default	00:37:14.899229-0700	SpringBoard	Returning cached initialization context for com.groundeffectsoftware.AnxietyWatch
default	00:37:14.899333-0700	AnxietyWatch	Incrementing reference count for background assertion <private>
default	00:37:14.899375-0700	AnxietyWatch	Created background task <private>.
default	00:37:14.899394-0700	AnxietyWatch	Realizing settings extension _UIApplicationSceneKeyboardSettings on FBSSceneSettings
default	00:37:14.899496-0700	kernel	ANE0: aneFirmwareCommandSend: Skip waiting for response
default	00:37:14.899501-0700	kernel	ANE0: aneFirmwareCommandSend: Skip waiting for response
default	00:37:14.899507-0700	AnxietyWatch	Deactivation reason added: 10; deactivation reasons: 0 -> 1024; animating application lifecycle event: 0
default	00:37:14.900295-0700	AnxietyWatch	activating monitor for service com.apple.frontboard.open
default	00:37:14.900315-0700	kernel	ANE0: aneFirmwareCommandSend: Skip waiting for response
default	00:37:14.900599-0700	AnxietyWatch	Realizing settings extension <_UISceneOcclusionSettings> on FBSSceneSettings
default	00:37:14.900764-0700	AnxietyWatch	activating monitor for service com.apple.frontboard.workspace-service
default	00:37:14.900834-0700	AnxietyWatch	FBSWorkspace registering source: <private>
default	00:37:14.901618-0700	AnxietyWatch	Realizing settings extension <_UISceneInterfaceProtectionSettings> on FBSSceneSettings
default	00:37:14.901820-0700	AnxietyWatch	Realizing settings extension _UISceneLayoutPreferencesHostSettingsExtension on FBSSceneSettings
default	00:37:14.902036-0700	AnxietyWatch	Realizing settings extension _UISceneSafeAreaSettingsExtension on FBSSceneSettings
default	00:37:14.902051-0700	SpringBoard	[app<com.groundeffectsoftware.AnxietyWatch>:11174] Connection established.
default	00:37:14.902059-0700	AnxietyWatch	FBSWorkspace connected to endpoint : <private>
default	00:37:14.902096-0700	SpringBoard	[app<com.groundeffectsoftware.AnxietyWatch>:11174] created proxy of <BSXPCServiceConnectionProxy<FBSWorkspaceServiceServerInterface>: 0xc3cc42300>
default	00:37:14.902148-0700	AnxietyWatch	<FBSWorkspaceScenesClient:0x10831c500 <private>> attempting immediate handshake from activate
default	00:37:14.902154-0700	AnxietyWatch	<FBSWorkspaceScenesClient:0x10831c500 <private>> sent handshake
default	00:37:14.902204-0700	SpringBoard	[app<com.groundeffectsoftware.AnxietyWatch>:11174] Connection to remote process established!
default	00:37:14.902230-0700	AnxietyWatch	Added observer for process assertions expiration warning: <_RBSExpirationWarningClient: 0x1081b8480>
default	00:37:14.902915-0700	AnxietyWatch	Evaluated capturing state as 0 on <UIScreen: 0x1081cf0c0> for initial
default	00:37:14.902944-0700	AnxietyWatch	Evaluated capturing state as 0 on <UIScreen: 0x1081cf0c0> for CADisplay KVO
default	00:37:14.902966-0700	SpringBoard	[0xc35282040:(FBSceneManager):sceneID:com.groundeffectsoftware.AnxietyWatch-18DE83D8-1846-45B8-876C-4C1CE7F6CEF0] Sending scene action [Logical Activate][0x487] to process 0xc35ad6d00 (watchdog: 19.92s)
default	00:37:14.902980-0700	SpringBoard	[0xc35282040:(FBSceneManager):sceneID:com.groundeffectsoftware.AnxietyWatch-18DE83D8-1846-45B8-876C-4C1CE7F6CEF0] Sending scene create.
default	00:37:14.903176-0700	AnxietyWatch	Realizing settings extension _UISceneLayoutPreferenceClientSettingsExtension on FBSSceneClientSettings
default	00:37:14.903439-0700	SpringBoard	Application process state changed for com.groundeffectsoftware.AnxietyWatch: <SBApplicationProcessState: 0xc3005e280; pid: 11174; taskState: Running; visibility: Foreground>
default	00:37:14.903528-0700	SpringBoard	received incoming handshake : process=<private> remote=<private> remnants=0
default	00:37:14.903583-0700	SpringBoard	SceneWorkspaceDelegate[0xc32ff35e0-com.apple.SpringBoard.SceneWorkspace.PrototypeTools] client did connect with handshake: <FBSceneClientHandshake:0xc3005fae0; [app<com.groundeffectsoftware.AnxietyWatch(3A076A8F-336D-4BCB-ACE2-64C6E80D0E3A)>:11174] remnants=0>
default	00:37:14.903654-0700	SpringBoard	SceneWorkspaceDelegate[0xc32ff17c0-com.apple.SpringBoard.SceneWorkspace.DruidUI] client did connect with handshake: <FBSceneClientHandshake:0xc3005fae0; [app<com.groundeffectsoftware.AnxietyWatch(3A076A8F-336D-4BCB-ACE2-64C6E80D0E3A)>:11174] remnants=0>
default	00:37:14.903944-0700	AnxietyWatch	Read CategoryName: per-app = 1, category name = (null)
default	00:37:14.903964-0700	SpringBoard	SceneWorkspaceDelegate[0xc32ff2da0-com.apple.SpringBoard.SceneWorkspace.FullKeyboardAccessUI] client did connect with handshake: <FBSceneClientHandshake:0xc3005fae0; [app<com.groundeffectsoftware.AnxietyWatch(3A076A8F-336D-4BCB-ACE2-64C6E80D0E3A)>:11174] remnants=0>
default	00:37:14.903974-0700	SpringBoard	SceneWorkspaceDelegate[0xc32ff38c0-com.apple.SpringBoard.SceneWorkspace.SiriHUD] client did connect with handshake: <FBSceneClientHandshake:0xc3005fae0; [app<com.groundeffectsoftware.AnxietyWatch(3A076A8F-336D-4BCB-ACE2-64C6E80D0E3A)>:11174] remnants=0>
default	00:37:14.903980-0700	SpringBoard	SceneWorkspaceDelegate[0xc32ff3480-com.apple.SpringBoard.SceneWorkspace.AudioHUD] client did connect with handshake: <FBSceneClientHandshake:0xc3005fae0; [app<com.groundeffectsoftware.AnxietyWatch(3A076A8F-336D-4BCB-ACE2-64C6E80D0E3A)>:11174] remnants=0>
default	00:37:14.903987-0700	SpringBoard	SceneWorkspaceDelegate[0xc32ff3140-com.apple.SpringBoard.SceneWorkspace.PerfPowerHUD] client did connect with handshake: <FBSceneClientHandshake:0xc3005fae0; [app<com.groundeffectsoftware.AnxietyWatch(3A076A8F-336D-4BCB-ACE2-64C6E80D0E3A)>:11174] remnants=0>
default	00:37:14.903995-0700	AnxietyWatch	Realizing settings extension <_UIHomeAffordanceHostSceneSettings> on FBSSceneSettings
default	00:37:14.904019-0700	SpringBoard	SceneWorkspaceDelegate[0xc32ff1a80-com.apple.SpringBoard.SceneWorkspace.InputUI] client did connect with handshake: <FBSceneClientHandshake:0xc3005fae0; [app<com.groundeffectsoftware.AnxietyWatch(3A076A8F-336D-4BCB-ACE2-64C6E80D0E3A)>:11174] remnants=0>
default	00:37:14.904027-0700	SpringBoard	SceneWorkspaceDelegate[0xc32ff3740-com.apple.SpringBoard.SceneWorkspace.GlitchHUD] client did connect with handshake: <FBSceneClientHandshake:0xc3005fae0; [app<com.groundeffectsoftware.AnxietyWatch(3A076A8F-336D-4BCB-ACE2-64C6E80D0E3A)>:11174] remnants=0>
default	00:37:14.904042-0700	SpringBoard	SceneWorkspaceDelegate[0xc32ff28a0-com.apple.SpringBoard.SceneWorkspace.AssistiveTouchUI] client did connect with handshake: <FBSceneClientHandshake:0xc3005fae0; [app<com.groundeffectsoftware.AnxietyWatch(3A076A8F-336D-4BCB-ACE2-64C6E80D0E3A)>:11174] remnants=0>
default	00:37:14.904109-0700	SpringBoard	SceneWorkspaceDelegate[0xc32ff1920-com.apple.SpringBoard.SceneWorkspace.OverlayUI] client did connect with handshake: <FBSceneClientHandshake:0xc3005fae0; [app<com.groundeffectsoftware.AnxietyWatch(3A076A8F-336D-4BCB-ACE2-64C6E80D0E3A)>:11174] remnants=0>
default	00:37:14.904120-0700	SpringBoard	SceneWorkspaceDelegate[0xc32ff2a00-com.apple.SpringBoard.SceneWorkspace.VoiceControlUI] client did connect with handshake: <FBSceneClientHandshake:0xc3005fae0; [app<com.groundeffectsoftware.AnxietyWatch(3A076A8F-336D-4BCB-ACE2-64C6E80D0E3A)>:11174] remnants=0>
default	00:37:14.904128-0700	SpringBoard	SceneWorkspaceDelegate[0xc32ff1e40-com.apple.SpringBoard.SceneWorkspace.EyedropperUI] client did connect with handshake: <FBSceneClientHandshake:0xc3005fae0; [app<com.groundeffectsoftware.AnxietyWatch(3A076A8F-336D-4BCB-ACE2-64C6E80D0E3A)>:11174] remnants=0>
default	00:37:14.904134-0700	SpringBoard	SceneWorkspaceDelegate[0xc32ff32e0-com.apple.SpringBoard.SceneWorkspace.InternalPerfPowerHUD] client did connect with handshake: <FBSceneClientHandshake:0xc3005fae0; [app<com.groundeffectsoftware.AnxietyWatch(3A076A8F-336D-4BCB-ACE2-64C6E80D0E3A)>:11174] remnants=0>
default	00:37:14.904140-0700	SpringBoard	SceneWorkspaceDelegate[0xc32ff2fc0-com.apple.SpringBoard.SceneWorkspace.Moments] client did connect with handshake: <FBSceneClientHandshake:0xc3005fae0; [app<com.groundeffectsoftware.AnxietyWatch(3A076A8F-336D-4BCB-ACE2-64C6E80D0E3A)>:11174] remnants=0>
default	00:37:14.904148-0700	SpringBoard	SceneWorkspaceDelegate[0xc32ff24e0-com.apple.SpringBoard.SceneWorkspace.AccessibilityUIServerUI] client did connect with handshake: <FBSceneClientHandshake:0xc3005fae0; [app<com.groundeffectsoftware.AnxietyWatch(3A076A8F-336D-4BCB-ACE2-64C6E80D0E3A)>:11174] remnants=0>
default	00:37:14.904179-0700	AnxietyWatch	Read CategoryName: per-app = 0, category name = UICTContentSizeCategoryXXXL
default	00:37:14.904201-0700	AnxietyWatch	Realizing settings extension _UISystemShellSceneHostingEnvironmentSettings on FBSSceneSettings
default	00:37:14.904268-0700	AnxietyWatch	Realizing settings extension _UISceneRenderingEnvironmentSettings on FBSSceneSettings
default	00:37:14.904365-0700	AnxietyWatch	Realizing settings extension <_UISceneRenderingEnvironmentClientSettings> on FBSSceneClientSettings
default	00:37:14.904396-0700	AnxietyWatch	Realizing settings extension <_UISceneTransitioningHostSettings> on FBSSceneSettings
default	00:37:14.904443-0700	AnxietyWatch	Realizing settings extension <_UISceneFocusSystemSettings> on FBSSceneSettings
default	00:37:14.904565-0700	AnxietyWatch	Realizing settings extension _UISceneOrientationSettingsExtension on FBSSceneSettings
default	00:37:14.904633-0700	AnxietyWatch	Realizing settings extension _UISceneOrientationClientSettingsExtension on FBSSceneClientSettings
default	00:37:14.904699-0700	AnxietyWatch	Realizing settings extension _UISceneWindowingControlClientSettings on FBSSceneClientSettings
default	00:37:14.904721-0700	AnxietyWatch	Realizing settings extension <_UISceneHostingContentSizePreferenceClientSettings> on FBSSceneClientSettings
default	00:37:14.904746-0700	AnxietyWatch	Realizing settings extension _UISceneHostingTraitCollectionPropagationSettings on FBSSceneSettings
default	00:37:14.904779-0700	AnxietyWatch	Realizing settings extension <_UISceneHostingSheetPresentationSettings> on FBSSceneSettings
default	00:37:14.904863-0700	AnxietyWatch	Realizing settings extension <_UISceneHostingSheetPresentationClientSettings> on FBSSceneClientSettings
default	00:37:14.904898-0700	AnxietyWatch	Realizing settings extension <_UISceneHostingEventDeferringSettings> on FBSSceneSettings
default	00:37:14.905009-0700	AnxietyWatch	Realizing settings extension <UIKit__UITypedKeyValueSceneSettings> on FBSSceneSettings
default	00:37:14.905059-0700	AnxietyWatch	Realizing settings extension <UIKit__UITypedKeyValueSceneSettings> on FBSSceneClientSettings
default	00:37:14.905086-0700	AnxietyWatch	Realizing settings extension <_UISceneHostingViewControllerPreferencePropagationClientSettings> on FBSSceneClientSettings
default	00:37:14.905145-0700	AnxietyWatch	Realizing settings extension <_UISceneZoomTransitionSettings> on FBSSceneSettings
default	00:37:14.906675-0700	AnxietyWatch	Realizing settings extension FBSSceneSettingsCore on FBSSceneSettings
default	00:37:14.908077-0700	runningboardd	PERF: Received lookupHandleForPredicate request from [osservice<com.apple.SpringBoard>:35] (euid 501, auid 501) (persona (null))
default	00:37:14.908345-0700	AnxietyWatch	Realizing settings extension FBSSceneClientSettingsCore on FBSSceneClientSettings
default	00:37:14.908737-0700	SpringBoard	SceneWorkspaceDelegate[0xc32ff2340-com.apple.SpringBoard.SceneWorkspace.LiveTranscriptionUI] client did connect with handshake: <FBSceneClientHandshake:0xc328cc720; [app<com.groundeffectsoftware.AnxietyWatch(3A076A8F-336D-4BCB-ACE2-64C6E80D0E3A)>:11174] remnants=0>
default	00:37:14.908911-0700	AnxietyWatch	UIMutableApplicationSceneSettings setting counterpart class: UIApplicationSceneSettings
default	00:37:14.908917-0700	AnxietyWatch	UIMutableApplicationSceneClientSettings setting counterpart class: UIApplicationSceneClientSettings
default	00:37:14.908924-0700	AnxietyWatch	Realizing settings extension FBSSceneTransitionContextCore on FBSSceneTransitionContext
default	00:37:14.910769-0700	wifid	Hit the server for a process handle 398899d00002ba6 that resolved to: [app<com.groundeffectsoftware.AnxietyWatch(3A076A8F-336D-4BCB-ACE2-64C6E80D0E3A)>:11174]
default	00:37:14.910839-0700	useractivityd	Hit the server for a process handle 398899d00002ba6 that resolved to: [app<com.groundeffectsoftware.AnxietyWatch(3A076A8F-336D-4BCB-ACE2-64C6E80D0E3A)>:11174]
default	00:37:14.910851-0700	wifid	Received state update for 11174 (app<com.groundeffectsoftware.AnxietyWatch(3A076A8F-336D-4BCB-ACE2-64C6E80D0E3A)>, running-active-Visible
default	00:37:14.910903-0700	useractivityd	Received state update for 11174 (app<com.groundeffectsoftware.AnxietyWatch(3A076A8F-336D-4BCB-ACE2-64C6E80D0E3A)>, running-active-Visible
default	00:37:14.911382-0700	bluetoothd	Hit the server for a process handle 398899d00002ba6 that resolved to: [app<com.groundeffectsoftware.AnxietyWatch(3A076A8F-336D-4BCB-ACE2-64C6E80D0E3A)>:11174]
default	00:37:14.911448-0700	bluetoothd	Received state update for 11174 (app<com.groundeffectsoftware.AnxietyWatch(3A076A8F-336D-4BCB-ACE2-64C6E80D0E3A)>, running-active-Visible
default	00:37:14.911631-0700	bluetoothd	applicationStateChanged <AppInfo:bundleID:com.groundeffectsoftware.AnxietyWatch pid:0 isApp:1 isAlive:0 isExtension:0 monitorForDeath:0 state:foreground-running hasLiveActivityRunning:0 launchType:AppLaunchTypeApplication limitedToPeer:(null)
default	00:37:14.911647-0700	bluetoothd	Application "com.groundeffectsoftware.AnxietyWatch" is now at pid 11174, with state "foreground-running", isAlive: false
default	00:37:14.911676-0700	bluetoothd	State of application "com.groundeffectsoftware.AnxietyWatch" is now "foreground-running"
default	00:37:14.911789-0700	bluetoothd	AppSession state changed for com.groundeffectsoftware.AnxietyWatch-central-11174-427 to state 16
default	00:37:14.911813-0700	bluetoothd	AppSession state changed for com.groundeffectsoftware.AnxietyWatch-central-11174-428 to state 16
default	00:37:14.911901-0700	UserEventAgent	Hit the server for a process handle 398899d00002ba6 that resolved to: [app<com.groundeffectsoftware.AnxietyWatch(3A076A8F-336D-4BCB-ACE2-64C6E80D0E3A)>:11174]
default	00:37:14.912086-0700	watchdogd	Hit the server for a process handle 398899d00002ba6 that resolved to: [app<com.groundeffectsoftware.AnxietyWatch(3A076A8F-336D-4BCB-ACE2-64C6E80D0E3A)>:11174]
default	00:37:14.912118-0700	UserEventAgent	Received state update for 11174 (app<com.groundeffectsoftware.AnxietyWatch(3A076A8F-336D-4BCB-ACE2-64C6E80D0E3A)>, running-active-Visible
default	00:37:14.912226-0700	watchdogd	Received state update for 11174 (app<com.groundeffectsoftware.AnxietyWatch(3A076A8F-336D-4BCB-ACE2-64C6E80D0E3A)>, running-active-Visible
default	00:37:14.912594-0700	symptomsd	Hit the server for a process handle 398899d00002ba6 that resolved to: [app<com.groundeffectsoftware.AnxietyWatch(3A076A8F-336D-4BCB-ACE2-64C6E80D0E3A)>:11174]
default	00:37:14.912719-0700	symptomsd	Received state update for 11174 (app<com.groundeffectsoftware.AnxietyWatch(3A076A8F-336D-4BCB-ACE2-64C6E80D0E3A)>, running-active-Visible
default	00:37:14.913161-0700	locationd	Hit the server for a process handle 398899d00002ba6 that resolved to: [app<com.groundeffectsoftware.AnxietyWatch(3A076A8F-336D-4BCB-ACE2-64C6E80D0E3A)>:11174]
default	00:37:14.913232-0700	locationd	Received state update for 11174 (app<com.groundeffectsoftware.AnxietyWatch(3A076A8F-336D-4BCB-ACE2-64C6E80D0E3A)>, running-active-Visible
default	00:37:14.913549-0700	locationd	{"msg":"RBS #AppMonitor process monitor update handler invoked", "pid":11174, "bundleID":"com.groundeffectsoftware.AnxietyWatch", "state":"RunningScheduled"}
default	00:37:14.913706-0700	locationd	{"msg":"RBS #AppMonitor Post Application State Change Notification", "notification":"ForegroundRunning", "pid":11174, "bundleId":"com.groundeffectsoftware.AnxietyWatch"}
default	00:37:14.914088-0700	locationd	{"msg":"#Warning #ClientResolution the passed keyPath is not registered. Resolving to #nullCKP", "InputCKP":"icom.groundeffectsoftware.AnxietyWatch:"}
default	00:37:14.914197-0700	locationd	{"msg":"#CLIUA AppMonitor notification", "notification":"ForegroundRunning", "pid":11174, "bundleId":"com.groundeffectsoftware.AnxietyWatch", "ClientKey":"icom.groundeffectsoftware.AnxietyWatch:"}
default	00:37:14.914226-0700	locationd	{"msg":"#CLIUA Marking change", "clientKey":"icom.groundeffectsoftware.AnxietyWatch:", "reason":"Process state from RunningBoard", "AssertionLevel":"kCLClientInUseLevelDirectUserEngagement", "coming":1}
default	00:37:14.914246-0700	locationd	{"msg":"#CLIUA updating AssertionRecord", "ClientKey":"icom.groundeffectsoftware.AnxietyWatch:", "AssertionLevel":"kCLClientInUseLevelNotInUse"}
default	00:37:14.914288-0700	locationd	{"msg":"#CLIUA AssertionRecord updated", "ClientKey":"icom.groundeffectsoftware.AnxietyWatch:", "AssertionLevel":"kCLClientInUseLevelDirectUserEngagement"}
default	00:37:14.914307-0700	locationd	{"msg":"#CLIUA in-use level changed for client", "ClientKey":"icom.groundeffectsoftware.AnxietyWatch:"}
default	00:37:14.914321-0700	locationd	{"msg":"#Warning #ClientResolution the passed keyPath is not registered. Resolving to #nullCKP", "InputCKP":"icom.groundeffectsoftware.AnxietyWatch:"}
default	00:37:14.914467-0700	IDSCredentialsAgent	Hit the server for a process handle 398899d00002ba6 that resolved to: [app<com.groundeffectsoftware.AnxietyWatch(3A076A8F-336D-4BCB-ACE2-64C6E80D0E3A)>:11174]
default	00:37:14.914510-0700	IDSCredentialsAgent	Received state update for 11174 (app<com.groundeffectsoftware.AnxietyWatch(3A076A8F-336D-4BCB-ACE2-64C6E80D0E3A)>, running-active-Visible
default	00:37:14.914674-0700	dasd	Hit the server for a process handle 398899d00002ba6 that resolved to: [app<com.groundeffectsoftware.AnxietyWatch(3A076A8F-336D-4BCB-ACE2-64C6E80D0E3A)>:11174]
default	00:37:14.914731-0700	dasd	Received state update for 11174 (app<com.groundeffectsoftware.AnxietyWatch(3A076A8F-336D-4BCB-ACE2-64C6E80D0E3A)>, running-active-Visible
default	00:37:14.914762-0700	gamepolicyd	Hit the server for a process handle 398899d00002ba6 that resolved to: [app<com.groundeffectsoftware.AnxietyWatch(3A076A8F-336D-4BCB-ACE2-64C6E80D0E3A)>:11174]
default	00:37:14.914935-0700	gamepolicyd	Received state update for 11174 (app<com.groundeffectsoftware.AnxietyWatch(3A076A8F-336D-4BCB-ACE2-64C6E80D0E3A)>, running-active-NotVisible
default	00:37:14.915592-0700	backboardd	Hit the server for a process handle 398899d00002ba6 that resolved to: [app<com.groundeffectsoftware.AnxietyWatch(3A076A8F-336D-4BCB-ACE2-64C6E80D0E3A)>:11174]
default	00:37:14.916136-0700	backboardd	Received state update for 11174 (app<com.groundeffectsoftware.AnxietyWatch(3A076A8F-336D-4BCB-ACE2-64C6E80D0E3A)>, running-active-Visible
default	00:37:14.917692-0700	gamepolicyd	Identified app com.groundeffectsoftware.AnxietyWatch GM:false DPS:false SEM:Unsupported MMA:false TXN:false
default	00:37:14.917721-0700	gamepolicyd	Newly identified app was focused. Last played for <private> == <private>
default	00:37:14.919346-0700	wifid	Received state update for 11161 (xpcservice<com.groundeffectsoftware.AnxietyWatch.AnxietyWatchLiveActivities([osservice<com.apple.chronod>:120])>{vt hash: 259808002}[uuid:1D2C8387-1CF8-4E60-B7FE-93D36A99A011]{definition:com.groundeffectsoftware.AnxietyWatch.AnxietyWatchLiveActivities[extension][client]}, running-active-NotVisible
default	00:37:14.919410-0700	WirelessRadioManagerd	Received state update for 11161 (xpcservice<com.groundeffectsoftware.AnxietyWatch.AnxietyWatchLiveActivities([osservice<com.apple.chronod>:120])>{vt hash: 259808002}[uuid:1D2C8387-1CF8-4E60-B7FE-93D36A99A011]{definition:com.groundeffectsoftware.AnxietyWatch.AnxietyWatchLiveActivities[extension][client]}, running-active-NotVisible
default	00:37:14.919878-0700	useractivityd	Received state update for 11161 (xpcservice<com.groundeffectsoftware.AnxietyWatch.AnxietyWatchLiveActivities([osservice<com.apple.chronod>:120])>{vt hash: 259808002}[uuid:1D2C8387-1CF8-4E60-B7FE-93D36A99A011]{definition:com.groundeffectsoftware.AnxietyWatch.AnxietyWatchLiveActivities[extension][client]}, running-active-NotVisible
default	00:37:14.920756-0700	watchdogd	81870796398541: <private>
default	00:37:14.920893-0700	UserEventAgent	Received state update for 11161 (xpcservice<com.groundeffectsoftware.AnxietyWatch.AnxietyWatchLiveActivities([osservice<com.apple.chronod>:120])>{vt hash: 259808002}[uuid:1D2C8387-1CF8-4E60-B7FE-93D36A99A011]{definition:com.groundeffectsoftware.AnxietyWatch.AnxietyWatchLiveActivities[extension][client]}, running-active-NotVisible
default	00:37:14.921303-0700	PerfPowerServices	Received state update for 11161 (xpcservice<com.groundeffectsoftware.AnxietyWatch.AnxietyWatchLiveActivities([osservice<com.apple.chronod>:120])>{vt hash: 259808002}[uuid:1D2C8387-1CF8-4E60-B7FE-93D36A99A011]{definition:com.groundeffectsoftware.AnxietyWatch.AnxietyWatchLiveActivities[extension][client]}, running-active-NotVisible
default	00:37:14.921690-0700	symptomsd	Received state update for 11161 (xpcservice<com.groundeffectsoftware.AnxietyWatch.AnxietyWatchLiveActivities([osservice<com.apple.chronod>:120])>{vt hash: 259808002}[uuid:1D2C8387-1CF8-4E60-B7FE-93D36A99A011]{definition:com.groundeffectsoftware.AnxietyWatch.AnxietyWatchLiveActivities[extension][client]}, running-active-NotVisible
default	00:37:14.922753-0700	SpringBoard	Received state update for 11174 (app<com.groundeffectsoftware.AnxietyWatch(3A076A8F-336D-4BCB-ACE2-64C6E80D0E3A)>, running-active-Visible
default	00:37:14.922851-0700	audiomxd	Received state update for 11174 (app<com.groundeffectsoftware.AnxietyWatch(3A076A8F-336D-4BCB-ACE2-64C6E80D0E3A)>, running-active-Visible
default	00:37:14.922863-0700	healthd	Received state update for 11174 (app<com.groundeffectsoftware.AnxietyWatch(3A076A8F-336D-4BCB-ACE2-64C6E80D0E3A)>, running-active-Visible
default	00:37:14.922950-0700	CommCenter	Received state update for 11174 (app<com.groundeffectsoftware.AnxietyWatch(3A076A8F-336D-4BCB-ACE2-64C6E80D0E3A)>, running-active-Visible
default	00:37:14.923785-0700	dasd	Trigger: <private> is now [<private>]
default	00:37:14.923881-0700	softwareupdateservicesd	homescreen changed: 1 -> 0
default	00:37:14.923896-0700	dasd	Foreground apps changed—-<private>
default	00:37:14.923944-0700	milod	_handleULDisplayMonitorEventDisplayState: appInFocus: <private>
default	00:37:14.923986-0700	milod	{"msg":"onAppLaunch", "bundleIdentifier":<private>, "is trigger needed":1}
default	00:37:14.924017-0700	milod	Request throttled, time since last allowed timestamp(sec): 1006.986109972, throttle duration(sec): 1200
default	00:37:14.924346-0700	runningboardd	PERF: Received lookupHandleForPredicate request from [osservice<com.apple.SpringBoard>:35] (euid 501, auid 501) (persona (null))
default	00:37:14.924510-0700	locationd	Received state update for 11161 (xpcservice<com.groundeffectsoftware.AnxietyWatch.AnxietyWatchLiveActivities([osservice<com.apple.chronod>:120])>{vt hash: 259808002}[uuid:1D2C8387-1CF8-4E60-B7FE-93D36A99A011]{definition:com.groundeffectsoftware.AnxietyWatch.AnxietyWatchLiveActivities[extension][client]}, running-active-NotVisible
default	00:37:14.924792-0700	locationd	{"msg":"RBS #AppMonitor process monitor update handler invoked", "pid":11161, "bundleID":"com.groundeffectsoftware.AnxietyWatch.AnxietyWatchLiveActivities", "state":"RunningScheduled"}
default	00:37:14.924859-0700	locationd	{"msg":"RBS #AppMonitor Post Application State Change Notification", "notification":"BackgroundRunning", "pid":11161, "bundleId":"com.groundeffectsoftware.AnxietyWatch.AnxietyWatchLiveActivities"}
default	00:37:14.925210-0700	locationd	{"msg":"#Warning #ClientResolution the passed keyPath is not registered. Resolving to #nullCKP", "InputCKP":"icom.groundeffectsoftware.AnxietyWatch.AnxietyWatchLiveActivities:"}
default	00:37:14.925283-0700	locationd	{"msg":"#CLIUA AppMonitor notification", "notification":"BackgroundRunning", "pid":11161, "bundleId":"com.groundeffectsoftware.AnxietyWatch.AnxietyWatchLiveActivities", "ClientKey":"icom.groundeffectsoftware.AnxietyWatch:"}
default	00:37:14.925504-0700	IDSCredentialsAgent	Received state update for 11161 (xpcservice<com.groundeffectsoftware.AnxietyWatch.AnxietyWatchLiveActivities([osservice<com.apple.chronod>:120])>{vt hash: 259808002}[uuid:1D2C8387-1CF8-4E60-B7FE-93D36A99A011]{definition:com.groundeffectsoftware.AnxietyWatch.AnxietyWatchLiveActivities[extension][client]}, running-active-NotVisible
default	00:37:14.926561-0700	runningboardd	_resolveProcessWithIdentifier pid 8776 euid 501 auid 501
default	00:37:14.926708-0700	runningboardd	Resolved pid 8776 to [osservice<com.apple.synapse.contentlinkingd>:8776]
default	00:37:14.927566-0700	runningboardd	Full encoding handle <private>, with data 4634aff000002248, and pid 8776
default	00:37:14.927743-0700	backboardd	Received state update for 11174 (app<com.groundeffectsoftware.AnxietyWatch(3A076A8F-336D-4BCB-ACE2-64C6E80D0E3A)>, running-active-Visible
default	00:37:14.928177-0700	wifid	Received state update for 11174 (app<com.groundeffectsoftware.AnxietyWatch(3A076A8F-336D-4BCB-ACE2-64C6E80D0E3A)>, running-active-Visible
default	00:37:14.928282-0700	useractivityd	Received state update for 11174 (app<com.groundeffectsoftware.AnxietyWatch(3A076A8F-336D-4BCB-ACE2-64C6E80D0E3A)>, running-active-Visible
default	00:37:14.928462-0700	WirelessRadioManagerd	Received state update for 11174 (app<com.groundeffectsoftware.AnxietyWatch(3A076A8F-336D-4BCB-ACE2-64C6E80D0E3A)>, running-active-Visible
default	00:37:14.929213-0700	UserEventAgent	Received state update for 11174 (app<com.groundeffectsoftware.AnxietyWatch(3A076A8F-336D-4BCB-ACE2-64C6E80D0E3A)>, running-active-Visible
default	00:37:14.929258-0700	PerfPowerServices	Received state update for 11174 (app<com.groundeffectsoftware.AnxietyWatch(3A076A8F-336D-4BCB-ACE2-64C6E80D0E3A)>, running-active-Visible
default	00:37:14.929589-0700	symptomsd	Received state update for 11174 (app<com.groundeffectsoftware.AnxietyWatch(3A076A8F-336D-4BCB-ACE2-64C6E80D0E3A)>, running-active-Visible
default	00:37:14.929917-0700	dasd	Received state update for 11174 (app<com.groundeffectsoftware.AnxietyWatch(3A076A8F-336D-4BCB-ACE2-64C6E80D0E3A)>, running-active-Visible
default	00:37:14.929974-0700	watchdogd	Received state update for 11174 (app<com.groundeffectsoftware.AnxietyWatch(3A076A8F-336D-4BCB-ACE2-64C6E80D0E3A)>, running-active-Visible
default	00:37:14.930177-0700	bluetoothd	Received state update for 11174 (app<com.groundeffectsoftware.AnxietyWatch(3A076A8F-336D-4BCB-ACE2-64C6E80D0E3A)>, running-active-Visible
default	00:37:14.930355-0700	locationd	Received state update for 11174 (app<com.groundeffectsoftware.AnxietyWatch(3A076A8F-336D-4BCB-ACE2-64C6E80D0E3A)>, running-active-Visible
default	00:37:14.930649-0700	IDSCredentialsAgent	Received state update for 11174 (app<com.groundeffectsoftware.AnxietyWatch(3A076A8F-336D-4BCB-ACE2-64C6E80D0E3A)>, running-active-Visible
default	00:37:14.930864-0700	gamepolicyd	Received state update for 11174 (app<com.groundeffectsoftware.AnxietyWatch(3A076A8F-336D-4BCB-ACE2-64C6E80D0E3A)>, running-active-NotVisible
default	00:37:14.931103-0700	runningboardd	[osservice<com.apple.synapse.contentlinkingd>:8776] is not RunningBoard jetsam managed.
default	00:37:14.931137-0700	runningboardd	[osservice<com.apple.synapse.contentlinkingd>:8776] This process will not be managed.
default	00:37:14.931642-0700	misagent	[0xd5ec78000] invalidated because the client process (pid 10644) either cancelled the connection or exited
default	00:37:14.931760-0700	misagent	[0xd5ec78180] invalidated because the client process (pid 10644) either cancelled the connection or exited
default	00:37:14.932720-0700	runningboardd	PERF: Received lookupHandleForPredicate request from [osservice<com.apple.SpringBoard>:35] (euid 501, auid 501) (persona (null))
default	00:37:14.933617-0700	wifid	-[WiFiUserInteractionMonitor setApplicationRunningState:foregroundState:andNetworkingState:forBundleId:]: com.groundeffectsoftware.AnxietyWatch entered foreground
default	00:37:14.933645-0700	wifid	WifiDeviceManagerCatsUpdateEvent(): CATS Update en0: Enter deviceManager:0x66521f800  source:1 enable:1 appPolicy:2 bitmap:0x10
default	00:37:14.933726-0700	wifid	WiFiDeviceManagerCatsSetLowLatencyApp: CATSUpdate en0: fgApp:com.groundeffectsoftware.AnxietyWatch b=0x10 rc=1
default	00:37:14.934109-0700	wifid	WifiDeviceManagerCatsUpdateEvent: CATSUpdate en0: Exit deviceManager=0x66521f800 Source:1 stateChange:0 (P:2-->2 B:0x10-->0x10)
default	00:37:14.934120-0700	runningboardd	_resolveProcessWithIdentifier pid 3333 euid 501 auid 501
default	00:37:14.934128-0700	runningboardd	Resolved pid 3333 to [osservice<com.apple.dmd>:3333]
default	00:37:14.934281-0700	wifid	-[WiFiUsageApplicationSession applicationStateDidChange:withAttributes:]: application session resumed:<private>
default	00:37:14.936422-0700	mediaremoted	[MRDDisplayMonitor] Layout Changed <private>
default	00:37:14.936558-0700	mediaremoted	[MRDDisplayMonitor] Layout Changed <private>
default	00:37:14.938308-0700	intelligentroutingd	#system-state-manager, [<private>], System state might have changed due to App in focus:
<private>
<private>
default	00:37:14.938328-0700	intelligentroutingd	#system-state-manager, [<private>], System state might have changed due to App in focus:
<private>
<private>
default	00:37:14.938672-0700	intelligentroutingd	#system-state-manager, [<private>], System state might have changed due to App in focus:
<private>
<private>
default	00:37:14.938905-0700	runningboardd	Full encoding handle <private>, with data 46b92fc500000d05, and pid 3333
default	00:37:14.939081-0700	runningboardd	[osservice<com.apple.dmd>:3333] is not RunningBoard jetsam managed.
default	00:37:14.939186-0700	runningboardd	[osservice<com.apple.dmd>:3333] This process will not be managed.
default	00:37:14.940737-0700	audioaccessoryd	ScreenState changed: ActiveOn -> ActiveOn (raw 2)
default	00:37:14.940860-0700	kernel	tcp_connection_summary (tcp_usrclosed:3234)[<IPv6-redacted>:54156<-><IPv6-redacted>:55771] interface: utun3 (skipped: 166)
so_gencnt: 227183 t_state: LAST_ACK process: mobile_assertion:394 Duration: 0.255 sec Conn_Time: 0.001 sec bytes in/out: 879/530 pkts in/out: 5/6 pkt rxmit: 0 ooo pkts: 0 dup bytes in: 0 ACKs delayed: 0 delayed ACKs sent: 0
rtt: 1.125 ms rttvar: 0.250 ms base rtt: 1 ms so_error: 0 svc/tc: 0 flow: 0x8e0747c5
default	00:37:14.940887-0700	kernel	tcp_connection_summary [<IPv6-redacted>:54156<-><IPv6-redacted>:55771] interface: utun3 (skipped: 166)
so_gencnt: 227183 t_state: LAST_ACK process: mobile_assertion:394 flowctl: 0us (0x) SYN in/out: 1/1 FIN in/out: 1/0 RST in/out: 0/0 AccECN (client/server): Disabled/Classic ECN requested
default	00:37:14.941299-0700	lockdownd	[0x7a2cdaa80] Re-initialization successful; calling out to event handler with XPC_ERROR_CONNECTION_INTERRUPTED
default	00:37:14.941314-0700	searchd	<private>: processing event for bundle <private>.
default	00:37:14.941373-0700	lockdownd	spawn_xpc_service_block_invoke: <private>
default	00:37:14.941457-0700	lockdownd	spawn_xpc_service_block_invoke: <private>
default	00:37:14.942055-0700	biomed	ViewUpdate: Beginning update job for live [runMode: update, checkSLA: true]
default	00:37:14.942256-0700	biomed	ViewUpdate: Starting schedule run <private>
default	00:37:14.942298-0700	tccd	[0xc60c7e940] invalidated because the client process (pid 102) either cancelled the connection or exited
default	00:37:14.942401-0700	biomed	ViewUpdate: Initially have 4 views that may need updating
default	00:37:14.942821-0700	biomed	ViewUpdate: 5:AppOpeningsMatView: Beginning view update attempt
default	00:37:14.943783-0700	contextstored	Sending fired registration <private> to com.apple.coreduetd.CDDCommunicator
default	00:37:14.945936-0700	symptomsd	Source 131024 attribution change, was procname remoted pid 8889 epid 8889 uuid B09E317A-B35B-3FE6-8025-A69B367905D6 euuid B09E317A-B35B-3FE6-8025-A69B367905D6  now dtappserviced 10642 10642 C351567C-E734-3024-AD0F-D6FF63BBCA29 C351567C-E734-3024-AD0F-D6FF63BBCA29
default	00:37:14.945966-0700	symptomsd	Source 131024 old attribution remoted new attribution dtappserviced
default	00:37:14.946281-0700	AnxietyWatch	[FBSDisplaySource 1-1] silently connecting raw configuration: <FBSDisplayConfiguration: 0x108180900; Main; mode: "390x844@3x 60Hz p3 SDR">
default	00:37:14.946485-0700	symptomsd	Flow 131024 owner dtappserviced, changed user from AppTracker at 0x6b4e2b0c0 user remoted  flows: self 6  others 0 prevs 6030 0  avg duration 19.898920 rx 11296 tx 6472 everset 0x0 policy (null)
default	00:37:14.946609-0700	AnxietyWatch	Display settings after update from FB configuration: AXMDisplay<0x10837c150>: Backing:FrontBoardServices (dynamic) Name:LCD scale:3 size:[1170.00 2532.00] orientation:0 (AXMPhysicalDisplayOrientationPortrait) refBounds:[0.00 0.00 390.00 844.00] deepColor:1
default	00:37:14.946619-0700	AnxietyWatch	Display settings after update from CADisplay.mainDisplay: AXMDisplay<0x10837c0e0>: Backing:CoreAnimation Name:LCD scale:3 size:[1170.00 2532.00] orientation:0 (AXMPhysicalDisplayOrientationPortrait) refBounds:[0.00 0.00 390.00 844.00] deepColor:0
default	00:37:14.946827-0700	symptomsd	Data Usage for dtappserviced on flow 131024 - WiFi in/out: 2674360/24845088, WiFi delta_in/delta_out: 1637/1026, Cell in/out: 0/0, Cell delta_in/delta_out: 0/0, RNF: 0, subscriber tag: 1, total duration: 0.137
default	00:37:14.947208-0700	symptomsd	Source 131023 attribution change, was procname remoted pid 8889 epid 8889 uuid B09E317A-B35B-3FE6-8025-A69B367905D6 euuid B09E317A-B35B-3FE6-8025-A69B367905D6  now mobile_assertion_agent 394 394 E3FEFB08-9F7F-3925-A4D7-BCA9E42AD121 E3FEFB08-9F7F-3925-A4D7-BCA9E42AD121
default	00:37:14.947638-0700	symptomsd	Source 131023 old attribution remoted new attribution mobile_assertion_agent
default	00:37:14.948144-0700	symptomsd	Flow 131023 owner mobile_assertion_agent, changed user from AppTracker at 0x6b4e2b0c0 user remoted  flows: self 5  others 0 prevs 6031 0  avg duration 19.895643 rx 11294 tx 6471 everset 0x0 policy (null)
default	00:37:14.948961-0700	symptomsd	Data Usage for mobile_assertion_agent on flow 131023 - WiFi in/out: 69473162/5249862, WiFi delta_in/delta_out: 1179/890, Cell in/out: 0/0, Cell delta_in/delta_out: 0/0, RNF: 0, subscriber tag: 1, total duration: 0.255
default	00:37:14.949191-0700	symptomsd	com.groundeffectsoftware.AnxietyWatch: Foreground: true
default	00:37:14.949640-0700	searchd	Opening journal file <private>
default	00:37:14.950278-0700	searchd	Creating new toc journal file <private>
default	00:37:14.951097-0700	searchd	SpotlightIndex#si_mobile_journal_hardlink_new_journal Linked journal(<private>) for spotlightknowledged(<private>)
default	00:37:14.951862-0700	biomed	[0x7deeb6880] invalidated because the client process (pid 120) either cancelled the connection or exited
default	00:37:14.953020-0700	searchd	SpotlightIndex#si_mobile_journal_hardlink_new_journal Linked journal toc(<private>) for spotlightknowledged(<private>)
default	00:37:14.953493-0700	coreduetd	Registration fired for <private>
default	00:37:14.953520-0700	coreduetd	Dispatching call to informative registration callback for <private>
default	00:37:14.954118-0700	searchd	SpotlightIndex#si_mobile_journal_hardlink_new_journal TOC at hardlink: tino=217289177 size=0 entries=0 name=<private>.16513
default	00:37:14.954246-0700	searchd	### skg journal_new message sent
default	00:37:14.954289-0700	searchd	Created new journal <private>.16513
default	00:37:14.955419-0700	contextstored	Sending fired registration com.apple.ids.trafficAdmissionCheck.apps.pairedSystemContext to com.apple.ids.trafficAdmissionCheck
default	00:37:14.957151-0700	AnxietyWatch	Registering for test daemon availability notify post.
default	00:37:14.957289-0700	AnxietyWatch	notify_get_state check indicated test daemon not ready.
default	00:37:14.957299-0700	AnxietyWatch	notify_get_state check indicated test daemon not ready.
default	00:37:14.957319-0700	AnxietyWatch	notify_get_state check indicated test daemon not ready.
default	00:37:14.957487-0700	AnxietyWatch	Deactivation reason added: 11; deactivation reasons: 1024 -> 3072; animating application lifecycle event: 0
default	00:37:14.957907-0700	AnxietyWatch	Deactivation reason removed: 10; deactivation reasons: 3072 -> 2048; animating application lifecycle event: 0
default	00:37:14.958195-0700	AnxietyWatch	Event Timing Profile for Touch: ok, path="/System/Library/EventTimingProfiles/D27.Touch.plist"
default	00:37:14.958203-0700	AnxietyWatch	Event Timing Profile for Pencil: not found, path="/System/Library/EventTimingProfiles/D27.Pencil.plist"
default	00:37:14.958235-0700	AnxietyWatch	Selected display: name=LCD (primary), id=1
default	00:37:14.958293-0700	searchd	[Engagement Data] Inserted Out-of-Spotlight engagement date: 806139434.823496 into position 3 of _kMDItemRecentOutOfSpotlightEngagementDates for oid: 9222515841019246268
default	00:37:14.959130-0700	runningboardd	Acquiring assertion targeting [app<com.groundeffectsoftware.AnxietyWatch(3A076A8F-336D-4BCB-ACE2-64C6E80D0E3A)>:11174] from originator [app<com.groundeffectsoftware.AnxietyWatch(3A076A8F-336D-4BCB-ACE2-64C6E80D0E3A)>:11174] with description <RBSAssertionDescriptor| "app_launch_measurement: pageins recording enabled" ID:34-11174-40159 target:11174 attributes:[
	<RBSDomainAttribute| domain:"com.apple.pagein-prefetching" name:"LaunchPrefetch" sourceEnvironment:"(null)">
	]>
default	00:37:14.959176-0700	runningboardd	Assertion 34-11174-40159 (target:[app<com.groundeffectsoftware.AnxietyWatch(3A076A8F-336D-4BCB-ACE2-64C6E80D0E3A)>:11174]) will be created as active
default	00:37:14.959410-0700	AnxietyWatch	alm_acquire_pageins_recording_assertion: acquired pageins recording assertion!
default	00:37:14.959856-0700	runningboardd	Calculated state for app<com.groundeffectsoftware.AnxietyWatch(3A076A8F-336D-4BCB-ACE2-64C6E80D0E3A)>: running-active (role: UserInteractiveFocal) (endowments: <private>)
default	00:37:14.960201-0700	SpringBoard	Received state update for 11174 (app<com.groundeffectsoftware.AnxietyWatch(3A076A8F-336D-4BCB-ACE2-64C6E80D0E3A)>, running-active-Visible
default	00:37:14.960613-0700	healthd	Received state update for 11174 (app<com.groundeffectsoftware.AnxietyWatch(3A076A8F-336D-4BCB-ACE2-64C6E80D0E3A)>, running-active-Visible
default	00:37:14.960622-0700	CommCenter	Received state update for 11174 (app<com.groundeffectsoftware.AnxietyWatch(3A076A8F-336D-4BCB-ACE2-64C6E80D0E3A)>, running-active-Visible
default	00:37:14.960675-0700	audiomxd	Received state update for 11174 (app<com.groundeffectsoftware.AnxietyWatch(3A076A8F-336D-4BCB-ACE2-64C6E80D0E3A)>, running-active-Visible
default	00:37:14.961110-0700	PerfPowerServices	Received state update for 11174 (app<com.groundeffectsoftware.AnxietyWatch(3A076A8F-336D-4BCB-ACE2-64C6E80D0E3A)>, running-active-Visible
default	00:37:14.961361-0700	WirelessRadioManagerd	Received state update for 11174 (app<com.groundeffectsoftware.AnxietyWatch(3A076A8F-336D-4BCB-ACE2-64C6E80D0E3A)>, running-active-Visible
default	00:37:14.961374-0700	AnxietyWatch	Will add backgroundTask with taskName: <private>, expirationHandler: <__NSGlobalBlock__: 0x1f7c23ec8>
default	00:37:14.961381-0700	AnxietyWatch	Reusing background assertion <BKSProcessAssertion: 0x1081e0ff0>
default	00:37:14.961388-0700	AnxietyWatch	Incrementing reference count for background assertion <private>
default	00:37:14.961394-0700	AnxietyWatch	Created background task <private>.
default	00:37:14.961599-0700	AnxietyWatch	Deactivation reason added: 5; deactivation reasons: 2048 -> 2080; animating application lifecycle event: 1
default	00:37:14.961709-0700	AnxietyWatch	Should send trait collection or coordinate space update, interface style 2 -> 2, <UIWindowScene: 0x10b4a0000> (18DE83D8-1846-45B8-876C-4C1CE7F6CEF0)
default	00:37:14.961936-0700	useractivityd	Received state update for 11174 (app<com.groundeffectsoftware.AnxietyWatch(3A076A8F-336D-4BCB-ACE2-64C6E80D0E3A)>, running-active-Visible
default	00:37:14.962101-0700	AnxietyWatch	Not push traits update to screen for new style 2, <UIWindowScene: 0x10b4a0000> (18DE83D8-1846-45B8-876C-4C1CE7F6CEF0)
default	00:37:14.962131-0700	dasd	Received state update for 11174 (app<com.groundeffectsoftware.AnxietyWatch(3A076A8F-336D-4BCB-ACE2-64C6E80D0E3A)>, running-active-Visible
default	00:37:14.962635-0700	bluetoothd	Received state update for 11174 (app<com.groundeffectsoftware.AnxietyWatch(3A076A8F-336D-4BCB-ACE2-64C6E80D0E3A)>, running-active-Visible
default	00:37:14.962647-0700	backboardd	Received state update for 11174 (app<com.groundeffectsoftware.AnxietyWatch(3A076A8F-336D-4BCB-ACE2-64C6E80D0E3A)>, running-active-Visible
default	00:37:14.962744-0700	AnxietyWatch	Initializing: <_UIHomeAffordanceSceneNotifier: 0x10b48d030>; with scene: <UIWindowScene: 0x10b4a0000>
default	00:37:14.962793-0700	wifid	Received state update for 11174 (app<com.groundeffectsoftware.AnxietyWatch(3A076A8F-336D-4BCB-ACE2-64C6E80D0E3A)>, running-active-Visible
default	00:37:14.962810-0700	AnxietyWatch	0x10830e250 setDelegate:<0x10830e580 _UIBacklightEnvironment> hasDelegate:YES for environment:sceneID:com.groundeffectsoftware.AnxietyWatch-18DE83D8-1846-45B8-876C-4C1CE7F6CEF0
default	00:37:14.962892-0700	AnxietyWatch	Not push traits update to screen for new style 2, <UIWindowScene: 0x10b4a0000> (18DE83D8-1846-45B8-876C-4C1CE7F6CEF0)
default	00:37:14.962929-0700	AnxietyWatch	[0x10b48d0a0] Initialized with scene: <UIWindowScene: 0x10b4a0000>; behavior: <_UIEventDeferringBehavior_iOS: 0x10b44a220>; availableForProcess: 1, systemShellManagesKeyboardFocus: 1
default	00:37:14.963377-0700	UserEventAgent	Received state update for 11174 (app<com.groundeffectsoftware.AnxietyWatch(3A076A8F-336D-4BCB-ACE2-64C6E80D0E3A)>, running-active-Visible
default	00:37:14.963388-0700	symptomsd	Received state update for 11174 (app<com.groundeffectsoftware.AnxietyWatch(3A076A8F-336D-4BCB-ACE2-64C6E80D0E3A)>, running-active-Visible
default	00:37:14.963397-0700	AnxietyWatch	[C:3] Alloc com.apple.backboard.hid-services.xpc
default	00:37:14.963407-0700	AnxietyWatch	[0x10b4b0140] activating connection: mach=false listener=false peer=false name=(anonymous)
default	00:37:14.963592-0700	backboardd	[S:5d] Alloc com.apple.backboard.hid-services.xpc
default	00:37:14.963601-0700	backboardd	[0xb045b1f80] activating connection: mach=false listener=false peer=true name=com.apple.backboard.hid-services.xpc.peer[11174].0xb045b1f80
default	00:37:14.963926-0700	watchdogd	Received state update for 11174 (app<com.groundeffectsoftware.AnxietyWatch(3A076A8F-336D-4BCB-ACE2-64C6E80D0E3A)>, running-active-Visible
default	00:37:14.964179-0700	AnxietyWatch	policyStatus:<BKSHIDEventDeliveryPolicyObserver: 0x10b4a4060; process scope; status: target> was:none
default	00:37:14.964204-0700	AnxietyWatch	BKSHIDEventObserver - connection activation
default	00:37:14.964234-0700	AnxietyWatch	Setting default evaluation strategy for UIUserInterfaceIdiomPhone to LastOneWins
default	00:37:14.964257-0700	AnxietyWatch	Scene target of keyboard event deferring environment did change: 1; scene: UIWindowScene: 0x10b4a0000; scene identity: com.apple.frontboard.systemappservices/FBSceneManager:sceneID%3Acom.groundeffectsoftware.AnxietyWatch-18DE83D8-1846-45B8-876C-4C1CE7F6CEF0
default	00:37:14.964271-0700	AnxietyWatch	[0x10b48d0a0] Scene target of event deferring environments did update: scene: 0x10b4a0000; current systemShellManagesKeyboardFocus: 1; systemShellManagesKeyboardFocusForScene: 1; eligibleForRecordRemoval: 1;
default	00:37:14.964289-0700	AnxietyWatch	Scene became target of keyboard event deferring environment: UIWindowScene: 0x10b4a0000; scene identity: com.apple.frontboard.systemappservices/FBSceneManager:sceneID%3Acom.groundeffectsoftware.AnxietyWatch-18DE83D8-1846-45B8-876C-4C1CE7F6CEF0
default	00:37:14.964302-0700	AnxietyWatch	Stack[KeyWindow] 0x10830d470: Taking no further action for migration from LastOneWins -> SystemShellManaged as there are no scenes
default	00:37:14.964365-0700	AnxietyWatch	Setting default evaluation strategy for UIUserInterfaceIdiomPhone to SystemShellManaged
default	00:37:14.964376-0700	AnxietyWatch	Key window needs update: 0; currentKeyWindowScene: 0x0; evaluatedKeyWindowScene: 0x10b4a0000; currentApplicationKeyWindow: 0x0; evaluatedApplicationKeyWindow: 0x0; reason: UIWindowScene: 0x10b4a0000: Window scene became target of keyboard environment
default	00:37:14.964534-0700	locationd	Received state update for 11174 (app<com.groundeffectsoftware.AnxietyWatch(3A076A8F-336D-4BCB-ACE2-64C6E80D0E3A)>, running-active-Visible
default	00:37:14.964595-0700	AnxietyWatch	Not push traits update to screen for new style 2, <UIWindowScene: 0x10b4a0000> (18DE83D8-1846-45B8-876C-4C1CE7F6CEF0)
default	00:37:14.964729-0700	AnxietyWatch	Not push traits update to screen for new style 2, <UIWindowScene: 0x10b4a0000> (18DE83D8-1846-45B8-876C-4C1CE7F6CEF0)
default	00:37:14.965028-0700	AnxietyWatch	Not push traits update to screen for new style 2, <UIWindowScene: 0x10b4a0000> (18DE83D8-1846-45B8-876C-4C1CE7F6CEF0)
default	00:37:14.965310-0700	IDSCredentialsAgent	Received state update for 11174 (app<com.groundeffectsoftware.AnxietyWatch(3A076A8F-336D-4BCB-ACE2-64C6E80D0E3A)>, running-active-Visible
default	00:37:14.966005-0700	gamepolicyd	Received state update for 11174 (app<com.groundeffectsoftware.AnxietyWatch(3A076A8F-336D-4BCB-ACE2-64C6E80D0E3A)>, running-active-NotVisible
default	00:37:14.968158-0700	identityservicesd	Registration fired for com.apple.ids.trafficAdmissionCheck.apps.pairedSystemContext
default	00:37:14.968333-0700	identityservicesd	Dispatching call to informative registration callback for com.apple.ids.trafficAdmissionCheck.apps.pairedSystemContext
default	00:37:14.970021-0700	backboardd	[ALS] ts=81870.835 lux=6.293<private> xy=(0.532 0.468) chs=[0 98 112 233 186] CCT1=1540.982 gain=512x mode=<private> subsamples=24 rawLux=7.887 nits=49 xTalk=[0 4 5 6 9] status=0x9B copyEvent=0
default	00:37:14.971170-0700	backboardd	Ammolite: Lux 6.293442 (delta 5.540046 / thr 10.000000)
default	00:37:14.972054-0700	AnxietyWatch	<UIWindowScene: 0x10b4a0000> (18DE83D8-1846-45B8-876C-4C1CE7F6CEF0) Scene updated orientation preferences: none -> ( Pu Ll Lr )
default	00:37:14.972326-0700	AnxietyWatch	Key window API is scene-level: YES
default	00:37:14.972340-0700	AnxietyWatch	UIWindowScene: 0x10b4a0000: Window became key in scene: UIWindow: 0x108200c00; contextId: 0x96ADA8F4: reason: UIWindowScene: 0x10b4a0000: Window requested to become key in scene: 0x108200c00
default	00:37:14.972352-0700	AnxietyWatch	Key window needs update: 1; currentKeyWindowScene: 0x0; evaluatedKeyWindowScene: 0x10b4a0000; currentApplicationKeyWindow: 0x0; evaluatedApplicationKeyWindow: 0x108200c00; reason: UIWindowScene: 0x10b4a0000: Window requested to become key in scene: 0x108200c00
default	00:37:14.972367-0700	AnxietyWatch	Window did become application key: UIWindow: 0x108200c00; contextId: 0x96ADA8F4; scene identity: com.apple.frontboard.systemappservices/FBSceneManager:sceneID%3Acom.groundeffectsoftware.AnxietyWatch-18DE83D8-1846-45B8-876C-4C1CE7F6CEF0
default	00:37:14.972378-0700	AnxietyWatch	[0x10b48d0a0] Begin local event deferring requested for token: 0x10b4a5140; environments: 1; reason: UIWindowScene: 0x10b4a0000: Begin event deferring in keyboardFocus for window: 0x108200c00
default	00:37:14.972706-0700	AnxietyWatch	BKSHIDEventDeliveryManager - connection activation
default	00:37:14.973200-0700	AnxietyWatch	Not push traits update to screen for new style 2, <UIWindowScene: 0x10b4a0000> (18DE83D8-1846-45B8-876C-4C1CE7F6CEF0)
default	00:37:14.973247-0700	backboardd	new deferring rules for pid:11174: [[11174-1]; <keyboardFocus; builtin; …ctsoftware.AnxietyWatch-18DE83D8-1846-45B8-876C-4C1CE7F6CEF0>; () -> <token: 0x96ADA8F4; pid: 11174>; reason: …gin event deferring in keyboardFocus for window: 0x108200c00]
default	00:37:14.973269-0700	AnxietyWatch	sceneOfRecord: sceneID: sceneID:com.groundeffectsoftware.AnxietyWatch-18DE83D8-1846-45B8-876C-4C1CE7F6CEF0  persistentID: 18DE83D8-1846-45B8-876C-4C1CE7F6CEF0
default	00:37:14.973431-0700	AnxietyWatch	Ignoring already applied deactivation reason: 5; deactivation reasons: 2080
default	00:37:14.973447-0700	backboardd	[keyboardFocus 0xb02247110] setRules:forPID(11174): [[11174-1]; <keyboardFocus; builtin; com.apple.frontboard.systemappservices/FBSceneManager:sceneID%3Acom.groundeffectsoftware.AnxietyWatch-18DE83D8-1846-45B8-876C-4C1CE7F6CEF0>; () -> <token: 0x96ADA8F4; pid: 11174>; reason: UIWindowScene: 0x10b4a0000: Begin event deferring in keyboardFocus for window: 0x108200c00]
default	00:37:14.973469-0700	AnxietyWatch	Deactivation reason added: 12; deactivation reasons: 2080 -> 6176; animating application lifecycle event: 1
default	00:37:14.973560-0700	AnxietyWatch	Deactivation reason removed: 11; deactivation reasons: 6176 -> 4128; animating application lifecycle event: 1
default	00:37:14.973570-0700	AnxietyWatch	Realizing settings extension <_UISceneIntelligenceSupportSettings> on FBSSceneSettings
default	00:37:14.973690-0700	AnxietyWatch	establishing connection to agent
default	00:37:14.973701-0700	AnxietyWatch	[0x10b4ad090] Session created.
default	00:37:14.973715-0700	AnxietyWatch	[0x10b4ad090] Session created from connection [0x10b562300]
default	00:37:14.974658-0700	AnxietyWatch	[0x10b562300] activating connection: mach=true listener=false peer=false name=com.apple.uiintelligencesupport.agent
error	00:37:14.975107-0700	backboardd	cycle detected between [35-144] -> [35-3]
default	00:37:14.975143-0700	backboardd	[system 0xb02247250] setRules:forPID(11174): []
default	00:37:14.975151-0700	backboardd	[systemKeyCommandOverlay 0xb02246fd0] setRules:forPID(11174): []
default	00:37:14.975159-0700	backboardd	[keyboardFocus 0xb022472a0] setRules:forPID(11174): [[11174-1]; <keyboardFocus; builtin; com.apple.frontboard.systemappservices/FBSceneManager:sceneID%3Acom.groundeffectsoftware.AnxietyWatch-18DE83D8-1846-45B8-876C-4C1CE7F6CEF0>; () -> <token: 0x96ADA8F4; pid: 11174>; reason: UIWindowScene: 0x10b4a0000: Begin event deferring in keyboardFocus for window: 0x108200c00]
error	00:37:14.975760-0700	backboardd	cycle detected between [35-144] -> [35-3]
default	00:37:14.976178-0700	backboardd	[system 0xb02247340] setRules:forPID(11174): []
default	00:37:14.976191-0700	backboardd	[systemKeyCommandOverlay 0xb022472f0] setRules:forPID(11174): []
default	00:37:14.976205-0700	backboardd	new scene host settings: contextID:96ADA8F4 <sceneID:com.groundeffectsoftware.AnxietyWatch-18DE83D8-1846-45B8-876C-4C1CE7F6CEF0> unspecified -> foreground
default	00:37:14.976411-0700	AnxietyWatch	Not push traits update to screen for new style 2, <UIWindowScene: 0x10b4a0000> (18DE83D8-1846-45B8-876C-4C1CE7F6CEF0)
default	00:37:14.976418-0700	AnxietyWatch	[0x10b4ad090] Session activated
default	00:37:14.978164-0700	gamepolicyd	Last played for <private> == <private>
default	00:37:14.978317-0700	backboardd	chain did update (setDeferringRules) <keyboardFocus; display: null; compatibilityDisplay: builtin> containsEndOfChain: YES; [
    <token: com.apple.frontboard.systemappservices/FBSceneManager:com.apple.springboard; pid: 35>,
    <token: com.apple.frontboard.systemappservices/FBSceneManager:sceneID%3Acom.groundeffectsoftware.AnxietyWatch-18DE83D8-1846-45B8-876C-4C1CE7F6CEF0; pid: 11174>,
    <token: 0x96ADA8F4; pid: 11174>
]
default	00:37:14.978332-0700	backboardd	chain did update (setDeferringRules) <keyboardFocus; display: builtin> containsEndOfChain: YES; [
    <token: com.apple.frontboard.systemappservices/FBSceneManager:com.apple.springboard; pid: 35>,
    <token: com.apple.frontboard.systemappservices/FBSceneManager:sceneID%3Acom.groundeffectsoftware.AnxietyWatch-18DE83D8-1846-45B8-876C-4C1CE7F6CEF0; pid: 11174>,
    <token: 0x96ADA8F4; pid: 11174>
]
default	00:37:14.978472-0700	AnxietyWatch	policyStatus:<BKSHIDEventDeliveryPolicyObserver: 0x10b4a4060; token: com.apple.frontboard.systemappservices/FBSceneManager:sceneID%3Acom.groundeffectsoftware.AnxietyWatch-18DE83D8-1846-45B8-876C-4C1CE7F6CEF0; status: ancestor> was:target
default	00:37:14.979152-0700	runningboardd	Removed last relative-start-date-defining assertion for process xpcservice<com.groundeffectsoftware.AnxietyWatch.AnxietyWatchLiveActivities([osservice<com.apple.chronod>:120])>{vt hash: 259808002}[uuid:1D2C8387-1CF8-4E60-B7FE-93D36A99A011]{definition:com.groundeffectsoftware.AnxietyWatch.AnxietyWatchLiveActivities[extension][client]}
default	00:37:14.980365-0700	runningboardd	Calculated state for xpcservice<com.groundeffectsoftware.AnxietyWatch.AnxietyWatchLiveActivities([osservice<com.apple.chronod>:120])>{vt hash: 259808002}[uuid:1D2C8387-1CF8-4E60-B7FE-93D36A99A011]{definition:com.groundeffectsoftware.AnxietyWatch.AnxietyWatchLiveActivities[extension][client]}: running-suspended (role: None) (endowments: (null))
default	00:37:14.980371-0700	runningboardd	[xpcservice<com.groundeffectsoftware.AnxietyWatch.AnxietyWatchLiveActivities([osservice<com.apple.chronod>:120])>{vt hash: 259808002}[uuid:1D2C8387-1CF8-4E60-B7FE-93D36A99A011]{definition:com.groundeffectsoftware.AnxietyWatch.AnxietyWatchLiveActivities[extension][client]}:11161] Suspending task.
default	00:37:14.980387-0700	runningboardd	Attempting to rename power assertion 33401 for target xpcservice<com.groundeffectsoftware.AnxietyWatch.AnxietyWatchLiveActivities([osservice<com.apple.chronod>:120])>{vt hash: 259808002}[uuid:1D2C8387-1CF8-4E60-B7FE-93D36A99A011]{definition:com.groundeffectsoftware.AnxietyWatch.AnxietyWatchLiveActivities[extension][client]} to xpcservice<com.groundeffectsoftware.AnxietyWatch.AnxietyWatchLiveActivities([osservice<com.apple.chronod>:120])>{vt hash: 259808002}[uuid:1D2C8387-1CF8-4E60-B7FE-93D36A99A011]{definition:com.groundeffectsoftware.AnxietyWatch.AnxietyWatchLiveActivities[extension][client]}34-120-40156:[AnxietyWatch.AnxietyWatchLiveActivities-60BA9C938DE4]
default	00:37:14.980446-0700	SpringBoard	Received state update for 11161 (xpcservice<com.groundeffectsoftware.AnxietyWatch.AnxietyWatchLiveActivities([osservice<com.apple.chronod>:120])>{vt hash: 259808002}[uuid:1D2C8387-1CF8-4E60-B7FE-93D36A99A011]{definition:com.groundeffectsoftware.AnxietyWatch.AnxietyWatchLiveActivities[extension][client]}, running-active-NotVisible
default	00:37:14.980875-0700	runningboardd	[xpcservice<com.groundeffectsoftware.AnxietyWatch.AnxietyWatchLiveActivities([osservice<com.apple.chronod>:120])>{vt hash: 259808002}[uuid:1D2C8387-1CF8-4E60-B7FE-93D36A99A011]{definition:com.groundeffectsoftware.AnxietyWatch.AnxietyWatchLiveActivities[extension][client]}:11161] Shutdown sockets (SVC)
default	00:37:14.980889-0700	runningboardd	[xpcservice<com.groundeffectsoftware.AnxietyWatch.AnxietyWatchLiveActivities([osservice<com.apple.chronod>:120])>{vt hash: 259808002}[uuid:1D2C8387-1CF8-4E60-B7FE-93D36A99A011]{definition:com.groundeffectsoftware.AnxietyWatch.AnxietyWatchLiveActivities[extension][client]}:11161] Set darwin role to: None
default	00:37:14.980896-0700	SpringBoard	Received state update for 11161 (xpcservice<com.groundeffectsoftware.AnxietyWatch.AnxietyWatchLiveActivities([osservice<com.apple.chronod>:120])>{vt hash: 259808002}[uuid:1D2C8387-1CF8-4E60-B7FE-93D36A99A011]{definition:com.groundeffectsoftware.AnxietyWatch.AnxietyWatchLiveActivities[extension][client]}, running-suspended-NotVisible
default	00:37:14.980917-0700	audiomxd	Received state update for 11161 (xpcservice<com.groundeffectsoftware.AnxietyWatch.AnxietyWatchLiveActivities([osservice<com.apple.chronod>:120])>{vt hash: 259808002}[uuid:1D2C8387-1CF8-4E60-B7FE-93D36A99A011]{definition:com.groundeffectsoftware.AnxietyWatch.AnxietyWatchLiveActivities[extension][client]}, running-active-NotVisible
default	00:37:14.981187-0700	runningboardd	[xpcservice<com.groundeffectsoftware.AnxietyWatch.AnxietyWatchLiveActivities([osservice<com.apple.chronod>:120])>{vt hash: 259808002}[uuid:1D2C8387-1CF8-4E60-B7FE-93D36A99A011]{definition:com.groundeffectsoftware.AnxietyWatch.AnxietyWatchLiveActivities[extension][client]}:11161] check if suspended process is holding locks
default	00:37:14.981221-0700	audiomxd	Received state update for 11161 (xpcservice<com.groundeffectsoftware.AnxietyWatch.AnxietyWatchLiveActivities([osservice<com.apple.chronod>:120])>{vt hash: 259808002}[uuid:1D2C8387-1CF8-4E60-B7FE-93D36A99A011]{definition:com.groundeffectsoftware.AnxietyWatch.AnxietyWatchLiveActivities[extension][client]}, running-suspended-NotVisible
default	00:37:14.981656-0700	coreduetd	Focal App: <private>, Previous:
default	00:37:14.982251-0700	WirelessRadioManagerd	Received state update for 11161 (xpcservice<com.groundeffectsoftware.AnxietyWatch.AnxietyWatchLiveActivities([osservice<com.apple.chronod>:120])>{vt hash: 259808002}[uuid:1D2C8387-1CF8-4E60-B7FE-93D36A99A011]{definition:com.groundeffectsoftware.AnxietyWatch.AnxietyWatchLiveActivities[extension][client]}, running-active-NotVisible
default	00:37:14.982417-0700	PerfPowerServices	Received state update for 11161 (xpcservice<com.groundeffectsoftware.AnxietyWatch.AnxietyWatchLiveActivities([osservice<com.apple.chronod>:120])>{vt hash: 259808002}[uuid:1D2C8387-1CF8-4E60-B7FE-93D36A99A011]{definition:com.groundeffectsoftware.AnxietyWatch.AnxietyWatchLiveActivities[extension][client]}, running-active-NotVisible
default	00:37:14.982755-0700	useractivityd	Received state update for 11161 (xpcservice<com.groundeffectsoftware.AnxietyWatch.AnxietyWatchLiveActivities([osservice<com.apple.chronod>:120])>{vt hash: 259808002}[uuid:1D2C8387-1CF8-4E60-B7FE-93D36A99A011]{definition:com.groundeffectsoftware.AnxietyWatch.AnxietyWatchLiveActivities[extension][client]}, running-active-NotVisible
default	00:37:14.983388-0700	AnxietyWatch	networkd_settings_read_from_file_locked initialized networkd settings by reading plist directly
default	00:37:14.983661-0700	AnxietyWatch	networkd_settings_read_from_file_locked initialized networkd settings by reading plist directly
default	00:37:14.984106-0700	wifid	Received state update for 11161 (xpcservice<com.groundeffectsoftware.AnxietyWatch.AnxietyWatchLiveActivities([osservice<com.apple.chronod>:120])>{vt hash: 259808002}[uuid:1D2C8387-1CF8-4E60-B7FE-93D36A99A011]{definition:com.groundeffectsoftware.AnxietyWatch.AnxietyWatchLiveActivities[extension][client]}, running-active-NotVisible
default	00:37:14.984853-0700	UserEventAgent	Received state update for 11161 (xpcservice<com.groundeffectsoftware.AnxietyWatch.AnxietyWatchLiveActivities([osservice<com.apple.chronod>:120])>{vt hash: 259808002}[uuid:1D2C8387-1CF8-4E60-B7FE-93D36A99A011]{definition:com.groundeffectsoftware.AnxietyWatch.AnxietyWatchLiveActivities[extension][client]}, running-active-NotVisible
default	00:37:14.985680-0700	symptomsd	Received state update for 11161 (xpcservice<com.groundeffectsoftware.AnxietyWatch.AnxietyWatchLiveActivities([osservice<com.apple.chronod>:120])>{vt hash: 259808002}[uuid:1D2C8387-1CF8-4E60-B7FE-93D36A99A011]{definition:com.groundeffectsoftware.AnxietyWatch.AnxietyWatchLiveActivities[extension][client]}, running-active-NotVisible
default	00:37:14.985987-0700	IDSCredentialsAgent	Received state update for 11161 (xpcservice<com.groundeffectsoftware.AnxietyWatch.AnxietyWatchLiveActivities([osservice<com.apple.chronod>:120])>{vt hash: 259808002}[uuid:1D2C8387-1CF8-4E60-B7FE-93D36A99A011]{definition:com.groundeffectsoftware.AnxietyWatch.AnxietyWatchLiveActivities[extension][client]}, running-active-NotVisible
default	00:37:14.986232-0700	locationd	Received state update for 11161 (xpcservice<com.groundeffectsoftware.AnxietyWatch.AnxietyWatchLiveActivities([osservice<com.apple.chronod>:120])>{vt hash: 259808002}[uuid:1D2C8387-1CF8-4E60-B7FE-93D36A99A011]{definition:com.groundeffectsoftware.AnxietyWatch.AnxietyWatchLiveActivities[extension][client]}, running-active-NotVisible
default	00:37:14.986334-0700	AnxietyWatch	Not internal release, disabling SIRL
default	00:37:14.986341-0700	AnxietyWatch	SecSecurityClientGet new thread!
default	00:37:14.986349-0700	AnxietyWatch	System Keychain Always Supported set via feature flag to disabled
default	00:37:14.986360-0700	AnxietyWatch	[0x10b5608c0] activating connection: mach=true listener=false peer=false name=com.apple.securityd
default	00:37:14.986432-0700	securityd	[0x789b7eb80] activating connection: mach=false listener=false peer=true name=com.apple.securityd.peer[11174].0x789b7eb80
default	00:37:14.986855-0700	WirelessRadioManagerd	Received state update for 11161 (xpcservice<com.groundeffectsoftware.AnxietyWatch.AnxietyWatchLiveActivities([osservice<com.apple.chronod>:120])>{vt hash: 259808002}[uuid:1D2C8387-1CF8-4E60-B7FE-93D36A99A011]{definition:com.groundeffectsoftware.AnxietyWatch.AnxietyWatchLiveActivities[extension][client]}, running-suspended-NotVisible
default	00:37:14.987386-0700	useractivityd	Received state update for 11161 (xpcservice<com.groundeffectsoftware.AnxietyWatch.AnxietyWatchLiveActivities([osservice<com.apple.chronod>:120])>{vt hash: 259808002}[uuid:1D2C8387-1CF8-4E60-B7FE-93D36A99A011]{definition:com.groundeffectsoftware.AnxietyWatch.AnxietyWatchLiveActivities[extension][client]}, running-suspended-NotVisible
default	00:37:14.987498-0700	PerfPowerServices	Received state update for 11161 (xpcservice<com.groundeffectsoftware.AnxietyWatch.AnxietyWatchLiveActivities([osservice<com.apple.chronod>:120])>{vt hash: 259808002}[uuid:1D2C8387-1CF8-4E60-B7FE-93D36A99A011]{definition:com.groundeffectsoftware.AnxietyWatch.AnxietyWatchLiveActivities[extension][client]}, running-suspended-NotVisible
error	00:37:14.987747-0700	kernel	Sandbox: AnxietyWatch(11174) deny(1) file-test-existence /private/var/Managed Preferences/mobile/com.apple.CoreMotion.plist
default	00:37:14.987812-0700	wifid	Received state update for 11161 (xpcservice<com.groundeffectsoftware.AnxietyWatch.AnxietyWatchLiveActivities([osservice<com.apple.chronod>:120])>{vt hash: 259808002}[uuid:1D2C8387-1CF8-4E60-B7FE-93D36A99A011]{definition:com.groundeffectsoftware.AnxietyWatch.AnxietyWatchLiveActivities[extension][client]}, running-suspended-NotVisible
default	00:37:14.988719-0700	symptomsd	Received state update for 11161 (xpcservice<com.groundeffectsoftware.AnxietyWatch.AnxietyWatchLiveActivities([osservice<com.apple.chronod>:120])>{vt hash: 259808002}[uuid:1D2C8387-1CF8-4E60-B7FE-93D36A99A011]{definition:com.groundeffectsoftware.AnxietyWatch.AnxietyWatchLiveActivities[extension][client]}, running-suspended-NotVisible
default	00:37:14.988971-0700	IDSCredentialsAgent	Received state update for 11161 (xpcservice<com.groundeffectsoftware.AnxietyWatch.AnxietyWatchLiveActivities([osservice<com.apple.chronod>:120])>{vt hash: 259808002}[uuid:1D2C8387-1CF8-4E60-B7FE-93D36A99A011]{definition:com.groundeffectsoftware.AnxietyWatch.AnxietyWatchLiveActivities[extension][client]}, running-suspended-NotVisible
error	00:37:14.989311-0700	AnxietyWatch	{"msg":"#Warning Error reading file", "file":"\/\/private\/var\/Managed Preferences\/mobile\/com.apple.CoreMotion.plist", "error":"Error Domain=NSCocoaErrorDomain Code=257 \"The file “com.apple.CoreMotion.plist” couldn’t be opened because you don’t have permission to view it.\" UserInfo={NSFilePath=\/\/private\/var\/Managed Preferences\/mobile\/com.apple.CoreMotion.plist, NSURL=file:\/\/\/\/private\/var\/Managed%20Preferences\/mobile\/com.apple.CoreMotion.plist, NSUnderlyingError=0x10b573780 {Error Domain=NSPOSIXErrorDomain Code=1 \"Operation not permitted\"}}"}
default	00:37:14.989403-0700	UserEventAgent	Received state update for 11161 (xpcservice<com.groundeffectsoftware.AnxietyWatch.AnxietyWatchLiveActivities([osservice<com.apple.chronod>:120])>{vt hash: 259808002}[uuid:1D2C8387-1CF8-4E60-B7FE-93D36A99A011]{definition:com.groundeffectsoftware.AnxietyWatch.AnxietyWatchLiveActivities[extension][client]}, running-suspended-NotVisible
default	00:37:14.989506-0700	IDSCredentialsAgent	 => Pid 11161 suspended!
default	00:37:14.989521-0700	IDSCredentialsAgent	PID: 11161 was suspended
default	00:37:14.990132-0700	AnxietyWatch	{"msg":"Sending cached messages to daemon", "event":"activity"}
default	00:37:14.990147-0700	AnxietyWatch	[0x10b560a00] activating connection: mach=true listener=false peer=false name=com.apple.locationd.registration
default	00:37:14.990228-0700	locationd	Received state update for 11161 (xpcservice<com.groundeffectsoftware.AnxietyWatch.AnxietyWatchLiveActivities([osservice<com.apple.chronod>:120])>{vt hash: 259808002}[uuid:1D2C8387-1CF8-4E60-B7FE-93D36A99A011]{definition:com.groundeffectsoftware.AnxietyWatch.AnxietyWatchLiveActivities[extension][client]}, running-suspended-NotVisible
default	00:37:14.990317-0700	locationd	{"msg":"RBS #AppMonitor process monitor update handler invoked", "pid":11161, "bundleID":"com.groundeffectsoftware.AnxietyWatch.AnxietyWatchLiveActivities", "state":"RunningSuspended"}
default	00:37:14.990454-0700	locationd	{"msg":"RBS #AppMonitor Post Application State Change Notification", "notification":"BackgroundTaskSuspended", "pid":11161, "bundleId":"com.groundeffectsoftware.AnxietyWatch.AnxietyWatchLiveActivities"}
default	00:37:14.990674-0700	locationd	{"msg":"#Warning #ClientResolution the passed keyPath is not registered. Resolving to #nullCKP", "InputCKP":"icom.groundeffectsoftware.AnxietyWatch.AnxietyWatchLiveActivities:"}
default	00:37:14.990726-0700	locationd	{"msg":"#CLIUA AppMonitor notification", "notification":"BackgroundTaskSuspended", "pid":11161, "bundleId":"com.groundeffectsoftware.AnxietyWatch.AnxietyWatchLiveActivities", "ClientKey":"icom.groundeffectsoftware.AnxietyWatch:"}
default	00:37:14.991787-0700	contextstored	Sending fired registration <private> to com.apple.coreduetd.CDDCommunicator
default	00:37:14.992100-0700	biomed	Enumerator for App.InFocus starting from <private>/<private>+0x71710
default	00:37:14.995353-0700	biomed	GDCComputeService: updateViewWithName called: <private>
default	00:37:14.995440-0700	biomed	GDCComputeService: updateViewWithName: request: <private> <private>
default	00:37:14.996418-0700	coreduetd	Registration fired for <private>
default	00:37:14.996429-0700	coreduetd	Dispatching call to informative registration callback for <private>
default	00:37:14.997339-0700	biomed	GDCComputeService: updateViewWithName: request: <private> <private>
default	00:37:14.997421-0700	coreduetd	Apps Differ: 1, Non-Apps Differ: 1
default	00:37:14.997642-0700	biomed	GDCComputeService: updateViewWithName: request: <private> <private>
default	00:37:14.998085-0700	contextstored	Sending fired registration <private> to com.apple.duetexpertd.cdidentifier
default	00:37:14.998852-0700	kernel	ANE0: aneFirmwareCommandSend: Skip waiting for response
default	00:37:14.998867-0700	kernel	ANE0: aneFirmwareCommandSend: Skip waiting for response
default	00:37:14.999229-0700	kernel	ANE0: aneFirmwareCommandSend: Skip waiting for response
default	00:37:15.000380-0700	kernel	IO80211PeerMonitor::checkForDPS()  Enter
default	00:37:15.000422-0700	kernel	wlan0:com.apple.p2p.en0: MonitorTimer en0/5000: packet counts: I6 Q0 O6
default	00:37:15.000458-0700	kernel	wlan0:com.apple.p2p.en0: postMessageOnInfraInterface:3463 posting msgId:169 on skywalk infraInterface
default	00:37:15.000613-0700	kernel	LQM-WiFi: BE : Count: 6 avgLatencyMs:3 maxLatencyMs:12
default	00:37:15.000622-0700	kernel	LQM-WiFi: BK : Count: 0 avgLatencyMs:0 maxLatencyMs:0
default	00:37:15.000627-0700	kernel	LQM-WiFi: VI : Count: 0 avgLatencyMs:0 maxLatencyMs:0
default	00:37:15.000632-0700	kernel	LQM-WiFi: VO : Count: 0 avgLatencyMs:0 maxLatencyMs:0
default	00:37:15.000636-0700	kernel	InfraPeers: ---------- BEGIN ----------
default	00:37:15.000639-0700	kernel	InfraPeers: Gateway (28:87:BA:95:5B:00, 192.168.0.1) - Tx [S:0 (BE:0 BK:0 VI:0 VO:0), F:0 (BE:0 BK:0 VI:0 VO:0), PER:0.0%], TxRe [0 (0%)], Rx [0 (BE:0 BK:0 VI:0 VO:0)], RxRe [0 (0%)], RxUc [0], RxMc [0 (B:0 O:0)]
default	00:37:15.000648-0700	kernel	InfraPeers: Bonjour MC (33:33:00:00:00:00) - Tx [S:0, F:0, PER: 0.0%]
default	00:37:15.000653-0700	kernel	InfraPeers: Other MC (01:00:00:00:00:00) - Tx [S:0, F:0, PER: 0.0%]
default	00:37:15.000657-0700	kernel	InfraPeers: BC (FF:FF:FF:FF:FF:FF) - Tx [S:0, F:0, PER: 0.0%]
default	00:37:15.000660-0700	kernel	InfraPeers: Total unicast peers: 3
default	00:37:15.000664-0700	kernel	InfraPeers: UC (EC:71:DB:87:18:7C, ?) - RxMc [2 (B:0 O:2)]
default	00:37:15.000668-0700	kernel	InfraPeers: UC (B6:D7:3B:97:5F:DF, 192.168.1.7) - Tx [S:6 (BE:6 BK:0 VI:0 VO:0), F:0 (BE:0 BK:0 VI:0 VO:0), PER:0.0%], TxRe [0 (0%)], Rx [6 (BE:6 BK:0 VI:0 VO:0)], RxRe [0 (0%)], RxUc [6], RxMc [0 (B:0 O:0)]
default	00:37:15.000674-0700	kernel	InfraPeers: UC (88:AE:DD:02:00:AB, 192.168.1.47) - Tx [S:0 (BE:0 BK:0 VI:0 VO:0), F:0 (BE:0 BK:0 VI:0 VO:0), PER:0.0%], TxRe [0 (0%)], Rx [2 (BE:2 BK:0 VI:0 VO:0)], RxRe [0 (0%)], RxUc [0], RxMc [2 (B:0 O:2)]
default	00:37:15.000679-0700	kernel	InfraPeers: ----------- END -----------
default	00:37:15.000914-0700	wifid	LQM-TX: Success:6(100.0%) FwFail:0(0.0%) FwMaxRetries:0(0.0%) NoACK:0(0.0%) MiscDrops:0(0.0%) NoBuf:0(0.0%) FwNoRes:0(0.0%) ChipErr:0(0.0%) Exp:0(0.0%) FwFcdExpiry:0(0.0%) FwFree:0(0.0%)
default	00:37:15.002258-0700	fontservicesd	[0xb5ecf9200] activating connection: mach=false listener=false peer=true name=com.apple.fontservicesd.peer[11174].0xb5ecf9200
default	00:37:15.003103-0700	AnxietyWatch	[0x10b5612c0] activating connection: mach=true listener=false peer=false name=com.apple.fontservicesd
default	00:37:15.003226-0700	coreduetd	!setState service=(null)
default	00:37:15.003283-0700	coreduetd	!setState priority=300
default	00:37:15.003331-0700	coreduetd	!setState guid=(null)
default	00:37:15.003380-0700	coreduetd	!setState destination=<private>
default	00:37:15.003484-0700	coreduetd	Attempting To Send message from account <private> to destinations <private>
default	00:37:15.003638-0700	coreduetd	!setState guid=<private>
default	00:37:15.005152-0700	spotlightknowledged.updater	### RECEIVED JOURNAL EVENT <private>
default	00:37:15.005316-0700	spotlightknowledged.updater	Accepting new journal and ToC file at paths <private> and <private>.
default	00:37:15.005784-0700	coreduetd	OUTGOING-CLIENT_REQUEST:<private> SERVICE:com.apple.private.alloy.coreduet
default	00:37:15.005812-0700	coreduetd	Focal App: <private>, Previous: <private>
default	00:37:15.005882-0700	coreduetd	Apps Differ: 0, Non-Apps Differ: 1
default	00:37:15.006381-0700	duetexpertd	Registration fired for <private>
default	00:37:15.006398-0700	duetexpertd	Dispatching call to informative registration callback for <private>
default	00:37:15.007025-0700	spotlightknowledged.updater	<private>: accepted TOC hardlink: page=JournalPageDescriptor(inode: 217289176, number: 16513) family=JournalFamily(name: "journalAttr", cookie: FDF8D0A8-0ABB-4F72-868B-FE8366D76F37) tino=217289177 tocBytes=0 tocEntries=0
default	00:37:15.007039-0700	IntelligencePlatformComputeService	IntelligencePlatformComputeService: updateViewWithName AppOpeningsMatView called
default	00:37:15.007168-0700	IntelligencePlatformComputeService	IntelligencePlatformComputeService: updateViewWithName AppOpeningsMatView begining update
default	00:37:15.007210-0700	coreduetd	Client request to send data on service: com.apple.private.alloy.coreduet   guid: 7E58EBFE-1AB3-42AB-8F2C-9FC02F2F4380   to destinations: <private>  isScheduled? : NO  options: <private>    size: 808] (1 pending)
default	00:37:15.007307-0700	AnxietyWatch	<private>ms (+<private>ms) ContentView.onAppear (root view attached)
default	00:37:15.007339-0700	AnxietyWatch	<private>ms (+<private>ms) ContentView.task (first async after appear)
default	00:37:15.007354-0700	AnxietyWatch	<private>ms (+<private>ms) WindowGroup.task: begin launch work
default	00:37:15.007361-0700	AnxietyWatch	<private>ms (+<private>ms) bootstrapKit: begin
default	00:37:15.007443-0700	AnxietyWatch	Requesting app group container lookup; personaid = 1000, type = DEFAULT, name = 3A076A8F-336D-4BCB-ACE2-64C6E80D0E3A, origin [pid = 0, personaid = 0], proximate [pid = 0, personaid = 0], identifier = <private>, euid = 501, uid = 501, platform = 2
default	00:37:15.007740-0700	containermanagerd	[0xad6d0c000] activating connection: mach=false listener=false peer=true name=com.apple.containermanagerd.peer[11174].0xad6d0c000
error	00:37:15.008003-0700	containermanagerd	[0] command=38, client=<<~~~>/<~~~>, u=<501/501/~~/0/1000>, uid=501, pid=11174, sandboxed=1, platform=2 (1/1/0) [<~~~>], cs cached>, error=(55|3|0|[(null)])
default	00:37:15.008135-0700	identityservicesd	Gossip - Trying to fetch STH.
default	00:37:15.008151-0700	identityservicesd	Gossip - Retrieved nil STH. Will not gossip.
default	00:37:15.008157-0700	identityservicesd	Daemon Attempting To Send message from account <private> to destinations <private>
error	00:37:15.008301-0700	kernel	6 duplicate reports for Sandbox: AnxietyWatch(11174) deny(1) file-test-existence /private/var/Managed Preferences/mobile/com.apple.CoreMotion.plist
error	00:37:15.008311-0700	kernel	Sandbox: AnxietyWatch(11174) deny(1) file-write-create /private/var/mobile/Containers/Data/Application/05ECE067-3DE6-43F1-8314-DD07F897F656/AppGroup-group.com.anxietywatch
error	00:37:15.008558-0700	AnxietyWatch	container_create_or_lookup_app_group_path_by_app_group_identifier: client is not entitled
default	00:37:15.008569-0700	AnxietyWatch	AppGroup: 'group.com.anxietywatch' NOT provisioned — using per-app fallback container (DEBUG only)
default	00:37:15.008620-0700	identityservicesd	  == Incrementing outgoing-messages for service: com.apple.private.alloy.coreduet   Requestor: com.apple.coreduetd  (Count: 141, GlobalCountForAdhocType2: 2152)
default	00:37:15.008651-0700	identityservicesd	     No budget specified
default	00:37:15.008779-0700	identityservicesd	Daemon sending message with priority URGENT guid: 7E58EBFE-1AB3-42AB-8F2C-9FC02F2F4380 messageType: (null), serviceIdentifier: com.apple.private.alloy.coreduet to: <private>   from: (null)   aliases: <private>  service type: adhoc type 2   QoS=0x19
default	00:37:15.008856-0700	identityservicesd	Store outgoing message {guid: <private>, canSendUrgent: YES, forceImmediateSend: YES, hasSpecialTrafficClass: YES}
default	00:37:15.008976-0700	contextstored	Sending fired registration <private> to com.apple.proactive.PersonalizationPortrait
default	00:37:15.009671-0700	identityservicesd	Performing duet check for priority URGENT for account <private> serviceIdentifier com.apple.private.alloy.coreduet duetIdentifiers <private> bypassDuet YES  logString: <private>
default	00:37:15.009869-0700	identityservicesd	Sending via account that's type Local -- forcing local delivery.
default	00:37:15.009892-0700	AnxietyWatch	-[WCSession _init] WCSession initialized
default	00:37:15.009907-0700	identityservicesd	sendMessage of size 808  bulkedPayload (null) fromID (null)   toDestinations <private>   useDictAsTopLevel NO  encryptPayload YES  wantsResponse NO  timeout 604800.000000  command 242 wantsDeliveryStatus NO wantsCertifiedDelivery NO deliveryStatusContext (null) messageUUID <private>  priority URGENT localDelivery YES  completionBlock 0xc92601d00
default	00:37:15.009937-0700	identityservicesd	(Class) Destination device uniqueID: <private>
default	00:37:15.010268-0700	identityservicesd	OUTGOING-LOCAL_SEND:<private> SERVICE:com.apple.private.alloy.coreduet
default	00:37:15.010291-0700	identityservicesd	Returning phone number from _IDSFetchPhoneNumber { phoneNumbers: <private> }
default	00:37:15.010303-0700	identityservicesd	Ignoring request to fallback forcedLocal YES  localType YES requireLocalWiFi NO message <private>
default	00:37:15.010310-0700	identityservicesd	Notifying client IDSResponsePersisted(11) for com.apple.private.alloy.coreduet id <private> alt (null)
default	00:37:15.010334-0700	identityservicesd	Updating listener on <private> with responseCode 11 error (null)  lastCall YES - messageContext <private>
default	00:37:15.010351-0700	identityservicesd	OUTGOING-UTUN_DELIVERY:<private> SERVICE:com.apple.private.alloy.coreduet
default	00:37:15.010376-0700	identityservicesd	UTUN request to send URGENT priority local message payload of data size: 808  guid: 7E58EBFE-1AB3-42AB-8F2C-9FC02F2F4380  expirationDate Sun Jul 26 00:37:15 2026 enforceRemoteTimeout NO for topic: com.apple.private.alloy.coreduet:41793 and command 242 to deviceIDs (count: 1)
default	00:37:15.010484-0700	identityservicesd	Message with topic com.apple.private.alloy.coreduet has queueOneIdentifier <private>, flushing older messages that match.
default	00:37:15.010588-0700	coreduetd	OUTGOING-UPDATE:<private> CODE:11 LASTCALL:YES
default	00:37:15.010620-0700	coreduetd	<private> outgoing message guid response: 7E58EBFE-1AB3-42AB-8F2C-9FC02F2F4380  callbackID: (null)  response code: 11   error: (null)   lastCall: YES  endpointState: 1
default	00:37:15.010636-0700	identityservicesd	Message (null) <private> <private> removed, total message count 1 - queue one identifier
default	00:37:15.010653-0700	identityservicesd	<private> is not available, waiting.
default	00:37:15.010725-0700	identityservicesd	IDSUTunDeliveryController sendMessage <private> deviceID 00000000-0000-0000-0000-000000000000 succeeded? NO response 13 topic: com.apple.private.alloy.coreduet - current pending sends local <private> fallback <private> account <private>
default	00:37:15.010745-0700	identityservicesd	Local send completion block {responseCode: 13, error: Error Domain=com.apple.ids.idssenderrordomain Code=13, lastCall: YES, combinedResponseCode: 13, combinedError: Error Domain=com.apple.ids.idssenderrordomain Code=13, account: <private>}
default	00:37:15.010754-0700	identityservicesd	Updating listener on <private> with responseCode 13 error Error Domain=com.apple.ids.idssenderrordomain Code=13  lastCall YES - messageContext <private>
default	00:37:15.010967-0700	identityservicesd	Logged message send response metric: responseCode=13 service=com.apple.private.alloy.coreduet command=242 hasDataToEncrypt=NO messageGUID=<private> metricContext=(null)
default	00:37:15.011006-0700	identityservicesd	deleteOutgoingMessageWithGUID:alternateGUID: {guid: <private>, alternateGUID: (null)}
default	00:37:15.011045-0700	identityservicesd	_pendingCloudEnable: NO, _supportsCloudConnections: YES, _isPeerAlwaysConnected: NO
default	00:37:15.011058-0700	AnxietyWatch	-[WCSession setDelegate:] delegateSupportsAsyncActivate: YES, delegateSupportsActiveDeviceSwitch: YES
default	00:37:15.011065-0700	identityservicesd	-[IMDispatchTimer update] {self: 0xc93b07480, _timerSource: <private>, timerStart: 1965141461629, timerInterval: 18446744073709551615, timerLeeway: 100000000, newInterval: 10, repeats: NO}
default	00:37:15.011069-0700	identityservicesd	-[IMDispatchTimer init] {self: 0xc93b07480, interval: 10, repeats: NO, _timerSource: <private>, queue: <private>}
default	00:37:15.011133-0700	coreduetd	OUTGOING-UPDATE:<private> CODE:13 LASTCALL:YES
default	00:37:15.011188-0700	coreduetd	<private> outgoing message guid response: 6871CDE9-235C-4A07-921B-C8FD3C033E79  callbackID: (null)  response code: 13   error: Error Domain=com.apple.ids.idssenderrordomain Code=13 "(null)"   lastCall: YES  endpointState: 1
default	00:37:15.011197-0700	coreduetd	Server Timestamp for UpdatedWithResponseCode? { serverReceivedTime: (null), serverTimestamp: (null)}
default	00:37:15.011240-0700	coreduetd	<private> got messageIdentifier <private> callbackID (null) updatedWithResponseCode: 13 error Error Domain=com.apple.identityservices.error Code=24 "Replaced" UserInfo={NSLocalizedDescription=Replaced, NSUnderlyingError=0xb69425650 {Error Domain=com.apple.ids.idssenderrordomain Code=13}} lastCall YES
default	00:37:15.011270-0700	coreduetd	  => <<private>:0xb68cfc780> finished handling message guid: <private>  (connection:messageIdentifier:alternateCallbackID:updatedWithResponseCode:error:lastCall:)
default	00:37:15.011312-0700	coreduetd	<private> got identifier <private> didSendWithSuccess NO  error Error Domain=com.apple.identityservices.error Code=24 "Replaced" UserInfo={NSLocalizedDescription=Replaced, NSUnderlyingError=0xb69425650 {Error Domain=com.apple.ids.idssenderrordomain Code=13}} num delegates: 1
default	00:37:15.011364-0700	coreduetd	  => <<private>:0xb68cfc780> finished handling message guid: <private>  (connection:identifier:didSendWithSuccess:error:context:)
default	00:37:15.011631-0700	identityservicesd	Received acknowledgement for outgoing message <private> alternateCallbackID (null) from localObject 0xc928e0f40
default	00:37:15.011735-0700	AnxietyWatch	-[WCSession activateSession]_block_invoke
default	00:37:15.011743-0700	AnxietyWatch	-[WCSession activateSession]_block_invoke informing daemon ready for session state
default	00:37:15.011754-0700	AnxietyWatch	[0x10b4b1400] activating connection: mach=true listener=false peer=false name=com.apple.wcd
default	00:37:15.012435-0700	wcd	Accepting new connection from client with bundle ID com.groundeffectsoftware.AnxietyWatch and communicationID com.groundeffectsoftware.AnxietyWatch
default	00:37:15.012717-0700	wcd	Creating new client com.groundeffectsoftware.AnxietyWatch with connection <NSXPCConnection: 0xcf8c4d220> connection from pid 11174 on mach service named com.apple.wcd
default	00:37:15.012729-0700	wcd	Updating configuration of monitor M67-1
default	00:37:15.013514-0700	wcd	com.groundeffectsoftware.AnxietyWatch, numMonitored: 1
default	00:37:15.013797-0700	wcd	Hit the server for a process handle 398899d00002ba6 that resolved to: [app<com.groundeffectsoftware.AnxietyWatch(3A076A8F-336D-4BCB-ACE2-64C6E80D0E3A)>:11174]
default	00:37:15.013809-0700	wcd	Created new client object <WCDClient: 0xcf8d36100, communicationID: com.groundeffectsoftware.AnxietyWatch, identifier: com.groundeffectsoftware.AnxietyWatch, connection: <<NSXPCConnection: 0xcf8c4d220> connection from pid 11174 on mach service named com.apple.wcd>(NO,NO), clientCurrentPairingID: (null)>
default	00:37:15.013932-0700	wcd	com.groundeffectsoftware.AnxietyWatch not dequeueing content for client as it has no pairingID
default	00:37:15.013947-0700	wcd	[0xcf8c69a40] activating connection: mach=false listener=false peer=true name=com.apple.wcd.peer[11174].0xcf8c69a40
default	00:37:15.014066-0700	wcd	Received state update for 8784 (app<com.neybox.Pillow(3A076A8F-336D-4BCB-ACE2-64C6E80D0E3A)>, running-suspended-NotVisible
default	00:37:15.014081-0700	wcd	Received state update for 11174 (app<com.groundeffectsoftware.AnxietyWatch(3A076A8F-336D-4BCB-ACE2-64C6E80D0E3A)>, running-active-Visible
default	00:37:15.014089-0700	wcd	Received state update for 660 (app<com.authy(3A076A8F-336D-4BCB-ACE2-64C6E80D0E3A)>, running-suspended-NotVisible
default	00:37:15.014096-0700	wcd	Received state update for 10709 (app<com.google.calendar(3A076A8F-336D-4BCB-ACE2-64C6E80D0E3A)>, running-suspended-NotVisible
default	00:37:15.014110-0700	wcd	Received state update for 372 (app<io.robbie.HomeAssistant(3A076A8F-336D-4BCB-ACE2-64C6E80D0E3A)>, running-suspended-NotVisible
default	00:37:15.014117-0700	wcd	com.groundeffectsoftware.AnxietyWatch: client supports switch: YES, client pairingID: (null), system pairingID: EB3E34D6-C5A1-4093-BED1-96D75BB741AC
default	00:37:15.014125-0700	wcd	Received state update for 3047 (app<com.audible.iphone(3A076A8F-336D-4BCB-ACE2-64C6E80D0E3A)>, running-suspended-NotVisible
default	00:37:15.014131-0700	wcd	Received state update for 386 (app<com.resmed.mcmyair(3A076A8F-336D-4BCB-ACE2-64C6E80D0E3A)>, running-suspended-NotVisible
default	00:37:15.014137-0700	wcd	com.groundeffectsoftware.AnxietyWatch: activating for currently active counterpart
default	00:37:15.014211-0700	AnxietyWatch	-[WCSession handleSessionStateChanged:]_block_invoke <WCSessionState: 0x10b5715f0, reachable: NO, paired: YES, appInstalled: NO, complicationEnabled: NO(0), pairingID: EB3E34D6-C5A1-4093-BED1-96D75BB741AC, pairedDevicesPairingIDs: {("EB3E34D6-C5A1-4093-BED1-96D75BB741AC")}, appInstallationID: (null)>
default	00:37:15.014225-0700	AnxietyWatch	-[WCSession onqueue_completeSwitchTask:withSessionState:] <WCActiveDeviceSwitchTask: 0x1081bae80, clientReadyForSessionState: YES, taskState: ActivationRequested>
default	00:37:15.014271-0700	AnxietyWatch	-[WCSession onDelegateQueueIfTriggeringKVO_updateSessionState:triggerKVO:] <WCSessionState: 0x10b5715f0, reachable: NO, paired: YES, appInstalled: NO, complicationEnabled: NO(0), pairingID: EB3E34D6-C5A1-4093-BED1-96D75BB741AC, pairedDevicesPairingIDs: {("EB3E34D6-C5A1-4093-BED1-96D75BB741AC")}, appInstallationID: (null)>, triggerKVO: NO
default	00:37:15.014295-0700	wcd	com.groundeffectsoftware.AnxietyWatch causing client to check to see if there is any pending content awaiting
default	00:37:15.014307-0700	wcd	-[WatchConnectivityDaemon dequeueContentForClient:]
default	00:37:15.014314-0700	wcd	-[WatchConnectivityDaemon dequeuePendingMessagesForCommunicationID:]
default	00:37:15.014321-0700	wcd	com.groundeffectsoftware.AnxietyWatch EB3E34D6-C5A1-4093-BED1-96D75BB741AC
default	00:37:15.014403-0700	AnxietyWatch	-[WCSession updatePairingID:] EB3E34D6-C5A1-4093-BED1-96D75BB741AC
default	00:37:15.014410-0700	AnxietyWatch	-[WCSession onqueue_loadPersistedContent] loading persisted content
default	00:37:15.014419-0700	wcd	com.groundeffectsoftware.AnxietyWatch EB3E34D6-C5A1-4093-BED1-96D75BB741AC
default	00:37:15.014425-0700	wcd	com.groundeffectsoftware.AnxietyWatch EB3E34D6-C5A1-4093-BED1-96D75BB741AC
default	00:37:15.014430-0700	wcd	com.groundeffectsoftware.AnxietyWatch EB3E34D6-C5A1-4093-BED1-96D75BB741AC
default	00:37:15.014436-0700	wcd	com.groundeffectsoftware.AnxietyWatch EB3E34D6-C5A1-4093-BED1-96D75BB741AC
default	00:37:15.014465-0700	AnxietyWatch	-[WCSession onqueue_loadFileTransferProgress] for number of file transfers 0
default	00:37:15.014810-0700	AnxietyWatch	-[WCSession handleApplicationContextWithPairingID:] EB3E34D6-C5A1-4093-BED1-96D75BB741AC
default	00:37:15.014822-0700	AnxietyWatch	-[WCSession handleUserInfoResultWithPairingID:] EB3E34D6-C5A1-4093-BED1-96D75BB741AC
default	00:37:15.014828-0700	AnxietyWatch	-[WCSession handleIncomingUserInfoWithPairingID:] EB3E34D6-C5A1-4093-BED1-96D75BB741AC
default	00:37:15.014844-0700	AnxietyWatch	-[WCSession onqueue_completeSwitchTask:withSessionState:]_block_invoke_2 hasContentPending: YES
default	00:37:15.014852-0700	AnxietyWatch	-[WCSession handleFileResultWithPairingID:] EB3E34D6-C5A1-4093-BED1-96D75BB741AC
default	00:37:15.014857-0700	AnxietyWatch	-[WCSession handleIncomingFileWithPairingID:] EB3E34D6-C5A1-4093-BED1-96D75BB741AC
default	00:37:15.014863-0700	AnxietyWatch	-[WCSession handleSessionStateChanged:]_block_invoke <WCSessionState: 0x10b570f30, reachable: NO, paired: YES, appInstalled: NO, complicationEnabled: NO(0), pairingID: EB3E34D6-C5A1-4093-BED1-96D75BB741AC, pairedDevicesPairingIDs: {("EB3E34D6-C5A1-4093-BED1-96D75BB741AC")}, appInstallationID: (null)>
default	00:37:15.014998-0700	wcd	BKSApplicationStateForegroundRunning for bundleID: com.groundeffectsoftware.AnxietyWatch
error	00:37:15.015234-0700	AnxietyWatch	Application context data is nil
default	00:37:15.015428-0700	AnxietyWatch	-[WCSession handleApplicationContextWithPairingID:] EB3E34D6-C5A1-4093-BED1-96D75BB741AC
default	00:37:15.015435-0700	AnxietyWatch	-[WCSession handleFileResultWithPairingID:] EB3E34D6-C5A1-4093-BED1-96D75BB741AC
default	00:37:15.015441-0700	AnxietyWatch	-[WCSession handleIncomingFileWithPairingID:] EB3E34D6-C5A1-4093-BED1-96D75BB741AC
default	00:37:15.015448-0700	AnxietyWatch	-[WCSession handleUserInfoResultWithPairingID:] EB3E34D6-C5A1-4093-BED1-96D75BB741AC
default	00:37:15.015460-0700	AnxietyWatch	-[WCSession handleIncomingUserInfoWithPairingID:] EB3E34D6-C5A1-4093-BED1-96D75BB741AC
error	00:37:15.015677-0700	AnxietyWatch	Application context data is nil
default	00:37:15.015687-0700	AnxietyWatch	-[WCSession onqueue_startNextDeviceSwitch] no tasks queued after <WCActiveDeviceSwitchTask: 0x1081bae80, clientReadyForSessionState: YES, taskState: ActivationCompleted>
default	00:37:15.016119-0700	suggestd	Registration fired for <private>
default	00:37:15.016331-0700	suggestd	Dispatching call to informative registration callback for <private>
default	00:37:15.017977-0700	AnxietyWatch	-[WCSession onqueue_completeSwitchTask:withSessionState:]_block_invoke_4 cleaning up directories for state: <WCSessionState: 0x10b5715f0, reachable: NO, paired: YES, appInstalled: NO, complicationEnabled: NO(0), pairingID: EB3E34D6-C5A1-4093-BED1-96D75BB741AC, pairedDevicesPairingIDs: {("EB3E34D6-C5A1-4093-BED1-96D75BB741AC")}, appInstallationID: (null)>
default	00:37:15.019260-0700	IntelligencePlatformComputeService	Enumerator for App.InFocus starting from <private>/<private>+0x71710
error	00:37:15.020735-0700	AnxietyWatch	WCSession counterpart app not installed
default	00:37:15.020744-0700	AnxietyWatch	-[WCSession didSessionStateChange:withChangeHandler:] no change
default	00:37:15.021970-0700	spotlightknowledged.updater	<private>: accepted TOC hardlink: page=JournalPageDescriptor(inode: 217289176, number: 16513) family=JournalFamily(name: "journalAttr", cookie: FDF8D0A8-0ABB-4F72-868B-FE8366D76F37) tino=217289177 tocBytes=0 tocEntries=0
default	00:37:15.022000-0700	AnxietyWatch	[0x10b4b2a80] activating connection: mach=true listener=false peer=false name=com.apple.FileCoordination
default	00:37:15.022367-0700	AnxietyWatch	Read options: 1 -- URL: <private> -- purposeID: EFE3C802-222D-4C28-8E1A-7454C773AACC -- claimID: 1E3B9858-5E34-4BE8-AA18-9F923E186583
default	00:37:15.022424-0700	identityservicesd	Duet resources changed {syncIdentifiersToCheck: <private>, defaultIdentifiersToCheck: <private>}
default	00:37:15.022464-0700	identityservicesd	Alerted that duet resource availability has changed.
default	00:37:15.022598-0700	identityservicesd	<private> is not available, waiting.
default	00:37:15.022618-0700	identityservicesd	<private> is not available, waiting.
default	00:37:15.022629-0700	identityservicesd	UTunConnection _isCloudEnabled:<private> (YES, messageCount:0)
default	00:37:15.022635-0700	identityservicesd	UTunConnection _isCloudEnabled:<private> (YES, messageCount:0)
default	00:37:15.022640-0700	identityservicesd	<private> is not available, waiting.
default	00:37:15.022646-0700	identityservicesd	<private> is not available, waiting.
default	00:37:15.022653-0700	identityservicesd	Resource availability changed, identifiers: <private> priorities (null)
default	00:37:15.022747-0700	identityservicesd	<private> is not available, waiting.
default	00:37:15.022758-0700	identityservicesd	UTunConnection _isCloudEnabled:<private> (YES, messageCount:0)
default	00:37:15.022763-0700	identityservicesd	<private> is not available, waiting.
default	00:37:15.022773-0700	identityservicesd	<private> is not available, waiting.
default	00:37:15.022783-0700	identityservicesd	UTunConnection _isCloudEnabled:<private> (YES, messageCount:12)
default	00:37:15.023060-0700	identityservicesd	<private> Assert QuickRelay after 0 ms
default	00:37:15.023066-0700	identityservicesd	<private> is not available, waiting.
default	00:37:15.023072-0700	identityservicesd	<private> is not available, waiting.
default	00:37:15.023186-0700	identityservicesd	<private> is not available, waiting.
default	00:37:15.023220-0700	identityservicesd	<private> is not available, waiting.
default	00:37:15.023226-0700	identityservicesd	UTunConnection _isCloudEnabled:<private> (YES, messageCount:0)
default	00:37:15.023238-0700	identityservicesd	UTunConnection _isCloudEnabled:<private> (YES, messageCount:0)
default	00:37:15.023245-0700	identityservicesd	<private> is not available, waiting.
default	00:37:15.023250-0700	identityservicesd	<private> is not available, waiting.
default	00:37:15.023262-0700	filecoordinationd	[0x92cd56580] activating connection: mach=false listener=false peer=true name=com.apple.FileCoordination.peer[11174].0x92cd56580
default	00:37:15.023426-0700	filecoordinationd	Received claim 1E3B9858-5E34-4BE8-AA18-9F923E186583
default	00:37:15.023464-0700	filecoordinationd	Requesting container lookup; personaid = 1000, type = DEFAULT, name = 3A076A8F-336D-4BCB-ACE2-64C6E80D0E3A, origin [pid = 11174, personaid = 1000], proximate [pid = 11174, personaid = 1000], class = 2, identifier = <private>, group_identifier = <private>, create = 0, temp = 0, euid = 0, uid = 0
default	00:37:15.023497-0700	identityservicesd	<private> is not available, waiting.
default	00:37:15.023577-0700	identityservicesd	UTunConnection _isCloudEnabled:<private> (YES, messageCount:1)
default	00:37:15.023601-0700	identityservicesd	<private> Assert QuickRelay after 0 ms
default	00:37:15.023655-0700	identityservicesd	<private> is not available, waiting.
default	00:37:15.023665-0700	containermanagerd	[0xad6d0c900] activating connection: mach=false listener=false peer=true name=com.apple.containermanagerd.peer[156].0xad6d0c900
default	00:37:15.024205-0700	identityservicesd	<private> is not available, waiting.
default	00:37:15.024228-0700	identityservicesd	UTunConnection _isCloudEnabled:<private> (YES, messageCount:0)
default	00:37:15.024240-0700	identityservicesd	<private> is not available, waiting.
default	00:37:15.024246-0700	identityservicesd	AccountUUIDs with pending Default messages <private>
default	00:37:15.024254-0700	identityservicesd	_pendingCloudEnable: NO, _supportsCloudConnections: YES, _isPeerAlwaysConnected: NO
default	00:37:15.024338-0700	identityservicesd	AccountUUIDs with pending Default messages <private>
default	00:37:15.024410-0700	identityservicesd	AccountUUIDs with pending Default messages <private>
default	00:37:15.024420-0700	identityservicesd	-[IMDispatchTimer update] {self: 0xc93b04e80, _timerSource: <private>, timerStart: 1965141775369, timerInterval: 18446744073709551615, timerLeeway: 100000000, newInterval: 10, repeats: NO}
default	00:37:15.024533-0700	identityservicesd	-[IMDispatchTimer init] {self: 0xc93b04e80, interval: 10, repeats: NO, _timerSource: <private>, queue: <private>}
default	00:37:15.024542-0700	identityservicesd	_pendingCloudEnable: NO, _supportsCloudConnections: YES, _isPeerAlwaysConnected: NO
default	00:37:15.024549-0700	identityservicesd	-[IMDispatchTimer update] {self: 0xc93b04e80, _timerSource: <private>, timerStart: 1965141784665, timerInterval: 18446744073709551615, timerLeeway: 100000000, newInterval: 10, repeats: NO}
default	00:37:15.024555-0700	identityservicesd	_pendingCloudEnable: NO, _supportsCloudConnections: YES, _isPeerAlwaysConnected: NO
default	00:37:15.024574-0700	identityservicesd	-[IMDispatchTimer update] {self: 0xc93b07480, _timerSource: <private>, timerStart: 1965141785596, timerInterval: 18446744073709551615, timerLeeway: 100000000, newInterval: 10, repeats: NO}
default	00:37:15.024585-0700	identityservicesd	_pendingCloudEnable: NO, _supportsCloudConnections: YES, _isPeerAlwaysConnected: NO
default	00:37:15.024611-0700	identityservicesd	-[IMDispatchTimer update] {self: 0xc93b07480, _timerSource: <private>, timerStart: 1965141786272, timerInterval: 18446744073709551615, timerLeeway: 100000000, newInterval: 10, repeats: NO}
default	00:37:15.024658-0700	filecoordinationd	_container_query_get_result_at_index: success
default	00:37:15.024689-0700	filecoordinationd	container_create_or_lookup_path_for_platform: success
default	00:37:15.024789-0700	filecoordinationd	Updating configuration of monitor M156-1
default	00:37:15.024806-0700	identityservicesd	_pendingCloudEnable: NO, _supportsCloudConnections: YES, _isPeerAlwaysConnected: NO
default	00:37:15.024902-0700	identityservicesd	-[IMDispatchTimer update] {self: 0xc93b07480, _timerSource: <private>, timerStart: 1965141792905, timerInterval: 18446744073709551615, timerLeeway: 100000000, newInterval: 10, repeats: NO}
default	00:37:15.024909-0700	identityservicesd	_pendingCloudEnable: NO, _supportsCloudConnections: YES, _isPeerAlwaysConnected: NO
default	00:37:15.024970-0700	identityservicesd	-[IMDispatchTimer update] {self: 0xc93b07480, _timerSource: <private>, timerStart: 1965141794793, timerInterval: 18446744073709551615, timerLeeway: 100000000, newInterval: 10, repeats: NO}
default	00:37:15.025135-0700	identityservicesd	Queried pairedDeviceUUIDString {pairedDeviceUUIDString: <private>}
default	00:37:15.025146-0700	identityservicesd	NRDeviceMonitor already running for {deviceIdentifier: <private>}.
default	00:37:15.025166-0700	identityservicesd	defaultPeerSetWantsQuickRelayRequest: YES
default	00:37:15.025176-0700	identityservicesd	Called [NRDevicePreferences setQuickRelayRequest:] {wantsQuickRelay: YES}, {quickRelayRequestsCount: 31}, {remoteStatus:Offline}
default	00:37:15.025183-0700	identityservicesd	_pendingCloudEnable: NO, _supportsCloudConnections: YES, _isPeerAlwaysConnected: NO
default	00:37:15.025192-0700	identityservicesd	-[IMDispatchTimer update] {self: 0xc93b07480, _timerSource: <private>, timerStart: 1965141798677, timerInterval: 18446744073709551615, timerLeeway: 100000000, newInterval: 10, repeats: NO}
default	00:37:15.025199-0700	identityservicesd	_pendingCloudEnable: NO, _supportsCloudConnections: YES, _isPeerAlwaysConnected: NO
default	00:37:15.025207-0700	identityservicesd	-[IMDispatchTimer update] {self: 0xc93b07480, _timerSource: <private>, timerStart: 1965141799418, timerInterval: 18446744073709551615, timerLeeway: 100000000, newInterval: 10, repeats: NO}
default	00:37:15.025213-0700	identityservicesd	_pendingCloudEnable: NO, _supportsCloudConnections: YES, _isPeerAlwaysConnected: NO
default	00:37:15.025221-0700	identityservicesd	-[IMDispatchTimer update] {self: 0xc93b05980, _timerSource: <private>, timerStart: 1965141800227, timerInterval: 18446744073709551615, timerLeeway: 100000000, newInterval: 10, repeats: NO}
default	00:37:15.025285-0700	filecoordinationd	Requesting container lookup; personaid = 1000, type = DEFAULT, name = 3A076A8F-336D-4BCB-ACE2-64C6E80D0E3A, origin [pid = 11174, personaid = 1000], proximate [pid = 11174, personaid = 1000], class = 2, identifier = <private>, group_identifier = <private>, create = 0, temp = 0, euid = 0, uid = 0
default	00:37:15.025374-0700	identityservicesd	-[IMDispatchTimer init] {self: 0xc93b05980, interval: 10, repeats: NO, _timerSource: <private>, queue: <private>}
default	00:37:15.025381-0700	identityservicesd	_pendingCloudEnable: NO, _supportsCloudConnections: YES, _isPeerAlwaysConnected: NO
default	00:37:15.025424-0700	filecoordinationd	Hit the server for a process handle 398899d00002ba6 that resolved to: [app<com.groundeffectsoftware.AnxietyWatch(3A076A8F-336D-4BCB-ACE2-64C6E80D0E3A)>:11174]
default	00:37:15.025432-0700	filecoordinationd	Received state update for 11174 (app<com.groundeffectsoftware.AnxietyWatch(3A076A8F-336D-4BCB-ACE2-64C6E80D0E3A)>, running-active-NotVisible
default	00:37:15.025441-0700	identityservicesd	-[IMDispatchTimer update] {self: 0xc93b07480, _timerSource: <private>, timerStart: 1965141807355, timerInterval: 18446744073709551615, timerLeeway: 100000000, newInterval: 10, repeats: NO}
default	00:37:15.025464-0700	identityservicesd	Queried pairedDeviceUUIDString {pairedDeviceUUIDString: <private>}
default	00:37:15.025485-0700	identityservicesd	NRDeviceMonitor already running for {deviceIdentifier: <private>}.
default	00:37:15.025547-0700	identityservicesd	defaultPeerSetWantsQuickRelayRequest: YES
default	00:37:15.025556-0700	identityservicesd	Called [NRDevicePreferences setQuickRelayRequest:] {wantsQuickRelay: YES}, {quickRelayRequestsCount: 32}, {remoteStatus:Offline}
default	00:37:15.025562-0700	identityservicesd	_pendingCloudEnable: NO, _supportsCloudConnections: YES, _isPeerAlwaysConnected: NO
default	00:37:15.025569-0700	identityservicesd	-[IMDispatchTimer update] {self: 0xc93b05980, _timerSource: <private>, timerStart: 1965141809798, timerInterval: 18446744073709551615, timerLeeway: 100000000, newInterval: 10, repeats: NO}
default	00:37:15.025578-0700	identityservicesd	_processLocalMessagesWithAccountUUIDs with number of accountUUIDs 1 priority Default class Class A
default	00:37:15.026282-0700	identityservicesd	_processLocalMessagesWithAccountUUIDs with number of accountUUIDs 1 priority Default class Class C
default	00:37:15.026413-0700	identityservicesd	Performing duet check for priority non-urgent for account (null) serviceIdentifier <private> duetIdentifiers <private> bypassDuet NO  logString: (null)
default	00:37:15.026428-0700	identityservicesd	0xc93561300 -[IDSDuetInterface checkAvailabilityForValues:priority:logString:fromQueue:withCompletionBlock:] Sending IDS message, already allowed by CoreDuet
default	00:37:15.026436-0700	identityservicesd	Performing query for account UUID <private> priority Default class Class A Local Device ID <private>
default	00:37:15.026542-0700	filecoordinationd	_container_query_get_result_at_index: success
default	00:37:15.026833-0700	filecoordinationd	container_create_or_lookup_path_for_platform: success
default	00:37:15.026866-0700	filecoordinationd	Claim 1E3B9858-5E34-4BE8-AA18-9F923E186583 granted in server
default	00:37:15.027354-0700	runningboardd	Acquiring assertion targeting [app<com.groundeffectsoftware.AnxietyWatch(3A076A8F-336D-4BCB-ACE2-64C6E80D0E3A)>:11174] from originator [osservice<com.apple.FileCoordination>:156] with description <RBSAssertionDescriptor| "File Coordination Claim 1E3B9858-5E34-4BE8-AA18-9F923E186583" ID:34-156-40160 target:11174 attributes:[
	<RBSLegacyAttribute| requestedReason:FinishTask reason:FinishTask flags:( PreventTaskSuspend PreventTaskThrottleDown )>,
	<RBSAcquisitionCompletionAttribute| policy:AfterValidation>
	]>
default	00:37:15.027466-0700	runningboardd	Assertion 34-156-40160 (target:[app<com.groundeffectsoftware.AnxietyWatch(3A076A8F-336D-4BCB-ACE2-64C6E80D0E3A)>:11174]) will be created as inactive as start-time-defining assertions exist
default	00:37:15.027519-0700	AnxietyWatch	Claim 1E3B9858-5E34-4BE8-AA18-9F923E186583 granted in client
default	00:37:15.027530-0700	AnxietyWatch	Claim 1E3B9858-5E34-4BE8-AA18-9F923E186583 invoked in client
default	00:37:15.027610-0700	identityservicesd	_processLocalMessagesWithAccountUUIDs with number of accountUUIDs 1 priority Default class Class D
default	00:37:15.027637-0700	filecoordinationd	Claim 1E3B9858-5E34-4BE8-AA18-9F923E186583 invoked in server
default	00:37:15.027674-0700	identityservicesd	Got 0 query messages
default	00:37:15.027753-0700	identityservicesd	Performing duet check for priority non-urgent for account (null) serviceIdentifier <private> duetIdentifiers <private> bypassDuet NO  logString: (null)
default	00:37:15.027779-0700	identityservicesd	_processLocalMessagesWithAccountUUIDs with number of accountUUIDs 0 priority Default class Class A
default	00:37:15.027791-0700	identityservicesd	0xc93561300 -[IDSDuetInterface checkAvailabilityForValues:priority:logString:fromQueue:withCompletionBlock:] Sending IDS message, already allowed by CoreDuet
default	00:37:15.027797-0700	identityservicesd	Performing query for account UUID <private> priority Default class Class C Local Device ID <private>
default	00:37:15.027803-0700	identityservicesd	No pending non-urgent local messages to send, returning
default	00:37:15.028024-0700	identityservicesd	AccountUUIDs with pending Sync messages <private>
default	00:37:15.028105-0700	identityservicesd	_processLocalMessagesWithAccountUUIDs with number of accountUUIDs 1 priority Sync class Class A
default	00:37:15.028192-0700	identityservicesd	Got 0 query messages
default	00:37:15.028250-0700	identityservicesd	Performing duet check for priority non-urgent for account (null) serviceIdentifier <private> duetIdentifiers <private> bypassDuet NO  logString: (null)
default	00:37:15.028281-0700	identityservicesd	0xc93561300 -[IDSDuetInterface checkAvailabilityForValues:priority:logString:fromQueue:withCompletionBlock:] Sending IDS message, already allowed by CoreDuet
default	00:37:15.028302-0700	identityservicesd	Performing query for account UUID <private> priority Default class Class D Local Device ID <private>
default	00:37:15.028398-0700	identityservicesd	_processLocalMessagesWithAccountUUIDs with number of accountUUIDs 0 priority Default class Class C
default	00:37:15.028414-0700	identityservicesd	No pending non-urgent local messages to send, returning
default	00:37:15.028645-0700	identityservicesd	Got 0 query messages
default	00:37:15.028717-0700	identityservicesd	_processLocalMessagesWithAccountUUIDs with number of accountUUIDs 0 priority Default class Class D
default	00:37:15.028733-0700	identityservicesd	No pending non-urgent local messages to send, returning
default	00:37:15.028958-0700	identityservicesd	AccountUUIDs with pending Sync messages <private>
default	00:37:15.028980-0700	identityservicesd	_processLocalMessagesWithAccountUUIDs with number of accountUUIDs 1 priority Sync class Class C
default	00:37:15.029052-0700	identityservicesd	AccountUUIDs with pending Sync messages <private>
default	00:37:15.029238-0700	identityservicesd	<private> is not available, waiting.
default	00:37:15.029329-0700	identityservicesd	<private> is not available, waiting.
default	00:37:15.029367-0700	identityservicesd	<private> is not available, waiting.
default	00:37:15.029423-0700	identityservicesd	<private> is not available, waiting.
default	00:37:15.029433-0700	identityservicesd	_processLocalMessagesWithAccountUUIDs with number of accountUUIDs 1 priority Sync class Class D
default	00:37:15.029494-0700	identityservicesd	Performing duet check for priority non-urgent for account (null) serviceIdentifier <private> duetIdentifiers <private> bypassDuet NO  logString: (null)
default	00:37:15.029676-0700	identityservicesd	0xc93561300 -[IDSDuetInterface checkAvailabilityForValues:priority:logString:fromQueue:withCompletionBlock:] Sending IDS message, already allowed by CoreDuet
default	00:37:15.029725-0700	identityservicesd	Performing query for account UUID <private> priority Sync class Class A Local Device ID <private>
default	00:37:15.029892-0700	identityservicesd	_pendingCloudEnable: NO, _supportsCloudConnections: YES, _isPeerAlwaysConnected: NO
default	00:37:15.029906-0700	identityservicesd	-[IMDispatchTimer update] {self: 0xc93b07480, _timerSource: <private>, timerStart: 1965141914300, timerInterval: 18446744073709551615, timerLeeway: 100000000, newInterval: 10, repeats: NO}
default	00:37:15.029917-0700	identityservicesd	_pendingCloudEnable: NO, _supportsCloudConnections: YES, _isPeerAlwaysConnected: NO
default	00:37:15.029927-0700	identityservicesd	-[IMDispatchTimer update] {self: 0xc93b07480, _timerSource: <private>, timerStart: 1965141915192, timerInterval: 18446744073709551615, timerLeeway: 100000000, newInterval: 10, repeats: NO}
default	00:37:15.030150-0700	filecoordinationd	Claim 1E3B9858-5E34-4BE8-AA18-9F923E186583 was revoked
default	00:37:15.030169-0700	filecoordinationd	Updating configuration of monitor M156-1
default	00:37:15.030181-0700	AnxietyWatch	Adding presenter EFE3C802-222D-4C28-8E1A-7454C773AACC for URL: <private>
default	00:37:15.030282-0700	identityservicesd	Got 0 query messages
default	00:37:15.030342-0700	identityservicesd	_processLocalMessagesWithAccountUUIDs with number of accountUUIDs 0 priority Sync class Class A
default	00:37:15.030364-0700	identityservicesd	Performing duet check for priority non-urgent for account (null) serviceIdentifier <private> duetIdentifiers <private> bypassDuet NO  logString: (null)
default	00:37:15.030448-0700	identityservicesd	No pending non-urgent local messages to send, returning
default	00:37:15.030456-0700	identityservicesd	0xc93561300 -[IDSDuetInterface checkAvailabilityForValues:priority:logString:fromQueue:withCompletionBlock:] Sending IDS message, already allowed by CoreDuet
default	00:37:15.030469-0700	identityservicesd	Performing query for account UUID <private> priority Sync class Class C Local Device ID <private>
default	00:37:15.030744-0700	runningboardd	Invalidating assertion 34-156-40160 (target:[app<com.groundeffectsoftware.AnxietyWatch(3A076A8F-336D-4BCB-ACE2-64C6E80D0E3A)>:11174]) from originator [osservice<com.apple.FileCoordination>:156]
default	00:37:15.030857-0700	identityservicesd	Got 0 query messages
default	00:37:15.030888-0700	identityservicesd	_processLocalMessagesWithAccountUUIDs with number of accountUUIDs 0 priority Sync class Class C
default	00:37:15.030935-0700	identityservicesd	No pending non-urgent local messages to send, returning
default	00:37:15.030976-0700	identityservicesd	Performing duet check for priority non-urgent for account (null) serviceIdentifier <private> duetIdentifiers <private> bypassDuet NO  logString: (null)
default	00:37:15.031095-0700	identityservicesd	0xc93561300 -[IDSDuetInterface checkAvailabilityForValues:priority:logString:fromQueue:withCompletionBlock:] Sending IDS message, already allowed by CoreDuet
default	00:37:15.031105-0700	filecoordinationd	Added presenter EFE3C802-222D-4C28-8E1A-7454C773AACC
default	00:37:15.031203-0700	identityservicesd	Performing query for account UUID <private> priority Sync class Class D Local Device ID <private>
default	00:37:15.031213-0700	AnxietyWatch	Read options: 1 -- URL: <private> -- purposeID: EFE3C802-222D-4C28-8E1A-7454C773AACC -- claimID: E3D7D187-3602-486B-9164-20148C2E3493
default	00:37:15.031548-0700	filecoordinationd	Received claim E3D7D187-3602-486B-9164-20148C2E3493
default	00:37:15.031697-0700	filecoordinationd	Requesting container lookup; personaid = 1000, type = DEFAULT, name = 3A076A8F-336D-4BCB-ACE2-64C6E80D0E3A, origin [pid = 11174, personaid = 1000], proximate [pid = 11174, personaid = 1000], class = 2, identifier = <private>, group_identifier = <private>, create = 0, temp = 0, euid = 0, uid = 0
default	00:37:15.032098-0700	identityservicesd	Got 0 query messages
default	00:37:15.032104-0700	identityservicesd	_processLocalMessagesWithAccountUUIDs with number of accountUUIDs 0 priority Sync class Class D
default	00:37:15.032174-0700	identityservicesd	No pending non-urgent local messages to send, returning
default	00:37:15.032274-0700	filecoordinationd	_container_query_get_result_at_index: success
default	00:37:15.032303-0700	filecoordinationd	container_create_or_lookup_path_for_platform: success
default	00:37:15.032320-0700	filecoordinationd	Updating configuration of monitor M156-1
default	00:37:15.032758-0700	filecoordinationd	Received state update for 11174 (app<com.groundeffectsoftware.AnxietyWatch(3A076A8F-336D-4BCB-ACE2-64C6E80D0E3A)>, running-active-NotVisible
default	00:37:15.032820-0700	filecoordinationd	Requesting container lookup; personaid = 1000, type = DEFAULT, name = 3A076A8F-336D-4BCB-ACE2-64C6E80D0E3A, origin [pid = 11174, personaid = 1000], proximate [pid = 11174, personaid = 1000], class = 2, identifier = <private>, group_identifier = <private>, create = 0, temp = 0, euid = 0, uid = 0
default	00:37:15.033310-0700	filecoordinationd	_container_query_get_result_at_index: success
default	00:37:15.033351-0700	filecoordinationd	container_create_or_lookup_path_for_platform: success
default	00:37:15.034780-0700	filecoordinationd	Claim E3D7D187-3602-486B-9164-20148C2E3493 granted in server
default	00:37:15.034792-0700	AnxietyWatch	Claim E3D7D187-3602-486B-9164-20148C2E3493 granted in client
default	00:37:15.034800-0700	AnxietyWatch	Claim E3D7D187-3602-486B-9164-20148C2E3493 invoked in client
default	00:37:15.034921-0700	runningboardd	Acquiring assertion targeting [app<com.groundeffectsoftware.AnxietyWatch(3A076A8F-336D-4BCB-ACE2-64C6E80D0E3A)>:11174] from originator [osservice<com.apple.FileCoordination>:156] with description <RBSAssertionDescriptor| "File Coordination Claim E3D7D187-3602-486B-9164-20148C2E3493" ID:34-156-40161 target:11174 attributes:[
	<RBSLegacyAttribute| requestedReason:FinishTask reason:FinishTask flags:( PreventTaskSuspend PreventTaskThrottleDown )>,
	<RBSAcquisitionCompletionAttribute| policy:AfterValidation>
	]>
default	00:37:15.034944-0700	runningboardd	Assertion 34-156-40161 (target:[app<com.groundeffectsoftware.AnxietyWatch(3A076A8F-336D-4BCB-ACE2-64C6E80D0E3A)>:11174]) will be created as inactive as start-time-defining assertions exist
default	00:37:15.034954-0700	filecoordinationd	Claimer for E3D7D187-3602-486B-9164-20148C2E3493 is waiting for presenter EFE3C802-222D-4C28-8E1A-7454C773AACC on the same item to relinquish
default	00:37:15.035408-0700	filecoordinationd	Presenter EFE3C802-222D-4C28-8E1A-7454C773AACC has finished relinquishing, unblocking claimer for E3D7D187-3602-486B-9164-20148C2E3493
default	00:37:15.035423-0700	filecoordinationd	Claim E3D7D187-3602-486B-9164-20148C2E3493 invoked in server
default	00:37:15.036005-0700	filecoordinationd	Claim E3D7D187-3602-486B-9164-20148C2E3493 was revoked
default	00:37:15.036024-0700	filecoordinationd	Making presenter EFE3C802-222D-4C28-8E1A-7454C773AACC reacquire after claim E3D7D187-3602-486B-9164-20148C2E3493
default	00:37:15.036077-0700	filecoordinationd	Updating configuration of monitor M156-1
default	00:37:15.036546-0700	runningboardd	Invalidating assertion 34-156-40161 (target:[app<com.groundeffectsoftware.AnxietyWatch(3A076A8F-336D-4BCB-ACE2-64C6E80D0E3A)>:11174]) from originator [osservice<com.apple.FileCoordination>:156]
default	00:37:15.036844-0700	AnxietyWatch	Read options: 1 -- URL: <private> -- purposeID: 70DB9ADC-F94C-4BFF-B78B-B15DDFF28908 -- claimID: 272EB9D6-2AA8-4DCB-9AE9-639D545AA6ED
default	00:37:15.037049-0700	filecoordinationd	Received claim 272EB9D6-2AA8-4DCB-9AE9-639D545AA6ED
default	00:37:15.037400-0700	filecoordinationd	Requesting container lookup; personaid = 1000, type = DEFAULT, name = 3A076A8F-336D-4BCB-ACE2-64C6E80D0E3A, origin [pid = 11174, personaid = 1000], proximate [pid = 11174, personaid = 1000], class = 2, identifier = <private>, group_identifier = <private>, create = 0, temp = 0, euid = 0, uid = 0
default	00:37:15.037497-0700	AnxietyWatch	<private>ms (+<private>ms) DashboardView.body evaluated
default	00:37:15.037723-0700	filecoordinationd	_container_query_get_result_at_index: success
default	00:37:15.037750-0700	filecoordinationd	container_create_or_lookup_path_for_platform: success
default	00:37:15.037780-0700	filecoordinationd	Updating configuration of monitor M156-1
default	00:37:15.038180-0700	filecoordinationd	Received state update for 11174 (app<com.groundeffectsoftware.AnxietyWatch(3A076A8F-336D-4BCB-ACE2-64C6E80D0E3A)>, running-active-NotVisible
default	00:37:15.038300-0700	filecoordinationd	Requesting container lookup; personaid = 1000, type = DEFAULT, name = 3A076A8F-336D-4BCB-ACE2-64C6E80D0E3A, origin [pid = 11174, personaid = 1000], proximate [pid = 11174, personaid = 1000], class = 2, identifier = <private>, group_identifier = <private>, create = 0, temp = 0, euid = 0, uid = 0
default	00:37:15.039493-0700	filecoordinationd	_container_query_get_result_at_index: success
default	00:37:15.039542-0700	filecoordinationd	container_create_or_lookup_path_for_platform: success
default	00:37:15.039654-0700	filecoordinationd	Claim 272EB9D6-2AA8-4DCB-9AE9-639D545AA6ED granted in server
default	00:37:15.039832-0700	filecoordinationd	Claim 272EB9D6-2AA8-4DCB-9AE9-639D545AA6ED invoked in server
default	00:37:15.039880-0700	AnxietyWatch	Claim 272EB9D6-2AA8-4DCB-9AE9-639D545AA6ED granted in client
default	00:37:15.039886-0700	AnxietyWatch	Claim 272EB9D6-2AA8-4DCB-9AE9-639D545AA6ED invoked in client
default	00:37:15.039983-0700	runningboardd	Acquiring assertion targeting [app<com.groundeffectsoftware.AnxietyWatch(3A076A8F-336D-4BCB-ACE2-64C6E80D0E3A)>:11174] from originator [osservice<com.apple.FileCoordination>:156] with description <RBSAssertionDescriptor| "File Coordination Claim 272EB9D6-2AA8-4DCB-9AE9-639D545AA6ED" ID:34-156-40162 target:11174 attributes:[
	<RBSLegacyAttribute| requestedReason:FinishTask reason:FinishTask flags:( PreventTaskSuspend PreventTaskThrottleDown )>,
	<RBSAcquisitionCompletionAttribute| policy:AfterValidation>
	]>
default	00:37:15.040045-0700	runningboardd	Assertion 34-156-40162 (target:[app<com.groundeffectsoftware.AnxietyWatch(3A076A8F-336D-4BCB-ACE2-64C6E80D0E3A)>:11174]) will be created as inactive as start-time-defining assertions exist
default	00:37:15.040749-0700	filecoordinationd	Claim 272EB9D6-2AA8-4DCB-9AE9-639D545AA6ED was revoked
default	00:37:15.040765-0700	AnxietyWatch	Adding presenter 70DB9ADC-F94C-4BFF-B78B-B15DDFF28908 for URL: <private>
default	00:37:15.040812-0700	filecoordinationd	Updating configuration of monitor M156-1
default	00:37:15.041225-0700	AnxietyWatch	Read options: 1 -- URL: <private> -- purposeID: 70DB9ADC-F94C-4BFF-B78B-B15DDFF28908 -- claimID: 9AE0D014-C712-4939-A5BC-D3BE95C9F87A
default	00:37:15.041367-0700	runningboardd	Invalidating assertion 34-156-40162 (target:[app<com.groundeffectsoftware.AnxietyWatch(3A076A8F-336D-4BCB-ACE2-64C6E80D0E3A)>:11174]) from originator [osservice<com.apple.FileCoordination>:156]
default	00:37:15.041464-0700	filecoordinationd	Added presenter 70DB9ADC-F94C-4BFF-B78B-B15DDFF28908
default	00:37:15.041755-0700	filecoordinationd	Received claim 9AE0D014-C712-4939-A5BC-D3BE95C9F87A
default	00:37:15.041791-0700	filecoordinationd	Requesting container lookup; personaid = 1000, type = DEFAULT, name = 3A076A8F-336D-4BCB-ACE2-64C6E80D0E3A, origin [pid = 11174, personaid = 1000], proximate [pid = 11174, personaid = 1000], class = 2, identifier = <private>, group_identifier = <private>, create = 0, temp = 0, euid = 0, uid = 0
default	00:37:15.042361-0700	filecoordinationd	_container_query_get_result_at_index: success
default	00:37:15.042435-0700	filecoordinationd	container_create_or_lookup_path_for_platform: success
default	00:37:15.042455-0700	filecoordinationd	Updating configuration of monitor M156-1
default	00:37:15.042874-0700	filecoordinationd	Received state update for 11174 (app<com.groundeffectsoftware.AnxietyWatch(3A076A8F-336D-4BCB-ACE2-64C6E80D0E3A)>, running-active-NotVisible
default	00:37:15.042906-0700	filecoordinationd	Requesting container lookup; personaid = 1000, type = DEFAULT, name = 3A076A8F-336D-4BCB-ACE2-64C6E80D0E3A, origin [pid = 11174, personaid = 1000], proximate [pid = 11174, personaid = 1000], class = 2, identifier = <private>, group_identifier = <private>, create = 0, temp = 0, euid = 0, uid = 0
default	00:37:15.043414-0700	filecoordinationd	_container_query_get_result_at_index: success
default	00:37:15.043447-0700	filecoordinationd	container_create_or_lookup_path_for_platform: success
default	00:37:15.043554-0700	filecoordinationd	Claim 9AE0D014-C712-4939-A5BC-D3BE95C9F87A granted in server
default	00:37:15.043571-0700	filecoordinationd	Claimer for 9AE0D014-C712-4939-A5BC-D3BE95C9F87A is waiting for presenter 70DB9ADC-F94C-4BFF-B78B-B15DDFF28908 on the same item to relinquish
default	00:37:15.043675-0700	runningboardd	Acquiring assertion targeting [app<com.groundeffectsoftware.AnxietyWatch(3A076A8F-336D-4BCB-ACE2-64C6E80D0E3A)>:11174] from originator [osservice<com.apple.FileCoordination>:156] with description <RBSAssertionDescriptor| "File Coordination Claim 9AE0D014-C712-4939-A5BC-D3BE95C9F87A" ID:34-156-40163 target:11174 attributes:[
	<RBSLegacyAttribute| requestedReason:FinishTask reason:FinishTask flags:( PreventTaskSuspend PreventTaskThrottleDown )>,
	<RBSAcquisitionCompletionAttribute| policy:AfterValidation>
	]>
default	00:37:15.043826-0700	runningboardd	Assertion 34-156-40163 (target:[app<com.groundeffectsoftware.AnxietyWatch(3A076A8F-336D-4BCB-ACE2-64C6E80D0E3A)>:11174]) will be created as inactive as start-time-defining assertions exist
default	00:37:15.044107-0700	filecoordinationd	Presenter 70DB9ADC-F94C-4BFF-B78B-B15DDFF28908 has finished relinquishing, unblocking claimer for 9AE0D014-C712-4939-A5BC-D3BE95C9F87A
default	00:37:15.044121-0700	filecoordinationd	Claim 9AE0D014-C712-4939-A5BC-D3BE95C9F87A invoked in server
default	00:37:15.044162-0700	AnxietyWatch	Claim 9AE0D014-C712-4939-A5BC-D3BE95C9F87A granted in client
default	00:37:15.044168-0700	AnxietyWatch	Claim 9AE0D014-C712-4939-A5BC-D3BE95C9F87A invoked in client
default	00:37:15.044645-0700	filecoordinationd	Claim 9AE0D014-C712-4939-A5BC-D3BE95C9F87A was revoked
default	00:37:15.044653-0700	filecoordinationd	Making presenter 70DB9ADC-F94C-4BFF-B78B-B15DDFF28908 reacquire after claim 9AE0D014-C712-4939-A5BC-D3BE95C9F87A
default	00:37:15.044666-0700	filecoordinationd	Updating configuration of monitor M156-1
default	00:37:15.045079-0700	AnxietyWatch	Read options: 1 -- URL: <private> -- purposeID: 90BECBC5-32DC-4480-96DA-CA894D881B42 -- claimID: 67B498BA-492B-4CA7-AAA2-E9C87A70D191
default	00:37:15.045408-0700	runningboardd	Invalidating assertion 34-156-40163 (target:[app<com.groundeffectsoftware.AnxietyWatch(3A076A8F-336D-4BCB-ACE2-64C6E80D0E3A)>:11174]) from originator [osservice<com.apple.FileCoordination>:156]
default	00:37:15.045427-0700	filecoordinationd	Received claim 67B498BA-492B-4CA7-AAA2-E9C87A70D191
default	00:37:15.045592-0700	filecoordinationd	Requesting container lookup; personaid = 1000, type = DEFAULT, name = 3A076A8F-336D-4BCB-ACE2-64C6E80D0E3A, origin [pid = 11174, personaid = 1000], proximate [pid = 11174, personaid = 1000], class = 2, identifier = <private>, group_identifier = <private>, create = 0, temp = 0, euid = 0, uid = 0
default	00:37:15.046127-0700	IntelligencePlatformComputeService	ViewUpdate: <private>: Finished update
default	00:37:15.046139-0700	IntelligencePlatformComputeService	ViewUpdate: <private>: <private>: Finished update
default	00:37:15.046623-0700	filecoordinationd	_container_query_get_result_at_index: success
default	00:37:15.046689-0700	filecoordinationd	container_create_or_lookup_path_for_platform: success
default	00:37:15.046768-0700	IntelligencePlatformComputeService	IntelligencePlatformComputeService: update AppOpeningsMatView returning responses
default	00:37:15.046797-0700	filecoordinationd	Updating configuration of monitor M156-1
default	00:37:15.047281-0700	filecoordinationd	Requesting container lookup; personaid = 1000, type = DEFAULT, name = 3A076A8F-336D-4BCB-ACE2-64C6E80D0E3A, origin [pid = 11174, personaid = 1000], proximate [pid = 11174, personaid = 1000], class = 2, identifier = <private>, group_identifier = <private>, create = 0, temp = 0, euid = 0, uid = 0
default	00:37:15.047394-0700	filecoordinationd	Received state update for 11174 (app<com.groundeffectsoftware.AnxietyWatch(3A076A8F-336D-4BCB-ACE2-64C6E80D0E3A)>, running-active-NotVisible
default	00:37:15.047735-0700	filecoordinationd	_container_query_get_result_at_index: success
default	00:37:15.047760-0700	filecoordinationd	container_create_or_lookup_path_for_platform: success
default	00:37:15.047890-0700	filecoordinationd	Claim 67B498BA-492B-4CA7-AAA2-E9C87A70D191 granted in server
default	00:37:15.048049-0700	filecoordinationd	Claim 67B498BA-492B-4CA7-AAA2-E9C87A70D191 invoked in server
default	00:37:15.048074-0700	AnxietyWatch	Claim 67B498BA-492B-4CA7-AAA2-E9C87A70D191 granted in client
default	00:37:15.048080-0700	AnxietyWatch	Claim 67B498BA-492B-4CA7-AAA2-E9C87A70D191 invoked in client
default	00:37:15.048106-0700	runningboardd	Acquiring assertion targeting [app<com.groundeffectsoftware.AnxietyWatch(3A076A8F-336D-4BCB-ACE2-64C6E80D0E3A)>:11174] from originator [osservice<com.apple.FileCoordination>:156] with description <RBSAssertionDescriptor| "File Coordination Claim 67B498BA-492B-4CA7-AAA2-E9C87A70D191" ID:34-156-40164 target:11174 attributes:[
	<RBSLegacyAttribute| requestedReason:FinishTask reason:FinishTask flags:( PreventTaskSuspend PreventTaskThrottleDown )>,
	<RBSAcquisitionCompletionAttribute| policy:AfterValidation>
	]>
default	00:37:15.048194-0700	runningboardd	Assertion 34-156-40164 (target:[app<com.groundeffectsoftware.AnxietyWatch(3A076A8F-336D-4BCB-ACE2-64C6E80D0E3A)>:11174]) will be created as inactive as start-time-defining assertions exist
default	00:37:15.049010-0700	AnxietyWatch	Adding presenter 90BECBC5-32DC-4480-96DA-CA894D881B42 for URL: <private>
default	00:37:15.049022-0700	filecoordinationd	Claim 67B498BA-492B-4CA7-AAA2-E9C87A70D191 was revoked
default	00:37:15.049066-0700	filecoordinationd	Updating configuration of monitor M156-1
default	00:37:15.049182-0700	AnxietyWatch	Read options: 1 -- URL: <private> -- purposeID: 90BECBC5-32DC-4480-96DA-CA894D881B42 -- claimID: 62D12310-89ED-4FB0-A93F-067E5DE089F5
default	00:37:15.049525-0700	runningboardd	Invalidating assertion 34-156-40164 (target:[app<com.groundeffectsoftware.AnxietyWatch(3A076A8F-336D-4BCB-ACE2-64C6E80D0E3A)>:11174]) from originator [osservice<com.apple.FileCoordination>:156]
default	00:37:15.050004-0700	filecoordinationd	Added presenter 90BECBC5-32DC-4480-96DA-CA894D881B42
default	00:37:15.050282-0700	filecoordinationd	Received claim 62D12310-89ED-4FB0-A93F-067E5DE089F5
default	00:37:15.050322-0700	filecoordinationd	Requesting container lookup; personaid = 1000, type = DEFAULT, name = 3A076A8F-336D-4BCB-ACE2-64C6E80D0E3A, origin [pid = 11174, personaid = 1000], proximate [pid = 11174, personaid = 1000], class = 2, identifier = <private>, group_identifier = <private>, create = 0, temp = 0, euid = 0, uid = 0
default	00:37:15.051451-0700	filecoordinationd	_container_query_get_result_at_index: success
default	00:37:15.051485-0700	filecoordinationd	container_create_or_lookup_path_for_platform: success
default	00:37:15.051511-0700	filecoordinationd	Updating configuration of monitor M156-1
default	00:37:15.051747-0700	biomed	ViewUpdate: 5:AppOpeningsMatView: View was updated
default	00:37:15.051858-0700	filecoordinationd	Received state update for 11174 (app<com.groundeffectsoftware.AnxietyWatch(3A076A8F-336D-4BCB-ACE2-64C6E80D0E3A)>, running-active-NotVisible
default	00:37:15.051887-0700	filecoordinationd	Requesting container lookup; personaid = 1000, type = DEFAULT, name = 3A076A8F-336D-4BCB-ACE2-64C6E80D0E3A, origin [pid = 11174, personaid = 1000], proximate [pid = 11174, personaid = 1000], class = 2, identifier = <private>, group_identifier = <private>, create = 0, temp = 0, euid = 0, uid = 0
default	00:37:15.052515-0700	filecoordinationd	_container_query_get_result_at_index: success
default	00:37:15.052603-0700	filecoordinationd	container_create_or_lookup_path_for_platform: success
default	00:37:15.052684-0700	filecoordinationd	Claim 62D12310-89ED-4FB0-A93F-067E5DE089F5 granted in server
default	00:37:15.052691-0700	filecoordinationd	Claimer for 62D12310-89ED-4FB0-A93F-067E5DE089F5 is waiting for presenter 90BECBC5-32DC-4480-96DA-CA894D881B42 on the same item to relinquish
default	00:37:15.052726-0700	filecoordinationd	Presenter 90BECBC5-32DC-4480-96DA-CA894D881B42 has finished relinquishing, unblocking claimer for 62D12310-89ED-4FB0-A93F-067E5DE089F5
default	00:37:15.052731-0700	filecoordinationd	Claim 62D12310-89ED-4FB0-A93F-067E5DE089F5 invoked in server
default	00:37:15.052802-0700	AnxietyWatch	Claim 62D12310-89ED-4FB0-A93F-067E5DE089F5 granted in client
default	00:37:15.052807-0700	AnxietyWatch	Claim 62D12310-89ED-4FB0-A93F-067E5DE089F5 invoked in client
default	00:37:15.052990-0700	runningboardd	Acquiring assertion targeting [app<com.groundeffectsoftware.AnxietyWatch(3A076A8F-336D-4BCB-ACE2-64C6E80D0E3A)>:11174] from originator [osservice<com.apple.FileCoordination>:156] with description <RBSAssertionDescriptor| "File Coordination Claim 62D12310-89ED-4FB0-A93F-067E5DE089F5" ID:34-156-40165 target:11174 attributes:[
	<RBSLegacyAttribute| requestedReason:FinishTask reason:FinishTask flags:( PreventTaskSuspend PreventTaskThrottleDown )>,
	<RBSAcquisitionCompletionAttribute| policy:AfterValidation>
	]>
default	00:37:15.053003-0700	runningboardd	Assertion 34-156-40165 (target:[app<com.groundeffectsoftware.AnxietyWatch(3A076A8F-336D-4BCB-ACE2-64C6E80D0E3A)>:11174]) will be created as inactive as start-time-defining assertions exist
default	00:37:15.054178-0700	filecoordinationd	Claim 62D12310-89ED-4FB0-A93F-067E5DE089F5 was revoked
default	00:37:15.054188-0700	filecoordinationd	Making presenter 90BECBC5-32DC-4480-96DA-CA894D881B42 reacquire after claim 62D12310-89ED-4FB0-A93F-067E5DE089F5
default	00:37:15.054222-0700	filecoordinationd	Updating configuration of monitor M156-1
default	00:37:15.054598-0700	AnxietyWatch	Read options: 1 -- URL: <private> -- purposeID: 039CA1FF-1D20-48C4-8C8A-D52B8D96F0E0 -- claimID: 541CF0BE-E91B-4F27-A521-7573B20C27BD
default	00:37:15.054651-0700	runningboardd	Invalidating assertion 34-156-40165 (target:[app<com.groundeffectsoftware.AnxietyWatch(3A076A8F-336D-4BCB-ACE2-64C6E80D0E3A)>:11174]) from originator [osservice<com.apple.FileCoordination>:156]
default	00:37:15.054723-0700	filecoordinationd	Received claim 541CF0BE-E91B-4F27-A521-7573B20C27BD
default	00:37:15.054856-0700	filecoordinationd	Requesting container lookup; personaid = 1000, type = DEFAULT, name = 3A076A8F-336D-4BCB-ACE2-64C6E80D0E3A, origin [pid = 11174, personaid = 1000], proximate [pid = 11174, personaid = 1000], class = 2, identifier = <private>, group_identifier = <private>, create = 0, temp = 0, euid = 0, uid = 0
default	00:37:15.055804-0700	filecoordinationd	_container_query_get_result_at_index: success
default	00:37:15.055872-0700	filecoordinationd	container_create_or_lookup_path_for_platform: success
default	00:37:15.055936-0700	filecoordinationd	Updating configuration of monitor M156-1
default	00:37:15.056314-0700	filecoordinationd	Received state update for 11174 (app<com.groundeffectsoftware.AnxietyWatch(3A076A8F-336D-4BCB-ACE2-64C6E80D0E3A)>, running-active-NotVisible
default	00:37:15.056354-0700	filecoordinationd	Requesting container lookup; personaid = 1000, type = DEFAULT, name = 3A076A8F-336D-4BCB-ACE2-64C6E80D0E3A, origin [pid = 11174, personaid = 1000], proximate [pid = 11174, personaid = 1000], class = 2, identifier = <private>, group_identifier = <private>, create = 0, temp = 0, euid = 0, uid = 0
default	00:37:15.056816-0700	filecoordinationd	_container_query_get_result_at_index: success
default	00:37:15.056849-0700	filecoordinationd	container_create_or_lookup_path_for_platform: success
default	00:37:15.056901-0700	filecoordinationd	Claim 541CF0BE-E91B-4F27-A521-7573B20C27BD granted in server
default	00:37:15.057055-0700	filecoordinationd	Claim 541CF0BE-E91B-4F27-A521-7573B20C27BD invoked in server
default	00:37:15.057073-0700	AnxietyWatch	Claim 541CF0BE-E91B-4F27-A521-7573B20C27BD granted in client
default	00:37:15.057087-0700	AnxietyWatch	Claim 541CF0BE-E91B-4F27-A521-7573B20C27BD invoked in client
default	00:37:15.057302-0700	runningboardd	Acquiring assertion targeting [app<com.groundeffectsoftware.AnxietyWatch(3A076A8F-336D-4BCB-ACE2-64C6E80D0E3A)>:11174] from originator [osservice<com.apple.FileCoordination>:156] with description <RBSAssertionDescriptor| "File Coordination Claim 541CF0BE-E91B-4F27-A521-7573B20C27BD" ID:34-156-40166 target:11174 attributes:[
	<RBSLegacyAttribute| requestedReason:FinishTask reason:FinishTask flags:( PreventTaskSuspend PreventTaskThrottleDown )>,
	<RBSAcquisitionCompletionAttribute| policy:AfterValidation>
	]>
default	00:37:15.057312-0700	runningboardd	Assertion 34-156-40166 (target:[app<com.groundeffectsoftware.AnxietyWatch(3A076A8F-336D-4BCB-ACE2-64C6E80D0E3A)>:11174]) will be created as inactive as start-time-defining assertions exist
default	00:37:15.057766-0700	filecoordinationd	Claim 541CF0BE-E91B-4F27-A521-7573B20C27BD was revoked
default	00:37:15.057795-0700	AnxietyWatch	Adding presenter 039CA1FF-1D20-48C4-8C8A-D52B8D96F0E0 for URL: <private>
default	00:37:15.057835-0700	filecoordinationd	Updating configuration of monitor M156-1
default	00:37:15.058099-0700	spotlightknowledged.updater	<private>: accepted TOC hardlink: page=JournalPageDescriptor(inode: 217289176, number: 16513) family=JournalFamily(name: "journalAttr", cookie: FDF8D0A8-0ABB-4F72-868B-FE8366D76F37) tino=217289177 tocBytes=0 tocEntries=0
default	00:37:15.058355-0700	biomed	ViewUpdate: completed update
default	00:37:15.058433-0700	AnxietyWatch	Read options: 1 -- URL: <private> -- purposeID: 039CA1FF-1D20-48C4-8C8A-D52B8D96F0E0 -- claimID: 686C815C-45F5-4E01-AC3C-FC55B79E25B6
default	00:37:15.058442-0700	filecoordinationd	Added presenter 039CA1FF-1D20-48C4-8C8A-D52B8D96F0E0
default	00:37:15.058448-0700	runningboardd	Invalidating assertion 34-156-40166 (target:[app<com.groundeffectsoftware.AnxietyWatch(3A076A8F-336D-4BCB-ACE2-64C6E80D0E3A)>:11174]) from originator [osservice<com.apple.FileCoordination>:156]
default	00:37:15.058495-0700	biomed	ViewUpdate: 5:AppOpeningsMatView: Ending view update attempt
default	00:37:15.058657-0700	filecoordinationd	Received claim 686C815C-45F5-4E01-AC3C-FC55B79E25B6
default	00:37:15.058758-0700	filecoordinationd	Requesting container lookup; personaid = 1000, type = DEFAULT, name = 3A076A8F-336D-4BCB-ACE2-64C6E80D0E3A, origin [pid = 11174, personaid = 1000], proximate [pid = 11174, personaid = 1000], class = 2, identifier = <private>, group_identifier = <private>, create = 0, temp = 0, euid = 0, uid = 0
default	00:37:15.059463-0700	biomed	ViewUpdate: 88:AppOpeningsRawMatView: Beginning view update attempt
default	00:37:15.059854-0700	filecoordinationd	_container_query_get_result_at_index: success
default	00:37:15.059928-0700	filecoordinationd	container_create_or_lookup_path_for_platform: success
default	00:37:15.060033-0700	filecoordinationd	Updating configuration of monitor M156-1
default	00:37:15.060476-0700	filecoordinationd	Received state update for 11174 (app<com.groundeffectsoftware.AnxietyWatch(3A076A8F-336D-4BCB-ACE2-64C6E80D0E3A)>, running-active-NotVisible
default	00:37:15.060539-0700	filecoordinationd	Requesting container lookup; personaid = 1000, type = DEFAULT, name = 3A076A8F-336D-4BCB-ACE2-64C6E80D0E3A, origin [pid = 11174, personaid = 1000], proximate [pid = 11174, personaid = 1000], class = 2, identifier = <private>, group_identifier = <private>, create = 0, temp = 0, euid = 0, uid = 0
default	00:37:15.061371-0700	filecoordinationd	_container_query_get_result_at_index: success
default	00:37:15.061395-0700	filecoordinationd	container_create_or_lookup_path_for_platform: success
default	00:37:15.061422-0700	filecoordinationd	Claim 686C815C-45F5-4E01-AC3C-FC55B79E25B6 granted in server
default	00:37:15.061429-0700	filecoordinationd	Claimer for 686C815C-45F5-4E01-AC3C-FC55B79E25B6 is waiting for presenter 039CA1FF-1D20-48C4-8C8A-D52B8D96F0E0 on the same item to relinquish
default	00:37:15.061567-0700	filecoordinationd	Presenter 039CA1FF-1D20-48C4-8C8A-D52B8D96F0E0 has finished relinquishing, unblocking claimer for 686C815C-45F5-4E01-AC3C-FC55B79E25B6
default	00:37:15.061580-0700	filecoordinationd	Claim 686C815C-45F5-4E01-AC3C-FC55B79E25B6 invoked in server
default	00:37:15.061650-0700	AnxietyWatch	Claim 686C815C-45F5-4E01-AC3C-FC55B79E25B6 granted in client
default	00:37:15.061656-0700	AnxietyWatch	Claim 686C815C-45F5-4E01-AC3C-FC55B79E25B6 invoked in client
default	00:37:15.061686-0700	runningboardd	Acquiring assertion targeting [app<com.groundeffectsoftware.AnxietyWatch(3A076A8F-336D-4BCB-ACE2-64C6E80D0E3A)>:11174] from originator [osservice<com.apple.FileCoordination>:156] with description <RBSAssertionDescriptor| "File Coordination Claim 686C815C-45F5-4E01-AC3C-FC55B79E25B6" ID:34-156-40167 target:11174 attributes:[
	<RBSLegacyAttribute| requestedReason:FinishTask reason:FinishTask flags:( PreventTaskSuspend PreventTaskThrottleDown )>,
	<RBSAcquisitionCompletionAttribute| policy:AfterValidation>
	]>
default	00:37:15.061732-0700	runningboardd	Assertion 34-156-40167 (target:[app<com.groundeffectsoftware.AnxietyWatch(3A076A8F-336D-4BCB-ACE2-64C6E80D0E3A)>:11174]) will be created as inactive as start-time-defining assertions exist
default	00:37:15.062318-0700	filecoordinationd	Claim 686C815C-45F5-4E01-AC3C-FC55B79E25B6 was revoked
default	00:37:15.062328-0700	filecoordinationd	Making presenter 039CA1FF-1D20-48C4-8C8A-D52B8D96F0E0 reacquire after claim 686C815C-45F5-4E01-AC3C-FC55B79E25B6
default	00:37:15.062340-0700	filecoordinationd	Updating configuration of monitor M156-1
default	00:37:15.062766-0700	AnxietyWatch	Read options: 1 -- URL: <private> -- purposeID: 90BECBC5-32DC-4480-96DA-CA894D881B42 -- claimID: A4EAB3A9-7EDF-4B75-B13D-6BB80740E817
default	00:37:15.062813-0700	runningboardd	Invalidating assertion 34-156-40167 (target:[app<com.groundeffectsoftware.AnxietyWatch(3A076A8F-336D-4BCB-ACE2-64C6E80D0E3A)>:11174]) from originator [osservice<com.apple.FileCoordination>:156]
default	00:37:15.062948-0700	filecoordinationd	Received claim A4EAB3A9-7EDF-4B75-B13D-6BB80740E817
default	00:37:15.063040-0700	filecoordinationd	Requesting container lookup; personaid = 1000, type = DEFAULT, name = 3A076A8F-336D-4BCB-ACE2-64C6E80D0E3A, origin [pid = 11174, personaid = 1000], proximate [pid = 11174, personaid = 1000], class = 2, identifier = <private>, group_identifier = <private>, create = 0, temp = 0, euid = 0, uid = 0
default	00:37:15.063683-0700	filecoordinationd	_container_query_get_result_at_index: success
default	00:37:15.063708-0700	filecoordinationd	container_create_or_lookup_path_for_platform: success
default	00:37:15.063725-0700	filecoordinationd	Updating configuration of monitor M156-1
default	00:37:15.064090-0700	filecoordinationd	Received state update for 11174 (app<com.groundeffectsoftware.AnxietyWatch(3A076A8F-336D-4BCB-ACE2-64C6E80D0E3A)>, running-active-NotVisible
default	00:37:15.064122-0700	filecoordinationd	Requesting container lookup; personaid = 1000, type = DEFAULT, name = 3A076A8F-336D-4BCB-ACE2-64C6E80D0E3A, origin [pid = 11174, personaid = 1000], proximate [pid = 11174, personaid = 1000], class = 2, identifier = <private>, group_identifier = <private>, create = 0, temp = 0, euid = 0, uid = 0
default	00:37:15.064600-0700	filecoordinationd	_container_query_get_result_at_index: success
default	00:37:15.064644-0700	filecoordinationd	container_create_or_lookup_path_for_platform: success
default	00:37:15.064753-0700	filecoordinationd	Claim A4EAB3A9-7EDF-4B75-B13D-6BB80740E817 granted in server
default	00:37:15.064759-0700	filecoordinationd	Claimer for A4EAB3A9-7EDF-4B75-B13D-6BB80740E817 is waiting for presenter 90BECBC5-32DC-4480-96DA-CA894D881B42 on the same item to relinquish
default	00:37:15.065027-0700	runningboardd	Acquiring assertion targeting [app<com.groundeffectsoftware.AnxietyWatch(3A076A8F-336D-4BCB-ACE2-64C6E80D0E3A)>:11174] from originator [osservice<com.apple.FileCoordination>:156] with description <RBSAssertionDescriptor| "File Coordination Claim A4EAB3A9-7EDF-4B75-B13D-6BB80740E817" ID:34-156-40168 target:11174 attributes:[
	<RBSLegacyAttribute| requestedReason:FinishTask reason:FinishTask flags:( PreventTaskSuspend PreventTaskThrottleDown )>,
	<RBSAcquisitionCompletionAttribute| policy:AfterValidation>
	]>
default	00:37:15.065041-0700	runningboardd	Assertion 34-156-40168 (target:[app<com.groundeffectsoftware.AnxietyWatch(3A076A8F-336D-4BCB-ACE2-64C6E80D0E3A)>:11174]) will be created as inactive as start-time-defining assertions exist
default	00:37:15.065083-0700	filecoordinationd	Presenter 90BECBC5-32DC-4480-96DA-CA894D881B42 has finished relinquishing, unblocking claimer for A4EAB3A9-7EDF-4B75-B13D-6BB80740E817
default	00:37:15.065095-0700	filecoordinationd	Claim A4EAB3A9-7EDF-4B75-B13D-6BB80740E817 invoked in server
default	00:37:15.065129-0700	AnxietyWatch	Claim A4EAB3A9-7EDF-4B75-B13D-6BB80740E817 granted in client
default	00:37:15.065135-0700	AnxietyWatch	Claim A4EAB3A9-7EDF-4B75-B13D-6BB80740E817 invoked in client
default	00:37:15.065675-0700	filecoordinationd	Claim A4EAB3A9-7EDF-4B75-B13D-6BB80740E817 was revoked
default	00:37:15.065686-0700	filecoordinationd	Making presenter 90BECBC5-32DC-4480-96DA-CA894D881B42 reacquire after claim A4EAB3A9-7EDF-4B75-B13D-6BB80740E817
default	00:37:15.065700-0700	filecoordinationd	Updating configuration of monitor M156-1
default	00:37:15.066014-0700	AnxietyWatch	Read options: 1 -- URL: <private> -- purposeID: 039CA1FF-1D20-48C4-8C8A-D52B8D96F0E0 -- claimID: 449AA994-CEFC-4D47-AFD8-7E476D3C47E4
default	00:37:15.066145-0700	biomed	GDCComputeService: updateViewWithName called: <private>
default	00:37:15.066152-0700	biomed	GDCComputeService: updateViewWithName: request: <private> <private>
default	00:37:15.066230-0700	runningboardd	Invalidating assertion 34-156-40168 (target:[app<com.groundeffectsoftware.AnxietyWatch(3A076A8F-336D-4BCB-ACE2-64C6E80D0E3A)>:11174]) from originator [osservice<com.apple.FileCoordination>:156]
default	00:37:15.066251-0700	biomed	GDCComputeService: updateViewWithName: request: <private> <private>
default	00:37:15.066272-0700	filecoordinationd	Received claim 449AA994-CEFC-4D47-AFD8-7E476D3C47E4
default	00:37:15.066426-0700	filecoordinationd	Requesting container lookup; personaid = 1000, type = DEFAULT, name = 3A076A8F-336D-4BCB-ACE2-64C6E80D0E3A, origin [pid = 11174, personaid = 1000], proximate [pid = 11174, personaid = 1000], class = 2, identifier = <private>, group_identifier = <private>, create = 0, temp = 0, euid = 0, uid = 0
default	00:37:15.066653-0700	biomed	GDCComputeService: updateViewWithName: request: <private> <private>
default	00:37:15.067064-0700	filecoordinationd	_container_query_get_result_at_index: success
default	00:37:15.067090-0700	filecoordinationd	container_create_or_lookup_path_for_platform: success
default	00:37:15.067132-0700	filecoordinationd	Updating configuration of monitor M156-1
default	00:37:15.067722-0700	filecoordinationd	Received state update for 11174 (app<com.groundeffectsoftware.AnxietyWatch(3A076A8F-336D-4BCB-ACE2-64C6E80D0E3A)>, running-active-NotVisible
default	00:37:15.067753-0700	filecoordinationd	Requesting container lookup; personaid = 1000, type = DEFAULT, name = 3A076A8F-336D-4BCB-ACE2-64C6E80D0E3A, origin [pid = 11174, personaid = 1000], proximate [pid = 11174, personaid = 1000], class = 2, identifier = <private>, group_identifier = <private>, create = 0, temp = 0, euid = 0, uid = 0
default	00:37:15.069015-0700	filecoordinationd	_container_query_get_result_at_index: success
default	00:37:15.069044-0700	filecoordinationd	container_create_or_lookup_path_for_platform: success
default	00:37:15.069076-0700	filecoordinationd	Claim 449AA994-CEFC-4D47-AFD8-7E476D3C47E4 granted in server
default	00:37:15.069082-0700	filecoordinationd	Claimer for 449AA994-CEFC-4D47-AFD8-7E476D3C47E4 is waiting for presenter 039CA1FF-1D20-48C4-8C8A-D52B8D96F0E0 on the same item to relinquish
default	00:37:15.069159-0700	filecoordinationd	Presenter 039CA1FF-1D20-48C4-8C8A-D52B8D96F0E0 has finished relinquishing, unblocking claimer for 449AA994-CEFC-4D47-AFD8-7E476D3C47E4
default	00:37:15.069164-0700	filecoordinationd	Claim 449AA994-CEFC-4D47-AFD8-7E476D3C47E4 invoked in server
default	00:37:15.069262-0700	AnxietyWatch	Claim 449AA994-CEFC-4D47-AFD8-7E476D3C47E4 granted in client
default	00:37:15.069282-0700	AnxietyWatch	Claim 449AA994-CEFC-4D47-AFD8-7E476D3C47E4 invoked in client
default	00:37:15.069462-0700	runningboardd	Acquiring assertion targeting [app<com.groundeffectsoftware.AnxietyWatch(3A076A8F-336D-4BCB-ACE2-64C6E80D0E3A)>:11174] from originator [osservice<com.apple.FileCoordination>:156] with description <RBSAssertionDescriptor| "File Coordination Claim 449AA994-CEFC-4D47-AFD8-7E476D3C47E4" ID:34-156-40169 target:11174 attributes:[
	<RBSLegacyAttribute| requestedReason:FinishTask reason:FinishTask flags:( PreventTaskSuspend PreventTaskThrottleDown )>,
	<RBSAcquisitionCompletionAttribute| policy:AfterValidation>
	]>
default	00:37:15.069473-0700	runningboardd	Assertion 34-156-40169 (target:[app<com.groundeffectsoftware.AnxietyWatch(3A076A8F-336D-4BCB-ACE2-64C6E80D0E3A)>:11174]) will be created as inactive as start-time-defining assertions exist
default	00:37:15.070914-0700	filecoordinationd	Claim 449AA994-CEFC-4D47-AFD8-7E476D3C47E4 was revoked
default	00:37:15.070952-0700	filecoordinationd	Making presenter 039CA1FF-1D20-48C4-8C8A-D52B8D96F0E0 reacquire after claim 449AA994-CEFC-4D47-AFD8-7E476D3C47E4
default	00:37:15.070991-0700	filecoordinationd	Updating configuration of monitor M156-1
default	00:37:15.071496-0700	AnxietyWatch	Read options: 1 -- URL: <private> -- purposeID: EFE3C802-222D-4C28-8E1A-7454C773AACC -- claimID: 735D38AF-9F1E-4F45-86EC-A0B44D0C9976
default	00:37:15.071518-0700	runningboardd	Invalidating assertion 34-156-40169 (target:[app<com.groundeffectsoftware.AnxietyWatch(3A076A8F-336D-4BCB-ACE2-64C6E80D0E3A)>:11174]) from originator [osservice<com.apple.FileCoordination>:156]
default	00:37:15.071536-0700	spotlightknowledged.updater	<private>: accepted TOC hardlink: page=JournalPageDescriptor(inode: 217289176, number: 16513) family=JournalFamily(name: "journalAttr", cookie: FDF8D0A8-0ABB-4F72-868B-FE8366D76F37) tino=217289177 tocBytes=0 tocEntries=0
default	00:37:15.071566-0700	filecoordinationd	Received claim 735D38AF-9F1E-4F45-86EC-A0B44D0C9976
default	00:37:15.071628-0700	filecoordinationd	Requesting container lookup; personaid = 1000, type = DEFAULT, name = 3A076A8F-336D-4BCB-ACE2-64C6E80D0E3A, origin [pid = 11174, personaid = 1000], proximate [pid = 11174, personaid = 1000], class = 2, identifier = <private>, group_identifier = <private>, create = 0, temp = 0, euid = 0, uid = 0
default	00:37:15.071870-0700	SpringBoard	[Main (EmbeddedDisplay)] dispatch event:
<SBTimerSwitcherModifierEvent: 0xc305d0600; type: Timer; reason: kSBTransitionModifierInvalidateAsyncRenderingReason>
default	00:37:15.072139-0700	SpringBoard	Removed: <UIApplicationSceneDeactivationAssertion: 0xc302ef9f0; reason: systemAnimation; all scene levels; hasPredicate: NO>
default	00:37:15.072190-0700	SpringBoard	[sceneID:com.groundeffectsoftware.AnxietyWatch-18DE83D8-1846-45B8-876C-4C1CE7F6CEF0] Setting deactivation reasons to: '(none)' for reason: updateAllScenesForBand - Assertion removed.
default	00:37:15.072422-0700	IntelligencePlatformComputeService	IntelligencePlatformComputeService: updateViewWithName AppOpeningsRawMatView called
default	00:37:15.072945-0700	filecoordinationd	_container_query_get_result_at_index: success
default	00:37:15.072982-0700	filecoordinationd	container_create_or_lookup_path_for_platform: success
default	00:37:15.073005-0700	filecoordinationd	Updating configuration of monitor M156-1
default	00:37:15.073023-0700	IntelligencePlatformComputeService	IntelligencePlatformComputeService: updateViewWithName AppOpeningsRawMatView begining update
default	00:37:15.073308-0700	filecoordinationd	Received state update for 11174 (app<com.groundeffectsoftware.AnxietyWatch(3A076A8F-336D-4BCB-ACE2-64C6E80D0E3A)>, running-active-NotVisible
default	00:37:15.073363-0700	filecoordinationd	Requesting container lookup; personaid = 1000, type = DEFAULT, name = 3A076A8F-336D-4BCB-ACE2-64C6E80D0E3A, origin [pid = 11174, personaid = 1000], proximate [pid = 11174, personaid = 1000], class = 2, identifier = <private>, group_identifier = <private>, create = 0, temp = 0, euid = 0, uid = 0
default	00:37:15.073823-0700	filecoordinationd	_container_query_get_result_at_index: success
default	00:37:15.073848-0700	filecoordinationd	container_create_or_lookup_path_for_platform: success
default	00:37:15.073956-0700	filecoordinationd	Claim 735D38AF-9F1E-4F45-86EC-A0B44D0C9976 granted in server
default	00:37:15.073962-0700	filecoordinationd	Claimer for 735D38AF-9F1E-4F45-86EC-A0B44D0C9976 is waiting for presenter EFE3C802-222D-4C28-8E1A-7454C773AACC on the same item to relinquish
default	00:37:15.074098-0700	filecoordinationd	Presenter EFE3C802-222D-4C28-8E1A-7454C773AACC has finished relinquishing, unblocking claimer for 735D38AF-9F1E-4F45-86EC-A0B44D0C9976
default	00:37:15.074105-0700	filecoordinationd	Claim 735D38AF-9F1E-4F45-86EC-A0B44D0C9976 invoked in server
default	00:37:15.074280-0700	AnxietyWatch	Claim 735D38AF-9F1E-4F45-86EC-A0B44D0C9976 granted in client
default	00:37:15.074286-0700	AnxietyWatch	Claim 735D38AF-9F1E-4F45-86EC-A0B44D0C9976 invoked in client
default	00:37:15.074361-0700	runningboardd	Acquiring assertion targeting [app<com.groundeffectsoftware.AnxietyWatch(3A076A8F-336D-4BCB-ACE2-64C6E80D0E3A)>:11174] from originator [osservice<com.apple.FileCoordination>:156] with description <RBSAssertionDescriptor| "File Coordination Claim 735D38AF-9F1E-4F45-86EC-A0B44D0C9976" ID:34-156-40170 target:11174 attributes:[
	<RBSLegacyAttribute| requestedReason:FinishTask reason:FinishTask flags:( PreventTaskSuspend PreventTaskThrottleDown )>,
	<RBSAcquisitionCompletionAttribute| policy:AfterValidation>
	]>
default	00:37:15.074420-0700	runningboardd	Assertion 34-156-40170 (target:[app<com.groundeffectsoftware.AnxietyWatch(3A076A8F-336D-4BCB-ACE2-64C6E80D0E3A)>:11174]) will be created as inactive as start-time-defining assertions exist
default	00:37:15.075223-0700	filecoordinationd	Claim 735D38AF-9F1E-4F45-86EC-A0B44D0C9976 was revoked
default	00:37:15.075237-0700	filecoordinationd	Making presenter EFE3C802-222D-4C28-8E1A-7454C773AACC reacquire after claim 735D38AF-9F1E-4F45-86EC-A0B44D0C9976
default	00:37:15.075264-0700	filecoordinationd	Updating configuration of monitor M156-1
default	00:37:15.075670-0700	runningboardd	Invalidating assertion 34-156-40170 (target:[app<com.groundeffectsoftware.AnxietyWatch(3A076A8F-336D-4BCB-ACE2-64C6E80D0E3A)>:11174]) from originator [osservice<com.apple.FileCoordination>:156]
default	00:37:15.075886-0700	AnxietyWatch	Read options: 1 -- URL: <private> -- purposeID: 70DB9ADC-F94C-4BFF-B78B-B15DDFF28908 -- claimID: DCC697FF-52CF-45A3-AC7F-5BEF359D4990
default	00:37:15.076040-0700	filecoordinationd	Received claim DCC697FF-52CF-45A3-AC7F-5BEF359D4990
default	00:37:15.076545-0700	filecoordinationd	Requesting container lookup; personaid = 1000, type = DEFAULT, name = 3A076A8F-336D-4BCB-ACE2-64C6E80D0E3A, origin [pid = 11174, personaid = 1000], proximate [pid = 11174, personaid = 1000], class = 2, identifier = <private>, group_identifier = <private>, create = 0, temp = 0, euid = 0, uid = 0
default	00:37:15.077656-0700	filecoordinationd	_container_query_get_result_at_index: success
default	00:37:15.077686-0700	filecoordinationd	container_create_or_lookup_path_for_platform: success
default	00:37:15.077708-0700	spotlightknowledged.updater	Scheduling all journal processing jobs...
default	00:37:15.077716-0700	filecoordinationd	Updating configuration of monitor M156-1
default	00:37:15.078051-0700	filecoordinationd	Received state update for 11174 (app<com.groundeffectsoftware.AnxietyWatch(3A076A8F-336D-4BCB-ACE2-64C6E80D0E3A)>, running-active-NotVisible
default	00:37:15.078146-0700	filecoordinationd	Requesting container lookup; personaid = 1000, type = DEFAULT, name = 3A076A8F-336D-4BCB-ACE2-64C6E80D0E3A, origin [pid = 11174, personaid = 1000], proximate [pid = 11174, personaid = 1000], class = 2, identifier = <private>, group_identifier = <private>, create = 0, temp = 0, euid = 0, uid = 0
default	00:37:15.078655-0700	filecoordinationd	_container_query_get_result_at_index: success
default	00:37:15.078680-0700	filecoordinationd	container_create_or_lookup_path_for_platform: success
default	00:37:15.078831-0700	filecoordinationd	Claim DCC697FF-52CF-45A3-AC7F-5BEF359D4990 granted in server
default	00:37:15.078840-0700	filecoordinationd	Claimer for DCC697FF-52CF-45A3-AC7F-5BEF359D4990 is waiting for presenter 70DB9ADC-F94C-4BFF-B78B-B15DDFF28908 on the same item to relinquish
default	00:37:15.078996-0700	filecoordinationd	Presenter 70DB9ADC-F94C-4BFF-B78B-B15DDFF28908 has finished relinquishing, unblocking claimer for DCC697FF-52CF-45A3-AC7F-5BEF359D4990
default	00:37:15.079008-0700	filecoordinationd	Claim DCC697FF-52CF-45A3-AC7F-5BEF359D4990 invoked in server
default	00:37:15.079072-0700	runningboardd	Acquiring assertion targeting [app<com.groundeffectsoftware.AnxietyWatch(3A076A8F-336D-4BCB-ACE2-64C6E80D0E3A)>:11174] from originator [osservice<com.apple.FileCoordination>:156] with description <RBSAssertionDescriptor| "File Coordination Claim DCC697FF-52CF-45A3-AC7F-5BEF359D4990" ID:34-156-40171 target:11174 attributes:[
	<RBSLegacyAttribute| requestedReason:FinishTask reason:FinishTask flags:( PreventTaskSuspend PreventTaskThrottleDown )>,
	<RBSAcquisitionCompletionAttribute| policy:AfterValidation>
	]>
default	00:37:15.079083-0700	runningboardd	Assertion 34-156-40171 (target:[app<com.groundeffectsoftware.AnxietyWatch(3A076A8F-336D-4BCB-ACE2-64C6E80D0E3A)>:11174]) will be created as inactive as start-time-defining assertions exist
default	00:37:15.079202-0700	AnxietyWatch	Claim DCC697FF-52CF-45A3-AC7F-5BEF359D4990 granted in client
default	00:37:15.079221-0700	AnxietyWatch	Claim DCC697FF-52CF-45A3-AC7F-5BEF359D4990 invoked in client
default	00:37:15.079920-0700	filecoordinationd	Claim DCC697FF-52CF-45A3-AC7F-5BEF359D4990 was revoked
default	00:37:15.079932-0700	filecoordinationd	Making presenter 70DB9ADC-F94C-4BFF-B78B-B15DDFF28908 reacquire after claim DCC697FF-52CF-45A3-AC7F-5BEF359D4990
default	00:37:15.079977-0700	filecoordinationd	Updating configuration of monitor M156-1
default	00:37:15.080063-0700	AnxietyWatch	-[WCSession onqueue_dequeueContent]_block_invoke_2 hasContentPending: NO
default	00:37:15.080343-0700	runningboardd	Invalidating assertion 34-156-40171 (target:[app<com.groundeffectsoftware.AnxietyWatch(3A076A8F-336D-4BCB-ACE2-64C6E80D0E3A)>:11174]) from originator [osservice<com.apple.FileCoordination>:156]
default	00:37:15.080554-0700	spotlightknowledged.updater	Finished accepting new journal and ToC file at paths <private> and <private>.
default	00:37:15.082005-0700	searchd	### skg journal_new result 0
default	00:37:15.082763-0700	IntelligencePlatformComputeService	Enumerator for App.InFocus starting from <private>/<private>+0x71710
default	00:37:15.085170-0700	maild	<private> Flushing any queuedDelegateBlocks 2
default	00:37:15.085181-0700	maild	<private> _shutdownFromDealloc
default	00:37:15.085187-0700	maild	<private> _cancelConnection called
default	00:37:15.086199-0700	IntelligencePlatformComputeService	ViewUpdate: <private>: Finished update
default	00:37:15.086210-0700	IntelligencePlatformComputeService	ViewUpdate: <private>: <private>: Finished update
default	00:37:15.086544-0700	IntelligencePlatformComputeService	IntelligencePlatformComputeService: update AppOpeningsRawMatView returning responses
default	00:37:15.087404-0700	biomed	ViewUpdate: 88:AppOpeningsRawMatView: View was updated
default	00:37:15.087439-0700	SpringBoard	[Main (EmbeddedDisplay)] dispatch event:
<SBTimerSwitcherModifierEvent: 0xc304ab7e0; type: Timer; reason: kSBIconZoomDisallowAcceleratedHomeButtonPressReason>
default	00:37:15.087753-0700	biomed	ViewUpdate: completed update
default	00:37:15.087908-0700	biomed	ViewUpdate: 88:AppOpeningsRawMatView: Ending view update attempt
default	00:37:15.088090-0700	symptomsd	WiFi observer _foregroundCounts.currentCombinedFlags is 0x10101010101
default	00:37:15.088098-0700	symptomsd	WiFi observer _backgroundCounts.currentCombinedFlags is 0x0
default	00:37:15.088500-0700	biomed	ViewUpdate: 103:AppsRecentlyFocused: Beginning view update attempt
default	00:37:15.090421-0700	biomed	GDCComputeService: updateViewWithName called: <private>
default	00:37:15.090434-0700	biomed	GDCComputeService: updateViewWithName: request: <private> <private>
default	00:37:15.090440-0700	biomed	GDCComputeService: updateViewWithName: request: <private> <private>
default	00:37:15.090446-0700	biomed	GDCComputeService: updateViewWithName: request: <private> <private>
default	00:37:15.090919-0700	IntelligencePlatformComputeService	IntelligencePlatformComputeService: updateViewWithName AppsRecentlyFocused called
default	00:37:15.090954-0700	IntelligencePlatformComputeService	IntelligencePlatformComputeService: updateViewWithName AppsRecentlyFocused begining update
default	00:37:15.093467-0700	IntelligencePlatformComputeService	Enumerator for App.InFocus starting from <private>/<private>+0x71710
default	00:37:15.096252-0700	IntelligencePlatformComputeService	ViewUpdate: <private>: Finished update
default	00:37:15.096263-0700	IntelligencePlatformComputeService	ViewUpdate: <private>: <private>: Finished update
default	00:37:15.096726-0700	IntelligencePlatformComputeService	IntelligencePlatformComputeService: update AppsRecentlyFocused returning responses
default	00:37:15.097239-0700	biomed	ViewUpdate: 103:AppsRecentlyFocused: View was updated
default	00:37:15.097424-0700	biomed	ViewUpdate: completed update
default	00:37:15.097611-0700	biomed	ViewUpdate: 103:AppsRecentlyFocused: Ending view update attempt
default	00:37:15.098426-0700	biomed	ViewUpdate: 120:LastCallMatView: Beginning view update attempt
default	00:37:15.098711-0700	kernel	ANE0: aneFirmwareCommandSend: Skip waiting for response
default	00:37:15.098741-0700	kernel	ANE0: aneFirmwareCommandSend: Skip waiting for response
default	00:37:15.098978-0700	kernel	ANE0: aneFirmwareCommandSend: Skip waiting for response
default	00:37:15.099145-0700	AnxietyWatch	Not observing PTDefaults on customer install.
default	00:37:15.100773-0700	biomed	GDCComputeService: updateViewWithName called: <private>
default	00:37:15.100790-0700	biomed	GDCComputeService: updateViewWithName: request: <private> <private>
default	00:37:15.100797-0700	biomed	GDCComputeService: updateViewWithName: request: <private> <private>
default	00:37:15.100826-0700	biomed	GDCComputeService: updateViewWithName: request: <private> <private>
default	00:37:15.101428-0700	IntelligencePlatformComputeService	IntelligencePlatformComputeService: updateViewWithName LastCallMatView called
default	00:37:15.101557-0700	IntelligencePlatformComputeService	IntelligencePlatformComputeService: updateViewWithName LastCallMatView begining update
default	00:37:15.103473-0700	IntelligencePlatformComputeService	Enumerator for App.InFocus starting from <private>/<private>+0x71710
default	00:37:15.105473-0700	IntelligencePlatformComputeService	ViewUpdate: <private>: Finished update
default	00:37:15.105623-0700	IntelligencePlatformComputeService	ViewUpdate: <private>: <private>: Finished update
default	00:37:15.106051-0700	IntelligencePlatformComputeService	IntelligencePlatformComputeService: update LastCallMatView returning responses
default	00:37:15.106396-0700	AnxietyWatch	<private>ms (+<private>ms) DashboardView.body evaluated
default	00:37:15.107131-0700	biomed	ViewUpdate: 120:LastCallMatView: View was updated
default	00:37:15.107223-0700	biomed	ViewUpdate: completed update
default	00:37:15.107234-0700	biomed	ViewUpdate: 120:LastCallMatView: Ending view update attempt
default	00:37:15.107439-0700	biomed	ViewUpdate: Finished update job for live
default	00:37:15.148494-0700	AnxietyWatch	Create activity from XPC object <nw_activity 50:1 [A4D43FD3-EA53-4C0C-98E2-5595B5DED6E7] (reporting strategy default)>
default	00:37:15.148508-0700	AnxietyWatch	Create activity from XPC object <nw_activity 50:2 [954FD5C6-1340-48C9-85C2-ADACF3E34CAC] (reporting strategy default)>
default	00:37:15.148514-0700	AnxietyWatch	Set activity <nw_activity 50:1 [A4D43FD3-EA53-4C0C-98E2-5595B5DED6E7] (reporting strategy default)> as the global parent
default	00:37:15.148526-0700	AnxietyWatch	AggregateDictionary is deprecated and has been removed. Please migrate to Core Analytics.
default	00:37:15.148536-0700	AnxietyWatch	Ending background task with UIBackgroundTaskIdentifier: 1
default	00:37:15.148544-0700	AnxietyWatch	Ending task with identifier 1 and description: <private>, _expireHandler: (null)
default	00:37:15.148550-0700	AnxietyWatch	Decrementing reference count for assertion <private> (used by background task with identifier 1: <private>)
default	00:37:15.148889-0700	AnxietyWatch	Target list changed: <CADisplay:LCD primary>
default	00:37:15.149113-0700	SpringBoard	[0xc35282040:(FBSceneManager):sceneID:com.groundeffectsoftware.AnxietyWatch-18DE83D8-1846-45B8-876C-4C1CE7F6CEF0] Scene action [Logical Activate][0x487] completed with success: 1
default	00:37:15.149225-0700	SpringBoard	[(FBSceneManager):sceneID:com.groundeffectsoftware.AnxietyWatch-18DE83D8-1846-45B8-876C-4C1CE7F6CEF0] scene content state changed: ready
default	00:37:15.149346-0700	AnxietyWatch	sceneOfRecord: sceneID: sceneID:com.groundeffectsoftware.AnxietyWatch-18DE83D8-1846-45B8-876C-4C1CE7F6CEF0  persistentID: 18DE83D8-1846-45B8-876C-4C1CE7F6CEF0
default	00:37:15.149611-0700	runningboardd	Acquiring assertion targeting [app<com.groundeffectsoftware.AnxietyWatch(3A076A8F-336D-4BCB-ACE2-64C6E80D0E3A)>:11174](UIScene:com.apple.frontboard.systemappservices/FBSceneManager:sceneID%3Acom.groundeffectsoftware.AnxietyWatch-18DE83D8-1846-45B8-876C-4C1CE7F6CEF0) from originator [osservice<com.apple.SpringBoard>:35] with description <RBSAssertionDescriptor| "injecting  inherited from 'UIScene:com.apple.frontboard.systemappservices/FBSceneManager:com.apple.springboard'" ID:34-35-40172 target:11174<UIScene:com.apple.frontboard.systemappservices/FBSceneManager:sceneID%3Acom.groundeffectsoftware.AnxietyWatch-18DE83D8-1846-45B8-876C-4C1CE7F6CEF0> attributes:[
	<RBSHereditaryGrant| endowmentNamespace:com.apple.boardservices.endpoint-injection UIScene:com.apple.frontboard.systemappservices/FBSceneManager:com.apple.springboard>,
	<RBSHereditaryGrant| endowmentNamespace:com.apple.frontboard.visibility UIScene:com.apple.frontboard.systemappservices/FBSceneManager:com.apple.springboard>
	]>
default	00:37:15.149707-0700	SpringBoard	[(FBSceneManager):sceneID:com.groundeffectsoftware.AnxietyWatch-18DE83D8-1846-45B8-876C-4C1CE7F6CEF0] Setting parent scene: (FBSceneManager):com.apple.springboard
default	00:37:15.149744-0700	runningboardd	Assertion 34-35-40172 (target:[app<com.groundeffectsoftware.AnxietyWatch(3A076A8F-336D-4BCB-ACE2-64C6E80D0E3A)>:11174](UIScene:com.apple.frontboard.systemappservices/FBSceneManager:sceneID%3Acom.groundeffectsoftware.AnxietyWatch-18DE83D8-1846-45B8-876C-4C1CE7F6CEF0)) will be created as active
default	00:37:15.150007-0700	SpringBoard	[(FBSceneManager):sceneID:com.groundeffectsoftware.AnxietyWatch-18DE83D8-1846-45B8-876C-4C1CE7F6CEF0] propagating 5 settings from (FBSceneManager):com.apple.springboard
default	00:37:15.150103-0700	AnxietyWatch	Not push traits update to screen for new style 2, <UIWindowScene: 0x10b4a0000> (18DE83D8-1846-45B8-876C-4C1CE7F6CEF0)
default	00:37:15.150120-0700	AnxietyWatch	TCC available 1, req 1 complete 0
default	00:37:15.153989-0700	AnxietyWatch	[0x115ef0000] activating connection: mach=true listener=false peer=false name=com.apple.tccd
default	00:37:15.154118-0700	SpringBoard	<_UIChildRemoteContentRegistry: 0xc31f3b570; parentScene: <FBSScene: 0xc333061c0>; childScenes: 6; childViewServices: 0> Registry is now tracking child scene <FBScene: 0xc30fb59a0>
default	00:37:15.154480-0700	SpringBoard	<_UISceneRelationshipManagementHostComponent:0xc3020e3c0> Scene <FBScene: 0xc30fb59a0> is hosted in <SBWindowScene: 0xc33121180>
default	00:37:15.154501-0700	tccd	[0xc60c7e940] activating connection: mach=false listener=false peer=true name=com.apple.tccd.peer[11174].0xc60c7e940
default	00:37:15.154536-0700	SpringBoard	<ForwardingPresentationScene:0xc3168e580> Prioritized presenter: <_UIScenePresenter: 0xc3d2212d0; identifier: SBDeviceApplicationSceneViewController:0xc3cd83000-SBApplicationSceneView:0xc3ba9df80-62; sortContext: 0>.
default	00:37:15.154551-0700	SpringBoard	<StateMachine:0xc3020f980> Hosting window did change to <SBMainSwitcherWindow: 0xc36e77800; baseClass = UIWindow; frame = (0 0; 390 844); gestureRecognizers = <NSArray: 0xc3161e730>; layer = <UIWindowLayer: 0xc3158ac40>>.
default	00:37:15.154557-0700	SpringBoard	<StateMachine:0xc3020f980> Waiting for a hosting window.
default	00:37:15.154572-0700	runningboardd	Calculated state for app<com.groundeffectsoftware.AnxietyWatch(3A076A8F-336D-4BCB-ACE2-64C6E80D0E3A)>: running-active (role: UserInteractiveFocal) (endowments: <private>)
default	00:37:15.154581-0700	tccd	REQUEST: tccd_uid=501, sender_pid=11174, sender_uid=501, sender_auid=-1, function=TCCAccessRequest, msgID=11174.1
default	00:37:15.154598-0700	SpringBoard	<StateMachine:0xc3020f980> Hosting environment did change to <0xc32a70d80:FBSScene:com.apple.springboard>.
default	00:37:15.154696-0700	SpringBoard	[(FBSceneManager):sceneID:com.groundeffectsoftware.AnxietyWatch-18DE83D8-1846-45B8-876C-4C1CE7F6CEF0] Removing parent scene.
default	00:37:15.154710-0700	SpringBoard	<_UIChildRemoteContentRegistry: 0xc31f3b570; parentScene: <FBSScene: 0xc333061c0>; childScenes: 5; childViewServices: 0> Registry is no longer tracking child scene <FBScene: 0xc30fb59a0>
default	00:37:15.154717-0700	SpringBoard	<_UISceneRelationshipManagementHostComponent:0xc3020e3c0> Scene <FBScene: 0xc30fb59a0> is hosted in (nil)
default	00:37:15.154728-0700	SpringBoard	<StateMachine:0xc3020f980> Hosting window did change to (null).
default	00:37:15.154814-0700	SpringBoard	<StateMachine:0xc3020f980> Hosting environment did change to <0x0:(null)>.
default	00:37:15.154827-0700	SpringBoard	[(FBSceneManager):sceneID:com.groundeffectsoftware.AnxietyWatch-18DE83D8-1846-45B8-876C-4C1CE7F6CEF0] Setting parent scene: (FBSceneManager):com.apple.springboard
default	00:37:15.154870-0700	runningboardd	Invalidating assertion 34-35-40172 (target:[app<com.groundeffectsoftware.AnxietyWatch(3A076A8F-336D-4BCB-ACE2-64C6E80D0E3A)>:11174](UIScene:com.apple.frontboard.systemappservices/FBSceneManager:sceneID%3Acom.groundeffectsoftware.AnxietyWatch-18DE83D8-1846-45B8-876C-4C1CE7F6CEF0)) from originator [osservice<com.apple.SpringBoard>:35]
default	00:37:15.154906-0700	tccd	AUTHREQ_CTX: msgID=11174.1, function=TCCAccessRequest, service=kTCCServiceBluetoothAlways, preflight=yes, query=1, client_dict=(null), daemon_dict=<private>
default	00:37:15.154915-0700	SpringBoard	[(FBSceneManager):sceneID:com.groundeffectsoftware.AnxietyWatch-18DE83D8-1846-45B8-876C-4C1CE7F6CEF0] propagating 5 settings from (FBSceneManager):com.apple.springboard
default	00:37:15.154957-0700	runningboardd	Inheritance changeset: <RBSInheritanceChangeSet| gained:{(
    <RBSInheritance| environment:UIScene:com.apple.frontboard.systemappservices/FBSceneManager:sceneID%3Acom.groundeffectsoftware.AnxietyWatch-18DE83D8-1846-45B8-876C-4C1CE7F6CEF0 name:com.apple.frontboard.visibility origID:34-35-40172 payload 169199432604821726>
)} lost:{(
)}>
default	00:37:15.154995-0700	tccd	AUTHREQ_ATTRIBUTION: msgID=11174.1, attribution={requesting={TCCDProcess: identifier=com.groundeffectsoftware.AnxietyWatch, pid=11174, auid=501, euid=501, binary_path=/private/var/containers/Bundle/Application/75D10D57-B2FB-41B5-9784-F91DBB9A6D3B/AnxietyWatch.app/AnxietyWatch}, },
default	00:37:15.155047-0700	runningboardd	Acquiring assertion targeting [app<com.groundeffectsoftware.AnxietyWatch(3A076A8F-336D-4BCB-ACE2-64C6E80D0E3A)>:11174](UIScene:com.apple.frontboard.systemappservices/FBSceneManager:sceneID%3Acom.groundeffectsoftware.AnxietyWatch-18DE83D8-1846-45B8-876C-4C1CE7F6CEF0) from originator [osservice<com.apple.SpringBoard>:35] with description <RBSAssertionDescriptor| "injecting  inherited from 'UIScene:com.apple.frontboard.systemappservices/FBSceneManager:com.apple.springboard'" ID:34-35-40173 target:11174<UIScene:com.apple.frontboard.systemappservices/FBSceneManager:sceneID%3Acom.groundeffectsoftware.AnxietyWatch-18DE83D8-1846-45B8-876C-4C1CE7F6CEF0> attributes:[
	<RBSHereditaryGrant| endowmentNamespace:com.apple.boardservices.endpoint-injection UIScene:com.apple.frontboard.systemappservices/FBSceneManager:com.apple.springboard>,
	<RBSHereditaryGrant| endowmentNamespace:com.apple.frontboard.visibility UIScene:com.apple.frontboard.systemappservices/FBSceneManager:com.apple.springboard>
	]>
default	00:37:15.155064-0700	SpringBoard	<_UIChildRemoteContentRegistry: 0xc31f3b570; parentScene: <FBSScene: 0xc333061c0>; childScenes: 6; childViewServices: 0> Registry is now tracking child scene <FBScene: 0xc30fb59a0>
default	00:37:15.155073-0700	runningboardd	Assertion 34-35-40173 (target:[app<com.groundeffectsoftware.AnxietyWatch(3A076A8F-336D-4BCB-ACE2-64C6E80D0E3A)>:11174](UIScene:com.apple.frontboard.systemappservices/FBSceneManager:sceneID%3Acom.groundeffectsoftware.AnxietyWatch-18DE83D8-1846-45B8-876C-4C1CE7F6CEF0)) will be created as active
default	00:37:15.155081-0700	SpringBoard	<_UISceneRelationshipManagementHostComponent:0xc3020e3c0> Scene <FBScene: 0xc30fb59a0> is hosted in <SBWindowScene: 0xc33121180>
default	00:37:15.155087-0700	SpringBoard	<StateMachine:0xc3020f980> Hosting window did change to <SBMainSwitcherWindow: 0xc36e77800; baseClass = UIWindow; frame = (0 0; 390 844); gestureRecognizers = <NSArray: 0xc3161e730>; layer = <UIWindowLayer: 0xc3158ac40>>.
default	00:37:15.155093-0700	SpringBoard	<StateMachine:0xc3020f980> Waiting for a hosting window.
default	00:37:15.155101-0700	SpringBoard	<StateMachine:0xc3020f980> Hosting environment did change to <0xc315df540:FBSScene:com.apple.springboard>.
default	00:37:15.155708-0700	healthd	Received state update for 11174 (app<com.groundeffectsoftware.AnxietyWatch(3A076A8F-336D-4BCB-ACE2-64C6E80D0E3A)>, running-active-Visible
default	00:37:15.155718-0700	SpringBoard	[Main (EmbeddedDisplay)] dispatch event:
<SBSceneReadySwitcherModifierEvent: 0xc3168d710; type: SceneReady; appLayout: <SBAppLayout: 0xc3e536d00; primary: com.groundeffectsoftware.AnxietyWatch:4C1CE7F6CEF0; environment: main> {
    configuration = full;
    environment = main;
    centerConfiguration = undefined;
    preferredDisplayOrdinal = 0;
    continuousExposeIdentifier = com.groundeffectsoftware.AnxietyWatch;
    layoutItems = {
        primary = <SBDisplayItem: 0xc3170a0c0; type: App; bundleIdentifier: com.groundeffectsoftware.AnxietyWatch; uniqueIdentifier: sceneID:com.groundeffectsoftware.AnxietyWatch-18DE83D8-1846-45B8-876C-4C1CE7F6CEF0>;
    }
}>
default	00:37:15.155740-0700	AnxietyWatch	preflight ext:0 userAuth:2 reason:2 response:0
default	00:37:15.155746-0700	SpringBoard	Received state update for 11174 (app<com.groundeffectsoftware.AnxietyWatch(3A076A8F-336D-4BCB-ACE2-64C6E80D0E3A)>, running-active-Visible
default	00:37:15.155822-0700	AnxietyWatch	[0x115ef0000] invalidated after the last release of the connection object
default	00:37:15.155848-0700	tccd	AUTHREQ_SUBJECT: msgID=11174.1, subject=com.groundeffectsoftware.AnxietyWatch,
default	00:37:15.155869-0700	tccd	AUTHREQ_RESULT: msgID=11174.1, authValue=2, authReason=2, authVersion=1, desired_auth=0, error=(null),
default	00:37:15.155883-0700	tccd	REPLY: (501) function=TCCAccessRequest, msgID=11174.1
default	00:37:15.155911-0700	tccd	[0xc60c7fd40] activating connection: mach=false listener=false peer=true name=com.apple.tccd.peer[102].0xc60c7fd40
default	00:37:15.155925-0700	tccd	REQUEST: tccd_uid=501, sender_pid=102, sender_uid=501, sender_auid=-1, function=TCCAccessRequest, msgID=102.395
default	00:37:15.155961-0700	tccd	[0xc60c7c140] activating connection: mach=false listener=false peer=true name=com.apple.tccd.peer[11174].0xc60c7c140
default	00:37:15.155977-0700	tccd	REQUEST: tccd_uid=501, sender_pid=11174, sender_uid=501, sender_auid=-1, function=TCCAccessRequest, msgID=11174.2
default	00:37:15.156090-0700	AnxietyWatch	TCC available 1, req 1 complete 0
default	00:37:15.156109-0700	runningboardd	Inheritance changeset: <RBSInheritanceChangeSet| gained:{(
    <RBSInheritance| environment:UIScene:com.apple.frontboard.systemappservices/FBSceneManager:sceneID%3Acom.groundeffectsoftware.AnxietyWatch-18DE83D8-1846-45B8-876C-4C1CE7F6CEF0 name:com.apple.frontboard.visibility origID:34-35-40173 payload 169199432604821726>
)} lost:{(
)}>
default	00:37:15.156126-0700	AnxietyWatch	[0x115ef1040] activating connection: mach=true listener=false peer=false name=com.apple.tccd
default	00:37:15.156297-0700	CommCenter	Received state update for 11174 (app<com.groundeffectsoftware.AnxietyWatch(3A076A8F-336D-4BCB-ACE2-64C6E80D0E3A)>, running-active-Visible
default	00:37:15.156322-0700	bluetoothd	Received XPC message "CBMsgIdTCCDone" from session "com.groundeffectsoftware.AnxietyWatch-central-11174-427"
default	00:37:15.156389-0700	bluetoothd	TCC Done session:com.groundeffectsoftware.AnxietyWatch-central-11174-427 fDeviceAccessForMediaSession:0 fDeviceAccessForMediaExtension:0 fDeviceAccessPerAccessorySession:0 fDeviceAccessPerAccessoryExtension:0 sessionType:0
default	00:37:15.156414-0700	tccd	AUTHREQ_CTX: msgID=11174.2, function=TCCAccessRequest, service=kTCCServiceBluetoothAlways, preflight=yes, query=1, client_dict=(null), daemon_dict=<private>
default	00:37:15.156446-0700	audiomxd	Received state update for 11174 (app<com.groundeffectsoftware.AnxietyWatch(3A076A8F-336D-4BCB-ACE2-64C6E80D0E3A)>, running-active-Visible
default	00:37:15.156454-0700	tccd	AUTHREQ_ATTRIBUTION: msgID=11174.2, attribution={requesting={TCCDProcess: identifier=com.groundeffectsoftware.AnxietyWatch, pid=11174, auid=501, euid=501, binary_path=/private/var/containers/Bundle/Application/75D10D57-B2FB-41B5-9784-F91DBB9A6D3B/AnxietyWatch.app/AnxietyWatch}, },
default	00:37:15.156485-0700	tccd	AUTHREQ_CTX: msgID=102.395, function=TCCAccessRequest, service=kTCCServiceBluetoothAlways, preflight=yes, query=1, client_dict=(null), daemon_dict=<private>
default	00:37:15.156563-0700	tccd	AUTHREQ_ATTRIBUTION: msgID=102.395, attribution={accessing={TCCDProcess: identifier=com.groundeffectsoftware.AnxietyWatch, pid=11174, auid=501, euid=501, binary_path=/private/var/containers/Bundle/Application/75D10D57-B2FB-41B5-9784-F91DBB9A6D3B/AnxietyWatch.app/AnxietyWatch}, requesting={TCCDProcess: identifier=com.apple.bluetoothd, pid=102, auid=501, euid=501, binary_path=/usr/sbin/bluetoothd}, },
default	00:37:15.156809-0700	SpringBoard	Window(0xc35b2d000)(SBTraitsParticipantRoleControlCenter-0) validates resolution: NO. isHidden
default	00:37:15.156816-0700	tccd	requestor: TCCDProcess: identifier=com.apple.bluetoothd, pid=102, auid=501, euid=501, binary_path=/usr/sbin/bluetoothd is checking access for accessor TCCDProcess: identifier=com.groundeffectsoftware.AnxietyWatch, pid=11174, auid=501, euid=501, binary_path=/private/var/containers/Bundle/Application/75D10D57-B2FB-41B5-9784-F91DBB9A6D3B/AnxietyWatch.app/AnxietyWatch
default	00:37:15.156941-0700	mediaremoted	[MRDRRC].IFM always using dynamicEligibility check
default	00:37:15.156960-0700	mediaremoted	[MRDRRC].MBM querying: (1)
default	00:37:15.156985-0700	bluetoothd	[0x920d48280] activating connection: mach=true listener=false peer=false name=com.apple.tccd
default	00:37:15.157006-0700	tccd	AUTHREQ_SUBJECT: msgID=102.395, subject=com.groundeffectsoftware.AnxietyWatch,
default	00:37:15.157011-0700	tccd	AUTHREQ_SUBJECT: msgID=11174.2, subject=com.groundeffectsoftware.AnxietyWatch,
default	00:37:15.157098-0700	tccd	[0xc60c7e940] invalidated because the client process (pid 11174) either cancelled the connection or exited
default	00:37:15.157105-0700	tccd	AUTHREQ_RESULT: msgID=11174.2, authValue=2, authReason=2, authVersion=1, desired_auth=0, error=(null),
default	00:37:15.157119-0700	tccd	REPLY: (501) function=TCCAccessRequest, msgID=11174.2
default	00:37:15.157139-0700	tccd	AUTHREQ_RESULT: msgID=102.395, authValue=2, authReason=2, authVersion=1, desired_auth=0, error=(null),
default	00:37:15.157151-0700	tccd	REPLY: (501) function=TCCAccessRequest, msgID=102.395
default	00:37:15.157226-0700	AnxietyWatch	preflight ext:0 userAuth:2 reason:2 response:0
default	00:37:15.157244-0700	AnxietyWatch	[0x115ef1040] invalidated after the last release of the connection object
default	00:37:15.157265-0700	bluetoothd	Received XPC message "CBMsgIdTCCDone" from session "com.groundeffectsoftware.AnxietyWatch-central-11174-428"
default	00:37:15.157279-0700	bluetoothd	preflight ext:0 userAuth:2 reason:2 response:0
default	00:37:15.157293-0700	bluetoothd	[0x920d48280] invalidated after the last release of the connection object
default	00:37:15.157310-0700	bluetoothd	Bluetooth user permission alwaysAuth: granted
default	00:37:15.157347-0700	bluetoothd	[0x920d48280] activating connection: mach=true listener=false peer=false name=com.apple.tccd
default	00:37:15.157392-0700	tccd	[0xc60c7e940] activating connection: mach=false listener=false peer=true name=com.apple.tccd.peer[102].0xc60c7e940
default	00:37:15.157399-0700	tccd	[0xc60c7c140] invalidated because the client process (pid 11174) either cancelled the connection or exited
default	00:37:15.157417-0700	tccd	REQUEST: tccd_uid=501, sender_pid=102, sender_uid=501, sender_auid=-1, function=TCCAccessRequest, msgID=102.396
default	00:37:15.157521-0700	tccd	[0xc60c7fd40] invalidated because the client process (pid 102) either cancelled the connection or exited
default	00:37:15.157596-0700	tccd	AUTHREQ_CTX: msgID=102.396, function=TCCAccessRequest, service=kTCCServiceBluetoothAlways, preflight=no, query=1, client_dict=<private>, daemon_dict=<private>
default	00:37:15.157605-0700	tccd	AUTHREQ_ATTRIBUTION: msgID=102.396, attribution={accessing={TCCDProcess: identifier=com.groundeffectsoftware.AnxietyWatch, pid=11174, auid=501, euid=501, binary_path=/private/var/containers/Bundle/Application/75D10D57-B2FB-41B5-9784-F91DBB9A6D3B/AnxietyWatch.app/AnxietyWatch}, requesting={TCCDProcess: identifier=com.apple.bluetoothd, pid=102, auid=501, euid=501, binary_path=/usr/sbin/bluetoothd}, },
default	00:37:15.157634-0700	tccd	requestor: TCCDProcess: identifier=com.apple.bluetoothd, pid=102, auid=501, euid=501, binary_path=/usr/sbin/bluetoothd is checking access for accessor TCCDProcess: identifier=com.groundeffectsoftware.AnxietyWatch, pid=11174, auid=501, euid=501, binary_path=/private/var/containers/Bundle/Application/75D10D57-B2FB-41B5-9784-F91DBB9A6D3B/AnxietyWatch.app/AnxietyWatch
default	00:37:15.157882-0700	tccd	AUTHREQ_SUBJECT: msgID=102.396, subject=com.groundeffectsoftware.AnxietyWatch,
default	00:37:15.158241-0700	tccd	AUTHREQ_RESULT: msgID=102.396, authValue=2, authReason=2, authVersion=1, desired_auth=0, error=(null),
default	00:37:15.158269-0700	tccd	REPLY: (501) function=TCCAccessRequest, msgID=102.396
default	00:37:15.158590-0700	bluetoothd	[0x920d48280] invalidated after the last release of the connection object
default	00:37:15.158616-0700	bluetoothd	BluetoothUserPrivacy: alwaysAccess: 1, isCBPrivacySupported: 1, medicalDeviceOrStateRestorationAppPendingTCC:0 deviceAccessExempt:0 fDeviceAccessForMediaSession:0 fDeviceAccessForMediaExtension:0 fDeviceAccessPerAccessorySession:0 fDeviceAccessPerAccessoryExtension:0 sessionType:0
default	00:37:15.158685-0700	bluetoothd	Power state changed. PowerState:1 managerState:5 fUserAuthorization: 1	 medicalDeviceorStateRestorationAppPendingTCC:0 fDeviceAccessForMediaSession:0 fDeviceAccessForMediaExtension:0 fDeviceAccessPerAccessorySession:0 fDeviceAccessPerAccessoryExtension:0 appState:10 deviceAccessExempt:0
default	00:37:15.158708-0700	bluetoothd	Sending 'state updated' event with state "On" to session "com.groundeffectsoftware.AnxietyWatch-central-11174-427"
default	00:37:15.158730-0700	bluetoothd	advertisingAddressDidChange connectable:Random 77:F1:17:38:0C:10 non-connectable:Random 7A:19:33:69:C3:1F
default	00:37:15.158737-0700	bluetoothd	Ignore advertisingAddressDidChange for session com.groundeffectsoftware.AnxietyWatch-central-11174-427 with access level : 0 and manager state powered on
default	00:37:15.158749-0700	bluetoothd	advertisingAddressDidChange connectable:Random 77:F1:17:38:0C:10 non-connectable:Random 7A:19:33:69:C3:1F
default	00:37:15.158759-0700	bluetoothd	Ignore advertisingAddressDidChange for session com.groundeffectsoftware.AnxietyWatch-central-11174-427 with access level : 0 and manager state powered on
default	00:37:15.158766-0700	bluetoothd	TCC Done session:com.groundeffectsoftware.AnxietyWatch-central-11174-428 fDeviceAccessForMediaSession:0 fDeviceAccessForMediaExtension:0 fDeviceAccessPerAccessorySession:0 fDeviceAccessPerAccessoryExtension:0 sessionType:0
default	00:37:15.158785-0700	bluetoothd	[0x92095c000] activating connection: mach=true listener=false peer=false name=com.apple.tccd
default	00:37:15.158926-0700	tccd	[0xc60c7e940] invalidated because the client process (pid 102) either cancelled the connection or exited
default	00:37:15.158938-0700	tccd	[0xc60c7fd40] activating connection: mach=false listener=false peer=true name=com.apple.tccd.peer[102].0xc60c7fd40
default	00:37:15.159009-0700	tccd	REQUEST: tccd_uid=501, sender_pid=102, sender_uid=501, sender_auid=-1, function=TCCAccessRequest, msgID=102.397
default	00:37:15.159554-0700	PerfPowerServices	Received state update for 11174 (app<com.groundeffectsoftware.AnxietyWatch(3A076A8F-336D-4BCB-ACE2-64C6E80D0E3A)>, running-active-Visible
default	00:37:15.159812-0700	tccd	AUTHREQ_CTX: msgID=102.397, function=TCCAccessRequest, service=kTCCServiceBluetoothAlways, preflight=yes, query=1, client_dict=(null), daemon_dict=<private>
default	00:37:15.159822-0700	WirelessRadioManagerd	Received state update for 11174 (app<com.groundeffectsoftware.AnxietyWatch(3A076A8F-336D-4BCB-ACE2-64C6E80D0E3A)>, running-active-Visible
default	00:37:15.159848-0700	tccd	AUTHREQ_ATTRIBUTION: msgID=102.397, attribution={accessing={TCCDProcess: identifier=com.groundeffectsoftware.AnxietyWatch, pid=11174, auid=501, euid=501, binary_path=/private/var/containers/Bundle/Application/75D10D57-B2FB-41B5-9784-F91DBB9A6D3B/AnxietyWatch.app/AnxietyWatch}, requesting={TCCDProcess: identifier=com.apple.bluetoothd, pid=102, auid=501, euid=501, binary_path=/usr/sbin/bluetoothd}, },
default	00:37:15.159934-0700	tccd	requestor: TCCDProcess: identifier=com.apple.bluetoothd, pid=102, auid=501, euid=501, binary_path=/usr/sbin/bluetoothd is checking access for accessor TCCDProcess: identifier=com.groundeffectsoftware.AnxietyWatch, pid=11174, auid=501, euid=501, binary_path=/private/var/containers/Bundle/Application/75D10D57-B2FB-41B5-9784-F91DBB9A6D3B/AnxietyWatch.app/AnxietyWatch
default	00:37:15.160258-0700	AnxietyWatch	Handling app launch
default	00:37:15.160597-0700	wcd	Received state update for 11174 (app<com.groundeffectsoftware.AnxietyWatch(3A076A8F-336D-4BCB-ACE2-64C6E80D0E3A)>, running-active-Visible
default	00:37:15.161099-0700	tccd	AUTHREQ_SUBJECT: msgID=102.397, subject=com.groundeffectsoftware.AnxietyWatch,
default	00:37:15.161297-0700	tccd	AUTHREQ_RESULT: msgID=102.397, authValue=2, authReason=2, authVersion=1, desired_auth=0, error=(null),
default	00:37:15.161338-0700	tccd	REPLY: (501) function=TCCAccessRequest, msgID=102.397
default	00:37:15.161355-0700	useractivityd	Received state update for 11174 (app<com.groundeffectsoftware.AnxietyWatch(3A076A8F-336D-4BCB-ACE2-64C6E80D0E3A)>, running-active-Visible
default	00:37:15.161381-0700	bluetoothd	preflight ext:0 userAuth:2 reason:2 response:0
default	00:37:15.161439-0700	bluetoothd	[0x92095c000] invalidated after the last release of the connection object
default	00:37:15.161465-0700	bluetoothd	Bluetooth user permission alwaysAuth: granted
default	00:37:15.161581-0700	bluetoothd	[0x920d48280] activating connection: mach=true listener=false peer=false name=com.apple.tccd
default	00:37:15.161622-0700	tccd	[0xc60c7e940] activating connection: mach=false listener=false peer=true name=com.apple.tccd.peer[102].0xc60c7e940
default	00:37:15.161676-0700	tccd	[0xc60c7fd40] invalidated because the client process (pid 102) either cancelled the connection or exited
default	00:37:15.161784-0700	tccd	REQUEST: tccd_uid=501, sender_pid=102, sender_uid=501, sender_auid=-1, function=TCCAccessRequest, msgID=102.398
default	00:37:15.162316-0700	tccd	AUTHREQ_CTX: msgID=102.398, function=TCCAccessRequest, service=kTCCServiceBluetoothAlways, preflight=no, query=1, client_dict=<private>, daemon_dict=<private>
default	00:37:15.162324-0700	tccd	AUTHREQ_ATTRIBUTION: msgID=102.398, attribution={accessing={TCCDProcess: identifier=com.groundeffectsoftware.AnxietyWatch, pid=11174, auid=501, euid=501, binary_path=/private/var/containers/Bundle/Application/75D10D57-B2FB-41B5-9784-F91DBB9A6D3B/AnxietyWatch.app/AnxietyWatch}, requesting={TCCDProcess: identifier=com.apple.bluetoothd, pid=102, auid=501, euid=501, binary_path=/usr/sbin/bluetoothd}, },
default	00:37:15.162375-0700	tccd	requestor: TCCDProcess: identifier=com.apple.bluetoothd, pid=102, auid=501, euid=501, binary_path=/usr/sbin/bluetoothd is checking access for accessor TCCDProcess: identifier=com.groundeffectsoftware.AnxietyWatch, pid=11174, auid=501, euid=501, binary_path=/private/var/containers/Bundle/Application/75D10D57-B2FB-41B5-9784-F91DBB9A6D3B/AnxietyWatch.app/AnxietyWatch
default	00:37:15.162659-0700	mediaremoted	[MRDRRC].MBM missing: (1)
default	00:37:15.162693-0700	mediaremoted	[MRDRRC].MBM returning cached value for <private> = <private>
default	00:37:15.162713-0700	backboardd	Received state update for 11174 (app<com.groundeffectsoftware.AnxietyWatch(3A076A8F-336D-4BCB-ACE2-64C6E80D0E3A)>, running-active-Visible
default	00:37:15.162971-0700	tccd	AUTHREQ_SUBJECT: msgID=102.398, subject=com.groundeffectsoftware.AnxietyWatch,
default	00:37:15.163033-0700	tccd	AUTHREQ_RESULT: msgID=102.398, authValue=2, authReason=2, authVersion=1, desired_auth=0, error=(null),
default	00:37:15.163050-0700	tccd	REPLY: (501) function=TCCAccessRequest, msgID=102.398
default	00:37:15.163136-0700	bluetoothd	[0x920d48280] invalidated after the last release of the connection object
default	00:37:15.163168-0700	bluetoothd	BluetoothUserPrivacy: alwaysAccess: 1, isCBPrivacySupported: 1, medicalDeviceOrStateRestorationAppPendingTCC:0 deviceAccessExempt:0 fDeviceAccessForMediaSession:0 fDeviceAccessForMediaExtension:0 fDeviceAccessPerAccessorySession:0 fDeviceAccessPerAccessoryExtension:0 sessionType:0
default	00:37:15.163183-0700	bluetoothd	Power state changed. PowerState:1 managerState:5 fUserAuthorization: 1	 medicalDeviceorStateRestorationAppPendingTCC:0 fDeviceAccessForMediaSession:0 fDeviceAccessForMediaExtension:0 fDeviceAccessPerAccessorySession:0 fDeviceAccessPerAccessoryExtension:0 appState:10 deviceAccessExempt:0
default	00:37:15.163191-0700	bluetoothd	Sending 'state updated' event with state "On" to session "com.groundeffectsoftware.AnxietyWatch-central-11174-428"
default	00:37:15.163230-0700	bluetoothd	advertisingAddressDidChange connectable:Random 77:F1:17:38:0C:10 non-connectable:Random 7A:19:33:69:C3:1F
default	00:37:15.163239-0700	bluetoothd	Ignore advertisingAddressDidChange for session com.groundeffectsoftware.AnxietyWatch-central-11174-428 with access level : 0 and manager state powered on
default	00:37:15.163273-0700	bluetoothd	advertisingAddressDidChange connectable:Random 77:F1:17:38:0C:10 non-connectable:Random 7A:19:33:69:C3:1F
default	00:37:15.163283-0700	bluetoothd	Ignore advertisingAddressDidChange for session com.groundeffectsoftware.AnxietyWatch-central-11174-428 with access level : 0 and manager state powered on
default	00:37:15.163336-0700	dasd	Received state update for 11174 (app<com.groundeffectsoftware.AnxietyWatch(3A076A8F-336D-4BCB-ACE2-64C6E80D0E3A)>, running-active-Visible
default	00:37:15.163754-0700	bluetoothd	Received state update for 11174 (app<com.groundeffectsoftware.AnxietyWatch(3A076A8F-336D-4BCB-ACE2-64C6E80D0E3A)>, running-active-Visible
default	00:37:15.163995-0700	AnxietyWatch	[0x10b48d0a0] Scene target of event deferring environments did update: scene: 0x10b4a0000; current systemShellManagesKeyboardFocus: 1; systemShellManagesKeyboardFocusForScene: 1; eligibleForRecordRemoval: 1;
default	00:37:15.164016-0700	AnxietyWatch	Scene became target of keyboard event deferring environment: UIWindowScene: 0x10b4a0000; scene identity: com.apple.frontboard.systemappservices/FBSceneManager:sceneID%3Acom.groundeffectsoftware.AnxietyWatch-18DE83D8-1846-45B8-876C-4C1CE7F6CEF0
default	00:37:15.164253-0700	watchdogd	Received state update for 11174 (app<com.groundeffectsoftware.AnxietyWatch(3A076A8F-336D-4BCB-ACE2-64C6E80D0E3A)>, running-active-Visible
default	00:37:15.164374-0700	symptomsd	Received state update for 11174 (app<com.groundeffectsoftware.AnxietyWatch(3A076A8F-336D-4BCB-ACE2-64C6E80D0E3A)>, running-active-Visible
error	00:37:15.164386-0700	SpringBoard	Live host view super view[<SBCrossfadeView: 0xc3cffd880; frame = (0 0; 390 844); clipsToBounds = YES; layer = <CALayer: 0xc30258750>>] not matching container view[<UIView: 0xc3cffc540; frame = (0 0; 390 844); clipsToBounds = YES; layer = <CALayer: 0xc321ce310>>], frame not updated
default	00:37:15.164599-0700	UserEventAgent	Received state update for 11174 (app<com.groundeffectsoftware.AnxietyWatch(3A076A8F-336D-4BCB-ACE2-64C6E80D0E3A)>, running-active-Visible
default	00:37:15.164767-0700	wifid	Received state update for 11174 (app<com.groundeffectsoftware.AnxietyWatch(3A076A8F-336D-4BCB-ACE2-64C6E80D0E3A)>, running-active-Visible
default	00:37:15.165333-0700	locationd	Received state update for 11174 (app<com.groundeffectsoftware.AnxietyWatch(3A076A8F-336D-4BCB-ACE2-64C6E80D0E3A)>, running-active-Visible
default	00:37:15.165442-0700	IDSCredentialsAgent	Received state update for 11174 (app<com.groundeffectsoftware.AnxietyWatch(3A076A8F-336D-4BCB-ACE2-64C6E80D0E3A)>, running-active-Visible
default	00:37:15.166232-0700	gamepolicyd	Received state update for 11174 (app<com.groundeffectsoftware.AnxietyWatch(3A076A8F-336D-4BCB-ACE2-64C6E80D0E3A)>, running-active-NotVisible
default	00:37:15.166522-0700	tccd	[0xc60c7e940] invalidated because the client process (pid 102) either cancelled the connection or exited
default	00:37:15.166944-0700	AnxietyWatch	<private>ms (+<private>ms) bootstrapKit: end
default	00:37:15.166954-0700	AnxietyWatch	<private>ms (+<private>ms) pipelineService.start: begin
default	00:37:15.167288-0700	AnxietyWatch	[FBSDisplaySource 1-7] silently connecting raw configuration: <FBSDisplayConfiguration: 0x108183d00; Main; mode: "390x844@3x 60Hz p3 SDR">
default	00:37:15.198582-0700	kernel	ANE0: aneFirmwareCommandSend: Skip waiting for response
default	00:37:15.198617-0700	kernel	ANE0: aneFirmwareCommandSend: Skip waiting for response
default	00:37:15.198725-0700	kernel	ANE0: aneFirmwareCommandSend: Skip waiting for response
default	00:37:15.206703-0700	AnxietyWatch	[0x115ef1a40] activating connection: mach=true listener=false peer=false name=com.apple.healthd.server
default	00:37:15.207005-0700	AnxietyWatch	<private>ms (+<private>ms) DashboardView.body evaluated
default	00:37:15.207624-0700	healthd	[0x9e4225680] activating connection: mach=false listener=false peer=true name=com.apple.healthd.server.peer[11174].0x9e4225680
default	00:37:15.219801-0700	backboardd	[ALS] ts=81871.085 lux=4.064<private> xy=(0.560 0.440) chs=[0 70 50 185 179] CCT1=1100.085 gain=512x mode=<private> subsamples=24 rawLux=4.064 nits=49 xTalk=[0 0 0 0 0] status=0x9B copyEvent=0
default	00:37:15.220544-0700	backboardd	Ammolite: Lux 4.064267 (delta 3.310870 / thr 10.000000)
default	00:37:15.233319-0700	symptomsd	TCP metrics iteration:8179 since 30.00 secs: allflows=2/C=0/R=0/W=0/flows=0/unacked=0/rxbytes=0/txbytes=0/rxooo=0/rxdup=0/retx=0
default	00:37:15.233328-0700	symptomsd	TCP progress metrics score: 0, problem ratio: 0.00 (baseline: 0.00)
default	00:37:15.238065-0700	AnxietyWatch	Reloading input views for key-window scene responder: <_TtC12AnxietyWatchP33_B65C44C185D5D3D753390DC83209258930_ShakeRespondingViewController: 0x108203000; > force:N
default	00:37:15.238172-0700	AnxietyWatch	_reloadInputViewsForKeyWindowSceneResponder: 1 force: 0, fromBecomeFirstResponder: 1 (automaticKeyboard: 1, reloadIdentifier: EA47B970-8064-4759-8483-0F488A6808E3)
default	00:37:15.238179-0700	AnxietyWatch	_inputViewsForResponder: <_TtC12AnxietyWatchP33_B65C44C185D5D3D753390DC83209258930_ShakeRespondingViewController: 0x108203000; >, automaticKeyboard: 1, force: 0
default	00:37:15.238274-0700	AnxietyWatch	_inputViewsForResponder, found custom inputView: <(null): 0x0>, customInputViewController: <(null): 0x0>
default	00:37:15.238284-0700	AnxietyWatch	_inputViewsForResponder, found inputAccessoryView: <(null): 0x0>
default	00:37:15.238291-0700	AnxietyWatch	_inputViewsForResponder, responderRequiresKeyboard 0 (automaticKeyboardEnabled: 1, activeInstance: <(null): 0x0>, self.isOnScreen: 0, requiresKBWhenFirstResponder: 0)
default	00:37:15.238302-0700	AnxietyWatch	_inputViewsForResponder, useKeyboard 0 (allowsSystemInputView: 1, !inputView <(null): 0x0>, responderRequiresKeyboard 0)
default	00:37:15.238308-0700	AnxietyWatch	_inputViewsForResponder, configuring _responderWithoutAutomaticAppearanceEnabled: <(null): 0x0> (_automaticAppearEnabled: 1)
default	00:37:15.238317-0700	AnxietyWatch	_inputViewsForResponder, needsIVPlaceholder: 0, needsIAVPlaceholder: 0, needsInputSetWithPlaceholder: 0
default	00:37:15.238323-0700	AnxietyWatch	_inputViewsForResponder returning: <<UIInputViewSet: 0x10b71a400>; (empty)>
default	00:37:15.240689-0700	AnxietyWatch	Change from input view set: (null)
default	00:37:15.240705-0700	AnxietyWatch	Change to input view set: (null)
default	00:37:15.241219-0700	AnxietyWatch	_moveGuideOffscreenAtEdge: 4
default	00:37:15.241225-0700	AnxietyWatch	changeOffsetConstants: offset is changing to {0, 0} [previous offset: {-1, -1}]
default	00:37:15.241390-0700	AnxietyWatch	changeSizingConstants: size is changing [not transitioning] to {390, 0} [previous size: {1, 0}]
default	00:37:15.243091-0700	AnxietyWatch	Realizing settings extension SBUISecureRenderingSettingsExtension on FBSSceneSettings
default	00:37:15.243359-0700	AnxietyWatch	Not push traits update to screen for new style 2, <UIWindowScene: 0x10b4a0000> (18DE83D8-1846-45B8-876C-4C1CE7F6CEF0)
default	00:37:15.243393-0700	AnxietyWatch	Not push traits update to screen for new style 2, <UIWindowScene: 0x10b4a0000> (18DE83D8-1846-45B8-876C-4C1CE7F6CEF0)
default	00:37:15.243666-0700	backboardd	new scene host settings: contextID:EF8C27DB <sceneID:com.groundeffectsoftware.AnxietyWatch-18DE83D8-1846-45B8-876C-4C1CE7F6CEF0> unspecified -> foreground
default	00:37:15.243828-0700	AnxietyWatch	sceneOfRecord: sceneID: sceneID:com.groundeffectsoftware.AnxietyWatch-18DE83D8-1846-45B8-876C-4C1CE7F6CEF0  persistentID: 18DE83D8-1846-45B8-876C-4C1CE7F6CEF0
default	00:37:15.243887-0700	AnxietyWatch	Deactivation reason removed: 12; deactivation reasons: 4128 -> 32; animating application lifecycle event: 1
default	00:37:15.243932-0700	AnxietyWatch	Send setDeactivating: N (-DeactivationReason:SuspendedEventsOnly)
default	00:37:15.244592-0700	AnxietyWatch	Deactivation reason removed: 5; deactivation reasons: 32 -> 0; animating application lifecycle event: 0
default	00:37:15.244609-0700	AnxietyWatch	Creating hang event with BundleID: com.groundeffectsoftware.AnxietyWatch
default	00:37:15.244611-0700	AnxietyWatch	Updating event->rollingFGTimestamp from INVALID_FOREGROUND_TIMESTAMP to 1964907068956
default	00:37:15.244668-0700	AnxietyWatch	Updating configuration of monitor M11174-1
default	00:37:15.245009-0700	AnxietyWatch	[0x114c3e440] activating connection: mach=true listener=false peer=false name=com.apple.hangtracermonitor
default	00:37:15.245274-0700	AnxietyWatch	Creating side-channel connection to com.apple.runningboard
default	00:37:15.245280-0700	AnxietyWatch	Skip setting user action callback for 3rd party apps
default	00:37:15.245287-0700	AnxietyWatch	[0x114c3ea80] activating connection: mach=true listener=false peer=false name=com.apple.runningboard
default	00:37:15.245300-0700	AnxietyWatch	[0x114c3e440] invalidated because the current process cancelled the connection by calling xpc_connection_cancel()
default	00:37:15.245407-0700	SpringBoard	[0xc33b13a80] activating connection: mach=false listener=false peer=true name=com.apple.hangtracermonitor.peer[11174].0xc33b13a80
default	00:37:15.245604-0700	runningboardd	Incoming connection from 11174, user 501/501
default	00:37:15.245611-0700	runningboardd	[0xd2f9ab000] activating connection: mach=false listener=false peer=true name=com.apple.runningboard.peer[11174].0xd2f9ab000
default	00:37:15.245630-0700	SpringBoard	[0xc33b13a80] invalidated because the client process (pid 11174) either cancelled the connection or exited
default	00:37:15.245800-0700	AnxietyWatch	Hit the server for a process handle 398899d00002ba6 that resolved to: [app<com.groundeffectsoftware.AnxietyWatch(3A076A8F-336D-4BCB-ACE2-64C6E80D0E3A)>:11174]
default	00:37:15.245815-0700	AnxietyWatch	Received state update for 11174 (app<com.groundeffectsoftware.AnxietyWatch(3A076A8F-336D-4BCB-ACE2-64C6E80D0E3A)>, unknown-NotVisible
default	00:37:15.246416-0700	AnxietyWatch	App did become active
default	00:37:15.250330-0700	AnxietyWatch	<private>ms (+<private>ms) DashboardView.body evaluated
default	00:37:15.254323-0700	runningboardd	Inheritance changeset: <RBSInheritanceChangeSet| gained:{(
)} lost:{(
    <RBSInheritance| environment:UIScene:com.apple.frontboard.systemappservices/FBSceneManager:sceneID%3Acom.groundeffectsoftware.AnxietyWatch-18DE83D8-1846-45B8-876C-4C1CE7F6CEF0 name:com.apple.frontboard.visibility origID:34-35-40172 payload 169199432604821726>
)}>
default	00:37:15.277440-0700	tccd	[0xc60c7e940] activating connection: mach=false listener=false peer=true name=com.apple.tccd.peer[11174].0xc60c7e940
default	00:37:15.277466-0700	AnxietyWatch	[0x10b7e43c0] activating connection: mach=true listener=false peer=false name=com.apple.tccd
default	00:37:15.277504-0700	tccd	REQUEST: tccd_uid=501, sender_pid=11174, sender_uid=501, sender_auid=-1, function=TCCAccessRequest, msgID=11174.3
default	00:37:15.277647-0700	tccd	AUTHREQ_CTX: msgID=11174.3, function=TCCAccessRequest, service=kTCCServiceBluetoothAlways, preflight=yes, query=1, client_dict=(null), daemon_dict=<private>
default	00:37:15.277657-0700	tccd	AUTHREQ_ATTRIBUTION: msgID=11174.3, attribution={requesting={TCCDProcess: identifier=com.groundeffectsoftware.AnxietyWatch, pid=11174, auid=501, euid=501, binary_path=/private/var/containers/Bundle/Application/75D10D57-B2FB-41B5-9784-F91DBB9A6D3B/AnxietyWatch.app/AnxietyWatch}, },
default	00:37:15.278197-0700	tccd	AUTHREQ_SUBJECT: msgID=11174.3, subject=com.groundeffectsoftware.AnxietyWatch,
default	00:37:15.278218-0700	tccd	AUTHREQ_RESULT: msgID=11174.3, authValue=2, authReason=2, authVersion=1, desired_auth=0, error=(null),
default	00:37:15.278237-0700	tccd	REPLY: (501) function=TCCAccessRequest, msgID=11174.3
default	00:37:15.278253-0700	AnxietyWatch	preflight ext:0 userAuth:2 reason:2 response:0
default	00:37:15.278280-0700	AnxietyWatch	[0x10b7e43c0] invalidated after the last release of the connection object
default	00:37:15.278327-0700	tccd	[0xc60c7e940] invalidated because the client process (pid 11174) either cancelled the connection or exited
default	00:37:15.278353-0700	AnxietyWatch	[0x10b7e43c0] activating connection: mach=true listener=false peer=false name=com.apple.tccd
default	00:37:15.278491-0700	tccd	[0xc60c7e940] activating connection: mach=false listener=false peer=true name=com.apple.tccd.peer[11174].0xc60c7e940
default	00:37:15.278512-0700	tccd	REQUEST: tccd_uid=501, sender_pid=11174, sender_uid=501, sender_auid=-1, function=TCCAccessRequest, msgID=11174.4
default	00:37:15.278709-0700	tccd	AUTHREQ_CTX: msgID=11174.4, function=TCCAccessRequest, service=kTCCServiceBluetoothAlways, preflight=yes, query=1, client_dict=(null), daemon_dict=<private>
default	00:37:15.278722-0700	tccd	AUTHREQ_ATTRIBUTION: msgID=11174.4, attribution={requesting={TCCDProcess: identifier=com.groundeffectsoftware.AnxietyWatch, pid=11174, auid=501, euid=501, binary_path=/private/var/containers/Bundle/Application/75D10D57-B2FB-41B5-9784-F91DBB9A6D3B/AnxietyWatch.app/AnxietyWatch}, },
default	00:37:15.279113-0700	tccd	AUTHREQ_SUBJECT: msgID=11174.4, subject=com.groundeffectsoftware.AnxietyWatch,
default	00:37:15.279129-0700	tccd	AUTHREQ_RESULT: msgID=11174.4, authValue=2, authReason=2, authVersion=1, desired_auth=0, error=(null),
default	00:37:15.279190-0700	tccd	REPLY: (501) function=TCCAccessRequest, msgID=11174.4
default	00:37:15.279221-0700	AnxietyWatch	preflight ext:0 userAuth:2 reason:2 response:0
default	00:37:15.279234-0700	AnxietyWatch	[0x10b7e43c0] invalidated after the last release of the connection object
default	00:37:15.279259-0700	AnxietyWatch	Requesting app group container lookup; personaid = 1000, type = DEFAULT, name = 3A076A8F-336D-4BCB-ACE2-64C6E80D0E3A, origin [pid = 0, personaid = 0], proximate [pid = 0, personaid = 0], identifier = <private>, euid = 501, uid = 501, platform = 2
error	00:37:15.279381-0700	containermanagerd	[0] command=38, client=<<~~~>/<~~~>, u=<501/501/~~/0/1000>, uid=501, pid=11174, sandboxed=1, platform=2 (1/1/0) [<~~~>], cached, cs cached>, error=(55|3|0|[(null)])
error	00:37:15.279413-0700	AnxietyWatch	container_create_or_lookup_app_group_path_by_app_group_identifier: client is not entitled
default	00:37:15.279438-0700	tccd	[0xc60c7e940] invalidated because the client process (pid 11174) either cancelled the connection or exited
default	00:37:15.279593-0700	AnxietyWatch	AnxietyWatchKit/ComplicationCacheWriter.swift:51: Fatal error: App Group entitlement missing for group.com.anxietywatch
default	00:37:15.279700-0700	kernel	AnxietyWatch[11174] Corpse allowed 1 of 5
default	00:37:15.280128-0700	SpringBoard	[0xc3d114600] invalidated because the client process (pid 11174) either cancelled the connection or exited
error	00:37:15.280141-0700	SpringBoard	[S:201] Error received: Connection invalidated.
default	00:37:15.280148-0700	SpringBoard	[app<com.groundeffectsoftware.AnxietyWatch>:11174] Workspace connection invalidated.
default	00:37:15.280158-0700	SpringBoard	[app<com.groundeffectsoftware.AnxietyWatch>:11174] Now flagged as pending exit for reason: workspace client connection invalidated
default	00:37:15.280175-0700	backboardd	[0xb045b1f80] invalidated because the client process (pid 11174) either cancelled the connection or exited
error	00:37:15.280184-0700	backboardd	[S:5d] Error received: Connection invalidated.
default	00:37:15.280194-0700	liveactivitiesd	[0x74107ee80] invalidated because the client process (pid 11174) either cancelled the connection or exited
error	00:37:15.280200-0700	liveactivitiesd	[S:24] Error received: Connection invalidated.
default	00:37:15.280210-0700	dasd	[0x77f72b900] invalidated because the client process (pid 11174) either cancelled the connection or exited
error	00:37:15.280615-0700	backboardd	invalidated connection <BSXPC(com.apple.backboard.hid-services.xpc[S:5d-2r])-from(11174:[C:3-2])-as(BKHIDEventDeliveryManager):0xb002617c0 name=(null)>
default	00:37:15.280626-0700	backboardd	Connection removed: IOHIDEventSystemConnection uuid:DE4AC063-9EC5-4BA2-BAC6-B25782A9960A pid:11174 process:AnxietyWatch type:Passive entitlements:0x0 caller:BackBoardServices: <redacted> + 300 attributes:{
    HighFrequency = 1;
    bundleID = "com.groundeffectsoftware.AnxietyWatch";
    pid = 11174;
} state:0x1 events:0 mask:0x0 dropped:0 dropStatus:0 droppedMask:0x0 lastDroppedTime:NONE
default	00:37:15.280632-0700	backboardd	pid:11174 terminated
error	00:37:15.280641-0700	backboardd	invalidated connection <BSXPC(com.apple.backboard.hid-services.xpc[S:5d-1r])-from(11174:[C:3-1])-as(BKHIDEventDeliveryObserver):0xaff01ab20 name=(null)>
default	00:37:15.280688-0700	bluetoothd	[0x920f47480] invalidated because the client process (pid 11174) either cancelled the connection or exited
default	00:37:15.280690-0700	bluetoothd	Closed XPC connection to session "com.groundeffectsoftware.AnxietyWatch-central-11174-428"
default	00:37:15.280694-0700	bluetoothd	Unregistering session "com.groundeffectsoftware.AnxietyWatch-central-11174-428"
default	00:37:15.280698-0700	bluetoothd	bundle ID's not allowed to use bluetooth {(
)}
default	00:37:15.280702-0700	bluetoothd	Session com.groundeffectsoftware.AnxietyWatch is restorable, persisting
default	00:37:15.280704-0700	bluetoothd	[0x920f47180] invalidated because the client process (pid 11174) either cancelled the connection or exited
default	00:37:15.280709-0700	lsd	[0x6ecd2c900] invalidated because the client process (pid 11174) either cancelled the connection or exited
default	00:37:15.280714-0700	backboardd	Removing client connection <BKHIDClientConnection: 0xb04a13b40; IOHIDEventSystemConnectionRef: 0xb0399dc00; vpid: 11174(v7F93); taskPort: 0xBD333; bundleID: com.groundeffectsoftware.AnxietyWatch> for client: IOHIDEventSystemConnection uuid:DE4AC063-9EC5-4BA2-BAC6-B25782A9960A pid:11174 process:AnxietyWatch type:Passive entitlements:0x0 caller:BackBoardServices: <redacted> + 300 attributes:{
    HighFrequency = 1;
    bundleID = "com.groundeffectsoftware.AnxietyWatch";
    pid = 11174;
} state:0x1 events:0 mask:0x0 dropped:0 dropStatus:0 droppedMask:0x0 lastDroppedTime:NONE source:HID
default	00:37:15.280752-0700	backboardd	HIDAnalytics Unregister Send event com.apple.hid.queueUsage
default	00:37:15.280762-0700	healthd	[0x9e4225680] invalidated because the client process (pid 11174) either cancelled the connection or exited
default	00:37:15.280781-0700	wcd	[0xcf8c69a40] invalidated because the client process (pid 11174) either cancelled the connection or exited
default	00:37:15.280790-0700	wcd	com.groundeffectsoftware.AnxietyWatch: XPC connection invalidated
default	00:37:15.280797-0700	containermanagerd	[0xad6d0c000] invalidated because the client process (pid 11174) either cancelled the connection or exited
default	00:37:15.281213-0700	securityd	[0x789b7eb80] invalidated because the client process (pid 11174) either cancelled the connection or exited
default	00:37:15.281443-0700	filecoordinationd	[0x92cd56580] invalidated because the client process (pid 11174) either cancelled the connection or exited
default	00:37:15.281461-0700	filecoordinationd	Removed presenter EFE3C802-222D-4C28-8E1A-7454C773AACC
error	00:37:15.281522-0700	liveactivitiesd	Connection invalidated
default	00:37:15.281807-0700	backboardd	new deferring rules for pid:11174: []
default	00:37:15.281816-0700	backboardd	[system 0xb02247250] setRules:forPID(11174): []
default	00:37:15.281822-0700	backboardd	[systemKeyCommandOverlay 0xb02246fd0] setRules:forPID(11174): []
default	00:37:15.281836-0700	backboardd	[keyboardFocus 0xb02247110] setRules:forPID(11174): []
default	00:37:15.281857-0700	backboardd	[system 0xb02247340] setRules:forPID(11174): []
default	00:37:15.281863-0700	backboardd	[keyboardFocus 0xb022472a0] setRules:forPID(11174): []
default	00:37:15.281882-0700	backboardd	[systemKeyCommandOverlay 0xb022472f0] setRules:forPID(11174): []
default	00:37:15.282128-0700	bluetoothd	Closed XPC connection to session "com.groundeffectsoftware.AnxietyWatch-central-11174-427"
default	00:37:15.282139-0700	bluetoothd	Unregistering session "com.groundeffectsoftware.AnxietyWatch-central-11174-427"
default	00:37:15.282155-0700	bluetoothd	bundle ID's not allowed to use bluetooth {(
)}
error	00:37:15.282166-0700	bluetoothd	Device we will overwrite this new session com.groundeffectsoftware.AnxietyWatch with device : "FFFFEEEE-DDDD-CCCC-BBBB-AAAA000001F5"
default	00:37:15.282177-0700	bluetoothd	stopTrackingForSession: com.groundeffectsoftware.AnxietyWatch-central-11174-427 for tracking devices (null) from requests {
}
default	00:37:15.282195-0700	bluetoothd	Now tracking {
} with devices {(
)}
default	00:37:15.282440-0700	filecoordinationd	Removed presenter 70DB9ADC-F94C-4BFF-B78B-B15DDFF28908
default	00:37:15.282875-0700	backboardd	chain did update (setDeferringRules) <keyboardFocus; display: null> containsEndOfChain: YES; [
    <token: com.apple.frontboard.systemappservices/FBSceneManager:com.apple.springboard; pid: 35>,
    <token: com.apple.frontboard.systemappservices/FBSceneManager:sceneID%3Acom.groundeffectsoftware.AnxietyWatch-18DE83D8-1846-45B8-876C-4C1CE7F6CEF0; pid: 11174>
]
default	00:37:15.282890-0700	wcd	com.groundeffectsoftware.AnxietyWatch: Reachable changed for connection lost (reachable: NO)
default	00:37:15.282896-0700	backboardd	chain did update (setDeferringRules) <keyboardFocus; display: builtin> containsEndOfChain: YES; [
    <token: com.apple.frontboard.systemappservices/FBSceneManager:com.apple.springboard; pid: 35>,
    <token: com.apple.frontboard.systemappservices/FBSceneManager:sceneID%3Acom.groundeffectsoftware.AnxietyWatch-18DE83D8-1846-45B8-876C-4C1CE7F6CEF0; pid: 11174>
]
default	00:37:15.282905-0700	wcd	<WCDClient: 0xcf8d36100, communicationID: com.groundeffectsoftware.AnxietyWatch, identifier: com.groundeffectsoftware.AnxietyWatch, connection: <(null)>(NO,NO), clientCurrentPairingID: EB3E34D6-C5A1-4093-BED1-96D75BB741AC>
default	00:37:15.282912-0700	backboardd	new buffering predicates for pid:11174: <nil>
default	00:37:15.282919-0700	wcd	com.groundeffectsoftware.AnxietyWatch from indexCache with keys: ("com.neybox.Pillow-user_info_results-EB3E34D6-C5A1-4093-BED1-96D75BB741AC","com.authy-file_results-EB3E34D6-C5A1-4093-BED1-96D75BB741AC")
default	00:37:15.282927-0700	backboardd	pid:11174 no change to buffering predicates: (null)
default	00:37:15.282942-0700	wcd	removing ()
default	00:37:15.282975-0700	filecoordinationd	Removed presenter 039CA1FF-1D20-48C4-8C8A-D52B8D96F0E0
default	00:37:15.282994-0700	ReportCrash	Parsing corpse data for pid 11174
default	00:37:15.283006-0700	bluetoothd	Saving Central restoration data: <NSKeyedArchiver: 0x922c11040> - bundleId com.groundeffectsoftware.AnxietyWatch, restorationId: com.anxietywatch.emay-sleepo2, servicesToScan: {(
)}, peripherals: {(
    {length = 16, bytes = 0x248bfc16d6b917b73f41065dd9610c0b}
)}, isScanning: False, fIsContactTracingScanning:NO
default	00:37:15.283083-0700	bluetoothd	Saving Central restoration data: <NSKeyedArchiver: 0x922c11040> - bundleId com.resmed.mcmyair, restorationId: B8B99D38-9922-48F8-9FD3-5C11CC5C2BAB-4780-00000338971D8915, servicesToScan: {(
)}, peripherals: {(
    {length = 16, bytes = 0x608021337dacd2ef538e6e116a807dc6}
)}, isScanning: False, fIsContactTracingScanning:NO
default	00:37:15.283097-0700	filecoordinationd	Removed presenter 90BECBC5-32DC-4480-96DA-CA894D881B42
default	00:37:15.283109-0700	bluetoothd	Writing restoration data to file:///private/var/containers/Shared/SystemGroup/47838246-CCFD-4547-97C7-2BA407C46289//Library/Database/com.apple.bluetooth-restoration-v1.plist
default	00:37:15.283124-0700	gamepolicyd	Last played for <private> == <private>
default	00:37:15.283199-0700	ReportCrash	proc_name(0) = [11] <private>
default	00:37:15.283535-0700	runningboardd	501C1BC2-4588-47EE-B599-DC60F58FE755 monitor: got an update with info exited, exit reason namespace=2 code=5
default	00:37:15.283638-0700	runningboardd	[app<com.groundeffectsoftware.AnxietyWatch(3A076A8F-336D-4BCB-ACE2-64C6E80D0E3A)>:11174] termination reported by launchd (2, 5, 5)
default	00:37:15.283770-0700	runningboardd	Removing process: [app<com.groundeffectsoftware.AnxietyWatch(3A076A8F-336D-4BCB-ACE2-64C6E80D0E3A)>:11174]
default	00:37:15.283802-0700	runningboardd	Existing process in RBProcessIndex is: (null)
default	00:37:15.284328-0700	runningboardd	Removing launch job for: [app<com.groundeffectsoftware.AnxietyWatch(3A076A8F-336D-4BCB-ACE2-64C6E80D0E3A)>:11174]
default	00:37:15.284343-0700	runningboardd	<OSLaunchdJob | handle=501C1BC2-4588-47EE-B599-DC60F58FE755>: remove succeeded
default	00:37:15.284370-0700	runningboardd	Removed job for [app<com.groundeffectsoftware.AnxietyWatch(3A076A8F-336D-4BCB-ACE2-64C6E80D0E3A)>:11174]
default	00:37:15.284559-0700	runningboardd	Removing assertions for terminated process: [app<com.groundeffectsoftware.AnxietyWatch(3A076A8F-336D-4BCB-ACE2-64C6E80D0E3A)>:11174]
default	00:37:15.284580-0700	runningboardd	Removed last relative-start-date-defining assertion for process app<com.groundeffectsoftware.AnxietyWatch(3A076A8F-336D-4BCB-ACE2-64C6E80D0E3A)>
default	00:37:15.286901-0700	bluetoothd	Detach session: 0x920e2fac0, session handle: 0xbed20000
default	00:37:15.286911-0700	bluetoothd	Sending 'session detached' event for session "com.groundeffectsoftware.AnxietyWatch-central-11174-427"
default	00:37:15.287224-0700	bluetoothd	Erasing session 0x920e2fac0 from SessionMap for "com.groundeffectsoftware.AnxietyWatch-central-11174-427"
default	00:37:15.298469-0700	runningboardd	Released power assertion with ID 33400
default	00:37:15.298480-0700	SpringBoard	Destroying shadow path display link
default	00:37:15.298491-0700	SpringBoard	[Main (EmbeddedDisplay)] dispatch event:
<SBTransitionSwitcherModifierEvent: 0xc3fda7100; type: MainTransition; transitionID: BCADD82A-692B-4E19-9E54-1A0161C7CE61; phase: Complete; animated: YES; fromAppLayout: 0x0; toAppLayout: <SBAppLayout: 0xc3e536d00; primary: com.groundeffectsoftware.AnxietyWatch:4C1CE7F6CEF0; environment: main>; fromEnvironmentMode: home-screen; toEnvironmentMode: application; fromSpaceConfiguration: undefined; toSpaceConfiguration: full; pendingTermination: {(
)}; morphingPIPLayoutRole: undefined; previousDesktopItems: {(
)}>
default	00:37:15.298511-0700	SpringBoard	[Main (EmbeddedDisplay)] handle response:
<SBSwitcherModifierEventResponse: 0xc31bac720> {
    <SBPreemptAnimationSwitcherEventResponse: 0xc314d17a0>;
    <SBSwitcherModifierEventResponse: 0xc318868e0> {
	    <SBInvalidateAdjustedAppLayoutsSwitcherEventResponse: 0xc31485830>;
	    <SBSwitcherModifierEventResponse: 0xc32b36fa0> {
		    <SBRequestFolderSnapshotsSwitcherEventResponse: 0xc321cc690; snapshotRequested: NO>;
		    <SBIconOverlayVisibilitySwitcherEventResponse: 0xc312f69c0; visible: NO; appLayout: <SBAppLayout: 0xc3e536d00; primary: com.groundeffectsoftware.AnxietyWatch:4C1CE7F6CEF0; environment: main>>;
		    <SBIconViewVisibilitySwitcherEventResponse: 0xc3186af80; visible: YES; animationSettings: 0x0; appLayout: <SBAppLayout: 0xc3e536d00; primary: com.groundeffectsoftware.AnxietyWatch:4C1CE7F6CEF0; environment: main>>;
		    <SBMatchMoveToIconViewSwitcherEventResponse: 0xc358c1140; active: NO; appLayout: <SBAppLayout: 0xc3e536d00; primary: com.groundeffectsoftware.AnxietyWatch:4C1CE7F6CEF0; environment
default	00:37:15.298702-0700	runningboardd	Notifying connection <private> that process <private> exited with context <private>
default	00:37:15.298726-0700	runningboardd	Calculated state for app<com.groundeffectsoftware.AnxietyWatch(3A076A8F-336D-4BCB-ACE2-64C6E80D0E3A)>: none (role: None) (endowments: (null))
default	00:37:15.298734-0700	runningboardd	Inheritance changeset: <RBSInheritanceChangeSet| gained:(null) lost:{(
    <RBSInheritance| environment:UIScene:com.apple.frontboard.systemappservices/FBSceneManager:sceneID%3Acom.groundeffectsoftware.AnxietyWatch-18DE83D8-1846-45B8-876C-4C1CE7F6CEF0 name:com.apple.frontboard.visibility origID:34-35-40173 payload 169199432604821726>,
    <RBSInheritance| environment:(none) name:com.apple.frontboard.visibility origID:34-35-40149 0>,
    <RBSInheritance| environment:(none) name:com.apple.frontboard.visibility origID:34-35-40152 0>
)}>
default	00:37:15.298795-0700	SpringBoard	[app<com.groundeffectsoftware.AnxietyWatch>:11174] Launch assertion invalidated: <NSError: 0xc301b36c0; domain: RBSAssertionErrorDomain; code: 1; "Assertions were invalidated, count = 4.
34-35-40152: invalidation reason: 1
34-35-40151: invalidation reason: 1
34-35-40149: invalidation reason: 1
34-35-40173: invalidation reason: 1">
default	00:37:15.298809-0700	SpringBoard	[app<com.groundeffectsoftware.AnxietyWatch>:11174] Workspace assertion invalidated: <NSError: 0xc301b36c0; domain: RBSAssertionErrorDomain; code: 1; "Assertions were invalidated, count = 4.
34-35-40152: invalidation reason: 1
34-35-40151: invalidation reason: 1
34-35-40149: invalidation reason: 1
34-35-40173: invalidation reason: 1">
default	00:37:15.298830-0700	SpringBoard	Firing exit handlers for 11174 with context <RBSProcessExitContext| specific, status:<RBSProcessExitStatus| domain:signal(2) code:SIGTRAP(5)>>
default	00:37:15.298852-0700	SpringBoard	Calling process death completion block for handle <private>
default	00:37:15.299503-0700	SpringBoard	[app<com.groundeffectsoftware.AnxietyWatch>:11174] Process exited: <RBSProcessExitContext| specific, status:<RBSProcessExitStatus| domain:signal(2) code:SIGTRAP(5)>>.
default	00:37:15.299510-0700	SpringBoard	[app<com.groundeffectsoftware.AnxietyWatch>:11174] Setting process task state to: Not Running
default	00:37:15.299516-0700	SpringBoard	[app<com.groundeffectsoftware.AnxietyWatch>:11174] Setting process visibility to: Unknown
default	00:37:15.299537-0700	SpringBoard	[app<com.groundeffectsoftware.AnxietyWatch>:11174] Invalidating workspace.
default	00:37:15.299556-0700	SpringBoard	Removing source registration for processHandle: [app<com.groundeffectsoftware.AnxietyWatch(3A076A8F-336D-4BCB-ACE2-64C6E80D0E3A)>:11174]
default	00:37:15.299632-0700	SpringBoard	[0xc35282040:(FBSceneManager):sceneID:com.groundeffectsoftware.AnxietyWatch-18DE83D8-1846-45B8-876C-4C1CE7F6CEF0] Invalidated for connection: 0xc304265e0.
default	00:37:15.299674-0700	SpringBoard	Removing: <FBApplicationProcess: 0xc35ad6d00; app<com.groundeffectsoftware.AnxietyWatch>:11174(v7F93)>
default	00:37:15.300599-0700	CommCenter	Received state update for 11174 (app<com.groundeffectsoftware.AnxietyWatch(3A076A8F-336D-4BCB-ACE2-64C6E80D0E3A)>, none-NotVisible
default	00:37:15.300668-0700	audiomxd	Received state update for 11174 (app<com.groundeffectsoftware.AnxietyWatch(3A076A8F-336D-4BCB-ACE2-64C6E80D0E3A)>, none-NotVisible
default	00:37:15.300724-0700	healthd	Received state update for 11174 (app<com.groundeffectsoftware.AnxietyWatch(3A076A8F-336D-4BCB-ACE2-64C6E80D0E3A)>, none-NotVisible
default	00:37:15.300751-0700	CommCenter	Received state update for 11174 (app<com.groundeffectsoftware.AnxietyWatch(3A076A8F-336D-4BCB-ACE2-64C6E80D0E3A)>, none-NotVisible
default	00:37:15.300784-0700	runningboardd	Calculated state for app<com.groundeffectsoftware.AnxietyWatch(3A076A8F-336D-4BCB-ACE2-64C6E80D0E3A)>: none (role: None) (endowments: (null))
default	00:37:15.300995-0700	healthd	Received state update for 11174 (app<com.groundeffectsoftware.AnxietyWatch(3A076A8F-336D-4BCB-ACE2-64C6E80D0E3A)>, none-NotVisible
default	00:37:15.301017-0700	healthd	Process <private> (11174) state changed BKSApplicationStateForegroundRunning -> BKSApplicationStateTerminated: suspended 0 -> 0, foreground 1 -> 0, terminated 1
default	00:37:15.301031-0700	healthd	CoreDuet: Attempt to add new foregroundClientBundleIds: <private> 
 and remove previouslyForegroundBundleIds: <private>
default	00:37:15.301055-0700	SpringBoard	Received state update for 11174 (app<com.groundeffectsoftware.AnxietyWatch(3A076A8F-336D-4BCB-ACE2-64C6E80D0E3A)>, none-NotVisible
default	00:37:15.301135-0700	SpringBoard	Changing icon manager content visibility to hidden
default	00:37:15.301176-0700	powerd	Process runningboardd.34 Released SystemIsActive "app<com.groundeffectsoftware.AnxietyWatch(3A076A8F-336D-4BCB-ACE2-64C6E80D0E3A)>;34-102-40157:com.groundeffectsoftware.AnxietyWatch(Bluetooth);34-35-40149:FBApplicationProcess" age:00:00:00  id:51539640952 [System: PrevIdle SysAct]
default	00:37:15.301286-0700	contextstored	CDUserContext: <private> => ADD nil, REMOVE <private>
default	00:37:15.301377-0700	audiomxd	Received state update for 11174 (app<com.groundeffectsoftware.AnxietyWatch(3A076A8F-336D-4BCB-ACE2-64C6E80D0E3A)>, none-NotVisible
default	00:37:15.301417-0700	SpringBoard	<SBHWidgetStackViewController:0xc3ce69200> viewWillDisappear
default	00:37:15.301423-0700	SpringBoard	<SBHWidgetContainerViewController:0xc2f1ced00 widget=[com.kylebashour.aqi-wtf::com.kylebashour.aqi-wtf.aqi-widget:chart:systemSmall]> viewWillDisappear
default	00:37:15.301436-0700	SpringBoard	<SBHWidgetStackViewController:0xc3ce69200> viewDidDisappear
default	00:37:15.301443-0700	SpringBoard	<SBHWidgetContainerViewController:0xc2f1ced00 widget=[com.kylebashour.aqi-wtf::com.kylebashour.aqi-wtf.aqi-widget:chart:systemSmall]> viewDidDisappear
default	00:37:15.301457-0700	SpringBoard	<SBHWidgetStackViewController:0xc3ce69200> Scroll view _restingContentOffset:<private> for pageSize:<private> contentSize:<private>
default	00:37:15.301542-0700	SpringBoard	<SBHWidgetContainerViewController:0xc2f1ced00 widget=[com.kylebashour.aqi-wtf::com.kylebashour.aqi-wtf.aqi-widget:chart:systemSmall]> Setting visibility to not visible
default	00:37:15.301556-0700	WidgetRenderer_Default	sceneOfRecord: sceneID: scene::1EF11B85-53DB-4465-965B-179EEB3059D1::0xc3bc08700  persistentID: scene::1EF11B85-53DB-4465-965B-179EEB3059D1::0xc3bc08700
default	00:37:15.302134-0700	SpringBoard	[0xc3bc09500-Timeline[com.kylebashour.aqi-wtf::com.kylebashour.aqi-wtf.aqi-widget:chart:systemSmall:-8776424947409478526:162.00/162.00/27.54:(null)~(null)]] Requested mode changed to static.
default	00:37:15.302156-0700	runningboardd	[0xd2f9a8900] invalidated because the client process (pid 11174) either cancelled the connection or exited
default	00:37:15.302165-0700	SpringBoard	[0xc3bc09500-Timeline[com.kylebashour.aqi-wtf::com.kylebashour.aqi-wtf.aqi-widget:chart:systemSmall:-8776424947409478526:162.00/162.00/27.54:(null)~(null)]] Effective presentation mode will change to static for reason: Requested mode
default	00:37:15.302176-0700	runningboardd	XPC connection invalidated: [app<com.groundeffectsoftware.AnxietyWatch(3A076A8F-336D-4BCB-ACE2-64C6E80D0E3A)>:11174]
default	00:37:15.302186-0700	SpringBoard	[0xc3bc09500-Timeline[com.kylebashour.aqi-wtf::com.kylebashour.aqi-wtf.aqi-widget:chart:systemSmall:-8776424947409478526:162.00/162.00/27.54:(null)~(null)]] ensureAndEvaluateSnapshotView - reason: setEffectivePresentationMode - Static
default	00:37:15.302229-0700	SpringBoard	[0xc3bc09500-Timeline[com.kylebashour.aqi-wtf::com.kylebashour.aqi-wtf.aqi-widget:chart:systemSmall:-8776424947409478526:162.00/162.00/27.54:(null)~(null)]] Destroy snapshot views requested but ignored because not necessary or already dismissing (animated: NO, reason=ensureSnapshotView - staticSnapshot, animatingSnapshotDismissal=NO, needsDismissal=NO)
default	00:37:15.302259-0700	WidgetRenderer_Default	[Timeline[com.kylebashour.aqi-wtf::com.kylebashour.aqi-wtf.aqi-widget:chart:systemSmall:-8776424947409478526:162.00/162.00/27.54:(null)~(null)]-pid:35--DA4200B68340::0xc3bc09500)] Widget animations paused changed to: true
default	00:37:15.302345-0700	SpringBoard	[0xc3bc09500-Timeline[com.kylebashour.aqi-wtf::com.kylebashour.aqi-wtf.aqi-widget:chart:systemSmall:-8776424947409478526:162.00/162.00/27.54:(null)~(null)]] Create image snapshot view.
default	00:37:15.302369-0700	SpringBoard	[0xc3bc09500-Timeline[com.kylebashour.aqi-wtf::com.kylebashour.aqi-wtf.aqi-widget:chart:systemSmall:-8776424947409478526:162.00/162.00/27.54:(null)~(null)]] Reading image snapshot - url: file:///private/var/mobile/Library/Caches/com.apple.chrono/snapshot-cache/com.kylebashour.aqi-wtf.aqi-widget/chart/systemSmall---8776424947409478526--162.00w-162.00h-27.54r-9k63MyH2GlzMUJAxr8OQTJhQhzecwCYiO6ve5Onejd0=--8161592559403701566.dark.private-exception.snapshot
default	00:37:15.302380-0700	kernel	ANE0: aneFirmwareCommandSend: Skip waiting for response
default	00:37:15.302386-0700	kernel	ANE0: aneFirmwareCommandSend: Skip waiting for response
default	00:37:15.302390-0700	kernel	ANE0: aneFirmwareCommandSend: Skip waiting for response
default	00:37:15.302423-0700	SpringBoard	[0xc3bc09500-Timeline[com.kylebashour.aqi-wtf::com.kylebashour.aqi-wtf.aqi-widget:chart:systemSmall:-8776424947409478526:162.00/162.00/27.54:(null)~(null)]] Updating - Background
default	00:37:15.302443-0700	SpringBoard	[com.apple.chrono:scene::A133932C-59E9-49F1-B248-DA4200B68340::0xc3bc09500] Removing parent scene.
default	00:37:15.302464-0700	SpringBoard	<_UIChildRemoteContentRegistry: 0xc31f3b570; parentScene: <FBSScene: 0xc333061c0>; childScenes: 5; childViewServices: 0> Registry is no longer tracking child scene <FBScene: 0xc30196860>
default	00:37:15.302498-0700	SpringBoard	<_UISceneRelationshipManagementHostComponent:0xc30de1400> Scene <FBScene: 0xc30196860> is hosted in (nil)
default	00:37:15.302678-0700	SpringBoard	<StateMachine:0xc30de1480> Hosting window did change to (null).
default	00:37:15.302694-0700	SpringBoard	<StateMachine:0xc30de1480> Hosting environment did change to <0x0:(null)>.
default	00:37:15.302700-0700	SpringBoard	[0xc3bc09500-Timeline[com.kylebashour.aqi-wtf::com.kylebashour.aqi-wtf.aqi-widget:chart:systemSmall:-8776424947409478526:162.00/162.00/27.54:(null)~(null)]] Clearing any touch delivery policies
default	00:37:15.302707-0700	SpringBoard	TDPS client policy assertion invalidating <xpc_object:0xc2fbbd7c0>
default	00:37:15.302714-0700	SpringBoard	[0xc2fbbd7c0] invalidated after the last release of the connection object
default	00:37:15.302742-0700	SpringBoard	<SBHMultiplexingManager:0xc31a81240> removing multiplexing view controller controller <SBHMultiplexingViewController:0xc2f1cd900> for A133932C-59E9-49F1-B248-DA4200B68340
default	00:37:15.302752-0700	SpringBoard	Choosing to cache widget <SBHWidgetViewController: 0xc3bc09500; type: Timeline; requestedMode: static; effectiveMode: static; hasScene: YES; isSceneForeground: NO> widget = <CHSWidget: 0xc30de2080> {
    extensionIdentity = com.kylebashour.aqi-wtf::com.kylebashour.aqi-wtf.aqi-widget;
    kind = chart;
    family = systemSmall;
    intent = <CHSIntentReference: 0xc30a1ba50; hash: -8776424947409478526>;
    activityIdentifier = 0x0;
};
metrics = <CHSWidgetMetrics: 0xc327d3b10> {
    size = {162, 162};
    rawEffectiveSize = {162, 162};
    cornerRadius = 27.540000;
    scaleFactor = 1;
    supportsDynamicText = Yes;
    fontStyle = default;
    margins = <CHSWidgetMargins: 0xc37df6d00> {
        safeAreaInsets = "{0, 0, 0, 0}";
        layoutInsets = "{0, 0, 0, 0}";
        contentMargins = "{17.780487804878049, 17.780487804878049, 17.780487804878049, 17.780487804878049}";
        backgroundRemovedContentMargins = "{0, 0, 0, 0}";
    };
};
configID = A133932C-59E9-49F1-B248-DA4200B68340;
isAppearedOrAppearing = NO;
visibility
default	00:37:15.302769-0700	SpringBoard	<SBHMultiplexingManager:0xc31a81240> Caching recent view controller for identifier: A133932C-59E9-49F1-B248-DA4200B68340
default	00:37:15.302793-0700	SpringBoard	<SBHMultiplexingManager:0xc31a81240> removed view controller controller <SBHWidgetViewController:0xc3bc09500> for A133932C-59E9-49F1-B248-DA4200B68340
default	00:37:15.302800-0700	SpringBoard	<SBHMultiplexingManager:0xc31a81240> active view controller changed from <SBHMultiplexingViewController:0xc2f1cd900> to NONE for A133932C-59E9-49F1-B248-DA4200B68340
default	00:37:15.302809-0700	SpringBoard	<SBHMultiplexingViewController:0xc2f1cd900> deactivate
default	00:37:15.302845-0700	WidgetRenderer_Default	sceneOfRecord: sceneID: scene::1EF11B85-53DB-4465-965B-179EEB3059D1::0xc3bc08700  persistentID: scene::1EF11B85-53DB-4465-965B-179EEB3059D1::0xc3bc08700
default	00:37:15.302865-0700	WidgetRenderer_Default	[Timeline[com.kylebashour.aqi-wtf::com.kylebashour.aqi-wtf.aqi-widget:chart:systemSmall:-8776424947409478526:162.00/162.00/27.54:(null)~(null)]-pid:35--DA4200B68340::0xc3bc09500)] Widget visibility changed to: nil
default	00:37:15.302871-0700	WidgetRenderer_Default	[Timeline[com.kylebashour.aqi-wtf::com.kylebashour.aqi-wtf.aqi-widget:chart:systemSmall:-8776424947409478526:162.00/162.00/27.54:(null)~(null)]--DA4200B68340::0xc3bc09500)] Effective widget visibility changed to: not visible
default	00:37:15.302881-0700	WidgetRenderer_Default	[Timeline[com.kylebashour.aqi-wtf::com.kylebashour.aqi-wtf.aqi-widget:chart:systemSmall:-8776424947409478526:162.00/162.00/27.54:(null)~(null)]--DA4200B68340::0xc3bc09500)] Visibility did change: false
default	00:37:15.302886-0700	WidgetRenderer_Default	Recorded duet widget view for: A133932C-59E9-49F1-B248-DA4200B68340::com.kylebashour.aqi-wtf.aqi-widget::chart::-8776424947409478526
default	00:37:15.302892-0700	WidgetRenderer_Default	[Timeline[com.kylebashour.aqi-wtf::com.kylebashour.aqi-wtf.aqi-widget:chart:systemSmall:-8776424947409478526:162.00/162.00/27.54:(null)~(null)]--DA4200B68340::0xc3bc09500)] Ignoring staleness check - not visibly settled for current view session yet.
default	00:37:15.303041-0700	SpringBoard	<SBHWidgetStackViewController:0xc3cdf1200> viewWillDisappear
default	00:37:15.303050-0700	SpringBoard	<SBHWidgetContainerViewController:0xc2f1cca00 widget=[com.kylebashour.aqi-wtf::com.kylebashour.aqi-wtf.aqi-widget:chart:systemSmall]> viewWillDisappear
default	00:37:15.303071-0700	SpringBoard	<SBHWidgetStackViewController:0xc3cdf1200> viewDidDisappear
default	00:37:15.303082-0700	SpringBoard	<SBHWidgetContainerViewController:0xc2f1cca00 widget=[com.kylebashour.aqi-wtf::com.kylebashour.aqi-wtf.aqi-widget:chart:systemSmall]> viewDidDisappear
default	00:37:15.303102-0700	SpringBoard	<SBHWidgetStackViewController:0xc3cdf1200> Scroll view _restingContentOffset:<private> for pageSize:<private> contentSize:<private>
default	00:37:15.303129-0700	SpringBoard	<SBHWidgetContainerViewController:0xc2f1cca00 widget=[com.kylebashour.aqi-wtf::com.kylebashour.aqi-wtf.aqi-widget:chart:systemSmall]> Setting visibility to not visible
default	00:37:15.303158-0700	SpringBoard	[0xc3bc0a300-Timeline[com.kylebashour.aqi-wtf::com.kylebashour.aqi-wtf.aqi-widget:chart:systemSmall:3286285622356593442:162.00/162.00/27.54:(null)~(null)]] Requested mode changed to static.
default	00:37:15.303172-0700	SpringBoard	[0xc3bc0a300-Timeline[com.kylebashour.aqi-wtf::com.kylebashour.aqi-wtf.aqi-widget:chart:systemSmall:3286285622356593442:162.00/162.00/27.54:(null)~(null)]] Effective presentation mode will change to static for reason: Requested mode
default	00:37:15.303179-0700	SpringBoard	[0xc3bc0a300-Timeline[com.kylebashour.aqi-wtf::com.kylebashour.aqi-wtf.aqi-widget:chart:systemSmall:3286285622356593442:162.00/162.00/27.54:(null)~(null)]] ensureAndEvaluateSnapshotView - reason: setEffectivePresentationMode - Static
default	00:37:15.303222-0700	SpringBoard	[0xc3bc0a300-Timeline[com.kylebashour.aqi-wtf::com.kylebashour.aqi-wtf.aqi-widget:chart:systemSmall:3286285622356593442:162.00/162.00/27.54:(null)~(null)]] Destroy snapshot views requested but ignored because not necessary or already dismissing (animated: NO, reason=ensureSnapshotView - staticSnapshot, animatingSnapshotDismissal=NO, needsDismissal=NO)
default	00:37:15.303520-0700	WidgetRenderer_Default	sceneOfRecord: sceneID: scene::1EF11B85-53DB-4465-965B-179EEB3059D1::0xc3bc08700  persistentID: scene::1EF11B85-53DB-4465-965B-179EEB3059D1::0xc3bc08700
default	00:37:15.304692-0700	WidgetRenderer_Default	[Timeline[com.kylebashour.aqi-wtf::com.kylebashour.aqi-wtf.aqi-widget:chart:systemSmall:3286285622356593442:162.00/162.00/27.54:(null)~(null)]-pid:35--E98FB66A918C::0xc3bc0a300)] Widget animations paused changed to: true
default	00:37:15.304718-0700	runningboardd	[0xd2f9ab000] invalidated because the client process (pid 11174) either cancelled the connection or exited
default	00:37:15.304729-0700	WidgetRenderer_Default	sceneOfRecord: sceneID: scene::1EF11B85-53DB-4465-965B-179EEB3059D1::0xc3bc08700  persistentID: scene::1EF11B85-53DB-4465-965B-179EEB3059D1::0xc3bc08700
default	00:37:15.304738-0700	runningboardd	XPC connection invalidated: [app<com.groundeffectsoftware.AnxietyWatch(3A076A8F-336D-4BCB-ACE2-64C6E80D0E3A)>:11174]
default	00:37:15.304758-0700	WidgetRenderer_Default	[Timeline[com.kylebashour.aqi-wtf::com.kylebashour.aqi-wtf.aqi-widget:chart:systemSmall:3286285622356593442:162.00/162.00/27.54:(null)~(null)]-pid:35--E98FB66A918C::0xc3bc0a300)] Widget visibility changed to: nil
default	00:37:15.304774-0700	WidgetRenderer_Default	[Timeline[com.kylebashour.aqi-wtf::com.kylebashour.aqi-wtf.aqi-widget:chart:systemSmall:3286285622356593442:162.00/162.00/27.54:(null)~(null)]--E98FB66A918C::0xc3bc0a300)] Effective widget visibility changed to: not visible
default	00:37:15.304791-0700	WidgetRenderer_Default	[Timeline[com.kylebashour.aqi-wtf::com.kylebashour.aqi-wtf.aqi-widget:chart:systemSmall:3286285622356593442:162.00/162.00/27.54:(null)~(null)]--E98FB66A918C::0xc3bc0a300)] Visibility did change: false
default	00:37:15.304800-0700	runningboardd	Invalidating assertion 34-35-40133 (target:[app<com.apple.chrono.WidgetRenderer-Default((null))>:326](UIScene:com.apple.frontboard.systemappservices/com.apple.chrono:scene%3A%3AA133932C-59E9-49F1-B248-DA4200B68340%3A%3A0xc3bc09500)) from originator [osservice<com.apple.SpringBoard>:35]
default	00:37:15.304874-0700	WidgetRenderer_Default	Recorded duet widget view for: E086E1C9-8826-45EB-B996-E98FB66A918C::com.kylebashour.aqi-wtf.aqi-widget::chart::3286285622356593442
default	00:37:15.304891-0700	WidgetRenderer_Default	[Timeline[com.kylebashour.aqi-wtf::com.kylebashour.aqi-wtf.aqi-widget:chart:systemSmall:3286285622356593442:162.00/162.00/27.54:(null)~(null)]--E98FB66A918C::0xc3bc0a300)] Ignoring staleness check - not visibly settled for current view session yet.
default	00:37:15.305177-0700	SpringBoard	[0xc3bc0a300-Timeline[com.kylebashour.aqi-wtf::com.kylebashour.aqi-wtf.aqi-widget:chart:systemSmall:3286285622356593442:162.00/162.00/27.54:(null)~(null)]] Create image snapshot view.
default	00:37:15.305188-0700	SpringBoard	[0xc3bc0a300-Timeline[com.kylebashour.aqi-wtf::com.kylebashour.aqi-wtf.aqi-widget:chart:systemSmall:3286285622356593442:162.00/162.00/27.54:(null)~(null)]] Reading image snapshot - url: file:///private/var/mobile/Library/Caches/com.apple.chrono/snapshot-cache/com.kylebashour.aqi-wtf.aqi-widget/chart/systemSmall--3286285622356593442--162.00w-162.00h-27.54r-9k63MyH2GlzMUJAxr8OQTJhQhzecwCYiO6ve5Onejd0=--14865450672779788973.dark.private-exception.snapshot
default	00:37:15.305214-0700	SpringBoard	[0xc3bc0a300-Timeline[com.kylebashour.aqi-wtf::com.kylebashour.aqi-wtf.aqi-widget:chart:systemSmall:3286285622356593442:162.00/162.00/27.54:(null)~(null)]] Updating - Background
default	00:37:15.305233-0700	SpringBoard	[com.apple.chrono:scene::E086E1C9-8826-45EB-B996-E98FB66A918C::0xc3bc0a300] Removing parent scene.
default	00:37:15.305239-0700	SpringBoard	<_UIChildRemoteContentRegistry: 0xc31f3b570; parentScene: <FBSScene: 0xc333061c0>; childScenes: 4; childViewServices: 0> Registry is no longer tracking child scene <FBScene: 0xc300e91c0>
default	00:37:15.305248-0700	SpringBoard	<_UISceneRelationshipManagementHostComponent:0xc30c96240> Scene <FBScene: 0xc300e91c0> is hosted in (nil)
default	00:37:15.305257-0700	SpringBoard	<StateMachine:0xc30c97840> Hosting window did change to (null).
default	00:37:15.305263-0700	SpringBoard	<StateMachine:0xc30c97840> Hosting environment did change to <0x0:(null)>.
default	00:37:15.305321-0700	SpringBoard	[0xc3bc0a300-Timeline[com.kylebashour.aqi-wtf::com.kylebashour.aqi-wtf.aqi-widget:chart:systemSmall:3286285622356593442:162.00/162.00/27.54:(null)~(null)]] Clearing any touch delivery policies
default	00:37:15.305335-0700	SpringBoard	TDPS client policy assertion invalidating <xpc_object:0xc313f9400>
default	00:37:15.305341-0700	runningboardd	Invalidating assertion 34-35-40134 (target:[app<com.apple.chrono.WidgetRenderer-Default((null))>:326](UIScene:com.apple.frontboard.systemappservices/com.apple.chrono:scene%3A%3AE086E1C9-8826-45EB-B996-E98FB66A918C%3A%3A0xc3bc0a300)) from originator [osservice<com.apple.SpringBoard>:35]
default	00:37:15.305347-0700	SpringBoard	[0xc3d006400] invalidated because the current process cancelled the connection by calling xpc_connection_cancel()
default	00:37:15.305357-0700	SpringBoard	[0xc313f9400] invalidated after the last release of the connection object
default	00:37:15.305363-0700	backboardd	[0xb0376f5c0] Re-initialization successful; calling out to event handler with XPC_ERROR_CONNECTION_INTERRUPTED
default	00:37:15.305376-0700	backboardd	TDPS server received policy invalidation <share; hostContextID: 0xF8E9EBF3; childContextID: 0x6A99330C>
default	00:37:15.305382-0700	SpringBoard	[0xc3d005680] invalidated because the current process cancelled the connection by calling xpc_connection_cancel()
default	00:37:15.305387-0700	backboardd	[0xb0376f5c0] invalidated after the last release of the connection object
default	00:37:15.305393-0700	SpringBoard	<SBHMultiplexingManager:0xc31a81240> removing multiplexing view controller controller <SBHMultiplexingViewController:0xc2f1ce800> for E086E1C9-8826-45EB-B996-E98FB66A918C
default	00:37:15.305500-0700	SpringBoard	Choosing to cache widget <SBHWidgetViewController: 0xc3bc0a300; type: Timeline; requestedMode: static; effectiveMode: static; hasScene: YES; isSceneForeground: NO> widget = <CHSWidget: 0xc30de2400> {
    extensionIdentity = com.kylebashour.aqi-wtf::com.kylebashour.aqi-wtf.aqi-widget;
    kind = chart;
    family = systemSmall;
    intent = <CHSIntentReference: 0xc309fc960; hash: 3286285622356593442>;
    activityIdentifier = 0x0;
};
metrics = <CHSWidgetMetrics: 0xc30613cf0> {
    size = {162, 162};
    rawEffectiveSize = {162, 162};
    cornerRadius = 27.540000;
    scaleFactor = 1;
    supportsDynamicText = Yes;
    fontStyle = default;
    margins = <CHSWidgetMargins: 0xc37d6dcc0> {
        safeAreaInsets = "{0, 0, 0, 0}";
        layoutInsets = "{0, 0, 0, 0}";
        contentMargins = "{17.780487804878049, 17.780487804878049, 17.780487804878049, 17.780487804878049}";
        backgroundRemovedContentMargins = "{0, 0, 0, 0}";
    };
};
configID = E086E1C9-8826-45EB-B996-E98FB66A918C;
isAppearedOrAppearing = NO;
visibility =
default	00:37:15.305552-0700	SpringBoard	<SBHMultiplexingManager:0xc31a81240> Caching recent view controller for identifier: E086E1C9-8826-45EB-B996-E98FB66A918C
default	00:37:15.305567-0700	backboardd	[0xb0376f700] Re-initialization successful; calling out to event handler with XPC_ERROR_CONNECTION_INTERRUPTED
default	00:37:15.305577-0700	SpringBoard	<SBHMultiplexingManager:0xc31a81240> removed view controller controller <SBHWidgetViewController:0xc3bc0a300> for E086E1C9-8826-45EB-B996-E98FB66A918C
default	00:37:15.305587-0700	SpringBoard	<SBHMultiplexingManager:0xc31a81240> active view controller changed from <SBHMultiplexingViewController:0xc2f1ce800> to NONE for E086E1C9-8826-45EB-B996-E98FB66A918C
default	00:37:15.305597-0700	SpringBoard	<SBHMultiplexingViewController:0xc2f1ce800> deactivate
default	00:37:15.305747-0700	backboardd	TDPS server received policy invalidation <share; hostContextID: 0xF8E9EBF3; childContextID: 0xB79BFD33>
default	00:37:15.305754-0700	backboardd	[0xb0376f700] invalidated after the last release of the connection object
default	00:37:15.305885-0700	SpringBoard	Remove clock icon tick client: 0xc37e46100/0
default	00:37:15.305891-0700	SpringBoard	Stopped clock icon tick timer
default	00:37:15.306740-0700	SpringBoard	<SBHWidgetStackViewController:0xc3ce6b600> viewWillDisappear
default	00:37:15.306760-0700	SpringBoard	<SBHWidgetContainerViewController:0xc2f1cf200 widget=[com.apple.weather::com.apple.weather.widget:com.apple.weather:systemSmall]> viewWillDisappear
default	00:37:15.307070-0700	SpringBoard	<SBHWidgetStackViewController:0xc3ce6b600> viewDidDisappear
default	00:37:15.307085-0700	SpringBoard	<SBHWidgetContainerViewController:0xc2f1cf200 widget=[com.apple.weather::com.apple.weather.widget:com.apple.weather:systemSmall]> viewDidDisappear
default	00:37:15.307709-0700	SpringBoard	<SBHWidgetStackViewController:0xc3ce6b600> Scroll view _restingContentOffset:<private> for pageSize:<private> contentSize:<private>
default	00:37:15.307780-0700	WidgetRenderer_Default	sceneOfRecord: sceneID: scene::1EF11B85-53DB-4465-965B-179EEB3059D1::0xc3bc08700  persistentID: scene::1EF11B85-53DB-4465-965B-179EEB3059D1::0xc3bc08700
default	00:37:15.308722-0700	WidgetRenderer_Default	[Timeline[com.apple.weather::com.apple.weather.widget:com.apple.weather:systemSmall:1289529871828302290:162.00/162.00/27.54:(null)~(null)]-pid:35--179EEB3059D1::0xc3bc08700)] Widget animations paused changed to: true
default	00:37:15.308767-0700	SpringBoard	<SBHWidgetContainerViewController:0xc2f1cf200 widget=[com.apple.weather::com.apple.weather.widget:com.apple.weather:systemSmall]> Setting visibility to not visible
default	00:37:15.308779-0700	SpringBoard	[0xc3bc08700-Timeline[com.apple.weather::com.apple.weather.widget:com.apple.weather:systemSmall:1289529871828302290:162.00/162.00/27.54:(null)~(null)]] Requested mode changed to static.
default	00:37:15.308787-0700	WidgetRenderer_Default	sceneOfRecord: sceneID: scene::1EF11B85-53DB-4465-965B-179EEB3059D1::0xc3bc08700  persistentID: scene::1EF11B85-53DB-4465-965B-179EEB3059D1::0xc3bc08700
default	00:37:15.309063-0700	WidgetRenderer_Default	[Timeline[com.apple.weather::com.apple.weather.widget:com.apple.weather:systemSmall:1289529871828302290:162.00/162.00/27.54:(null)~(null)]-pid:35--179EEB3059D1::0xc3bc08700)] Widget visibility changed to: nil
default	00:37:15.309079-0700	WidgetRenderer_Default	[Timeline[com.apple.weather::com.apple.weather.widget:com.apple.weather:systemSmall:1289529871828302290:162.00/162.00/27.54:(null)~(null)]--179EEB3059D1::0xc3bc08700)] Effective widget visibility changed to: not visible
default	00:37:15.309092-0700	WidgetRenderer_Default	[Timeline[com.apple.weather::com.apple.weather.widget:com.apple.weather:systemSmall:1289529871828302290:162.00/162.00/27.54:(null)~(null)]--179EEB3059D1::0xc3bc08700)] Visibility did change: false
default	00:37:15.309101-0700	WidgetRenderer_Default	Recorded duet widget view for: 1EF11B85-53DB-4465-965B-179EEB3059D1::com.apple.weather.widget::com.apple.weather::1289529871828302290
default	00:37:15.309108-0700	WidgetRenderer_Default	[Timeline[com.apple.weather::com.apple.weather.widget:com.apple.weather:systemSmall:1289529871828302290:162.00/162.00/27.54:(null)~(null)]--179EEB3059D1::0xc3bc08700)] Ignoring staleness check - not visibly settled for current view session yet.
default	00:37:15.309202-0700	SpringBoard	[0xc3bc08700-Timeline[com.apple.weather::com.apple.weather.widget:com.apple.weather:systemSmall:1289529871828302290:162.00/162.00/27.54:(null)~(null)]] Effective presentation mode will change to static for reason: Requested mode
default	00:37:15.309210-0700	SpringBoard	[0xc3bc08700-Timeline[com.apple.weather::com.apple.weather.widget:com.apple.weather:systemSmall:1289529871828302290:162.00/162.00/27.54:(null)~(null)]] ensureAndEvaluateSnapshotView - reason: setEffectivePresentationMode - Static
default	00:37:15.309217-0700	SpringBoard	[0xc3bc08700-Timeline[com.apple.weather::com.apple.weather.widget:com.apple.weather:systemSmall:1289529871828302290:162.00/162.00/27.54:(null)~(null)]] Destroy snapshot views requested but ignored because not necessary or already dismissing (animated: NO, reason=ensureSnapshotView - staticSnapshot, animatingSnapshotDismissal=NO, needsDismissal=NO)
default	00:37:15.309231-0700	SpringBoard	[0xc3bc08700-Timeline[com.apple.weather::com.apple.weather.widget:com.apple.weather:systemSmall:1289529871828302290:162.00/162.00/27.54:(null)~(null)]] Create image snapshot view.
default	00:37:15.309241-0700	SpringBoard	[0xc3bc08700-Timeline[com.apple.weather::com.apple.weather.widget:com.apple.weather:systemSmall:1289529871828302290:162.00/162.00/27.54:(null)~(null)]] Reading image snapshot - url: file:///private/var/mobile/Library/Caches/com.apple.chrono/snapshot-cache/com.apple.weather.widget/com.apple.weather/systemSmall--1289529871828302290--162.00w-162.00h-27.54r-9k63MyH2GlzMUJAxr8OQTJhQhzecwCYiO6ve5Onejd0=--7698250917263454042.dark.private-exception.snapshot
default	00:37:15.309395-0700	SpringBoard	[0xc3bc08700-Timeline[com.apple.weather::com.apple.weather.widget:com.apple.weather:systemSmall:1289529871828302290:162.00/162.00/27.54:(null)~(null)]] Updating - Background
default	00:37:15.309468-0700	SpringBoard	<StateMachine:0xc31f3dc40> Hosting window did change to (null).
default	00:37:15.309475-0700	SpringBoard	<StateMachine:0xc31f3dc40> Hosting environment did change to <0x0:(null)>.
default	00:37:15.309483-0700	SpringBoard	[com.apple.chrono:scene::1EF11B85-53DB-4465-965B-179EEB3059D1::0xc3bc08700] Removing parent scene.
default	00:37:15.309497-0700	SpringBoard	<_UIChildRemoteContentRegistry: 0xc31f3b570; parentScene: <FBSScene: 0xc333061c0>; childScenes: 3; childViewServices: 0> Registry is no longer tracking child scene <FBScene: 0xc3033d200>
default	00:37:15.309577-0700	SpringBoard	<_UISceneRelationshipManagementHostComponent:0xc31f3db40> Scene <FBScene: 0xc3033d200> is hosted in (nil)
default	00:37:15.309588-0700	SpringBoard	[0xc3bc08700-Timeline[com.apple.weather::com.apple.weather.widget:com.apple.weather:systemSmall:1289529871828302290:162.00/162.00/27.54:(null)~(null)]] Clearing any touch delivery policies
default	00:37:15.309595-0700	SpringBoard	TDPS client policy assertion invalidating <xpc_object:0xc32306800>
default	00:37:15.309741-0700	SpringBoard	[0xc32306800] invalidated after the last release of the connection object
default	00:37:15.309787-0700	runningboardd	Invalidating assertion 34-35-40135 (target:[app<com.apple.chrono.WidgetRenderer-Default((null))>:326](UIScene:com.apple.frontboard.systemappservices/com.apple.chrono:scene%3A%3A1EF11B85-53DB-4465-965B-179EEB3059D1%3A%3A0xc3bc08700)) from originator [osservice<com.apple.SpringBoard>:35]
default	00:37:15.309802-0700	SpringBoard	<SBHMultiplexingManager:0xc31a81240> removing multiplexing view controller controller <SBHMultiplexingViewController:0xc2f1cc500> for 1EF11B85-53DB-4465-965B-179EEB3059D1
default	00:37:15.309813-0700	SpringBoard	Choosing to cache widget <SBHWidgetViewController: 0xc3bc08700; type: Timeline; requestedMode: static; effectiveMode: static; hasScene: YES; isSceneForeground: NO> widget = <CHSWidget: 0xc3170aa00> {
    extensionIdentity = com.apple.weather::com.apple.weather.widget;
    kind = com.apple.weather;
    family = systemSmall;
    intent = <CHSIntentReference: 0xc30a07c90; hash: 1289529871828302290>;
    activityIdentifier = 0x0;
};
metrics = <CHSWidgetMetrics: 0xc30c21270> {
    size = {162, 162};
    rawEffectiveSize = {162, 162};
    cornerRadius = 27.540000;
    scaleFactor = 1;
    supportsDynamicText = Yes;
    fontStyle = default;
    margins = <CHSWidgetMargins: 0xc37d6ef80> {
        safeAreaInsets = "{0, 0, 0, 0}";
        layoutInsets = "{0, 0, 0, 0}";
        contentMargins = "{17.780487804878049, 17.780487804878049, 17.780487804878049, 17.780487804878049}";
        backgroundRemovedContentMargins = "{0, 0, 0, 0}";
    };
};
configID = 1EF11B85-53DB-4465-965B-179EEB3059D1;
isAppearedOrAppearing = NO;
visibility = 0x0
default	00:37:15.309828-0700	SpringBoard	<SBHMultiplexingManager:0xc31a81240> Caching recent view controller for identifier: 1EF11B85-53DB-4465-965B-179EEB3059D1
default	00:37:15.309834-0700	SpringBoard	<SBHMultiplexingManager:0xc31a81240> removed view controller controller <SBHWidgetViewController:0xc3bc08700> for 1EF11B85-53DB-4465-965B-179EEB3059D1
default	00:37:15.309843-0700	SpringBoard	<SBHMultiplexingManager:0xc31a81240> active view controller changed from <SBHMultiplexingViewController:0xc2f1cc500> to NONE for 1EF11B85-53DB-4465-965B-179EEB3059D1
default	00:37:15.309850-0700	SpringBoard	<SBHMultiplexingViewController:0xc2f1cc500> deactivate
default	00:37:15.309869-0700	SpringBoard	[0xc3d004900] invalidated because the current process cancelled the connection by calling xpc_connection_cancel()
default	00:37:15.309892-0700	backboardd	[0xb0376ed00] Re-initialization successful; calling out to event handler with XPC_ERROR_CONNECTION_INTERRUPTED
default	00:37:15.309899-0700	backboardd	TDPS server received policy invalidation <share; hostContextID: 0xF8E9EBF3; childContextID: 0xBC5D5404>
default	00:37:15.309916-0700	backboardd	[0xb0376ed00] invalidated after the last release of the connection object
default	00:37:15.312251-0700	SpringBoard	removing subscription
default	00:37:15.312263-0700	SpringBoard	no more subscriptions
default	00:37:15.312271-0700	SpringBoard	[0xc31f84280] invalidated because the current process cancelled the connection by calling xpc_connection_cancel()
default	00:37:15.312295-0700	SpringBoard	RAS: -[ATXWidgetDwellTracker widgetDidDisappear:date:]: widget: <private> (widgetID A133932C-59E9-49F1-B248-DA4200B68340)
default	00:37:15.312303-0700	SpringBoard	RAS: -[ATXWidgetDwellTracker widgetDidDisappear:date:]: widget: <private> (widgetID E086E1C9-8826-45EB-B996-E98FB66A918C)
default	00:37:15.312340-0700	SpringBoard	RAS: -[ATXWidgetDwellTracker widgetDidDisappear:date:]: widget: <private> (widgetID 1EF11B85-53DB-4465-965B-179EEB3059D1)
default	00:37:15.313553-0700	backboardd	[0xb045b1980] invalidated because the client process (pid 35) either cancelled the connection or exited
default	00:37:15.313579-0700	SpringBoard	-[ATXHomeScreenEventLogger logWidgetDidDisappear:stackId:prediction:]_block_invoke: stackID: 98B2B593-70DC-49E1-A332-98C03742A511 topWidget: <private> (widgetID A133932C-59E9-49F1-B248-DA4200B68340)
default	00:37:15.313592-0700	backboardd	Removed connection from pid: 35
default	00:37:15.313811-0700	backboardd	<BSCompoundAssertion:0xb0313e800> (needsLight) invalidate acq:0xb0388e480 count:2
error	00:37:15.313847-0700	SpringBoard	The connection invalidated: Connection invalid.
error	00:37:15.314177-0700	SpringBoard	Data type not yet set for stream blendingUIHomeScreen, please switch to APIs that take eventDataClass as a parameter.
default	00:37:15.315659-0700	SpringBoard	Window(0xc35b2d000)(SBTraitsParticipantRoleControlCenter-0) validates resolution: NO. isHidden
error	00:37:15.315677-0700	SpringBoard	Event class '<private>' missing from NSKeyedUnarchiver allowedClasses
default	00:37:15.317574-0700	SpringBoard	-[ATXHomeScreenEventLogger logWidgetDidDisappear:stackId:prediction:]_block_invoke: stackID: 6C6537B8-780A-4BD0-8AD5-627424EA9294 topWidget: <private> (widgetID E086E1C9-8826-45EB-B996-E98FB66A918C)
error	00:37:15.317641-0700	SpringBoard	Data type not yet set for stream blendingUIHomeScreen, please switch to APIs that take eventDataClass as a parameter.
error	00:37:15.317655-0700	SpringBoard	Event class '<private>' missing from NSKeyedUnarchiver allowedClasses
default	00:37:15.317703-0700	SpringBoard	-[ATXHomeScreenEventLogger logWidgetDidDisappear:stackId:prediction:]_block_invoke: stackID: 6FEF0760-B605-49A3-A0E4-799B86744925 topWidget: <private> (widgetID 1EF11B85-53DB-4465-965B-179EEB3059D1)
error	00:37:15.317816-0700	SpringBoard	Data type not yet set for stream blendingUIHomeScreen, please switch to APIs that take eventDataClass as a parameter.
error	00:37:15.317838-0700	SpringBoard	Event class '<private>' missing from NSKeyedUnarchiver allowedClasses
default	00:37:15.322037-0700	bluetoothd	Received state update for 11174 (app<com.groundeffectsoftware.AnxietyWatch(3A076A8F-336D-4BCB-ACE2-64C6E80D0E3A)>, none-NotVisible
default	00:37:15.322966-0700	SpringBoard	Front display did change: <SBApplication: 0xc3119db00; com.groundeffectsoftware.AnxietyWatch>
default	00:37:15.322978-0700	SpringBoard	0xc3279d840 reconfigured attention timeouts:[
    1; 280.00,
    2; 282.00,
    3; 300.00
]
default	00:37:15.323039-0700	wifid	Received state update for 11174 (app<com.groundeffectsoftware.AnxietyWatch(3A076A8F-336D-4BCB-ACE2-64C6E80D0E3A)>, none-NotVisible
default	00:37:15.323215-0700	backboardd	  81871.20640: reset attention lost timeout for com.apple.springboard.GlobalBacklightIdleTimer at   81871.20640
default	00:37:15.323226-0700	backboardd	  81871.20641: updated config <AWRemoteClient: 0xb03ce8e00> (identifier: com.apple.springboard.GlobalBacklightIdleTimer samplingInterval:       4.00000 samplingDelay:     268.00000 sampleWhileAbsent: false retroactiveTimeoutMode: false pollingFilter: false continuousFaceDetectMode: false unityStream: false activateEyeRelief: false activateAttentionDetection: true activateMotionDetection: false activatePersonDetection: false attentionLostTimeouts: 280, 282, 300 nonSampledAttentionLostTimeoutEnabled true nonSampledAttentionLostTimeout       0.00000 notificationMask NONE mask AttentionLost|Button|Keyboard|Digitizer|Pointer|GameController|FaceDetect|MesaTouch|GenericGesture attentionLostEventMask AttentionLost|Button|Keyboard|Digitizer|Pointer|GameController|MesaTouch|GenericGesture digitizerDisplayUUIDs (null) buttonDisplayUUIDs (null) keyboardDisplayUUIDs (null) tagIndex 1128)
default	00:37:15.323287-0700	SpringBoard	<0xc32736940> - reconfigure attention client with configuration:<AWAttentionAwarenessConfiguration: 0xc4005e6c0> (identifier: com.apple.springboard.GlobalBacklightIdleTimer samplingInterval:       4.00000, samplingDelay:     268.00000, sampleWhileAbsent: false, retroactiveTimeoutMode: false, pollingFilter: false, continuousFaceDetectMode: false, activateAttentionDetection: true, activateEyeRelief: false, activateMotionDetection: false, unityStream: false, attentionLostTimeouts:     282.00000,     280.00000,     300.00000 nonSampledAttentionLostTimeoutEnable: true nonSampledAttentionLostTimeout:    3600.00000 notificationMask NONE mask Button|Keyboard|Digitizer|Pointer|GameController|FaceDetect|MesaTouch|GenericGesture attentionLostEventMask Button|Keyboard|Digitizer|Pointer|GameController|MesaTouch|GenericGesture digitizerDisplayUUIDs (null) buttonDisplayUUIDs (null) keyboardDisplayUUIDs (null) tagIndex 1128)
default	00:37:15.323322-0700	SpringBoard	<SBBacklightIdleTimer: 0xc3279d840> sending idleTimerDidRefresh: to <SBIdleTimerPolicyAggregator: 0xc327282c0>
default	00:37:15.323329-0700	SpringBoard	<SBBacklightIdleTimer: 0xc3279d840> sending idleTimerDidRefresh: to <SBIdleTimerProxy: 0xc32ac5e80>
default	00:37:15.323337-0700	SpringBoard	<SBIdleTimerProxy: 0xc32ac5e80> sending idleTimerDidRefresh: to <SBIdleTimerGlobalCoordinator: 0xc33b17d80>
default	00:37:15.323343-0700	SpringBoard	<SBIdleTimerProxy: 0xc32ac5e80> sending idleTimerDidRefresh: to <SBIdleTimerProxy: 0xc32b985a0>
default	00:37:15.323349-0700	SpringBoard	<SBIdleTimerProxy: 0xc32b985a0> sending idleTimerDidRefresh: to <SBIdleTimerProxy: 0xc329b4040>
default	00:37:15.323357-0700	SpringBoard	<SBIdleTimerProxy: 0xc329b4040> sending idleTimerDidRefresh: to <SBIdleTimerProxy: 0xc329b4180>
default	00:37:15.323363-0700	SpringBoard	<SBIdleTimerProxy: 0xc329b4180> sending idleTimerDidRefresh: to <SBDashBoardIdleTimerProvider: 0xc325a7240>
default	00:37:15.323462-0700	SpringBoard	<SBIdleTimerProxy: 0xc32b985a0> sending idleTimerDidRefresh: to <SBIdleTimerProxy: 0xc329b4120>
default	00:37:15.323621-0700	SpringBoard	<SBIdleTimerProxy: 0xc329b4120> no observers for idleTimerDidRefresh:
default	00:37:15.323632-0700	SpringBoard	<SBIdleTimerProxy: 0xc32b985a0> sending idleTimerDidRefresh: to <SBIdleTimerProxy: 0xc30c66260>
default	00:37:15.323642-0700	SpringBoard	<SBIdleTimerProxy: 0xc30c66260> no observers for idleTimerDidRefresh:
default	00:37:15.323652-0700	SpringBoard	<SBIdleTimerProxy: 0xc32b985a0> sending idleTimerDidRefresh: to <SBIdleTimerProxy: 0xc3188bf80>
default	00:37:15.323659-0700	SpringBoard	<SBIdleTimerProxy: 0xc3188bf80> sending idleTimerDidRefresh: to <SBIdleTimerProxy: 0xc3188ab60>
default	00:37:15.323668-0700	SpringBoard	<SBIdleTimerProxy: 0xc3188ab60> no observers for idleTimerDidRefresh:
default	00:37:15.324721-0700	SpringBoard	End requiring home screen content for reason 'SBUIHomeScreenActiveContentRequirementReason'
default	00:37:15.325220-0700	SpringBoard	No need for mass dismissal of all presented icon view context menues: {(
)}
default	00:37:15.325325-0700	locationd	Received state update for 11174 (app<com.groundeffectsoftware.AnxietyWatch(3A076A8F-336D-4BCB-ACE2-64C6E80D0E3A)>, none-NotVisible
default	00:37:15.325424-0700	locationd	{"msg":"RBS #AppMonitor process monitor update handler invoked", "pid":11174, "bundleID":"com.groundeffectsoftware.AnxietyWatch", "state":"None"}
default	00:37:15.326129-0700	locationd	{"msg":"RBS #dic AppMonitor received Termination", "pid":11174, "bundleId":"com.groundeffectsoftware.AnxietyWatch", "isUserKill":0}
default	00:37:15.326198-0700	locationd	{"msg":"RBS #AppMonitor Post Application State Change Notification", "notification":"Terminated", "pid":11174, "bundleId":"com.groundeffectsoftware.AnxietyWatch"}
default	00:37:15.326364-0700	locationd	{"msg":"#Warning #ClientResolution the passed keyPath is not registered. Resolving to #nullCKP", "InputCKP":"icom.groundeffectsoftware.AnxietyWatch:"}
default	00:37:15.326463-0700	locationd	{"msg":"#CLIUA AppMonitor notification", "notification":"Terminated", "pid":11174, "bundleId":"com.groundeffectsoftware.AnxietyWatch", "ClientKey":"icom.groundeffectsoftware.AnxietyWatch:"}
default	00:37:15.326498-0700	locationd	{"msg":"#CLIUA Marking change", "clientKey":"icom.groundeffectsoftware.AnxietyWatch:", "reason":"Process state from RunningBoard", "AssertionLevel":"kCLClientInUseLevelDirectUserEngagement", "coming":0}
default	00:37:15.326533-0700	locationd	{"msg":"#CLIUA updating AssertionRecord", "ClientKey":"icom.groundeffectsoftware.AnxietyWatch:", "AssertionLevel":"kCLClientInUseLevelDirectUserEngagement"}
default	00:37:15.326560-0700	locationd	{"msg":"#CLIUA AssertionRecord updated", "ClientKey":"icom.groundeffectsoftware.AnxietyWatch:", "AssertionLevel":"kCLClientInUseLevelNotInUse"}
default	00:37:15.326580-0700	locationd	{"msg":"#CLIUA in-use level changed for client", "ClientKey":"icom.groundeffectsoftware.AnxietyWatch:"}
default	00:37:15.326695-0700	locationd	{"msg":"#Warning #ClientResolution the passed keyPath is not registered. Resolving to #nullCKP", "InputCKP":"icom.groundeffectsoftware.AnxietyWatch:"}
default	00:37:15.327115-0700	WirelessRadioManagerd	Received state update for 11174 (app<com.groundeffectsoftware.AnxietyWatch(3A076A8F-336D-4BCB-ACE2-64C6E80D0E3A)>, none-NotVisible
default	00:37:15.327630-0700	useractivityd	Received state update for 11174 (app<com.groundeffectsoftware.AnxietyWatch(3A076A8F-336D-4BCB-ACE2-64C6E80D0E3A)>, none-NotVisible
default	00:37:15.328664-0700	SpringBoard	[com.groundeffectsoftware.AnxietyWatch] com.groundeffectsoftware.AnxietyWatch application state changed to <RBSProcessState| task:none debug:none>
default	00:37:15.328685-0700	SpringBoard	[com.groundeffectsoftware.AnxietyWatch] Ignore becoming background for application without push registration
default	00:37:15.328782-0700	SpringBoard	[com.apple.chrono:scene::A133932C-59E9-49F1-B248-DA4200B68340::0xc3bc09500] scene content state changed: notReady
default	00:37:15.328794-0700	SpringBoard	[0xc3bc09500-Timeline[com.kylebashour.aqi-wtf::com.kylebashour.aqi-wtf.aqi-widget:chart:systemSmall:-8776424947409478526:162.00/162.00/27.54:(null)~(null)]] Content state did change to notReady
default	00:37:15.329328-0700	SpringBoard	[0xc33349ec0:com.apple.chrono:scene::A133932C-59E9-49F1-B248-DA4200B68340::0xc3bc09500] Scene lifecycle state did change: Background
default	00:37:15.329400-0700	SpringBoard	[0xc33349ec0:com.apple.chrono:scene::A133932C-59E9-49F1-B248-DA4200B68340::0xc3bc09500] Scene state did change: FG-Active[90].
default	00:37:15.329436-0700	SpringBoard	[0xc33349ec0:com.apple.chrono:scene::A133932C-59E9-49F1-B248-DA4200B68340::0xc3bc09500] Sending scene action [Logical Deactivate][0xc178] to process 0xc3cc28d80 (watchdog: 10.00s)
default	00:37:15.329477-0700	SpringBoard	[com.apple.chrono:scene::E086E1C9-8826-45EB-B996-E98FB66A918C::0xc3bc0a300] scene content state changed: notReady
default	00:37:15.329483-0700	SpringBoard	[0xc3bc0a300-Timeline[com.kylebashour.aqi-wtf::com.kylebashour.aqi-wtf.aqi-widget:chart:systemSmall:3286285622356593442:162.00/162.00/27.54:(null)~(null)]] Content state did change to notReady
default	00:37:15.329750-0700	SpringBoard	[0xc3323a280:com.apple.chrono:scene::E086E1C9-8826-45EB-B996-E98FB66A918C::0xc3bc0a300] Scene lifecycle state did change: Background
default	00:37:15.329756-0700	SpringBoard	[0xc3323a280:com.apple.chrono:scene::E086E1C9-8826-45EB-B996-E98FB66A918C::0xc3bc0a300] Scene state did change: FG-Active[90].
default	00:37:15.329770-0700	SpringBoard	[0xc3323a280:com.apple.chrono:scene::E086E1C9-8826-45EB-B996-E98FB66A918C::0xc3bc0a300] Sending scene action [Logical Deactivate][0xac3f] to process 0xc3cc28d80 (watchdog: 10.00s)
default	00:37:15.329794-0700	SpringBoard	[com.apple.chrono:scene::1EF11B85-53DB-4465-965B-179EEB3059D1::0xc3bc08700] scene content state changed: notReady
default	00:37:15.329807-0700	SpringBoard	[0xc3bc08700-Timeline[com.apple.weather::com.apple.weather.widget:com.apple.weather:systemSmall:1289529871828302290:162.00/162.00/27.54:(null)~(null)]] Content state did change to notReady
default	00:37:15.329915-0700	SpringBoard	[0xc350a9740:com.apple.chrono:scene::1EF11B85-53DB-4465-965B-179EEB3059D1::0xc3bc08700] Scene lifecycle state did change: Background
default	00:37:15.329931-0700	SpringBoard	[0xc350a9740:com.apple.chrono:scene::1EF11B85-53DB-4465-965B-179EEB3059D1::0xc3bc08700] Scene state did change: FG-Active[90].
default	00:37:15.330032-0700	runningboardd	Acquiring assertion targeting [app<com.apple.chrono.WidgetRenderer-Default((null))>:326] from originator [osservice<com.apple.SpringBoard>:35] with description <RBSAssertionDescriptor| "FBWorkspace (FG-Active[90])" ID:34-35-40174 target:326 attributes:[
	<RBSDomainAttribute| domain:"com.apple.frontboard" name:"SuspendableLPRunReason-Resume" sourceEnvironment:"(null)">,
	<RBSDomainAttribute| domain:"com.apple.frontboard" name:"SuspendableRole-NonUI" sourceEnvironment:"(null)">,
	<RBSDomainAttribute| domain:"com.apple.frontboard" name:"SuspendableJetsamPriority-ForegroundSupport" sourceEnvironment:"(null)">
	]>
default	00:37:15.330199-0700	runningboardd	Assertion 34-35-40174 (target:[app<com.apple.chrono.WidgetRenderer-Default((null))>:326]) will be created as active
error	00:37:15.334930-0700	runningboardd	RBSStateCapture remove item called for untracked item <RBConnectionClient| 11174 name:app<com.groundeffectsoftware.AnxietyWatch(3A076A8F-336D-4BCB-ACE2-64C6E80D0E3A)> entitlements:<RBEntitlements| [
			
			]> inheritanceManager:<RBClientInheritanceManager| >>
default	00:37:15.335041-0700	SpringBoard	No longer requiring wallpaper for reason: <private>
default	00:37:15.335061-0700	SpringBoard	Wallpaper is no longer required.
default	00:37:15.335068-0700	SpringBoard	Actively required was updated: NO
default	00:37:15.335093-0700	runningboardd	Calculated state for app<com.apple.chrono.WidgetRenderer-Default((null))>: running-active (role: UserInteractiveFocal) (endowments: <private>)
default	00:37:15.336457-0700	SpringBoard	activating lock scene
default	00:37:15.336493-0700	SpringBoard	Poster scenes un-fenced update for reasons: UpdateForActiveVariant
default	00:37:15.336513-0700	SpringBoard	Setting home override style "Black" for Medusa
default	00:37:15.336554-0700	SpringBoard	activating lock scene
default	00:37:15.336572-0700	SpringBoard	Poster scenes un-fenced update for reasons: UpdateForActiveVariant
default	00:37:15.336587-0700	SpringBoard	activating lock scene
default	00:37:15.336595-0700	SpringBoard	Poster scenes un-fenced update for reasons: UpdateForActiveVariant
default	00:37:15.336601-0700	WidgetRenderer_Default	Updated traitOverrides: <UITraitCollection: 0x8f9220500; >
default	00:37:15.336611-0700	WidgetRenderer_Default	Not push traits update to screen for new style 0, <CHUISWidgetScene: 0x105842690> (scene::A133932C-59E9-49F1-B248-DA4200B68340::0xc3bc09500)
default	00:37:15.336633-0700	WidgetRenderer_Default	[Timeline[com.kylebashour.aqi-wtf::com.kylebashour.aqi-wtf.aqi-widget:chart:systemSmall:-8776424947409478526:162.00/162.00/27.54:(null)~(null)]-pid:35--DA4200B68340::0xc3bc09500)] Did background
default	00:37:15.336659-0700	WidgetRenderer_Default	Removed foreground content for reason backgrounded: scene::A133932C-59E9-49F1-B248-DA4200B68340::0xc3bc09500
default	00:37:15.336672-0700	WidgetRenderer_Default	Foreground scene count: 2 (with content: 2)
default	00:37:15.336694-0700	WidgetRenderer_Default	[Timeline[com.kylebashour.aqi-wtf::com.kylebashour.aqi-wtf.aqi-widget:chart:systemSmall:-8776424947409478526:162.00/162.00/27.54:(null)~(null)]--DA4200B68340::0xc3bc09500)] Task priority did change: backgroundOpportunistic
default	00:37:15.336715-0700	SpringBoard	[app<com.apple.chrono.WidgetRenderer-Default>:326] Workspace state did change: FV-Focal[100] --> FG-Active[90] (assertion acquired).
default	00:37:15.336724-0700	SpringBoard	End requiring home screen content for reason 'SBDeckSwitcherViewController-0xc35a8d400-Main (EmbeddedDisplay)'
default	00:37:15.336730-0700	SpringBoard	Tearing down home screen
default	00:37:15.336736-0700	SpringBoard	[app<com.apple.chrono.WidgetRenderer-Default>:326] Setting process visibility to: Background
default	00:37:15.336755-0700	SpringBoard	[0xc350a9740:com.apple.chrono:scene::1EF11B85-53DB-4465-965B-179EEB3059D1::0xc3bc08700] Sending scene action [Logical Deactivate][0x8256] to process 0xc3cc28d80 (watchdog: 10.00s)
default	00:37:15.336774-0700	WidgetRenderer_Default	Removed: Widget UI [com.kylebashour.aqi-wtf.aqi-widget:chart] (scene: Timeline[com.kylebashour.aqi-wtf::com.kylebashour.aqi-wtf.aqi-widget:chart:systemSmall:-8776424947409478526:162.00/162.00/27.54:(null)~(null)]-pid:35--DA4200B68340::0xc3bc09500))
default	00:37:15.336858-0700	WidgetRenderer_Default	Added: SaveSnapshot
default	00:37:15.337198-0700	WidgetRenderer_Default	[Timeline[com.kylebashour.aqi-wtf::com.kylebashour.aqi-wtf.aqi-widget:chart:systemSmall:-8776424947409478526:162.00/162.00/27.54:(null)~(null)]-pid:35--DA4200B68340::0xc3bc09500)] Snapshot
default	00:37:15.337301-0700	WidgetRenderer_Default	Removed: SaveSnapshot
default	00:37:15.337356-0700	runningboardd	Invalidating assertion 34-35-40104 (target:[app<com.apple.chrono.WidgetRenderer-Default((null))>:326]) from originator [osservice<com.apple.SpringBoard>:35]
default	00:37:15.337393-0700	chronod	[<WidgetRenderSession--5148381563099746571-scene::A133932C-59E9-49F1-B248-DA4200B68340::0xc3bc09500-[com.kylebashour.aqi-wtf::com.kylebashour.aqi-wtf.aqi-widget:chart:systemSmall:-8776424947409478526:162.00/162.00/27.54:(null)~(null)]>] Task priority did change: backgroundOpportunistic
default	00:37:15.337399-0700	chronod	Received state update for 326 (app<com.apple.chrono.WidgetRenderer-Default((null))>, running-active-Visible
default	00:37:15.337430-0700	SpringBoard	Received state update for 326 (app<com.apple.chrono.WidgetRenderer-Default((null))>, running-active-Visible
default	00:37:15.337466-0700	WidgetRenderer_Default	sceneOfRecord: sceneID: scene::1EF11B85-53DB-4465-965B-179EEB3059D1::0xc3bc08700  persistentID: scene::1EF11B85-53DB-4465-965B-179EEB3059D1::0xc3bc08700
default	00:37:15.337492-0700	WidgetRenderer_Default	[Timeline[com.kylebashour.aqi-wtf::com.kylebashour.aqi-wtf.aqi-widget:chart:systemSmall:-8776424947409478526:162.00/162.00/27.54:(null)~(null)]-pid:35--DA4200B68340::0xc3bc09500)] Snapshot finished Snapshot not required. (reason: Snapshot is not required.)
default	00:37:15.337502-0700	WidgetRenderer_Default	[0x8f8e4e990] [keyboardFocus] Disabling event deferring records requested: adding recreation reason: detachedContext; for reason: _UIEventDeferringManager: 0x8f8e4e990: disabling keyboardFocus: context detached for window: 0x8f8d1c400; contextID: 0x6A99330C
default	00:37:15.338006-0700	CommCenter	Received state update for 326 (app<com.apple.chrono.WidgetRenderer-Default((null))>, running-active-Visible
default	00:37:15.338238-0700	backboardd	new deferring rules for pid:326: [
    [326-D2]; <keyboardFocus; builtin; …e%3A%3A1EF11B85-53DB-4465-965B-179EEB3059D1%3A%3A0xc3bc08700>; () -> <token: 0xBC5D5404; pid: 326>; reason: …gin event deferring in keyboardFocus for window: 0x8f8d1d800,
    [326-D1]; <keyboardFocus; builtin; …e%3A%3AE086E1C9-8826-45EB-B996-E98FB66A918C%3A%3A0xc3bc0a300>; () -> <token: 0xB79BFD33; pid: 326>; reason: …gin event deferring in keyboardFocus for window: 0x8f8d1d000
]
default	00:37:15.338254-0700	backboardd	[keyboardFocus 0xb02247110] setRules:forPID(326): [
    [326-D2]; <keyboardFocus; builtin; com.apple.frontboard.systemappservices/com.apple.chrono:scene%3A%3A1EF11B85-53DB-4465-965B-179EEB3059D1%3A%3A0xc3bc08700>; () -> <token: 0xBC5D5404; pid: 326>; reason: CHUISWidgetScene: 0x8f946d800: Begin event deferring in keyboardFocus for window: 0x8f8d1d800,
    [326-D1]; <keyboardFocus; builtin; com.apple.frontboard.systemappservices/com.apple.chrono:scene%3A%3AE086E1C9-8826-45EB-B996-E98FB66A918C%3A%3A0xc3bc0a300>; () -> <token: 0xB79BFD33; pid: 326>; reason: CHUISWidgetScene: 0x8f946c400: Begin event deferring in keyboardFocus for window: 0x8f8d1d000
]
default	00:37:15.338284-0700	backboardd	[system 0xb02247250] setRules:forPID(326): []
default	00:37:15.338291-0700	backboardd	[systemKeyCommandOverlay 0xb02246fd0] setRules:forPID(326): []
default	00:37:15.338300-0700	backboardd	[keyboardFocus 0xb022472a0] setRules:forPID(326): [
    [326-D2]; <keyboardFocus; builtin; com.apple.frontboard.systemappservices/com.apple.chrono:scene%3A%3A1EF11B85-53DB-4465-965B-179EEB3059D1%3A%3A0xc3bc08700>; () -> <token: 0xBC5D5404; pid: 326>; reason: CHUISWidgetScene: 0x8f946d800: Begin event deferring in keyboardFocus for window: 0x8f8d1d800,
    [326-D1]; <keyboardFocus; builtin; com.apple.frontboard.systemappservices/com.apple.chrono:scene%3A%3AE086E1C9-8826-45EB-B996-E98FB66A918C%3A%3A0xc3bc0a300>; () -> <token: 0xB79BFD33; pid: 326>; reason: CHUISWidgetScene: 0x8f946c400: Begin event deferring in keyboardFocus for window: 0x8f8d1d000
]
default	00:37:15.338352-0700	backboardd	[system 0xb02247340] setRules:forPID(326): []
default	00:37:15.338365-0700	backboardd	[systemKeyCommandOverlay 0xb022472f0] setRules:forPID(326): []
default	00:37:15.338393-0700	WidgetRenderer_Default	[Timeline[com.kylebashour.aqi-wtf::com.kylebashour.aqi-wtf.aqi-widget:chart:systemSmall:-8776424947409478526:162.00/162.00/27.54:(null)~(null)]-pid:35--DA4200B68340::0xc3bc09500)] Will disappear
default	00:37:15.338401-0700	SpringBoard	Stopping device motion, mode=0x22
default	00:37:15.338661-0700	backboardd	0x100000754: set report interval:0 client:E4EF7A11-475F-4AB6-8925-86EC3C39B40B
default	00:37:15.339128-0700	WidgetRenderer_Default	Updated traitOverrides: <UITraitCollection: 0x8f9220500; >
default	00:37:15.339137-0700	WidgetRenderer_Default	Not push traits update to screen for new style 0, <CHUISWidgetScene: 0x8f946c400> (scene::E086E1C9-8826-45EB-B996-E98FB66A918C::0xc3bc0a300)
default	00:37:15.339368-0700	WidgetRenderer_Default	[Timeline[com.kylebashour.aqi-wtf::com.kylebashour.aqi-wtf.aqi-widget:chart:systemSmall:3286285622356593442:162.00/162.00/27.54:(null)~(null)]-pid:35--E98FB66A918C::0xc3bc0a300)] Did background
default	00:37:15.339395-0700	WidgetRenderer_Default	Removed foreground content for reason backgrounded: scene::E086E1C9-8826-45EB-B996-E98FB66A918C::0xc3bc0a300
default	00:37:15.339407-0700	WidgetRenderer_Default	Foreground scene count: 1 (with content: 1)
default	00:37:15.339426-0700	audiomxd	Received state update for 326 (app<com.apple.chrono.WidgetRenderer-Default((null))>, running-active-Visible
default	00:37:15.340338-0700	WidgetRenderer_Default	[Timeline[com.kylebashour.aqi-wtf::com.kylebashour.aqi-wtf.aqi-widget:chart:systemSmall:3286285622356593442:162.00/162.00/27.54:(null)~(null)]--E98FB66A918C::0xc3bc0a300)] Task priority did change: backgroundOpportunistic
default	00:37:15.340393-0700	WidgetRenderer_Default	Removed: Widget UI [com.kylebashour.aqi-wtf.aqi-widget:chart] (scene: Timeline[com.kylebashour.aqi-wtf::com.kylebashour.aqi-wtf.aqi-widget:chart:systemSmall:3286285622356593442:162.00/162.00/27.54:(null)~(null)]-pid:35--E98FB66A918C::0xc3bc0a300))
default	00:37:15.340455-0700	WidgetRenderer_Default	Added: SaveSnapshot
default	00:37:15.344670-0700	SpringBoard	[CLIoHidInterface] Property for usage pair {65280, 3}: {ReportInterval = 0} was set successfully
default	00:37:15.344712-0700	SpringBoard	[CLIoHidInterface] Property for usage pair {65280, 3}: {BatchInterval = 10000} was set successfully
default	00:37:15.344944-0700	chronod	[<WidgetRenderSession--9134605727376346852-scene::E086E1C9-8826-45EB-B996-E98FB66A918C::0xc3bc0a300-[com.kylebashour.aqi-wtf::com.kylebashour.aqi-wtf.aqi-widget:chart:systemSmall:3286285622356593442:162.00/162.00/27.54:(null)~(null)]>] Task priority did change: backgroundOpportunistic
default	00:37:15.345113-0700	WidgetRenderer_Default	[Timeline[com.kylebashour.aqi-wtf::com.kylebashour.aqi-wtf.aqi-widget:chart:systemSmall:3286285622356593442:162.00/162.00/27.54:(null)~(null)]-pid:35--E98FB66A918C::0xc3bc0a300)] Snapshot
default	00:37:15.345139-0700	WidgetRenderer_Default	Removed: SaveSnapshot
default	00:37:15.345158-0700	WidgetRenderer_Default	sceneOfRecord: sceneID: scene::1EF11B85-53DB-4465-965B-179EEB3059D1::0xc3bc08700  persistentID: scene::1EF11B85-53DB-4465-965B-179EEB3059D1::0xc3bc08700
default	00:37:15.345230-0700	backboardd	0x100000754: set batch interval:10000 client:E4EF7A11-475F-4AB6-8925-86EC3C39B40B
default	00:37:15.345294-0700	backboardd	0x10000076e: set report interval:0 client:E4EF7A11-475F-4AB6-8925-86EC3C39B40B
default	00:37:15.345307-0700	WidgetRenderer_Default	[Timeline[com.kylebashour.aqi-wtf::com.kylebashour.aqi-wtf.aqi-widget:chart:systemSmall:3286285622356593442:162.00/162.00/27.54:(null)~(null)]-pid:35--E98FB66A918C::0xc3bc0a300)] Snapshot finished Snapshot not required. (reason: Snapshot is not required.)
default	00:37:15.345314-0700	WidgetRenderer_Default	[0x8f8e3f2c0] [keyboardFocus] Disabling event deferring records requested: adding recreation reason: detachedContext; for reason: _UIEventDeferringManager: 0x8f8e3f2c0: disabling keyboardFocus: context detached for window: 0x8f8d1d000; contextID: 0xB79BFD33
default	00:37:15.345343-0700	SpringBoard	[CLIoHidInterface] Property for usage pair {65280, 9}: {GyroProperties = {
    GyroFactoryMode = 0;
    GyroMeasurementRange = 2000;
    GyroXAxisOffset = 0;
    GyroYAxisOffset = 0;
    GyroZAxisOffset = 0;
}} was set successfully
default	00:37:15.345366-0700	SpringBoard	[CLIoHidInterface] Property for usage pair {65280, 9}: {ReportInterval = 0} was set successfully
default	00:37:15.345520-0700	backboardd	0x10000076e: set batch interval:15000 client:E4EF7A11-475F-4AB6-8925-86EC3C39B40B
default	00:37:15.345542-0700	SpringBoard	[CLIoHidInterface] Property for usage pair {65280, 9}: {GyroExtLevelTriggerSync = 0} was set successfully
default	00:37:15.345563-0700	SpringBoard	[CLIoHidInterface] Property for usage pair {65280, 9}: {BatchInterval = 15000} was set successfully
default	00:37:15.345591-0700	SpringBoard	[0xc33349ec0:com.apple.chrono:scene::A133932C-59E9-49F1-B248-DA4200B68340::0xc3bc09500] Scene action [Logical Deactivate][0xc178] completed with success: 1
default	00:37:15.345853-0700	backboardd	new deferring rules for pid:326: [[326-D2]; <keyboardFocus; builtin; …e%3A%3A1EF11B85-53DB-4465-965B-179EEB3059D1%3A%3A0xc3bc08700>; () -> <token: 0xBC5D5404; pid: 326>; reason: …gin event deferring in keyboardFocus for window: 0x8f8d1d800]
default	00:37:15.345865-0700	backboardd	[keyboardFocus 0xb02247110] setRules:forPID(326): [[326-D2]; <keyboardFocus; builtin; com.apple.frontboard.systemappservices/com.apple.chrono:scene%3A%3A1EF11B85-53DB-4465-965B-179EEB3059D1%3A%3A0xc3bc08700>; () -> <token: 0xBC5D5404; pid: 326>; reason: CHUISWidgetScene: 0x8f946d800: Begin event deferring in keyboardFocus for window: 0x8f8d1d800]
default	00:37:15.345890-0700	backboardd	[system 0xb02247250] setRules:forPID(326): []
default	00:37:15.345896-0700	backboardd	[systemKeyCommandOverlay 0xb02246fd0] setRules:forPID(326): []
default	00:37:15.345905-0700	backboardd	[keyboardFocus 0xb022472a0] setRules:forPID(326): [[326-D2]; <keyboardFocus; builtin; com.apple.frontboard.systemappservices/com.apple.chrono:scene%3A%3A1EF11B85-53DB-4465-965B-179EEB3059D1%3A%3A0xc3bc08700>; () -> <token: 0xBC5D5404; pid: 326>; reason: CHUISWidgetScene: 0x8f946d800: Begin event deferring in keyboardFocus for window: 0x8f8d1d800]
default	00:37:15.345930-0700	backboardd	[system 0xb02247340] setRules:forPID(326): []
default	00:37:15.345936-0700	backboardd	[systemKeyCommandOverlay 0xb022472f0] setRules:forPID(326): []
default	00:37:15.345956-0700	SpringBoard	Deactivating wallpaper orientation source HomeScreen
default	00:37:15.346090-0700	SpringBoard	[0xc3323a280:com.apple.chrono:scene::E086E1C9-8826-45EB-B996-E98FB66A918C::0xc3bc0a300] Scene action [Logical Deactivate][0xac3f] completed with success: 1
default	00:37:15.346512-0700	wcd	Received state update for 11174 (app<com.groundeffectsoftware.AnxietyWatch(3A076A8F-336D-4BCB-ACE2-64C6E80D0E3A)>, none-NotVisible
default	00:37:15.346726-0700	SpringBoard	Process exited: <FBApplicationProcess: 0xc35ad6d00; app<com.groundeffectsoftware.AnxietyWatch>:11174(v7F93)> -> <RBSProcessExitContext| specific, status:<RBSProcessExitStatus| domain:signal(2) code:SIGTRAP(5)>>
default	00:37:15.346740-0700	WidgetRenderer_Default	Updated traitOverrides: <UITraitCollection: 0x8f96a1180; >
default	00:37:15.346755-0700	WidgetRenderer_Default	Not push traits update to screen for new style 0, <CHUISWidgetScene: 0x8f946d800> (scene::1EF11B85-53DB-4465-965B-179EEB3059D1::0xc3bc08700)
default	00:37:15.346764-0700	SpringBoard	reconfigured lock button: <SBMutableHardwareButtonGestureParameters: 0xc3020f940; maximumPressCount: 3; longPressTimeInterval: 0.40s; multiplePressTimeInterval: 0.40s>
default	00:37:15.346865-0700	WidgetRenderer_Default	[Timeline[com.apple.weather::com.apple.weather.widget:com.apple.weather:systemSmall:1289529871828302290:162.00/162.00/27.54:(null)~(null)]-pid:35--179EEB3059D1::0xc3bc08700)] Did background
default	00:37:15.346875-0700	SpringBoard	Application process state changed for com.groundeffectsoftware.AnxietyWatch: (null)
default	00:37:15.346955-0700	WidgetRenderer_Default	Removed foreground content for reason backgrounded: scene::1EF11B85-53DB-4465-965B-179EEB3059D1::0xc3bc08700
default	00:37:15.346973-0700	WidgetRenderer_Default	Foreground scene count: 0 (with content: 0)
default	00:37:15.346987-0700	WidgetRenderer_Default	[Timeline[com.apple.weather::com.apple.weather.widget:com.apple.weather:systemSmall:1289529871828302290:162.00/162.00/27.54:(null)~(null)]--179EEB3059D1::0xc3bc08700)] Task priority did change: backgroundOpportunistic
default	00:37:15.347187-0700	WidgetRenderer_Default	Removed: Widget UI [com.apple.weather.widget:com.apple.weather] (scene: Timeline[com.apple.weather::com.apple.weather.widget:com.apple.weather:systemSmall:1289529871828302290:162.00/162.00/27.54:(null)~(null)]-pid:35--179EEB3059D1::0xc3bc08700))
default	00:37:15.347296-0700	WidgetRenderer_Default	Added: SaveSnapshot
default	00:37:15.347469-0700	WidgetRenderer_Default	[Timeline[com.apple.weather::com.apple.weather.widget:com.apple.weather:systemSmall:1289529871828302290:162.00/162.00/27.54:(null)~(null)]-pid:35--179EEB3059D1::0xc3bc08700)] Snapshot
default	00:37:15.347485-0700	WidgetRenderer_Default	Removed: SaveSnapshot
default	00:37:15.347515-0700	SpringBoard	Invalidating scene: (FBSceneManager):sceneID:com.groundeffectsoftware.AnxietyWatch-18DE83D8-1846-45B8-876C-4C1CE7F6CEF0
default	00:37:15.347524-0700	SpringBoard	[com.apple.springboard] removing scene: com.apple.frontboard.systemappservices/FBSceneManager:sceneID%3Acom.groundeffectsoftware.AnxietyWatch-18DE83D8-1846-45B8-876C-4C1CE7F6CEF0 pid: 11174 for reason: willRemoveExternalForegroundApplicationSceneHandle
default	00:37:15.347552-0700	SpringBoard	[coordinator] _removeSceneFromRecents willRemoveExternalForegroundApplicationSceneHandle pid:11174 scene:com.apple.frontboard.systemappservices/FBSceneManager:sceneID%3Acom.groundeffectsoftware.AnxietyWatch-18DE83D8-1846-45B8-876C-4C1CE7F6CEF0 now:<empty>
default	00:37:15.348345-0700	SpringBoard	No longer tracking: <FBScene: 0xc31ea5400; FBSceneManager:sceneID:com.groundeffectsoftware.AnxietyWatch-18DE83D8-1846-45B8-876C-4C1CE7F6CEF0>
default	00:37:15.348366-0700	SpringBoard	[(FBSceneManager):sceneID:com.groundeffectsoftware.AnxietyWatch-18DE83D8-1846-45B8-876C-4C1CE7F6CEF0] scene content state changed: notReady
error	00:37:15.348376-0700	ReportCrash	Unable to extract info plist from binary
default	00:37:15.348386-0700	ReportCrash	ASI found [libswiftCore.dylib] (sensitive) 'AnxietyWatchKit/ComplicationCacheWriter.swift:51: Fatal error: App Group entitlement missing for group.com.anxietywatch
'
default	00:37:15.348407-0700	chronod	[<WidgetRenderSession-2564924842993383966-scene::1EF11B85-53DB-4465-965B-179EEB3059D1::0xc3bc08700-[com.apple.weather::com.apple.weather.widget:com.apple.weather:systemSmall:1289529871828302290:162.00/162.00/27.54:(null)~(null)]>] Task priority did change: backgroundOpportunistic
default	00:37:15.348417-0700	WidgetRenderer_Default	sceneOfRecord: sceneID: scene::700F1FF2-F302-4AD4-9267-CBDCE65F8AE3::0xc3cdb4700  persistentID: scene::700F1FF2-F302-4AD4-9267-CBDCE65F8AE3::0xc3cdb4700
default	00:37:15.348429-0700	WidgetRenderer_Default	Deactivation reason added: 12; deactivation reasons: 0 -> 4096; animating application lifecycle event: 0
default	00:37:15.348447-0700	WidgetRenderer_Default	App transitioned to background, suspending HangTracing.
default	00:37:15.348455-0700	WidgetRenderer_Default	App with bundleID:com.apple.chrono.WidgetRenderer-Default is no longer foreground at time=1964909345765, attempting to emit telemetry with emission type: HTFGUpdateAppBackgrounded
default	00:37:15.348520-0700	WidgetRenderer_Default	Deactivation reason added: 11; deactivation reasons: 4096 -> 6144; animating application lifecycle event: 0
default	00:37:15.348530-0700	WidgetRenderer_Default	[Timeline[com.apple.weather::com.apple.weather.widget:com.apple.weather:systemSmall:1289529871828302290:162.00/162.00/27.54:(null)~(null)]-pid:35--179EEB3059D1::0xc3bc08700)] Snapshot finished Snapshot not required. (reason: Snapshot is not required.)
default	00:37:15.348587-0700	WidgetRenderer_Default	Will add backgroundTask with taskName: <private>, expirationHandler: (null)
default	00:37:15.348597-0700	WidgetRenderer_Default	Application suspending
default	00:37:15.348603-0700	WidgetRenderer_Default	Data protection level resolved to ClassC
default	00:37:15.348618-0700	WidgetRenderer_Default	[[com.apple.ScreenTimeWidgetApplication::com.apple.ScreenTimeWidgetApplication.ScreenTimeWidgetExtension:com.apple.ScreenTimeWidgetApplication:systemLarge:7227504733474769685:342.00/358.00/27.54:(null)~(null)] on local] Discarding content due to data protection level changing to: ClassC
default	00:37:15.348638-0700	SpringBoard	[(FBSceneManager):sceneID:com.groundeffectsoftware.AnxietyWatch-18DE83D8-1846-45B8-876C-4C1CE7F6CEF0][1] Scene invalidated.
error	00:37:15.348644-0700	SpringBoard	Ignoring update for invalidated scene: (FBSceneManager):sceneID:com.groundeffectsoftware.AnxietyWatch-18DE83D8-1846-45B8-876C-4C1CE7F6CEF0
default	00:37:15.348653-0700	SpringBoard	<BSCompoundAssertion:0xc2fc30700> (SBApplicationAppProtectionAssistant: 0xc2fc33500 - com.groundeffectsoftware.AnxietyWatch) invalidate acq:0xc30fb5720 count:1
default	00:37:15.348659-0700	SpringBoard	Informing <APSystemAppOutlet: 0xc32b6b2d0> that <private> will become background as far as we know
default	00:37:15.348666-0700	SpringBoard	All scenes dismissed for <APApplication: com.groundeffectsoftware.AnxietyWatch>
default	00:37:15.348675-0700	SpringBoard	told auth provider <private> was dimissed. result:true err:(null)
default	00:37:15.348738-0700	WidgetRenderer_Default	RBDevice.didEnterBackground: in bg false, allows bg: true
default	00:37:15.348746-0700	WidgetRenderer_Default	Will add backgroundTask with taskName: <private>, expirationHandler: <__NSMallocBlock__: 0x8f811e730>
default	00:37:15.348809-0700	WidgetRenderer_Default	Will add backgroundTask with taskName: <private>, expirationHandler: <__NSMallocBlock__: 0x8f811e730>
error	00:37:15.348843-0700	SpringBoard	Live host view super view[<SBCrossfadeView: 0xc3cffd880; frame = (0 0; 390 844); clipsToBounds = YES; layer = <CALayer: 0xc30258750>>] not matching container view[<UIView: 0xc3cffc540; frame = (0 0; 390 844); clipsToBounds = YES; layer = <CALayer: 0xc321ce310>>], frame not updated
default	00:37:15.348850-0700	backboardd	new deferring rules for pid:326: []
default	00:37:15.348858-0700	backboardd	[system 0xb02247250] setRules:forPID(326): []
default	00:37:15.348865-0700	backboardd	[systemKeyCommandOverlay 0xb02246fd0] setRules:forPID(326): []
default	00:37:15.348872-0700	backboardd	[keyboardFocus 0xb02247110] setRules:forPID(326): []
default	00:37:15.348881-0700	WidgetRenderer_Default	[0x8f8e3e840] [keyboardFocus] Disabling event deferring records requested: adding recreation reason: detachedContext; for reason: _UIEventDeferringManager: 0x8f8e3e840: disabling keyboardFocus: context detached for window: 0x8f8d1d800; contextID: 0xBC5D5404
default	00:37:15.348896-0700	WidgetRenderer_Default	Will add backgroundTask with taskName: <private>, expirationHandler: (null)
default	00:37:15.348916-0700	backboardd	[system 0xb02247340] setRules:forPID(326): []
default	00:37:15.348922-0700	backboardd	[keyboardFocus 0xb022472a0] setRules:forPID(326): []
default	00:37:15.348951-0700	backboardd	[systemKeyCommandOverlay 0xb022472f0] setRules:forPID(326): []
default	00:37:15.349198-0700	WidgetRenderer_Default	Ending background task with UIBackgroundTaskIdentifier: 0
default	00:37:15.349224-0700	WidgetRenderer_Default	[Timeline[com.kylebashour.aqi-wtf::com.kylebashour.aqi-wtf.aqi-widget:chart:systemSmall:3286285622356593442:162.00/162.00/27.54:(null)~(null)]-pid:35--E98FB66A918C::0xc3bc0a300)] Will disappear
default	00:37:15.349236-0700	WidgetRenderer_Default	[Timeline[com.apple.weather::com.apple.weather.widget:com.apple.weather:systemSmall:1289529871828302290:162.00/162.00/27.54:(null)~(null)]-pid:35--179EEB3059D1::0xc3bc08700)] Will disappear
default	00:37:15.349252-0700	WidgetRenderer_Default	Target list changed:
default	00:37:15.349423-0700	SpringBoard	<StateMachine:0xc3020f980> Presentation environment invalidated: <_UISceneKeyboardProxyLayerForwardingPresentationScene: 0xc3168e580> Tracking scene: <FBScene: 0xc31ea5400; (null):sceneID:com.groundeffectsoftware.AnxietyWatch-18DE83D8-1846-45B8-876C-4C1CE7F6CEF0>
default	00:37:15.350517-0700	SpringBoard	[92869424] unlockedEnvironmentMode: home-screen
default	00:37:15.350523-0700	WidgetRenderer_Default	Ending background task with UIBackgroundTaskIdentifier: 0
default	00:37:15.350529-0700	SpringBoard	[SwitcherOrientation] transition source: Unspecified
default	00:37:15.350536-0700	SpringBoard	[SwitcherOrientation] switcherPolicy[Isolation primaryOverlaysPolicy[Follow Switcher]
default	00:37:15.350958-0700	SpringBoard	[0xc350a9740:com.apple.chrono:scene::1EF11B85-53DB-4465-965B-179EEB3059D1::0xc3bc08700] Scene action [Logical Deactivate][0x8256] completed with success: 1
default	00:37:15.351027-0700	sharingd	SystemUI changed: <private> -> <private>
default	00:37:15.351123-0700	SleepLockScreen	[ContentAppearenceProvider:5C8BF78E] updated layout, contains SleepLockScreen: false, display on: true
default	00:37:15.351388-0700	cameracaptured	<<<< FigCaptureDisplayLayoutMonitor >>>> -[FigCaptureDisplayLayoutMonitor _parseFBSDisplayLayout:]: <FigCaptureDisplayLayoutMonitor: 0xd6b0b0fc0 Main Display> <FBSDisplayLayout: 0xd6b14de80; displayIdentity: Main> {    bounds = {{0, 0}, {390, 844}};    interfaceOrientation = "portrait (1)";    backlightLevel = 100;    backlightState = 2;    elements = {        <SBSDisplayLayoutElement: 0xd6a7702a0; sceneID:com.groundeffectsoftware.AnxietyWatch-18DE83D8-1846-45B8-876C-4C1CE7F6CEF0; bundleID: com.groundeffectsoftware.AnxietyWatch; frame: {{0, 0}, {390, 844}}; level: 1; hasKeyboardFocus; role: primary>;    }    timestamp = July 19, 2026 at 12:37:15 AM PDT;}
default	00:37:15.351422-0700	cameracaptured	<<<< FigCaptureDisplayLayoutMonitor >>>> -[FigCaptureDisplayLayoutMonitor _updateObserversWithLayout:]: <FigCaptureDisplayLayoutMonitor: 0xd6b0b0fc0 Main Display> <FigCaptureDisplayLayout: 0xd6b14d700 07-19-2026 00:37:15, Main Display, foreground:[com.groundeffectsoftware.AnxietyWatch]>
default	00:37:15.351461-0700	cameracaptured	<<<< FigCaptureClientApplicationStateMonitor >>>> -[FigCaptureClientApplicationStateMonitor _handleLayout:]: <private> Looking for com.apple.camera in the Main Display layout
default	00:37:15.351505-0700	IDSCredentialsAgent	Received state update for 11174 (app<com.groundeffectsoftware.AnxietyWatch(3A076A8F-336D-4BCB-ACE2-64C6E80D0E3A)>, none-NotVisible
default	00:37:15.351727-0700	watchdogd	Received state update for 11174 (app<com.groundeffectsoftware.AnxietyWatch(3A076A8F-336D-4BCB-ACE2-64C6E80D0E3A)>, none-NotVisible
default	00:37:15.351757-0700	SpringBoard	[SwitcherOrientation] _updateParticipantsAndPoliciesWithSwitcherPolicy:[Isolation] nonPrimaryOverlayPolicy:[Follow Switcher]
default	00:37:15.351763-0700	SpringBoard	[SwitcherOrientation] animation duration set to 0.00
default	00:37:15.351773-0700	SpringBoard	[SwitcherOrientation] outSwitcherOrientation: portrait (1), outElementsOrientations: (null)
default	00:37:15.352032-0700	backboardd	changing global light: 1, 0
default	00:37:15.352052-0700	backboardd	<BSCompoundAssertion:0xb0313e800> (needsLight) invalidate acq:0xb038bf040 count:1
default	00:37:15.352067-0700	backboardd	disabling: no clients.
default	00:37:15.352324-0700	runningboardd	PERF: Received lookupHandleForPredicate request from [osservice<com.apple.CommCenter>:105] (euid 25, auid 25) (persona (null))
default	00:37:15.352626-0700	backboardd	provider resolved: stationary
default	00:37:15.352632-0700	backboardd	changing provider
default	00:37:15.352638-0700	backboardd	LSSDisplayLink 0xb002619f0 invalidate start
default	00:37:15.352644-0700	backboardd	LSSDisplayLink 0xb002619f0 invalidate finish
default	00:37:15.353087-0700	backboardd	0x10000078d: set report interval:0 client:0F6005C4-46E4-4180-8ED6-941832BECAF1
default	00:37:15.353095-0700	backboardd	LSSDisplayLink 0xb002619f0 _thread_invalidate
default	00:37:15.353116-0700	CommCenter	unsubscribing configuration of monitor M105-497
default	00:37:15.353132-0700	CommCenter	#I ActivationObserver: notifyAboutFrontAppChange : app: <private>; pid: 0; net: 0
default	00:37:15.353148-0700	CommCenter	#I ActivationObserver: notifyAboutFrontAppsChange
default	00:37:15.353502-0700	SpringBoard	Activating wallpaper orientation source HomeScreen
default	00:37:15.353673-0700	SpringBoard	Not animating wallpaper orientation to portrait (1) in 0.00 because it's already in that orientation
default	00:37:15.353995-0700	backboardd	[CLIoHidInterface] Property for usage pair {65292, 26}: {ReportInterval = 0} was set successfully
default	00:37:15.354005-0700	SpringBoard	Changing icon manager content visibility to visible (transitioning)
default	00:37:15.354077-0700	backboardd	Stopping device motion, mode=0x103
default	00:37:15.354101-0700	backboardd	0x10000078d: set report interval:0 client:0F6005C4-46E4-4180-8ED6-941832BECAF1
default	00:37:15.354118-0700	SpringBoard	adding subscription. options: 2
default	00:37:15.354125-0700	backboardd	[CLIoHidInterface] Property for usage pair {65292, 26}: {ReportInterval = 0} was set successfully
default	00:37:15.354136-0700	backboardd	init
default	00:37:15.354171-0700	backboardd	occasional
default	00:37:15.354182-0700	backboardd	Adding connection from pid: 35
default	00:37:15.354190-0700	SpringBoard	[0xc2f421b80] activating connection: mach=true listener=false peer=false name=com.apple.lightsourcesupport.lightstate
default	00:37:15.354197-0700	backboardd	[0xb03d4c480] activating connection: mach=false listener=false peer=true name=com.apple.lightsourcesupport.lightstate.peer[35].0xb03d4c480
default	00:37:15.354203-0700	SpringBoard	update options: 2
default	00:37:15.354208-0700	backboardd	configure subscription
default	00:37:15.354252-0700	backboardd	<BSCompoundAssertion:0xb0313e800> (needsLight) acquire for reason:xpc client acq:0xb0486e800 count:1
default	00:37:15.354368-0700	backboardd	provider resolved: motion
default	00:37:15.354374-0700	backboardd	changing provider
default	00:37:15.354387-0700	backboardd	power conservation
default	00:37:15.354526-0700	backboardd	reset starting reference
default	00:37:15.354533-0700	backboardd	starting motion updates
default	00:37:15.354605-0700	backboardd	0x10000078d: set report interval:20000 client:0F6005C4-46E4-4180-8ED6-941832BECAF1
default	00:37:15.354643-0700	backboardd	inUpdateInterval: 0.020000 outUpdateInterval: 0.033333
default	00:37:15.354650-0700	backboardd	LSSDisplayLink 0xb00260a50 _thread_startRunLoop
default	00:37:15.354907-0700	SpringBoard	occasional
default	00:37:15.355107-0700	SpringBoard	Window(0xc36e76800)(SBTraitsParticipantRoleHomeScreen-0) validates resolution: YES. (null)
default	00:37:15.355191-0700	backboardd	[CLIoHidInterface] Property for usage pair {65292, 26}: {ReportInterval = 20000} was set successfully
default	00:37:15.355421-0700	backboardd	Starting device motion, mode=0x103,useAccelerometer=1,useGyro=1,useCompass=0,fUseNorthRef=0,buildingGYTT=0
default	00:37:15.355695-0700	backboardd	0x10000078d: set report interval:20000 client:0F6005C4-46E4-4180-8ED6-941832BECAF1
default	00:37:15.355710-0700	backboardd	[CLIoHidInterface] Property for usage pair {65292, 26}: {ReportInterval = 20000} was set successfully
default	00:37:15.355731-0700	backboardd	0x10000078d: set report interval:20000 client:0F6005C4-46E4-4180-8ED6-941832BECAF1
default	00:37:15.355739-0700	backboardd	[CLIoHidInterface] Property for usage pair {65292, 26}: {ReportInterval = 20000} was set successfully
default	00:37:15.355791-0700	UserEventAgent	Received state update for 11174 (app<com.groundeffectsoftware.AnxietyWatch(3A076A8F-336D-4BCB-ACE2-64C6E80D0E3A)>, none-NotVisible
default	00:37:15.356126-0700	bluetoothd	Received state update for 11174 (app<com.groundeffectsoftware.AnxietyWatch(3A076A8F-336D-4BCB-ACE2-64C6E80D0E3A)>, none-NotVisible
default	00:37:15.356204-0700	backboardd	Received state update for 11174 (app<com.groundeffectsoftware.AnxietyWatch(3A076A8F-336D-4BCB-ACE2-64C6E80D0E3A)>, none-NotVisible
default	00:37:15.356493-0700	bluetoothd	applicationStateChanged <AppInfo:bundleID:com.groundeffectsoftware.AnxietyWatch pid:11174 isApp:1 isAlive:0 isExtension:0 monitorForDeath:0 state:foreground-running hasLiveActivityRunning:0 launchType:AppLaunchTypeApplication limitedToPeer:(null)
default	00:37:15.356594-0700	bluetoothd	Application "com.groundeffectsoftware.AnxietyWatch" has been terminated
default	00:37:15.356605-0700	bluetoothd	applicationStateChanged Process "com.groundeffectsoftware.AnxietyWatch" has been terminated
default	00:37:15.356698-0700	bluetoothd	Session "com.groundeffectsoftware.AnxietyWatch-central-11174-428" will be persisted, as it was performing long-term action. Kill reason 0 persistUserKilledApplications:0 persistUserKilledASKApplications:0
default	00:37:15.356705-0700	bluetoothd	appSessionTerminated:{isAlive: false, bundleId: "com.groundeffectsoftware.AnxietyWatch"}
error	00:37:15.356735-0700	bluetoothd	updateApplicationAliveStatus <AppInfo:bundleID:com.groundeffectsoftware.AnxietyWatch pid:0 isApp:1 isAlive:0 isExtension:0 monitorForDeath:0 state:foreground-running hasLiveActivityRunning:0 launchType:AppLaunchTypeApplication limitedToPeer:(null)
default	00:37:15.356786-0700	bluetoothd	BundleID not in launch queue - not resurrecting: com.groundeffectsoftware.AnxietyWatch
default	00:37:15.357146-0700	wifid	Received state update for 11174 (app<com.groundeffectsoftware.AnxietyWatch(3A076A8F-336D-4BCB-ACE2-64C6E80D0E3A)>, none-NotVisible
default	00:37:15.357460-0700	locationd	Received state update for 11174 (app<com.groundeffectsoftware.AnxietyWatch(3A076A8F-336D-4BCB-ACE2-64C6E80D0E3A)>, none-NotVisible
default	00:37:15.358218-0700	wifid	-[WiFiUserInteractionMonitor setApplicationRunningState:foregroundState:andNetworkingState:forBundleId:]: com.groundeffectsoftware.AnxietyWatch exited
default	00:37:15.358228-0700	wifid	WifiDeviceManagerCatsUpdateEvent(): CATS Update en0: Enter deviceManager:0x66521f800  source:1 enable:1 appPolicy:2 bitmap:0x10
default	00:37:15.358331-0700	wifid	WiFiDeviceManagerCatsSetLowLatencyApp: CATSUpdate en0: fgApp:com.apple.chrono.WidgetRenderer-Default b=0x10 rc=1
default	00:37:15.358342-0700	SpringBoard	Deactivating wallpaper orientation source ActiveOrientation
default	00:37:15.358350-0700	SpringBoard	[SwitcherOrientation] Enqueued event SBSwitcherControllerEventLabelFollowupRotation.
default	00:37:15.358357-0700	wifid	WifiDeviceManagerCatsUpdateEvent: CATSUpdate en0: Exit deviceManager=0x66521f800 Source:1 stateChange:0 (P:2-->2 B:0x10-->0x10)
default	00:37:15.358401-0700	SpringBoard	Executing request: <SBMainWorkspaceTransitionRequest: 0xc4005ed00; eventLabel: SBSwitcherControllerEventLabelFollowupRotation-157; display: Main; source: Rotation>
default	00:37:15.358441-0700	wifid	-[WiFiUsageApplicationSession applicationStateDidChange:withAttributes:]: application session resumed:<private>
default	00:37:15.359117-0700	WirelessRadioManagerd	Received state update for 11174 (app<com.groundeffectsoftware.AnxietyWatch(3A076A8F-336D-4BCB-ACE2-64C6E80D0E3A)>, none-NotVisible
default	00:37:15.360291-0700	SpringBoard	Requested update preferences for <Switcher> with reason: SBSystemApertureZStackPolicyAssistant
default	00:37:15.360300-0700	SpringBoard	_updatePreferences <Switcher>: {
    activationPolicyForParticipantsBelow: AtMostFGActive;
    homeAffordanceDrawingSuppression: Suppress;
    associatedSceneIdentifiersToSuppressInSystemAperture: ();
    associatedBundleIdentifiersToSuppressInSystemAperture: ();
    allowsDimmingWhenForegroundInactive: Inherit;
}
default	00:37:15.360327-0700	SpringBoard	Topmost Value Sources: {
    homeAffordanceDrawingSuppression: Switcher,
    audioCategoriesDisablingVolumeHUD: Highest,
    ownsHomeGesture: Switcher
}
default	00:37:15.360377-0700	SpringBoard	Ignoring appearance update for CoverSheet because we have no view.
default	00:37:15.360491-0700	SpringBoard	Resolved Stack (update(Switcher)) [
    Highest: ⬇ ,
    BannerItems: ⬇ ,
    HUD: ⬇ ,
    TransientOverlayPresentation: ⬇ ,
    CoverSheet: ⬇ ,
    Switcher: ownsHomeGesture; FGActive; homeAffordanceDrawingSuppressed: N->Y; suppressedBundles: com.groundeffectsoftware.AnxietyWatch->(none); suppressedScenes: 1->0,
    HomeScreen: BG->FGActive
]
default	00:37:15.360510-0700	SpringBoard	Requested update preferences for <Switcher> with reason: layout state transition did begin
default	00:37:15.360517-0700	SpringBoard	_updatePreferences <Switcher>: no changes
default	00:37:15.360743-0700	gamepolicyd	Received state update for 11174 (app<com.groundeffectsoftware.AnxietyWatch(3A076A8F-336D-4BCB-ACE2-64C6E80D0E3A)>, none-NotVisible
default	00:37:15.360964-0700	backboardd	Setting minimum brightness level: 0.000000 with fade duration 0.400000
default	00:37:15.360987-0700	backboardd	Set BrightnessSystem property:DisplayBrightnessFadePeriod to:0.4
default	00:37:15.361108-0700	backboardd	Set BrightnessSystem property:BrightnessMinPhysicalWithFade to:0
default	00:37:15.361325-0700	SpringBoard	Begin requiring home screen content for reason 'SBUIHomeScreenActiveContentRequirementReason'
default	00:37:15.361331-0700	SpringBoard	Attempting restoreContentWithOptions:((SBUIControllerRequireContentOptions none))
default	00:37:15.361577-0700	SpringBoard	Restoring home screen
default	00:37:15.361582-0700	SpringBoard	Setting _iconsView to visible
default	00:37:15.361597-0700	SpringBoard	<SBHWidgetStackViewController:0xc3ce69200> viewWillAppear
default	00:37:15.361910-0700	SpringBoard	<SBHWidgetStackViewController:0xc3ce69200> viewIsAppearing
default	00:37:15.361941-0700	SpringBoard	<SBHWidgetStackViewController:0xc3ce69200> Scroll view _restingContentOffset:<private> for pageSize:<private> contentSize:<private>
default	00:37:15.361999-0700	SpringBoard	<SBHMultiplexingManager:0xc31a81240> creating new multiplexing view controller controller <SBHMultiplexingViewController:0xc2f1cf200> for A133932C-59E9-49F1-B248-DA4200B68340 at level: 0
default	00:37:15.362831-0700	SpringBoard	<SBHMultiplexingManager:0xc31a81240> active view controller changed NONE to <SBHMultiplexingViewController:0xc2f1cf200> for A133932C-59E9-49F1-B248-DA4200B68340
default	00:37:15.362859-0700	SpringBoard	<SBHMultiplexingManager:0xc31a81240> Reusing recent view controller for identifier: A133932C-59E9-49F1-B248-DA4200B68340
default	00:37:15.362867-0700	SpringBoard	<SBHMultiplexingViewController:0xc2f1cf200> activateWithViewController: <SBHWidgetViewController:0xc3bc09500>
default	00:37:15.362874-0700	SpringBoard	[0xc3bc09500-Timeline[com.kylebashour.aqi-wtf::com.kylebashour.aqi-wtf.aqi-widget:chart:systemSmall:-8776424947409478526:162.00/162.00/27.54:(null)~(null)]] Batched update begin (1).
default	00:37:15.362910-0700	sharingd	SystemUI changed: <private> -> <private>
default	00:37:15.362927-0700	sharingd	on lock screen: <private>
default	00:37:15.363131-0700	SpringBoard	<SBHWidgetContainerViewController:0xc2f1cc500 widget=[com.kylebashour.aqi-wtf::com.kylebashour.aqi-wtf.aqi-widget:chart:systemSmall]> viewWillAppear
default	00:37:15.363190-0700	SpringBoard	[0xc3bc09500-Timeline[com.kylebashour.aqi-wtf::com.kylebashour.aqi-wtf.aqi-widget:chart:systemSmall:-8776424947409478526:162.00/162.00/27.54:(null)~(null)]] Eating frame change in view because not configured to change the frame.
default	00:37:15.363215-0700	SpringBoard	[com.apple.chrono:scene::A133932C-59E9-49F1-B248-DA4200B68340::0xc3bc09500] Setting parent scene: (FBSceneManager):com.apple.springboard
default	00:37:15.363260-0700	SpringBoard	[com.apple.chrono:scene::A133932C-59E9-49F1-B248-DA4200B68340::0xc3bc09500] propagating 5 settings from (FBSceneManager):com.apple.springboard
default	00:37:15.363895-0700	cameracaptured	<<<< FigCaptureDisplayLayoutMonitor >>>> -[FigCaptureDisplayLayoutMonitor _parseFBSDisplayLayout:]: <FigCaptureDisplayLayoutMonitor: 0xd6b0b0fc0 Main Display> <FBSDisplayLayout: 0xd6b14d180; displayIdentity: Main> {    bounds = {{0, 0}, {390, 844}};    interfaceOrientation = "portrait (1)";    backlightLevel = 100;    backlightState = 2;    elements = {        <SBSDisplayLayoutElement: 0xd6a7720d0; com.apple.springboard.home-screen; frame: {{0, 0}, {390, 844}}; level: 0; role: primary>;        <SBSDisplayLayoutElement: 0xd6a772610; sceneID:com.groundeffectsoftware.AnxietyWatch-18DE83D8-1846-45B8-876C-4C1CE7F6CEF0; bundleID: com.groundeffectsoftware.AnxietyWatch; frame: {{0, 0}, {390, 844}}; level: 1; hasKeyboardFocus; role: primary>;    }    timestamp = July 19, 2026 at 12:37:15 AM PDT;}
default	00:37:15.363908-0700	cameracaptured	<<<< FigCaptureDisplayLayoutMonitor >>>> -[FigCaptureDisplayLayoutMonitor _updateObserversWithLayout:]: <FigCaptureDisplayLayoutMonitor: 0xd6b0b0fc0 Main Display> <FigCaptureDisplayLayout: 0xd6b14d700 07-19-2026 00:37:15, Main Display, foreground:[com.groundeffectsoftware.AnxietyWatch]>
default	00:37:15.363919-0700	cameracaptured	<<<< FigCaptureClientApplicationStateMonitor >>>> -[FigCaptureClientApplicationStateMonitor _handleLayout:]: <private> Looking for com.apple.camera in the Main Display layout
default	00:37:15.363981-0700	SpringBoard	<_UIChildRemoteContentRegistry: 0xc31f3b570; parentScene: <FBSScene: 0xc333061c0>; childScenes: 4; childViewServices: 0> Registry is now tracking child scene <FBScene: 0xc30196860>
default	00:37:15.363987-0700	SpringBoard	[0xc33349ec0:com.apple.chrono:scene::A133932C-59E9-49F1-B248-DA4200B68340::0xc3bc09500] Scene state did change: XX-None[0].
default	00:37:15.363993-0700	SpringBoard	<_UISceneRelationshipManagementHostComponent:0xc30de1400> Scene <FBScene: 0xc30196860> is hosted in <SBWindowScene: 0xc33121180>
default	00:37:15.364062-0700	sharingd	System UI Changed 0x10 < Home >, CanTrigger yes
default	00:37:15.364073-0700	SpringBoard	<StateMachine:0xc30de1480> Hosting window did change to <SBHomeScreenWindow: 0xc36e76800; HomeScreen-0xc36e76800-10; baseClass = UIWindow; frame = (0 0; 390 844); clipsToBounds = YES; opaque = NO; gestureRecognizers = <NSArray: 0xc305d2b50>; layer = <UIWindowLayer: 0xc31c93ec0>>.
default	00:37:15.364135-0700	SpringBoard	<StateMachine:0xc30de1480> Waiting for a hosting window.
default	00:37:15.364145-0700	SpringBoard	<StateMachine:0xc30de1480> Hosting environment did change to <0xc306e5e60:FBSScene:com.apple.springboard>.
default	00:37:15.364175-0700	SleepLockScreen	[ContentAppearenceProvider:5C8BF78E] updated layout, contains SleepLockScreen: false, display on: true
default	00:37:15.364387-0700	wifid	App state params {
    IO80211IsInHomeScreen = 0;
    IO80211IsLatencySensitiveAppActive = 1;
}
default	00:37:15.364399-0700	SpringBoard	[0xc3bc09500-Timeline[com.kylebashour.aqi-wtf::com.kylebashour.aqi-wtf.aqi-widget:chart:systemSmall:-8776424947409478526:162.00/162.00/27.54:(null)~(null)]] ensureAndEvaluateSnapshotView - reason: didMoveToWindow: LiveSnapshot effective presentation mode
default	00:37:15.364469-0700	wifid	__WiFiManagerApplicationStateUpdate: Delta state =4
default	00:37:15.364480-0700	SpringBoard	[0xc3bc09500-Timeline[com.kylebashour.aqi-wtf::com.kylebashour.aqi-wtf.aqi-widget:chart:systemSmall:-8776424947409478526:162.00/162.00/27.54:(null)~(null)]] Updating touch delivery policies for layers: {(
    <FBSceneLayer: 0xc2fb66d40; type: context; contextID: 0x6a99330c (1788424972); renderID: 0x38f445c88dd59b45; alignment: scene>
)}
default	00:37:15.364497-0700	SpringBoard	[0xc31eada40] activating connection: mach=false listener=true peer=false name=(anonymous)
default	00:37:15.364505-0700	SpringBoard	[0xc31eada40] Connection returned listener port: 0x874d3
default	00:37:15.364522-0700	SpringBoard	[0xc3bc09500-Timeline[com.kylebashour.aqi-wtf::com.kylebashour.aqi-wtf.aqi-widget:chart:systemSmall:-8776424947409478526:162.00/162.00/27.54:(null)~(null)]] Saving touch policy assertion <BKSTouchDeliveryPolicyAssertion: 0xc316578f0> for context id 1788424972
default	00:37:15.364531-0700	SpringBoard	TDPS client ipc_addPolicy:<share; hostContextID: 0xF8E9EBF3; childContextID: 0x6A99330C>
default	00:37:15.364551-0700	SpringBoard	[0xc3bc09500-Timeline[com.kylebashour.aqi-wtf::com.kylebashour.aqi-wtf.aqi-widget:chart:systemSmall:-8776424947409478526:162.00/162.00/27.54:(null)~(null)]] Sending content confirmation action: timeout=3.000000)
default	00:37:15.364679-0700	SpringBoard	[0xc3ff47180] activating connection: mach=false listener=false peer=true name=com.apple.xpc.anonymous.0xc31eada40.peer[73].0xc3ff47180
default	00:37:15.364686-0700	SpringBoard	[com.apple.chrono:scene::A133932C-59E9-49F1-B248-DA4200B68340::0xc3bc09500] Sending action(s): <CHUISContentConfirmationAction: 0x002305fc>
default	00:37:15.364696-0700	backboardd	[0xb0376f700] activating connection: mach=false listener=false peer=false name=(anonymous)
default	00:37:15.364703-0700	backboardd	TDPS server got new policy <share; hostContextID: 0xF8E9EBF3; childContextID: 0x6A99330C>, [self _policy] is now combination: [<share; hostContextID: 0xF8E9EBF3; childContextID: 0x6A99330C>]
default	00:37:15.364712-0700	SpringBoard	[0xc33349ec0:com.apple.chrono:scene::A133932C-59E9-49F1-B248-DA4200B68340::0xc3bc09500] Scene state did change: BG-Active[40].
default	00:37:15.364720-0700	wifid	BG Application: Not Present, BG Daemon: Present. Daemons: carkitd apsd  (activity=0) Cloud Clients:  (activity=0)
default	00:37:15.364726-0700	wifid	WiFiDeviceManagerReset: type=SpringBoard
default	00:37:15.364732-0700	wifid	-[WiFiUserInteractionMonitor isNetworkRecommendationAllowed]: cellular is 5G and inexpensive. Not allowing recommendation.
default	00:37:15.364737-0700	wifid	-[WiFiUserInteractionMonitor isPersonalHotspotRecommendationAllowed]: cellular is 5G and inexpensive. Not allowing recommendation.
default	00:37:15.364778-0700	runningboardd	PERF: Received lookupHandleForPredicate request from [osservice<com.apple.CommCenter>:105] (euid 25, auid 25) (persona (null))
default	00:37:15.364850-0700	SpringBoard	<SBHWidgetContainerViewController:0xc2f1cc500 widget=[com.kylebashour.aqi-wtf::com.kylebashour.aqi-wtf.aqi-widget:chart:systemSmall]> viewIsAppearing
default	00:37:15.364856-0700	SpringBoard	<SBHWidgetContainerViewController:0xc2f1cc500 widget=[com.kylebashour.aqi-wtf::com.kylebashour.aqi-wtf.aqi-widget:chart:systemSmall]> viewDidAppear
default	00:37:15.364864-0700	SpringBoard	[0xc3bc09500-Timeline[com.kylebashour.aqi-wtf::com.kylebashour.aqi-wtf.aqi-widget:chart:systemSmall:-8776424947409478526:162.00/162.00/27.54:(null)~(null)]] Eating frame change in view because not configured to change the frame.
default	00:37:15.365737-0700	WidgetRenderer_Default	[com.apple.chrono:scene::A133932C-59E9-49F1-B248-DA4200B68340::0xc3bc09500] Received action(s): CHUISContentConfirmationAction
default	00:37:15.365767-0700	WidgetRenderer_Default	[Timeline[com.kylebashour.aqi-wtf::com.kylebashour.aqi-wtf.aqi-widget:chart:systemSmall:-8776424947409478526:162.00/162.00/27.54:(null)~(null)]-pid:35--DA4200B68340::0xc3bc09500)] Received content confirmation action 0x00000008f9534700): waiting for live scene content
default	00:37:15.365784-0700	SpringBoard	[0xc3bc09500-Timeline[com.kylebashour.aqi-wtf::com.kylebashour.aqi-wtf.aqi-widget:chart:systemSmall:-8776424947409478526:162.00/162.00/27.54:(null)~(null)]] Batched update begin (2).
default	00:37:15.365807-0700	SpringBoard	[0xc3bc09500-Timeline[com.kylebashour.aqi-wtf::com.kylebashour.aqi-wtf.aqi-widget:chart:systemSmall:-8776424947409478526:162.00/162.00/27.54:(null)~(null)]] Batched update end (1).
default	00:37:15.365818-0700	SpringBoard	[0xc3bc09500-Timeline[com.kylebashour.aqi-wtf::com.kylebashour.aqi-wtf.aqi-widget:chart:systemSmall:-8776424947409478526:162.00/162.00/27.54:(null)~(null)]] Batched update end (0).
default	00:37:15.365842-0700	SpringBoard	[0xc3bc09500-Timeline[com.kylebashour.aqi-wtf::com.kylebashour.aqi-wtf.aqi-widget:chart:systemSmall:-8776424947409478526:162.00/162.00/27.54:(null)~(null)]] Flushing batched updates for reason: Batch End
default	00:37:15.365933-0700	WidgetRenderer_Default	[Timeline[com.kylebashour.aqi-wtf::com.kylebashour.aqi-wtf.aqi-widget:chart:systemSmall:-8776424947409478526:162.00/162.00/27.54:(null)~(null)]-pid:35--DA4200B68340::0xc3bc09500)] Response to content confirmation action 0x00000008f9534700: Error Domain=WidgetRendererErrorDomain Code=1 "Widget was background" UserInfo={NSLocalizedDescription=Widget was background}
default	00:37:15.365962-0700	CommCenter	unsubscribing configuration of monitor M105-498
default	00:37:15.365973-0700	CommCenter	#I ActivationObserver: notifyAboutFrontAppsChange
default	00:37:15.365983-0700	wifid	[corewifi] AUTO-JOIN: Updated location
default	00:37:15.365991-0700	wifid	__WiFiDeviceManagerEvaluateAPEnvironment: WiFiRoam : BSS List info for network : snorper : chanCount5GHz: [6] chanCount24GHz: [3] chanCount6GHz: [0]
default	00:37:15.365997-0700	wifid	__WiFiDeviceManagerEvaluateAPEnvironment: WiFiRoam : AP environment is Multi AP for snorper(c2:a7:31:94:c7:a3). Last applied environment is Multi AP. Early exit ? : [0]. augmented from scan results ? : [1]
default	00:37:15.366005-0700	wifid	__WiFiManagerApplicationStateUpdate triggering Auto-Join for CWFAutoJoinTriggerApplicationState
default	00:37:15.366044-0700	SpringBoard	[0xc33349ec0:com.apple.chrono:scene::A133932C-59E9-49F1-B248-DA4200B68340::0xc3bc09500] Sending scene action [Forward Event][0x8153] to process 0xc3cc28d80 (watchdog: 30.00s)
default	00:37:15.366055-0700	wifid	WiFiManagerGetUserAutoJoinState: user auto join state 1
default	00:37:15.366060-0700	wifid	AlwaysOnWiFi: Disabled
default	00:37:15.366069-0700	SpringBoard	<SBHWidgetStackViewController:0xc3ce69200> viewDidAppear
default	00:37:15.366106-0700	SpringBoard	<SBHWidgetStackViewController:0xc3ce69200> Scroll view _restingContentOffset:<private> for pageSize:<private> contentSize:<private>
default	00:37:15.366723-0700	wifid	__WiFiManagerSetEnableState: state TRUE, manager->enable.setting TRUE, manager->unlockedSinceBoot TRUE
default	00:37:15.366729-0700	wifid	WiFiDeviceManagerStartAutoJoinAndReply: AUTO-JOIN: Triggered (trigger=31)
default	00:37:15.366735-0700	wifid	__WiFiDeviceManagerEvaluateAPEnvironment: WiFiRoam : BSS List info for network : snorper : chanCount5GHz: [6] chanCount24GHz: [3] chanCount6GHz: [0]
default	00:37:15.366741-0700	wifid	__WiFiDeviceManagerEvaluateAPEnvironment: WiFiRoam : AP environment is Multi AP for snorper(c2:a7:31:94:c7:a3). Last applied environment is Multi AP. Early exit ? : [0]. augmented from scan results ? : [1]
default	00:37:15.366772-0700	WidgetRenderer_Default	Reply (error: WidgetRendererErrorDomain/1) <CHUISContentConfirmationAction: 0x002305fc>
default	00:37:15.367150-0700	SpringBoard	[0xc3bc09500-Timeline[com.kylebashour.aqi-wtf::com.kylebashour.aqi-wtf.aqi-widget:chart:systemSmall:-8776424947409478526:162.00/162.00/27.54:(null)~(null)]] Requested mode changed to live.
default	00:37:15.367156-0700	SpringBoard	[0xc3bc09500-Timeline[com.kylebashour.aqi-wtf::com.kylebashour.aqi-wtf.aqi-widget:chart:systemSmall:-8776424947409478526:162.00/162.00/27.54:(null)~(null)]] Effective presentation mode will change to live for reason: Requested mode
default	00:37:15.367168-0700	SpringBoard	[0xc3bc09500-Timeline[com.kylebashour.aqi-wtf::com.kylebashour.aqi-wtf.aqi-widget:chart:systemSmall:-8776424947409478526:162.00/162.00/27.54:(null)~(null)]] Updating - Foreground
default	00:37:15.367176-0700	SpringBoard	[com.apple.chrono:scene::A133932C-59E9-49F1-B248-DA4200B68340::0xc3bc09500] scene content state changed: preparing
default	00:37:15.367183-0700	SpringBoard	[0xc3bc09500-Timeline[com.kylebashour.aqi-wtf::com.kylebashour.aqi-wtf.aqi-widget:chart:systemSmall:-8776424947409478526:162.00/162.00/27.54:(null)~(null)]] Content state did change to preparing
default	00:37:15.367207-0700	SpringBoard	[0xc3bc09500-Timeline[com.kylebashour.aqi-wtf::com.kylebashour.aqi-wtf.aqi-widget:chart:systemSmall:-8776424947409478526:162.00/162.00/27.54:(null)~(null)]] ensureAndEvaluateSnapshotView - reason: setEffectivePresentationMode - Live
default	00:37:15.367214-0700	SpringBoard	<SBHWidgetContainerViewController:0xc2f1cc500 widget=[com.kylebashour.aqi-wtf::com.kylebashour.aqi-wtf.aqi-widget:chart:systemSmall]> Setting visibility to visible not settled
default	00:37:15.367223-0700	SpringBoard	[0xc33349ec0:com.apple.chrono:scene::A133932C-59E9-49F1-B248-DA4200B68340::0xc3bc09500] Scene lifecycle state did change: Foreground
default	00:37:15.367230-0700	SpringBoard	[0xc33349ec0:com.apple.chrono:scene::A133932C-59E9-49F1-B248-DA4200B68340::0xc3bc09500] Scene state did change: FV-Focal[100].
default	00:37:15.367345-0700	WidgetRenderer_Default	sceneOfRecord: sceneID: scene::700F1FF2-F302-4AD4-9267-CBDCE65F8AE3::0xc3cdb4700  persistentID: scene::700F1FF2-F302-4AD4-9267-CBDCE65F8AE3::0xc3cdb4700
default	00:37:15.367688-0700	SpringBoard	<SBHWidgetStackViewController:0xc3cdf1200> viewWillAppear
default	00:37:15.367693-0700	SpringBoard	<SBHWidgetStackViewController:0xc3cdf1200> viewIsAppearing
default	00:37:15.367702-0700	SpringBoard	<SBHWidgetStackViewController:0xc3cdf1200> Scroll view _restingContentOffset:<private> for pageSize:<private> contentSize:<private>
default	00:37:15.367717-0700	SpringBoard	<SBHMultiplexingManager:0xc31a81240> creating new multiplexing view controller controller <SBHMultiplexingViewController:0xc2f1ced00> for E086E1C9-8826-45EB-B996-E98FB66A918C at level: 0
default	00:37:15.367755-0700	SpringBoard	<SBHMultiplexingManager:0xc31a81240> active view controller changed NONE to <SBHMultiplexingViewController:0xc2f1ced00> for E086E1C9-8826-45EB-B996-E98FB66A918C
default	00:37:15.367759-0700	SpringBoard	<SBHMultiplexingManager:0xc31a81240> Reusing recent view controller for identifier: E086E1C9-8826-45EB-B996-E98FB66A918C
default	00:37:15.367763-0700	SpringBoard	<SBHMultiplexingViewController:0xc2f1ced00> activateWithViewController: <SBHWidgetViewController:0xc3bc0a300>
default	00:37:15.367767-0700	SpringBoard	[0xc3bc0a300-Timeline[com.kylebashour.aqi-wtf::com.kylebashour.aqi-wtf.aqi-widget:chart:systemSmall:3286285622356593442:162.00/162.00/27.54:(null)~(null)]] Batched update begin (1).
default	00:37:15.367769-0700	SpringBoard	<SBHWidgetContainerViewController:0xc2f1cd900 widget=[com.kylebashour.aqi-wtf::com.kylebashour.aqi-wtf.aqi-widget:chart:systemSmall]> viewWillAppear
default	00:37:15.367963-0700	runningboardd	Acquiring assertion targeting [app<com.apple.chrono.WidgetRenderer-Default((null))>:326] from originator [osservice<com.apple.SpringBoard>:35] with description <RBSAssertionDescriptor| "FBWorkspace (FV-Focal[100])" ID:34-35-40175 target:326 attributes:[
	<RBSDomainAttribute| domain:"com.apple.frontboard" name:"SuspendableLPRunReason-Resume" sourceEnvironment:"(null)">,
	<RBSDomainAttribute| domain:"com.apple.frontboard" name:"Visibility" sourceEnvironment:"(null)">,
	<RBSDomainAttribute| domain:"com.apple.frontboard" name:"SuspendableRole-UIFocal" sourceEnvironment:"(null)">,
	<RBSDomainAttribute| domain:"com.apple.frontboard" name:"SuspendableJetsamPriority-Foreground" sourceEnvironment:"(null)">
	]>
default	00:37:15.367978-0700	runningboardd	Assertion 34-35-40175 (target:[app<com.apple.chrono.WidgetRenderer-Default((null))>:326]) will be created as active
default	00:37:15.368103-0700	WidgetRenderer_Default	sceneOfRecord: sceneID: scene::700F1FF2-F302-4AD4-9267-CBDCE65F8AE3::0xc3cdb4700  persistentID: scene::700F1FF2-F302-4AD4-9267-CBDCE65F8AE3::0xc3cdb4700
default	00:37:15.368422-0700	SpringBoard	[0xc3bc0a300-Timeline[com.kylebashour.aqi-wtf::com.kylebashour.aqi-wtf.aqi-widget:chart:systemSmall:3286285622356593442:162.00/162.00/27.54:(null)~(null)]] Eating frame change in view because not configured to change the frame.
default	00:37:15.368441-0700	SpringBoard	[com.apple.chrono:scene::E086E1C9-8826-45EB-B996-E98FB66A918C::0xc3bc0a300] Setting parent scene: (FBSceneManager):com.apple.springboard
default	00:37:15.368524-0700	SpringBoard	[com.apple.chrono:scene::E086E1C9-8826-45EB-B996-E98FB66A918C::0xc3bc0a300] propagating 5 settings from (FBSceneManager):com.apple.springboard
default	00:37:15.368721-0700	SpringBoard	<_UIChildRemoteContentRegistry: 0xc31f3b570; parentScene: <FBSScene: 0xc333061c0>; childScenes: 5; childViewServices: 0> Registry is now tracking child scene <FBScene: 0xc300e91c0>
default	00:37:15.368736-0700	SpringBoard	<_UISceneRelationshipManagementHostComponent:0xc30c96240> Scene <FBScene: 0xc300e91c0> is hosted in <SBWindowScene: 0xc33121180>
default	00:37:15.374145-0700	WidgetRenderer_Default	[Timeline[com.kylebashour.aqi-wtf::com.kylebashour.aqi-wtf.aqi-widget:chart:systemSmall:-8776424947409478526:162.00/162.00/27.54:(null)~(null)]-pid:35--DA4200B68340::0xc3bc09500)] Widget animations paused changed to: false
default	00:37:15.374217-0700	runningboardd	Acquiring assertion targeting [app<com.apple.chrono.WidgetRenderer-Default((null))>:326](UIScene:com.apple.frontboard.systemappservices/com.apple.chrono:scene%3A%3AA133932C-59E9-49F1-B248-DA4200B68340%3A%3A0xc3bc09500) from originator [osservice<com.apple.SpringBoard>:35] with description <RBSAssertionDescriptor| "injecting  inherited from 'UIScene:com.apple.frontboard.systemappservices/FBSceneManager:com.apple.springboard'" ID:34-35-40176 target:326<UIScene:com.apple.frontboard.systemappservices/com.apple.chrono:scene%3A%3AA133932C-59E9-49F1-B248-DA4200B68340%3A%3A0xc3bc09500> attributes:[
	<RBSHereditaryGrant| endowmentNamespace:com.apple.boardservices.endpoint-injection UIScene:com.apple.frontboard.systemappservices/FBSceneManager:com.apple.springboard>,
	<RBSHereditaryGrant| endowmentNamespace:com.apple.frontboard.visibility UIScene:com.apple.frontboard.systemappservices/FBSceneManager:com.apple.springboard>
	]>
default	00:37:15.374228-0700	runningboardd	Inheritance changeset: <RBSInheritanceChangeSet| gained:{(
    <RBSInheritance| environment:(none) name:com.apple.frontboard.visibility origID:34-35-40175 0>
)} lost:{(
)}>
default	00:37:15.374243-0700	runningboardd	Assertion 34-35-40176 (target:[app<com.apple.chrono.WidgetRenderer-Default((null))>:326](UIScene:com.apple.frontboard.systemappservices/com.apple.chrono:scene%3A%3AA133932C-59E9-49F1-B248-DA4200B68340%3A%3A0xc3bc09500)) will be created as active
default	00:37:15.374254-0700	SpringBoard	<StateMachine:0xc30c97840> Hosting window did change to <SBHomeScreenWindow: 0xc36e76800; HomeScreen-0xc36e76800-10; baseClass = UIWindow; frame = (0 0; 390 844); clipsToBounds = YES; opaque = NO; gestureRecognizers = <NSArray: 0xc305d2b50>; layer = <UIWindowLayer: 0xc31c93ec0>>.
default	00:37:15.374274-0700	SpringBoard	<StateMachine:0xc30c97840> Waiting for a hosting window.
default	00:37:15.374295-0700	SpringBoard	<StateMachine:0xc30c97840> Hosting environment did change to <0xc31c6a860:FBSScene:com.apple.springboard>.
default	00:37:15.374322-0700	SpringBoard	[app<com.apple.chrono.WidgetRenderer-Default>:326] Workspace state did change: FG-Active[90] --> FV-Focal[100] (assertion acquired).
default	00:37:15.374351-0700	SpringBoard	[app<com.apple.chrono.WidgetRenderer-Default>:326] Setting process visibility to: Foreground
default	00:37:15.374378-0700	SpringBoard	[0xc3bc0a300-Timeline[com.kylebashour.aqi-wtf::com.kylebashour.aqi-wtf.aqi-widget:chart:systemSmall:3286285622356593442:162.00/162.00/27.54:(null)~(null)]] ensureAndEvaluateSnapshotView - reason: didMoveToWindow: LiveSnapshot effective presentation mode
default	00:37:15.374447-0700	SpringBoard	[0xc33349ec0:com.apple.chrono:scene::A133932C-59E9-49F1-B248-DA4200B68340::0xc3bc09500] Sending scene action [Logical Activate][0xe6d6] to process 0xc3cc28d80 (watchdog: 10.00s)
default	00:37:15.374460-0700	SpringBoard	[0xc3bc0a300-Timeline[com.kylebashour.aqi-wtf::com.kylebashour.aqi-wtf.aqi-widget:chart:systemSmall:3286285622356593442:162.00/162.00/27.54:(null)~(null)]] Updating touch delivery policies for layers: {(
    <FBSceneLayer: 0xc2fb66900; type: context; contextID: 0xb79bfd33 (3080453427); renderID: 0x38f445c88dd5a905; alignment: scene>
)}
default	00:37:15.377810-0700	SpringBoard	[0xc31421400] activating connection: mach=false listener=true peer=false name=(anonymous)
default	00:37:15.377821-0700	SpringBoard	[0xc31421400] Connection returned listener port: 0x71393
default	00:37:15.377852-0700	SpringBoard	[0xc3bc0a300-Timeline[com.kylebashour.aqi-wtf::com.kylebashour.aqi-wtf.aqi-widget:chart:systemSmall:3286285622356593442:162.00/162.00/27.54:(null)~(null)]] Saving touch policy assertion <BKSTouchDeliveryPolicyAssertion: 0xc31655d60> for context id 3080453427
default	00:37:15.377866-0700	SpringBoard	TDPS client ipc_addPolicy:<share; hostContextID: 0xF8E9EBF3; childContextID: 0xB79BFD33>
default	00:37:15.377876-0700	SpringBoard	[0xc3323a280:com.apple.chrono:scene::E086E1C9-8826-45EB-B996-E98FB66A918C::0xc3bc0a300] Scene state did change: XX-None[0].
default	00:37:15.377995-0700	SpringBoard	[0xc33349ec0:com.apple.chrono:scene::A133932C-59E9-49F1-B248-DA4200B68340::0xc3bc09500] Scene action [Forward Event][0x8153] completed with success: 1
default	00:37:15.378005-0700	SpringBoard	[0xc3bc0a300-Timeline[com.kylebashour.aqi-wtf::com.kylebashour.aqi-wtf.aqi-widget:chart:systemSmall:3286285622356593442:162.00/162.00/27.54:(null)~(null)]] Sending content confirmation action: timeout=3.000000)
default	00:37:15.378051-0700	SpringBoard	[com.apple.chrono:scene::E086E1C9-8826-45EB-B996-E98FB66A918C::0xc3bc0a300] Sending action(s): <CHUISContentConfirmationAction: 0x002305fd>
default	00:37:15.378081-0700	SpringBoard	[0xc3323a280:com.apple.chrono:scene::E086E1C9-8826-45EB-B996-E98FB66A918C::0xc3bc0a300] Scene state did change: BG-Active[40].
default	00:37:15.378097-0700	SpringBoard	[0xc3ff45500] activating connection: mach=false listener=false peer=true name=com.apple.xpc.anonymous.0xc31421400.peer[73].0xc3ff45500
default	00:37:15.378122-0700	runningboardd	Invalidating assertion 34-35-40174 (target:[app<com.apple.chrono.WidgetRenderer-Default((null))>:326]) from originator [osservice<com.apple.SpringBoard>:35]
default	00:37:15.378206-0700	WidgetRenderer_Default	Updated traitOverrides: <UITraitCollection: 0x8f96a1e00; >
default	00:37:15.378232-0700	WidgetRenderer_Default	Not push traits update to screen for new style 0, <CHUISWidgetScene: 0x105842690> (scene::A133932C-59E9-49F1-B248-DA4200B68340::0xc3bc09500)
default	00:37:15.378310-0700	WidgetRenderer_Default	[Timeline[com.kylebashour.aqi-wtf::com.kylebashour.aqi-wtf.aqi-widget:chart:systemSmall:-8776424947409478526:162.00/162.00/27.54:(null)~(null)]-pid:35--DA4200B68340::0xc3bc09500)] Will foreground
default	00:37:15.378365-0700	SpringBoard	<SBHWidgetContainerViewController:0xc2f1cd900 widget=[com.kylebashour.aqi-wtf::com.kylebashour.aqi-wtf.aqi-widget:chart:systemSmall]> viewIsAppearing
default	00:37:15.378375-0700	runningboardd	Inheritance changeset: <RBSInheritanceChangeSet| gained:{(
    <RBSInheritance| environment:UIScene:com.apple.frontboard.systemappservices/com.apple.chrono:scene%3A%3AA133932C-59E9-49F1-B248-DA4200B68340%3A%3A0xc3bc09500 name:com.apple.frontboard.visibility origID:34-35-40176 payload 169199432604821726>
)} lost:{(
)}>
default	00:37:15.378381-0700	SpringBoard	<SBHWidgetContainerViewController:0xc2f1cd900 widget=[com.kylebashour.aqi-wtf::com.kylebashour.aqi-wtf.aqi-widget:chart:systemSmall]> viewDidAppear
default	00:37:15.378390-0700	wifid	[corewifi] [wifi-network-sharing] Updating associated network (new=<redacted> - ssid=<redacted> (1513493707), bssid=<redacted>, security=wpa3-transition, rsn=[mcast=aes_ccm, bip=none, ucast={ aes_ccm }, auths={ psk sae }, mfp=capable, caps=0x48C], channel=5g40/80, cc=US, phy=n/ac/ax, rssi=-42, wasConnectedDuringSleep=0, bi=100, age=1897ms (83199621334125), match=[<redacted> - ssid=<redacted> (1513493707), security=wpa3-transition, privateMAC=[(null) ((null))], captive=[state=was, login=(null)], bbh=[not broken (2026-07-15 12:56:16.447 -0700)], assoc=2026-07-18 01:31:07.399 -0700 (auto), disassoc=[2026-07-18 01:29:33.545 -0700 (5)], addedAt=[2024-02-11 08:25:49.441 -0800 (reason=WiFi Settings, vers=(null))], bssList=[(bssid=<redacted>, channel=5g40/80, assoc=2026-07-18 20:23:01.195 -0700), (bssid=<redacted>, channel=5g153/80, assoc=2026-07-18 20:23:00.649 -0700), (bssid=<redacted>, channel=5g40/80, assoc=2026-07-18 18:16:03.872 -0700), ...]], old=<redacted> - ssid=<redacted> (1513493707), bssid=<redacted>, security=wpa3-transition, rsn=[mcast=aes_ccm, bip=none, ucas)
default	00:37:15.378397-0700	SpringBoard	[0xc3bc0a300-Timeline[com.kylebashour.aqi-wtf::com.kylebashour.aqi-wtf.aqi-widget:chart:systemSmall:3286285622356593442:162.00/162.00/27.54:(null)~(null)]] Eating frame change in view because not configured to change the frame.
default	00:37:15.378453-0700	backboardd	[0xb0376f5c0] activating connection: mach=false listener=false peer=false name=(anonymous)
default	00:37:15.378504-0700	SpringBoard	[0xc3bc0a300-Timeline[com.kylebashour.aqi-wtf::com.kylebashour.aqi-wtf.aqi-widget:chart:systemSmall:3286285622356593442:162.00/162.00/27.54:(null)~(null)]] Batched update begin (2).
default	00:37:15.378525-0700	SpringBoard	[0xc3bc0a300-Timeline[com.kylebashour.aqi-wtf::com.kylebashour.aqi-wtf.aqi-widget:chart:systemSmall:3286285622356593442:162.00/162.00/27.54:(null)~(null)]] Batched update end (1).
default	00:37:15.378534-0700	SpringBoard	[0xc3bc0a300-Timeline[com.kylebashour.aqi-wtf::com.kylebashour.aqi-wtf.aqi-widget:chart:systemSmall:3286285622356593442:162.00/162.00/27.54:(null)~(null)]] Batched update end (0).
default	00:37:15.378571-0700	SpringBoard	[0xc3bc0a300-Timeline[com.kylebashour.aqi-wtf::com.kylebashour.aqi-wtf.aqi-widget:chart:systemSmall:3286285622356593442:162.00/162.00/27.54:(null)~(null)]] Flushing batched updates for reason: Batch End
default	00:37:15.378662-0700	wifid	[corewifi] AUTO-JOIN: Auto-join triggered (uuid=00DFD, addedAt=(null), params=trigger=app_state, mode=default, preferredChannels=((null)), target=((null)), autoHotspot=0, throttled=0)
default	00:37:15.378679-0700	wifid	[corewifi] AUTO-JOIN: Matching auto-join request is already active/pending, ignoring redundant invocation
default	00:37:15.378762-0700	SpringBoard	[0xc3323a280:com.apple.chrono:scene::E086E1C9-8826-45EB-B996-E98FB66A918C::0xc3bc0a300] Sending scene action [Forward Event][0xc1a3] to process 0xc3cc28d80 (watchdog: 30.00s)
default	00:37:15.378830-0700	WidgetRenderer_Default	[[com.kylebashour.aqi-wtf::com.kylebashour.aqi-wtf.aqi-widget:chart:systemSmall:-8776424947409478526:(null)~(null)]] Evaluated inner view with result: LIVE - view sequence number: 12, reasons: [foreground]
default	00:37:15.378845-0700	WidgetRenderer_Default	Add existing foreground content: scene::A133932C-59E9-49F1-B248-DA4200B68340::0xc3bc09500 26244.000000
default	00:37:15.378854-0700	WidgetRenderer_Default	Foreground scene count: 1 (with content: 1)
default	00:37:15.378859-0700	WidgetRenderer_Default	Added: Widget UI [com.kylebashour.aqi-wtf.aqi-widget:chart] (scene: Timeline[com.kylebashour.aqi-wtf::com.kylebashour.aqi-wtf.aqi-widget:chart:systemSmall:-8776424947409478526:162.00/162.00/27.54:(null)~(null)]-pid:35--DA4200B68340::0xc3bc09500))
default	00:37:15.378871-0700	WidgetRenderer_Default	[Timeline[com.kylebashour.aqi-wtf::com.kylebashour.aqi-wtf.aqi-widget:chart:systemSmall:-8776424947409478526:162.00/162.00/27.54:(null)~(null)]-pid:35--DA4200B68340::0xc3bc09500)] Will appear
default	00:37:15.378911-0700	SpringBoard	<SBHWidgetStackViewController:0xc3cdf1200> viewDidAppear
default	00:37:15.378950-0700	SpringBoard	<SBHWidgetStackViewController:0xc3cdf1200> Scroll view _restingContentOffset:<private> for pageSize:<private> contentSize:<private>
default	00:37:15.379010-0700	WidgetRenderer_Default	[Timeline[com.kylebashour.aqi-wtf::com.kylebashour.aqi-wtf.aqi-widget:chart:systemSmall:-8776424947409478526:162.00/162.00/27.54:(null)~(null)]--DA4200B68340::0xc3bc09500)] Task priority did change: foregroundUserInteractive
default	00:37:15.379053-0700	WidgetRenderer_Default	sceneOfRecord: sceneID: scene::A133932C-59E9-49F1-B248-DA4200B68340::0xc3bc09500  persistentID: scene::A133932C-59E9-49F1-B248-DA4200B68340::0xc3bc09500
default	00:37:15.379091-0700	WidgetRenderer_Default	Ignoring already applied deactivation reason: 12; deactivation reasons: 6144
default	00:37:15.379154-0700	WidgetRenderer_Default	Application resuming
default	00:37:15.379160-0700	SpringBoard	[0xc3bc0a300-Timeline[com.kylebashour.aqi-wtf::com.kylebashour.aqi-wtf.aqi-widget:chart:systemSmall:3286285622356593442:162.00/162.00/27.54:(null)~(null)]] Requested mode changed to live.
default	00:37:15.379167-0700	WidgetRenderer_Default	Data protection level resolved to ClassA
default	00:37:15.379173-0700	SpringBoard	[0xc3bc0a300-Timeline[com.kylebashour.aqi-wtf::com.kylebashour.aqi-wtf.aqi-widget:chart:systemSmall:3286285622356593442:162.00/162.00/27.54:(null)~(null)]] Effective presentation mode will change to live for reason: Requested mode
default	00:37:15.379185-0700	WidgetRenderer_Default	[[com.apple.ScreenTimeWidgetApplication::com.apple.ScreenTimeWidgetApplication.ScreenTimeWidgetExtension:com.apple.ScreenTimeWidgetApplication:systemLarge:7227504733474769685:342.00/358.00/27.54:(null)~(null)] on local] Loading content again due to data protection level being available: ClassA
default	00:37:15.379209-0700	WidgetRenderer_Default	RBDevice.willEnterForeground: in bg false, allows bg: true
default	00:37:15.379216-0700	SpringBoard	[0xc3bc0a300-Timeline[com.kylebashour.aqi-wtf::com.kylebashour.aqi-wtf.aqi-widget:chart:systemSmall:3286285622356593442:162.00/162.00/27.54:(null)~(null)]] Updating - Foreground
default	00:37:15.379435-0700	SpringBoard	[com.apple.chrono:scene::E086E1C9-8826-45EB-B996-E98FB66A918C::0xc3bc0a300] scene content state changed: preparing
default	00:37:15.379478-0700	WidgetRenderer_Default	Deactivation reason removed: 11; deactivation reasons: 6144 -> 4096; animating application lifecycle event: 0
default	00:37:15.379488-0700	SpringBoard	[0xc3bc0a300-Timeline[com.kylebashour.aqi-wtf::com.kylebashour.aqi-wtf.aqi-widget:chart:systemSmall:3286285622356593442:162.00/162.00/27.54:(null)~(null)]] Content state did change to preparing
default	00:37:15.379498-0700	WidgetRenderer_Default	Deactivation reason removed: 12; deactivation reasons: 4096 -> 0; animating application lifecycle event: 0
default	00:37:15.379513-0700	WidgetRenderer_Default	Send setDeactivating: N (-DeactivationReason:SuspendedEventsOnly)
default	00:37:15.379519-0700	wifid	WiFiDeviceManagerStartAutoJoinAndReply: prefer 6E enabled 1
default	00:37:15.379528-0700	SpringBoard	[0xc3323a280:com.apple.chrono:scene::E086E1C9-8826-45EB-B996-E98FB66A918C::0xc3bc0a300] Scene lifecycle state did change: Foreground
default	00:37:15.379560-0700	runningboardd	Acquiring assertion targeting [app<com.apple.chrono.WidgetRenderer-Default((null))>:326](UIScene:com.apple.frontboard.systemappservices/com.apple.chrono:scene%3A%3AE086E1C9-8826-45EB-B996-E98FB66A918C%3A%3A0xc3bc0a300) from originator [osservice<com.apple.SpringBoard>:35] with description <RBSAssertionDescriptor| "injecting  inherited from 'UIScene:com.apple.frontboard.systemappservices/FBSceneManager:com.apple.springboard'" ID:34-35-40177 target:326<UIScene:com.apple.frontboard.systemappservices/com.apple.chrono:scene%3A%3AE086E1C9-8826-45EB-B996-E98FB66A918C%3A%3A0xc3bc0a300> attributes:[
	<RBSHereditaryGrant| endowmentNamespace:com.apple.boardservices.endpoint-injection UIScene:com.apple.frontboard.systemappservices/FBSceneManager:com.apple.springboard>,
	<RBSHereditaryGrant| endowmentNamespace:com.apple.frontboard.visibility UIScene:com.apple.frontboard.systemappservices/FBSceneManager:com.apple.springboard>
	]>
default	00:37:15.379575-0700	SpringBoard	[0xc3bc0a300-Timeline[com.kylebashour.aqi-wtf::com.kylebashour.aqi-wtf.aqi-widget:chart:systemSmall:3286285622356593442:162.00/162.00/27.54:(null)~(null)]] ensureAndEvaluateSnapshotView - reason: setEffectivePresentationMode - Live
default	00:37:15.379605-0700	runningboardd	Assertion 34-35-40177 (target:[app<com.apple.chrono.WidgetRenderer-Default((null))>:326](UIScene:com.apple.frontboard.systemappservices/com.apple.chrono:scene%3A%3AE086E1C9-8826-45EB-B996-E98FB66A918C%3A%3A0xc3bc0a300)) will be created as active
default	00:37:15.379757-0700	SpringBoard	[0xc3323a280:com.apple.chrono:scene::E086E1C9-8826-45EB-B996-E98FB66A918C::0xc3bc0a300] Scene state did change: FV-Focal[100].
default	00:37:15.379775-0700	SpringBoard	<SBHWidgetContainerViewController:0xc2f1cd900 widget=[com.kylebashour.aqi-wtf::com.kylebashour.aqi-wtf.aqi-widget:chart:systemSmall]> Setting visibility to visible not settled
default	00:37:15.379790-0700	SpringBoard	[0xc3323a280:com.apple.chrono:scene::E086E1C9-8826-45EB-B996-E98FB66A918C::0xc3bc0a300] Sending scene action [Logical Activate][0xa457] to process 0xc3cc28d80 (watchdog: 10.00s)
default	00:37:15.379806-0700	SpringBoard	Add clock icon tick client: 0xc37e46100/1
default	00:37:15.379812-0700	SpringBoard	Started clock icon tick timer
default	00:37:15.380078-0700	SpringBoard	<SBHWidgetStackViewController:0xc3ce6b600> viewWillAppear
default	00:37:15.380086-0700	SpringBoard	<SBHWidgetStackViewController:0xc3ce6b600> viewIsAppearing
default	00:37:15.380187-0700	SpringBoard	<SBHWidgetStackViewController:0xc3ce6b600> Scroll view _restingContentOffset:<private> for pageSize:<private> contentSize:<private>
default	00:37:15.380223-0700	WidgetRenderer_Default	App transitioned to foreground, resuming HangTracing.
default	00:37:15.380287-0700	SpringBoard	<SBHMultiplexingManager:0xc31a81240> creating new multiplexing view controller controller <SBHMultiplexingViewController:0xc2f1ccf00> for 1EF11B85-53DB-4465-965B-179EEB3059D1 at level: 0
default	00:37:15.380295-0700	SpringBoard	<SBHMultiplexingManager:0xc31a81240> active view controller changed NONE to <SBHMultiplexingViewController:0xc2f1ccf00> for 1EF11B85-53DB-4465-965B-179EEB3059D1
default	00:37:15.380336-0700	runningboardd	Inheritance changeset: <RBSInheritanceChangeSet| gained:{(
    <RBSInheritance| environment:UIScene:com.apple.frontboard.systemappservices/com.apple.chrono:scene%3A%3AE086E1C9-8826-45EB-B996-E98FB66A918C%3A%3A0xc3bc0a300 name:com.apple.frontboard.visibility origID:34-35-40177 payload 169199432604821726>
)} lost:{(
)}>
default	00:37:15.380350-0700	SpringBoard	<SBHMultiplexingManager:0xc31a81240> Reusing recent view controller for identifier: 1EF11B85-53DB-4465-965B-179EEB3059D1
default	00:37:15.380362-0700	SpringBoard	<SBHMultiplexingViewController:0xc2f1ccf00> activateWithViewController: <SBHWidgetViewController:0xc3bc08700>
default	00:37:15.380368-0700	SpringBoard	[0xc3bc08700-Timeline[com.apple.weather::com.apple.weather.widget:com.apple.weather:systemSmall:1289529871828302290:162.00/162.00/27.54:(null)~(null)]] Batched update begin (1).
default	00:37:15.380374-0700	SpringBoard	<SBHWidgetContainerViewController:0xc31af7700 widget=[com.apple.weather::com.apple.weather.widget:com.apple.weather:systemSmall]> viewWillAppear
default	00:37:15.380383-0700	SpringBoard	[0xc3bc08700-Timeline[com.apple.weather::com.apple.weather.widget:com.apple.weather:systemSmall:1289529871828302290:162.00/162.00/27.54:(null)~(null)]] Eating frame change in view because not configured to change the frame.
default	00:37:15.380398-0700	SpringBoard	<StateMachine:0xc31f3dc40> Hosting window did change to <SBHomeScreenWindow: 0xc36e76800; HomeScreen-0xc36e76800-10; baseClass = UIWindow; frame = (0 0; 390 844); clipsToBounds = YES; opaque = NO; gestureRecognizers = <NSArray: 0xc305d2b50>; layer = <UIWindowLayer: 0xc31c93ec0>>.
default	00:37:15.380403-0700	SpringBoard	<StateMachine:0xc31f3dc40> Waiting for a hosting window.
default	00:37:15.380453-0700	SpringBoard	<StateMachine:0xc31f3dc40> Hosting environment did change to <0xc31c6b2a0:FBSScene:com.apple.springboard>.
default	00:37:15.380460-0700	chronod	[<WidgetRenderSession--5148381563099746571-scene::A133932C-59E9-49F1-B248-DA4200B68340::0xc3bc09500-[com.kylebashour.aqi-wtf::com.kylebashour.aqi-wtf.aqi-widget:chart:systemSmall:-8776424947409478526:162.00/162.00/27.54:(null)~(null)]>] Task priority did change: foregroundUserInteractive
default	00:37:15.380496-0700	SpringBoard	[com.apple.chrono:scene::1EF11B85-53DB-4465-965B-179EEB3059D1::0xc3bc08700] Setting parent scene: (FBSceneManager):com.apple.springboard
default	00:37:15.380510-0700	backboardd	TDPS server got new policy <share; hostContextID: 0xF8E9EBF3; childContextID: 0xB79BFD33>, [self _policy] is now combination: [
    <share; hostContextID: 0xF8E9EBF3; childContextID: 0x6A99330C>,
    <share; hostContextID: 0xF8E9EBF3; childContextID: 0xB79BFD33>
]
default	00:37:15.380575-0700	backboardd	[CLSensorFusionService] q.x,<private>,q.y,<private>,q.z,<private>,q.w,<private>,userAccel.x,<private>,userAccel.y,<private>,userAccel.z,<private>,rotationRate.x,<private>,rotationRate.y,<private>,rotationRate.z,<private>,magneticField.x,<private>,magneticField.y,<private>,magneticField.z,<private>,magBiasEstVar.x,<private>,magBiasEstVar.y,<private>,magBiasEstVar.z,<private>,heading,<private>,accuracy,<private>,level,-1,variant,3,mode,1,status,0x100,clientID,0,timestamp,81871.253868,now,81871.256199,latency,0.002330
default	00:37:15.380600-0700	SpringBoard	[com.apple.chrono:scene::1EF11B85-53DB-4465-965B-179EEB3059D1::0xc3bc08700] propagating 5 settings from (FBSceneManager):com.apple.springboard
default	00:37:15.380642-0700	SpringBoard	<_UIChildRemoteContentRegistry: 0xc31f3b570; parentScene: <FBSScene: 0xc333061c0>; childScenes: 6; childViewServices: 0> Registry is now tracking child scene <FBScene: 0xc3033d200>
default	00:37:15.380649-0700	SpringBoard	[0xc350a9740:com.apple.chrono:scene::1EF11B85-53DB-4465-965B-179EEB3059D1::0xc3bc08700] Scene state did change: XX-None[0].
default	00:37:15.380655-0700	SpringBoard	<_UISceneRelationshipManagementHostComponent:0xc31f3db40> Scene <FBScene: 0xc3033d200> is hosted in <SBWindowScene: 0xc33121180>
default	00:37:15.380661-0700	SpringBoard	[0xc3bc08700-Timeline[com.apple.weather::com.apple.weather.widget:com.apple.weather:systemSmall:1289529871828302290:162.00/162.00/27.54:(null)~(null)]] ensureAndEvaluateSnapshotView - reason: didMoveToWindow: LiveSnapshot effective presentation mode
default	00:37:15.380669-0700	SpringBoard	[0xc3bc08700-Timeline[com.apple.weather::com.apple.weather.widget:com.apple.weather:systemSmall:1289529871828302290:162.00/162.00/27.54:(null)~(null)]] Updating touch delivery policies for layers: {(
    <FBSceneLayer: 0xc2fb66d00; type: context; contextID: 0xbc5d5404 (3160232964); renderID: 0x38f445c88dd5b6c5; alignment: scene>
)}
default	00:37:15.380678-0700	SpringBoard	[0xc31422300] activating connection: mach=false listener=true peer=false name=(anonymous)
default	00:37:15.380686-0700	SpringBoard	[0xc31422300] Connection returned listener port: 0xa36d3
default	00:37:15.380692-0700	SpringBoard	[0xc3bc08700-Timeline[com.apple.weather::com.apple.weather.widget:com.apple.weather:systemSmall:1289529871828302290:162.00/162.00/27.54:(null)~(null)]] Saving touch policy assertion <BKSTouchDeliveryPolicyAssertion: 0xc31655e90> for context id 3160232964
default	00:37:15.380698-0700	SpringBoard	TDPS client ipc_addPolicy:<share; hostContextID: 0xF8E9EBF3; childContextID: 0xBC5D5404>
default	00:37:15.380712-0700	SpringBoard	[0xc3bc08700-Timeline[com.apple.weather::com.apple.weather.widget:com.apple.weather:systemSmall:1289529871828302290:162.00/162.00/27.54:(null)~(null)]] Sending content confirmation action: timeout=3.000000)
default	00:37:15.380723-0700	SpringBoard	[com.apple.chrono:scene::1EF11B85-53DB-4465-965B-179EEB3059D1::0xc3bc08700] Sending action(s): <CHUISContentConfirmationAction: 0x002305fe>
default	00:37:15.380733-0700	SpringBoard	[0xc350a9740:com.apple.chrono:scene::1EF11B85-53DB-4465-965B-179EEB3059D1::0xc3bc08700] Scene state did change: BG-Active[40].
default	00:37:15.380743-0700	SpringBoard	<SBHWidgetContainerViewController:0xc31af7700 widget=[com.apple.weather::com.apple.weather.widget:com.apple.weather:systemSmall]> viewIsAppearing
default	00:37:15.380748-0700	SpringBoard	<SBHWidgetContainerViewController:0xc31af7700 widget=[com.apple.weather::com.apple.weather.widget:com.apple.weather:systemSmall]> viewDidAppear
default	00:37:15.380754-0700	SpringBoard	[0xc3bc08700-Timeline[com.apple.weather::com.apple.weather.widget:com.apple.weather:systemSmall:1289529871828302290:162.00/162.00/27.54:(null)~(null)]] Eating frame change in view because not configured to change the frame.
default	00:37:15.381010-0700	SpringBoard	[0xc3ff44a80] activating connection: mach=false listener=false peer=true name=com.apple.xpc.anonymous.0xc31422300.peer[73].0xc3ff44a80
default	00:37:15.381035-0700	SpringBoard	[0xc3bc08700-Timeline[com.apple.weather::com.apple.weather.widget:com.apple.weather:systemSmall:1289529871828302290:162.00/162.00/27.54:(null)~(null)]] Batched update begin (2).
default	00:37:15.381052-0700	SpringBoard	[0xc3bc08700-Timeline[com.apple.weather::com.apple.weather.widget:com.apple.weather:systemSmall:1289529871828302290:162.00/162.00/27.54:(null)~(null)]] Batched update end (1).
default	00:37:15.381292-0700	SpringBoard	[0xc3bc08700-Timeline[com.apple.weather::com.apple.weather.widget:com.apple.weather:systemSmall:1289529871828302290:162.00/162.00/27.54:(null)~(null)]] Batched update end (0).
default	00:37:15.381299-0700	SpringBoard	[0xc3bc08700-Timeline[com.apple.weather::com.apple.weather.widget:com.apple.weather:systemSmall:1289529871828302290:162.00/162.00/27.54:(null)~(null)]] Flushing batched updates for reason: Batch End
default	00:37:15.381369-0700	backboardd	[0xb0376cc80] activating connection: mach=false listener=false peer=false name=(anonymous)
default	00:37:15.381377-0700	backboardd	TDPS server got new policy <share; hostContextID: 0xF8E9EBF3; childContextID: 0xBC5D5404>, [self _policy] is now combination: [
    <share; hostContextID: 0xF8E9EBF3; childContextID: 0x6A99330C>,
    <share; hostContextID: 0xF8E9EBF3; childContextID: 0xB79BFD33>,
    <share; hostContextID: 0xF8E9EBF3; childContextID: 0xBC5D5404>
]
default	00:37:15.381385-0700	WidgetRenderer_Default	Updating event->rollingFGTimestamp from INVALID_FOREGROUND_TIMESTAMP to 1964910117736
default	00:37:15.381489-0700	SpringBoard	[0xc350a9740:com.apple.chrono:scene::1EF11B85-53DB-4465-965B-179EEB3059D1::0xc3bc08700] Sending scene action [Forward Event][0xeaa9] to process 0xc3cc28d80 (watchdog: 30.00s)
default	00:37:15.381514-0700	SpringBoard	<SBHWidgetStackViewController:0xc3ce6b600> viewDidAppear
default	00:37:15.381541-0700	SpringBoard	<SBHWidgetStackViewController:0xc3ce6b600> Scroll view _restingContentOffset:<private> for pageSize:<private> contentSize:<private>
default	00:37:15.382141-0700	SpringBoard	[0xc3bc08700-Timeline[com.apple.weather::com.apple.weather.widget:com.apple.weather:systemSmall:1289529871828302290:162.00/162.00/27.54:(null)~(null)]] Requested mode changed to live.
default	00:37:15.382148-0700	SpringBoard	[0xc3bc08700-Timeline[com.apple.weather::com.apple.weather.widget:com.apple.weather:systemSmall:1289529871828302290:162.00/162.00/27.54:(null)~(null)]] Effective presentation mode will change to live for reason: Requested mode
default	00:37:15.382158-0700	SpringBoard	[0xc3bc08700-Timeline[com.apple.weather::com.apple.weather.widget:com.apple.weather:systemSmall:1289529871828302290:162.00/162.00/27.54:(null)~(null)]] Updating - Foreground
default	00:37:15.382175-0700	SpringBoard	[com.apple.chrono:scene::1EF11B85-53DB-4465-965B-179EEB3059D1::0xc3bc08700] scene content state changed: preparing
default	00:37:15.382184-0700	SpringBoard	[0xc3bc08700-Timeline[com.apple.weather::com.apple.weather.widget:com.apple.weather:systemSmall:1289529871828302290:162.00/162.00/27.54:(null)~(null)]] Content state did change to preparing
default	00:37:15.382196-0700	SpringBoard	[0xc350a9740:com.apple.chrono:scene::1EF11B85-53DB-4465-965B-179EEB3059D1::0xc3bc08700] Scene lifecycle state did change: Foreground
default	00:37:15.382287-0700	SpringBoard	[0xc3bc08700-Timeline[com.apple.weather::com.apple.weather.widget:com.apple.weather:systemSmall:1289529871828302290:162.00/162.00/27.54:(null)~(null)]] ensureAndEvaluateSnapshotView - reason: setEffectivePresentationMode - Live
default	00:37:15.382431-0700	SpringBoard	[0xc350a9740:com.apple.chrono:scene::1EF11B85-53DB-4465-965B-179EEB3059D1::0xc3bc08700] Scene state did change: FV-Focal[100].
default	00:37:15.382657-0700	SpringBoard	<SBHWidgetContainerViewController:0xc31af7700 widget=[com.apple.weather::com.apple.weather.widget:com.apple.weather:systemSmall]> Setting visibility to visible not settled
default	00:37:15.382673-0700	SpringBoard	[0xc350a9740:com.apple.chrono:scene::1EF11B85-53DB-4465-965B-179EEB3059D1::0xc3bc08700] Sending scene action [Logical Activate][0xb5f] to process 0xc3cc28d80 (watchdog: 10.00s)
default	00:37:15.382739-0700	runningboardd	Acquiring assertion targeting [app<com.apple.chrono.WidgetRenderer-Default((null))>:326](UIScene:com.apple.frontboard.systemappservices/com.apple.chrono:scene%3A%3A1EF11B85-53DB-4465-965B-179EEB3059D1%3A%3A0xc3bc08700) from originator [osservice<com.apple.SpringBoard>:35] with description <RBSAssertionDescriptor| "injecting  inherited from 'UIScene:com.apple.frontboard.systemappservices/FBSceneManager:com.apple.springboard'" ID:34-35-40178 target:326<UIScene:com.apple.frontboard.systemappservices/com.apple.chrono:scene%3A%3A1EF11B85-53DB-4465-965B-179EEB3059D1%3A%3A0xc3bc08700> attributes:[
	<RBSHereditaryGrant| endowmentNamespace:com.apple.boardservices.endpoint-injection UIScene:com.apple.frontboard.systemappservices/FBSceneManager:com.apple.springboard>,
	<RBSHereditaryGrant| endowmentNamespace:com.apple.frontboard.visibility UIScene:com.apple.frontboard.systemappservices/FBSceneManager:com.apple.springboard>
	]>
default	00:37:15.382749-0700	runningboardd	Assertion 34-35-40178 (target:[app<com.apple.chrono.WidgetRenderer-Default((null))>:326](UIScene:com.apple.frontboard.systemappservices/com.apple.chrono:scene%3A%3A1EF11B85-53DB-4465-965B-179EEB3059D1%3A%3A0xc3bc08700)) will be created as active
default	00:37:15.387562-0700	SpringBoard	RAS: -[ATXWidgetDwellTracker widgetDidAppear:date:]: widget: <private> (widgetID A133932C-59E9-49F1-B248-DA4200B68340)
default	00:37:15.387620-0700	backboardd	resume
default	00:37:15.387634-0700	WidgetRenderer_Default	[com.apple.ScreenTimeWidgetApplication::com.apple.ScreenTimeWidgetApplication.ScreenTimeWidgetExtension:com.apple.ScreenTimeWidgetApplication:systemLarge:7227504733474769685:342.00/358.00/27.54:(null)~(null)] on local Cache hit; url: `file:///private/var/mobile/Containers/Data/PluginKitPlugin/7110F265-867B-4F02-8D63-FA00111BC3DB/SystemData/com.apple.chrono/timelines/com.apple.ScreenTimeWidgetApplication/systemLarge--7227504733474769685----342.00w-358.00h-27.54r-9k63MyH2GlzMUJAxr8OQTJhQhzecwCYiO6ve5Onejd0=.chrono-timeline`; entry count: 1; urlAttributes: ; date range: 2026-07-18 08:31:49 +0000 to 2026-07-18 08:31:49 +0000
default	00:37:15.387651-0700	WidgetRenderer_Default	Content load successful for key: [com.apple.ScreenTimeWidgetApplication::com.apple.ScreenTimeWidgetApplication.ScreenTimeWidgetExtension:com.apple.ScreenTimeWidgetApplication:systemLarge:7227504733474769685:342.00/358.00/27.54:(null)~(null)] on local with data protection level of entry [ClassA] (system protection level: ClassA)
default	00:37:15.387661-0700	SpringBoard	RAS: -[ATXWidgetDwellTracker widgetDidAppear:date:]: widget: <private> (widgetID E086E1C9-8826-45EB-B996-E98FB66A918C)
default	00:37:15.387667-0700	SpringBoard	RAS: -[ATXWidgetDwellTracker widgetDidAppear:date:]: widget: <private> (widgetID 1EF11B85-53DB-4465-965B-179EEB3059D1)
default	00:37:15.387675-0700	SpringBoard	-[ATXHomeScreenEventLogger logWidgetDidAppear:stackId:prediction:]_block_invoke: stackID: 98B2B593-70DC-49E1-A332-98C03742A511 topWidget: <private> (widgetID A133932C-59E9-49F1-B248-DA4200B68340)
error	00:37:15.388016-0700	SpringBoard	Data type not yet set for stream blendingUIHomeScreen, please switch to APIs that take eventDataClass as a parameter.
error	00:37:15.388024-0700	SpringBoard	Event class '<private>' missing from NSKeyedUnarchiver allowedClasses
default	00:37:15.388039-0700	SpringBoard	-[ATXHomeScreenEventLogger logWidgetDidAppear:stackId:prediction:]_block_invoke: stackID: 6C6537B8-780A-4BD0-8AD5-627424EA9294 topWidget: <private> (widgetID E086E1C9-8826-45EB-B996-E98FB66A918C)
error	00:37:15.388087-0700	SpringBoard	Data type not yet set for stream blendingUIHomeScreen, please switch to APIs that take eventDataClass as a parameter.
error	00:37:15.388092-0700	SpringBoard	Event class '<private>' missing from NSKeyedUnarchiver allowedClasses
default	00:37:15.388108-0700	SpringBoard	-[ATXHomeScreenEventLogger logWidgetDidAppear:stackId:prediction:]_block_invoke: stackID: 6FEF0760-B605-49A3-A0E4-799B86744925 topWidget: <private> (widgetID 1EF11B85-53DB-4465-965B-179EEB3059D1)
default	00:37:15.388143-0700	runningboardd	Inheritance changeset: <RBSInheritanceChangeSet| gained:{(
    <RBSInheritance| environment:UIScene:com.apple.frontboard.systemappservices/com.apple.chrono:scene%3A%3A1EF11B85-53DB-4465-965B-179EEB3059D1%3A%3A0xc3bc08700 name:com.apple.frontboard.visibility origID:34-35-40178 payload 169199432604821726>
)} lost:{(
)}>
error	00:37:15.388187-0700	SpringBoard	Data type not yet set for stream blendingUIHomeScreen, please switch to APIs that take eventDataClass as a parameter.
error	00:37:15.388194-0700	SpringBoard	Event class '<private>' missing from NSKeyedUnarchiver allowedClasses
error	00:37:15.388242-0700	SpringBoard	Data type not yet set for stream blendingUIHomeScreen, please switch to APIs that take eventDataClass as a parameter.
error	00:37:15.388247-0700	SpringBoard	Event class '<private>' missing from NSKeyedUnarchiver allowedClasses
default	00:37:15.388892-0700	SpringBoard	Starting device motion, mode=0x22,useAccelerometer=0,useGyro=1,useCompass=0,fUseNorthRef=0,buildingGYTT=0
default	00:37:15.388957-0700	WidgetRenderer_Default	Key window needs update: 1; currentKeyWindowScene: 0x8f946d800; evaluatedKeyWindowScene: 0x105842690; currentApplicationKeyWindow: 0x8f8d1d800; evaluatedApplicationKeyWindow: 0x8f8d1c400; reason: CHUISWidgetScene: 0x105842690: Window scene transitioned from UISceneActivationStateBackground to UISceneActivationStateForegroundActive
default	00:37:15.388966-0700	WidgetRenderer_Default	Window did become application key: WidgetRenderer.WidgetWindow: 0x8f8d1c400; contextId: 0x0; scene identity: com.apple.frontboard.systemappservices/com.apple.chrono:scene%3A%3AA133932C-59E9-49F1-B248-DA4200B68340%3A%3A0xc3bc09500
default	00:37:15.389513-0700	WidgetRenderer_Default	Window resigning application key: WidgetRenderer.WidgetWindow: 0x8f8d1d800; contextId: 0x0; scene identity: com.apple.frontboard.systemappservices/com.apple.chrono:scene%3A%3A1EF11B85-53DB-4465-965B-179EEB3059D1%3A%3A0xc3bc08700
default	00:37:15.389528-0700	backboardd	0x10000076e: set report interval:1000000 client:E4EF7A11-475F-4AB6-8925-86EC3C39B40B
default	00:37:15.389576-0700	SpringBoard	[CLIoHidInterface] Property for usage pair {65280, 9}: {GyroProperties = {
    GyroFactoryMode = 0;
    GyroMeasurementRange = 2000;
    GyroXAxisOffset = 0;
    GyroYAxisOffset = 0;
    GyroZAxisOffset = 0;
}} was set successfully
default	00:37:15.389611-0700	WidgetRenderer_Default	Reloading input views for key-window scene responder: <(null): 0x0; > force:N
default	00:37:15.389636-0700	SpringBoard	[CLIoHidInterface] Property for usage pair {65280, 9}: {ReportInterval = 1000000} was set successfully
default	00:37:15.389655-0700	SpringBoard	[CLIoHidInterface] Property for usage pair {65280, 9}: {GyroExtLevelTriggerSync = 0} was set successfully
default	00:37:15.389687-0700	backboardd	0x10000076e: set batch interval:15000 client:E4EF7A11-475F-4AB6-8925-86EC3C39B40B
default	00:37:15.389699-0700	backboardd	new deferring rules for pid:326: [[326-D3]; <keyboardFocus; builtin; …e%3A%3AA133932C-59E9-49F1-B248-DA4200B68340%3A%3A0xc3bc09500>; () -> <token: 0x9B0C647E; pid: 326>; reason: …gin event deferring in keyboardFocus for window: 0x8f8d1c400]
default	00:37:15.389713-0700	SpringBoard	[CLIoHidInterface] Property for usage pair {65280, 9}: {BatchInterval = 15000} was set successfully
default	00:37:15.390173-0700	backboardd	[keyboardFocus 0xb02247110] setRules:forPID(326): [[326-D3]; <keyboardFocus; builtin; com.apple.frontboard.systemappservices/com.apple.chrono:scene%3A%3AA133932C-59E9-49F1-B248-DA4200B68340%3A%3A0xc3bc09500>; () -> <token: 0x9B0C647E; pid: 326>; reason: CHUISWidgetScene: 0x105842690: Begin event deferring in keyboardFocus for window: 0x8f8d1c400]
default	00:37:15.390233-0700	backboardd	0x10000076e: set report interval:5000 client:E4EF7A11-475F-4AB6-8925-86EC3C39B40B
default	00:37:15.390358-0700	WidgetRenderer_Default	[0x8f8e4e990] [keyboardFocus] Recreation of event deferring records requested: removing recreation reason: detachedContext; for reason: _UIEventDeferringManager: 0x8f8e4e990: recreating keyboardFocus: context attached for window: 0x8f8d1c400; contextID: 0x9B0C647E
default	00:37:15.391057-0700	SpringBoard	[CLIoHidInterface] Property for usage pair {65280, 9}: {GyroProperties = {
    GyroFactoryMode = 0;
    GyroMeasurementRange = 2000;
    GyroXAxisOffset = 0;
    GyroYAxisOffset = 0;
    GyroZAxisOffset = 0;
}} was set successfully
default	00:37:15.391263-0700	SpringBoard	[CLIoHidInterface] Property for usage pair {65280, 9}: {ReportInterval = 5000} was set successfully
default	00:37:15.392060-0700	SpringBoard	[CLIoHidInterface] Property for usage pair {65280, 9}: {GyroExtLevelTriggerSync = 0} was set successfully
error	00:37:15.392110-0700	backboardd	cycle detected between [35-144] -> [35-3]
default	00:37:15.392144-0700	SpringBoard	[CLIoHidInterface] Property for usage pair {65280, 9}: {BatchInterval = 15000} was set successfully
default	00:37:15.392335-0700	backboardd	0x10000076e: set batch interval:15000 client:E4EF7A11-475F-4AB6-8925-86EC3C39B40B
default	00:37:15.392395-0700	SpringBoard	{"msg":"CLGyroBiasEstimatorClientRemote::registerWithGyroBiasEstimatorPrivate", "event":"activity", "isBuildingGYTT":0, "client":"0xc306c8b40", "info":"0xc38a81cc8"}
default	00:37:15.392412-0700	backboardd	[system 0xb02247250] setRules:forPID(326): []
default	00:37:15.392424-0700	backboardd	[systemKeyCommandOverlay 0xb02246fd0] setRules:forPID(326): []
default	00:37:15.392453-0700	backboardd	[keyboardFocus 0xb022472a0] setRules:forPID(326): [[326-D3]; <keyboardFocus; builtin; com.apple.frontboard.systemappservices/com.apple.chrono:scene%3A%3AA133932C-59E9-49F1-B248-DA4200B68340%3A%3A0xc3bc09500>; () -> <token: 0x9B0C647E; pid: 326>; reason: CHUISWidgetScene: 0x105842690: Begin event deferring in keyboardFocus for window: 0x8f8d1c400]
default	00:37:15.392474-0700	backboardd	0x100000754: set batch interval:20000 client:E4EF7A11-475F-4AB6-8925-86EC3C39B40B
default	00:37:15.392488-0700	SpringBoard	[CLIoHidInterface] Property for usage pair {65280, 3}: {BatchInterval = 20000} was set successfully
default	00:37:15.392553-0700	backboardd	0x100000754: set report interval:20000 client:E4EF7A11-475F-4AB6-8925-86EC3C39B40B
default	00:37:15.392795-0700	SpringBoard	{"msg":"Sending cached messages to daemon", "event":"activity"}
default	00:37:15.393063-0700	SpringBoard	[0xc31cef840] activating connection: mach=true listener=false peer=false name=com.apple.locationd.registration
default	00:37:15.393078-0700	SpringBoard	Activating wallpaper orientation source HomeScreen
default	00:37:15.393348-0700	SpringBoard	Changing icon manager content visibility to visible
error	00:37:15.393395-0700	backboardd	cycle detected between [35-144] -> [35-3]
default	00:37:15.393460-0700	backboardd	[system 0xb02247340] setRules:forPID(326): []
default	00:37:15.393475-0700	backboardd	[systemKeyCommandOverlay 0xb022472f0] setRules:forPID(326): []
default	00:37:15.393507-0700	SpringBoard	<SBHWidgetContainerViewController:0xc2f1cc500 widget=[com.kylebashour.aqi-wtf::com.kylebashour.aqi-wtf.aqi-widget:chart:systemSmall]> Setting visibility to visible settled
default	00:37:15.393516-0700	SpringBoard	[CLIoHidInterface] Property for usage pair {65280, 3}: {ReportInterval = 20000} was set successfully
default	00:37:15.393724-0700	SpringBoard	<SBHWidgetContainerViewController:0xc2f1cd900 widget=[com.kylebashour.aqi-wtf::com.kylebashour.aqi-wtf.aqi-widget:chart:systemSmall]> Setting visibility to visible settled
default	00:37:15.393903-0700	SpringBoard	[CLIoHidInterface] Property for usage pair {65280, 9}: {GyroProperties = {
    GyroFactoryMode = 0;
    GyroMeasurementRange = 2000;
    GyroXAxisOffset = 0;
    GyroYAxisOffset = 0;
    GyroZAxisOffset = 0;
}} was set successfully
default	00:37:15.393950-0700	backboardd	0x10000076e: set report interval:5000 client:E4EF7A11-475F-4AB6-8925-86EC3C39B40B
default	00:37:15.394030-0700	SpringBoard	[CLIoHidInterface] Property for usage pair {65280, 9}: {ReportInterval = 5000} was set successfully
default	00:37:15.394088-0700	SpringBoard	<SBHWidgetContainerViewController:0xc31af7700 widget=[com.apple.weather::com.apple.weather.widget:com.apple.weather:systemSmall]> Setting visibility to visible settled
default	00:37:15.394423-0700	SpringBoard	[CLIoHidInterface] Property for usage pair {65280, 9}: {GyroExtLevelTriggerSync = 0} was set successfully
default	00:37:15.394486-0700	SpringBoard	[CLIoHidInterface] Property for usage pair {65280, 9}: {BatchInterval = 15000} was set successfully
default	00:37:15.394675-0700	SpringBoard	[CLSensorFusionService] q.x,<private>,q.y,<private>,q.z,<private>,q.w,<private>,userAccel.x,<private>,userAccel.y,<private>,userAccel.z,<private>,rotationRate.x,<private>,rotationRate.y,<private>,rotationRate.z,<private>,magneticField.x,<private>,magneticField.y,<private>,magneticField.z,<private>,magBiasEstVar.x,<private>,magBiasEstVar.y,<private>,magBiasEstVar.z,<private>,heading,<private>,accuracy,<private>,level,-1,variant,2,mode,1,status,0x110,clientID,0,timestamp,81871.261354,now,81871.269613,latency,0.008259
default	00:37:15.394807-0700	backboardd	0x10000076e: set batch interval:15000 client:E4EF7A11-475F-4AB6-8925-86EC3C39B40B
default	00:37:15.395620-0700	WidgetRenderer_Default	WidgetURLPreferenceKey has no url
default	00:37:15.395627-0700	locationd	[0xabd450f00] activating connection: mach=false listener=false peer=true name=com.apple.locationd.registration.peer[35].0xabd450f00
default	00:37:15.395823-0700	WidgetRenderer_Default	[[com.kylebashour.aqi-wtf::com.kylebashour.aqi-wtf.aqi-widget:chart:systemSmall:-8776424947409478526:(null)~(null)]] Cached [Live] view assigned.
default	00:37:15.396779-0700	locationd	Client icom.apple.springboard: connected with message name kCLConnectionMessageGyroBiasEstimation.
default	00:37:15.396817-0700	locationd	{"msg":"kCLConnectionMessageGyroBiasEstimation", "event":"activity", "this":"0xabd62a840", "registrationRequired":0, "registrationReceived":0}
default	00:37:15.396831-0700	SpringBoard	[0xc33349ec0:com.apple.chrono:scene::A133932C-59E9-49F1-B248-DA4200B68340::0xc3bc09500] Scene action [Logical Activate][0xe6d6] completed with success: 1
default	00:37:15.397764-0700	locationd	os_transaction created: (<private>) <private>
default	00:37:15.397777-0700	locationd	Client icom.apple.springboard: (0xabd62a840) is subscribing to notification kCLConnectionMessageGyroBiasEstimation
default	00:37:15.397875-0700	locationd	[CLGBE] SPUEnabled,1,BuildingGYTT,0,NumClients,1
default	00:37:15.398097-0700	SpringBoard	Window(0xc36e76800)(SBTraitsParticipantRoleHomeScreen-0) validates resolution: YES. (null)
default	00:37:15.399004-0700	WidgetRenderer_Default	sceneOfRecord: sceneID: scene::A133932C-59E9-49F1-B248-DA4200B68340::0xc3bc09500  persistentID: scene::A133932C-59E9-49F1-B248-DA4200B68340::0xc3bc09500
default	00:37:15.399089-0700	WidgetRenderer_Default	[Timeline[com.kylebashour.aqi-wtf::com.kylebashour.aqi-wtf.aqi-widget:chart:systemSmall:-8776424947409478526:162.00/162.00/27.54:(null)~(null)]-pid:35--DA4200B68340::0xc3bc09500)] Widget visibility changed to: <CHUISWidgetVisibilitySettings: 0x8f901e9a0; settled: NO; focal: NO; visibleBounds: {{inf, inf}, {0, 0}}>
default	00:37:15.399108-0700	WidgetRenderer_Default	[Timeline[com.kylebashour.aqi-wtf::com.kylebashour.aqi-wtf.aqi-widget:chart:systemSmall:-8776424947409478526:162.00/162.00/27.54:(null)~(null)]--DA4200B68340::0xc3bc09500)] Effective widget visibility changed to: <WidgetVisibility: isSettled=false, isFocal=false, bounds=(inf, inf, 0.0, 0.0)>
default	00:37:15.399132-0700	SpringBoard	idleTimerDescriptorForBehavior: <SBIdleTimerBehavior: 0xc304834b0; duration: Unlocked; mode: Auto; warnMode: Warn>
default	00:37:15.399204-0700	WidgetRenderer_Default	[Timeline[com.kylebashour.aqi-wtf::com.kylebashour.aqi-wtf.aqi-widget:chart:systemSmall:-8776424947409478526:162.00/162.00/27.54:(null)~(null)]--DA4200B68340::0xc3bc09500)] Visibility did change: false
default	00:37:15.399368-0700	SpringBoard	applying updated idle timer descriptor: <SBIdleTimerDescriptor: 0xc2fad4000; mode: Auto; sample: 4.0s; samplingStartBeforeFirstTimeout: 12.0s; quickUnwarn: 132.0s; warn: 130.0s; total: 150.0s> reason:SBHomeScreen
default	00:37:15.399380-0700	SpringBoard	_applyActiveIdleTimerDescriptorForReason:"SBHomeScreen" enabled
default	00:37:15.399386-0700	SpringBoard	_setIdleTimerWithDescriptor:<SBIdleTimerDescriptor: 0xc2fad4000; mode: Auto; sample: 4.0s; samplingStartBeforeFirstTimeout: 12.0s; quickUnwarn: 132.0s; warn: 130.0s; total: 150.0s> reason:"SBHomeScreen"]
default	00:37:15.399404-0700	SpringBoard	dsc:0xc2fad4000 <mode: Auto; samplingStartBeforeFirstTimeout: 12.0s; quickUnwarn: 0.0s; warn: 0.0s; total: 300.0s> reason:MCFeatureAutoLockTime (300) is lte MAX (3600)
default	00:37:15.399415-0700	SpringBoard	dsc:0xc2fad4000 <mode: Auto; samplingStartBeforeFirstTimeout: 12.0s; quickUnwarn: 282.0s; warn: 280.0s; total: 300.0s> reason:totalInterval (300) lte 30; subtracting delta (20) to calculate warnInterval
default	00:37:15.399421-0700	SpringBoard	dsc:0xc2fad4000 <mode: Auto; samplingStartBeforeFirstTimeout: 12.0s; quickUnwarn: 282.0s; warn: 280.0s; total: 150.0s> reason:sbIsActive and mesaEnabled are YES; calculating totalInterval as half (150) or MIN_TOTAL_INTERVAL_HOMESCREEN_MESA (26), whichever is greater
default	00:37:15.399429-0700	SpringBoard	dsc:0xc2fad4000 <mode: Auto; samplingStartBeforeFirstTimeout: 12.0s; quickUnwarn: 132.0s; warn: 130.0s; total: 150.0s> reason:totalInterval (150) lte 30; subtracting delta (20) to calculate warnInterval
default	00:37:15.399436-0700	SpringBoard	-> dsc:0xc2fad4000 <mode: Auto; sample: 4.0s; samplingStartBeforeFirstTimeout: 12.0s; quickUnwarn: 132.0s; warn: 130.0s; total: 150.0s> reason:should use attention awareness
default	00:37:15.399444-0700	WidgetRenderer_Default	Target list changed: <CADisplay:LCD primary>
default	00:37:15.399476-0700	WidgetRenderer_Default	[com.apple.chrono:scene::E086E1C9-8826-45EB-B996-E98FB66A918C::0xc3bc0a300] Received action(s): CHUISContentConfirmationAction
default	00:37:15.399507-0700	WidgetRenderer_Default	[Timeline[com.kylebashour.aqi-wtf::com.kylebashour.aqi-wtf.aqi-widget:chart:systemSmall:3286285622356593442:162.00/162.00/27.54:(null)~(null)]-pid:35--E98FB66A918C::0xc3bc0a300)] Received content confirmation action 0x00000008f9a94e40): waiting for live scene content
default	00:37:15.399553-0700	backboardd	  81871.27450: reset attention lost timeout for com.apple.springboard.GlobalBacklightIdleTimer at   81871.27450
default	00:37:15.399564-0700	backboardd	  81871.27451: updated config <AWRemoteClient: 0xb03ce8e00> (identifier: com.apple.springboard.GlobalBacklightIdleTimer samplingInterval:       4.00000 samplingDelay:     118.00000 sampleWhileAbsent: false retroactiveTimeoutMode: false pollingFilter: false continuousFaceDetectMode: false unityStream: false activateEyeRelief: false activateAttentionDetection: true activateMotionDetection: false activatePersonDetection: false attentionLostTimeouts: 130, 132, 150 nonSampledAttentionLostTimeoutEnabled true nonSampledAttentionLostTimeout       0.00000 notificationMask NONE mask AttentionLost|Button|Keyboard|Digitizer|Pointer|GameController|FaceDetect|MesaTouch|GenericGesture attentionLostEventMask AttentionLost|Button|Keyboard|Digitizer|Pointer|GameController|MesaTouch|GenericGesture digitizerDisplayUUIDs (null) buttonDisplayUUIDs (null) keyboardDisplayUUIDs (null) tagIndex 1129)
default	00:37:15.399575-0700	WidgetRenderer_Default	[Timeline[com.kylebashour.aqi-wtf::com.kylebashour.aqi-wtf.aqi-widget:chart:systemSmall:3286285622356593442:162.00/162.00/27.54:(null)~(null)]-pid:35--E98FB66A918C::0xc3bc0a300)] Response to content confirmation action 0x00000008f9a94e40: Error Domain=WidgetRendererErrorDomain Code=1 "Widget was background" UserInfo={NSLocalizedDescription=Widget was background}
default	00:37:15.399595-0700	SpringBoard	0xc3279d840 reconfigured attention timeouts:[
    1; 130.00,
    2; 132.00,
    3; 150.00
]
default	00:37:15.399617-0700	SpringBoard	<0xc32736940> - reconfigure attention client with configuration:<AWAttentionAwarenessConfiguration: 0xc3ce11220> (identifier: com.apple.springboard.GlobalBacklightIdleTimer samplingInterval:       4.00000, samplingDelay:     118.00000, sampleWhileAbsent: false, retroactiveTimeoutMode: false, pollingFilter: false, continuousFaceDetectMode: false, activateAttentionDetection: true, activateEyeRelief: false, activateMotionDetection: false, unityStream: false, attentionLostTimeouts:     132.00000,     130.00000,     150.00000 nonSampledAttentionLostTimeoutEnable: true nonSampledAttentionLostTimeout:    3600.00000 notificationMask NONE mask Button|Keyboard|Digitizer|Pointer|GameController|FaceDetect|MesaTouch|GenericGesture attentionLostEventMask Button|Keyboard|Digitizer|Pointer|GameController|MesaTouch|GenericGesture digitizerDisplayUUIDs (null) buttonDisplayUUIDs (null) keyboardDisplayUUIDs (null) tagIndex 1129)
default	00:37:15.399817-0700	SpringBoard	<SBBacklightIdleTimer: 0xc3279d840> sending idleTimerDidRefresh: to <SBIdleTimerPolicyAggregator: 0xc327282c0>
default	00:37:15.399825-0700	SpringBoard	<SBBacklightIdleTimer: 0xc3279d840> sending idleTimerDidRefresh: to <SBIdleTimerProxy: 0xc32ac5e80>
default	00:37:15.399832-0700	SpringBoard	<SBIdleTimerProxy: 0xc32ac5e80> sending idleTimerDidRefresh: to <SBIdleTimerGlobalCoordinator: 0xc33b17d80>
default	00:37:15.399846-0700	SpringBoard	[ShouldAutoPiP] For request(0xc3fe98f00): NO
default	00:37:15.400397-0700	SpringBoard	removing status bar settings assertion after 0.568924 seconds: <SBWindowSceneStatusBarSettingsAssertion: 0xc301deaf0> {
    settings = <SBStatusBarSettings: 0xc314a3b40; alpha: 0> {
        hiddenParts = none;
    };
    level = app switcher;
    reason = kSBMainAppSwitcherStatusBarReason;
}
default	00:37:15.400459-0700	CommCenter	#I SIM has not requested to be notified on entering idle screen, not processing
default	00:37:15.400465-0700	CommCenter	#I SIM has not requested to be notified on entering idle screen, not processing
default	00:37:15.400530-0700	WidgetRenderer_Default	Reply (error: WidgetRendererErrorDomain/1) <CHUISContentConfirmationAction: 0x002305fd>
default	00:37:15.400537-0700	WidgetRenderer_Default	sceneOfRecord: sceneID: scene::A133932C-59E9-49F1-B248-DA4200B68340::0xc3bc09500  persistentID: scene::A133932C-59E9-49F1-B248-DA4200B68340::0xc3bc09500
default	00:37:15.400557-0700	WidgetRenderer_Default	sceneOfRecord: sceneID: scene::A133932C-59E9-49F1-B248-DA4200B68340::0xc3bc09500  persistentID: scene::A133932C-59E9-49F1-B248-DA4200B68340::0xc3bc09500
default	00:37:15.400609-0700	WidgetRenderer_Default	[Timeline[com.kylebashour.aqi-wtf::com.kylebashour.aqi-wtf.aqi-widget:chart:systemSmall:3286285622356593442:162.00/162.00/27.54:(null)~(null)]-pid:35--E98FB66A918C::0xc3bc0a300)] Widget animations paused changed to: false
default	00:37:15.400723-0700	locationd	visitKFFilteredPressure,nowAP,806139435.393126,nowAOP,83201543416,filteredPressure,100914.757812,pressureTimestamp,83199940044,kfElevation,62.935390,wallTimePressureCorrected,806139433.783071,wallTimeKFCorrected,806139434.313106,temperatureDerivative,0.000000,absAltUnc,22.069244
default	00:37:15.400748-0700	WidgetRenderer_Default	startConnection
default	00:37:15.400813-0700	WidgetRenderer_Default	Updated traitOverrides: <UITraitCollection: 0x8f96a35c0; >
default	00:37:15.400823-0700	WidgetRenderer_Default	Not push traits update to screen for new style 0, <CHUISWidgetScene: 0x8f946c400> (scene::E086E1C9-8826-45EB-B996-E98FB66A918C::0xc3bc0a300)
default	00:37:15.400830-0700	WidgetRenderer_Default	[Timeline[com.kylebashour.aqi-wtf::com.kylebashour.aqi-wtf.aqi-widget:chart:systemSmall:3286285622356593442:162.00/162.00/27.54:(null)~(null)]-pid:35--E98FB66A918C::0xc3bc0a300)] Will foreground
default	00:37:15.401173-0700	WidgetRenderer_Default	[[com.kylebashour.aqi-wtf::com.kylebashour.aqi-wtf.aqi-widget:chart:systemSmall:3286285622356593442:(null)~(null)]] Evaluated inner view with result: LIVE - view sequence number: 12, reasons: [foreground]
default	00:37:15.401186-0700	WidgetRenderer_Default	Add existing foreground content: scene::E086E1C9-8826-45EB-B996-E98FB66A918C::0xc3bc0a300 26244.000000
default	00:37:15.401209-0700	WidgetRenderer_Default	Foreground scene count: 2 (with content: 2)
default	00:37:15.401351-0700	WidgetRenderer_Default	Added: Widget UI [com.kylebashour.aqi-wtf.aqi-widget:chart] (scene: Timeline[com.kylebashour.aqi-wtf::com.kylebashour.aqi-wtf.aqi-widget:chart:systemSmall:3286285622356593442:162.00/162.00/27.54:(null)~(null)]-pid:35--E98FB66A918C::0xc3bc0a300))
default	00:37:15.401366-0700	WidgetRenderer_Default	[Timeline[com.kylebashour.aqi-wtf::com.kylebashour.aqi-wtf.aqi-widget:chart:systemSmall:3286285622356593442:162.00/162.00/27.54:(null)~(null)]-pid:35--E98FB66A918C::0xc3bc0a300)] Will appear
default	00:37:15.401381-0700	WidgetRenderer_Default	[Timeline[com.kylebashour.aqi-wtf::com.kylebashour.aqi-wtf.aqi-widget:chart:systemSmall:3286285622356593442:162.00/162.00/27.54:(null)~(null)]--E98FB66A918C::0xc3bc0a300)] Task priority did change: foregroundUserInteractive
default	00:37:15.401406-0700	WidgetRenderer_Default	sceneOfRecord: sceneID: scene::E086E1C9-8826-45EB-B996-E98FB66A918C::0xc3bc0a300  persistentID: scene::E086E1C9-8826-45EB-B996-E98FB66A918C::0xc3bc0a300
default	00:37:15.401428-0700	WidgetRenderer_Default	Key window needs update: 1; currentKeyWindowScene: 0x105842690; evaluatedKeyWindowScene: 0x8f946c400; currentApplicationKeyWindow: 0x8f8d1c400; evaluatedApplicationKeyWindow: 0x8f8d1d000; reason: CHUISWidgetScene: 0x8f946c400: Window scene transitioned from UISceneActivationStateBackground to UISceneActivationStateForegroundActive
default	00:37:15.401453-0700	WidgetRenderer_Default	Window did become application key: WidgetRenderer.WidgetWindow: 0x8f8d1d000; contextId: 0x0; scene identity: com.apple.frontboard.systemappservices/com.apple.chrono:scene%3A%3AE086E1C9-8826-45EB-B996-E98FB66A918C%3A%3A0xc3bc0a300
default	00:37:15.401524-0700	WidgetRenderer_Default	Window resigning application key: WidgetRenderer.WidgetWindow: 0x8f8d1c400; contextId: 0x9B0C647E; scene identity: com.apple.frontboard.systemappservices/com.apple.chrono:scene%3A%3AA133932C-59E9-49F1-B248-DA4200B68340%3A%3A0xc3bc09500
default	00:37:15.401560-0700	WidgetRenderer_Default	Reloading input views for key-window scene responder: <(null): 0x0; > force:N
default	00:37:15.401572-0700	WidgetRenderer_Default	[0x8f8e3f2c0] [keyboardFocus] Recreation of event deferring records requested: removing recreation reason: detachedContext; for reason: _UIEventDeferringManager: 0x8f8e3f2c0: recreating keyboardFocus: context attached for window: 0x8f8d1d000; contextID: 0x6693CC2A
default	00:37:15.401665-0700	chronod	[<WidgetRenderSession--9134605727376346852-scene::E086E1C9-8826-45EB-B996-E98FB66A918C::0xc3bc0a300-[com.kylebashour.aqi-wtf::com.kylebashour.aqi-wtf.aqi-widget:chart:systemSmall:3286285622356593442:162.00/162.00/27.54:(null)~(null)]>] Task priority did change: foregroundUserInteractive
default	00:37:15.402046-0700	backboardd	new deferring rules for pid:326: [
    [326-D4]; <keyboardFocus; builtin; …e%3A%3AE086E1C9-8826-45EB-B996-E98FB66A918C%3A%3A0xc3bc0a300>; () -> <token: 0x6693CC2A; pid: 326>; reason: …gin event deferring in keyboardFocus for window: 0x8f8d1d000,
    [326-D3]; <keyboardFocus; builtin; …e%3A%3AA133932C-59E9-49F1-B248-DA4200B68340%3A%3A0xc3bc09500>; () -> <token: 0x9B0C647E; pid: 326>; reason: …gin event deferring in keyboardFocus for window: 0x8f8d1c400
]
default	00:37:15.402065-0700	backboardd	[keyboardFocus 0xb02247110] setRules:forPID(326): [
    [326-D4]; <keyboardFocus; builtin; com.apple.frontboard.systemappservices/com.apple.chrono:scene%3A%3AE086E1C9-8826-45EB-B996-E98FB66A918C%3A%3A0xc3bc0a300>; () -> <token: 0x6693CC2A; pid: 326>; reason: CHUISWidgetScene: 0x8f946c400: Begin event deferring in keyboardFocus for window: 0x8f8d1d000,
    [326-D3]; <keyboardFocus; builtin; com.apple.frontboard.systemappservices/com.apple.chrono:scene%3A%3AA133932C-59E9-49F1-B248-DA4200B68340%3A%3A0xc3bc09500>; () -> <token: 0x9B0C647E; pid: 326>; reason: CHUISWidgetScene: 0x105842690: Begin event deferring in keyboardFocus for window: 0x8f8d1c400
]
default	00:37:15.402081-0700	WidgetRenderer_Default	sceneOfRecord: sceneID: scene::E086E1C9-8826-45EB-B996-E98FB66A918C::0xc3bc0a300  persistentID: scene::E086E1C9-8826-45EB-B996-E98FB66A918C::0xc3bc0a300
default	00:37:15.402208-0700	WidgetRenderer_Default	[Timeline[com.kylebashour.aqi-wtf::com.kylebashour.aqi-wtf.aqi-widget:chart:systemSmall:3286285622356593442:162.00/162.00/27.54:(null)~(null)]-pid:35--E98FB66A918C::0xc3bc0a300)] Widget visibility changed to: <CHUISWidgetVisibilitySettings: 0x8f97a7300; settled: NO; focal: NO; visibleBounds: {{inf, inf}, {0, 0}}>
default	00:37:15.402232-0700	WidgetRenderer_Default	[Timeline[com.kylebashour.aqi-wtf::com.kylebashour.aqi-wtf.aqi-widget:chart:systemSmall:3286285622356593442:162.00/162.00/27.54:(null)~(null)]--E98FB66A918C::0xc3bc0a300)] Effective widget visibility changed to: <WidgetVisibility: isSettled=false, isFocal=false, bounds=(inf, inf, 0.0, 0.0)>
default	00:37:15.402244-0700	WidgetRenderer_Default	[Timeline[com.kylebashour.aqi-wtf::com.kylebashour.aqi-wtf.aqi-widget:chart:systemSmall:3286285622356593442:162.00/162.00/27.54:(null)~(null)]--E98FB66A918C::0xc3bc0a300)] Visibility did change: false
error	00:37:15.402662-0700	backboardd	cycle detected between [35-144] -> [35-3]
default	00:37:15.402743-0700	backboardd	[system 0xb02247250] setRules:forPID(326): []
default	00:37:15.402750-0700	backboardd	[systemKeyCommandOverlay 0xb02246fd0] setRules:forPID(326): []
default	00:37:15.402760-0700	backboardd	[keyboardFocus 0xb022472a0] setRules:forPID(326): [
    [326-D4]; <keyboardFocus; builtin; com.apple.frontboard.systemappservices/com.apple.chrono:scene%3A%3AE086E1C9-8826-45EB-B996-E98FB66A918C%3A%3A0xc3bc0a300>; () -> <token: 0x6693CC2A; pid: 326>; reason: CHUISWidgetScene: 0x8f946c400: Begin event deferring in keyboardFocus for window: 0x8f8d1d000,
    [326-D3]; <keyboardFocus; builtin; com.apple.frontboard.systemappservices/com.apple.chrono:scene%3A%3AA133932C-59E9-49F1-B248-DA4200B68340%3A%3A0xc3bc09500>; () -> <token: 0x9B0C647E; pid: 326>; reason: CHUISWidgetScene: 0x105842690: Begin event deferring in keyboardFocus for window: 0x8f8d1c400
]
default	00:37:15.402817-0700	WidgetRenderer_Default	WidgetURLPreferenceKey has no url
default	00:37:15.402823-0700	WidgetRenderer_Default	[[com.kylebashour.aqi-wtf::com.kylebashour.aqi-wtf.aqi-widget:chart:systemSmall:3286285622356593442:(null)~(null)]] Cached [Live] view assigned.
error	00:37:15.403052-0700	backboardd	cycle detected between [35-144] -> [35-3]
default	00:37:15.403093-0700	WidgetRenderer_Default	[com.apple.chrono:scene::1EF11B85-53DB-4465-965B-179EEB3059D1::0xc3bc08700] Received action(s): CHUISContentConfirmationAction
default	00:37:15.403197-0700	WidgetRenderer_Default	[Timeline[com.apple.weather::com.apple.weather.widget:com.apple.weather:systemSmall:1289529871828302290:162.00/162.00/27.54:(null)~(null)]-pid:35--179EEB3059D1::0xc3bc08700)] Received content confirmation action 0x00000008f9536700): waiting for live scene content
default	00:37:15.403204-0700	SpringBoard	Updating gesture recognizers; _registeredHomeAffordanceInteractions count changed to 0
default	00:37:15.403240-0700	WidgetRenderer_Default	[Timeline[com.apple.weather::com.apple.weather.widget:com.apple.weather:systemSmall:1289529871828302290:162.00/162.00/27.54:(null)~(null)]-pid:35--179EEB3059D1::0xc3bc08700)] Response to content confirmation action 0x00000008f9536700: Error Domain=WidgetRendererErrorDomain Code=1 "Widget was background" UserInfo={NSLocalizedDescription=Widget was background}
default	00:37:15.403408-0700	backboardd	[system 0xb02247340] setRules:forPID(326): []
default	00:37:15.403420-0700	backboardd	[systemKeyCommandOverlay 0xb022472f0] setRules:forPID(326): []
default	00:37:15.403429-0700	SpringBoard	attention client RESET <AWAttentionAwarenessConfiguration: 0xc4005d0e0> (identifier: com.apple.SpringBoard.HomeGrabberView-79 samplingInterval:       0.00000, samplingDelay:       0.00000, sampleWhileAbsent: false, retroactiveTimeoutMode: false, pollingFilter: false, continuousFaceDetectMode: false, activateAttentionDetection: true, activateEyeRelief: false, activateMotionDetection: false, unityStream: false, attentionLostTimeouts:       1.00000 nonSampledAttentionLostTimeoutEnable: false nonSampledAttentionLostTimeout:       0.00000 notificationMask NONE mask Digitizer attentionLostEventMask Digitizer digitizerDisplayUUIDs (null) buttonDisplayUUIDs (null) keyboardDisplayUUIDs (null) tagIndex 0 (nil tag))
error	00:37:15.403441-0700	SpringBoard	attention client com.apple.SpringBoard.HomeGrabberView-79 cannot reset; error:Error Domain=NSPOSIXErrorDomain Code=57 "Socket is not connected" UserInfo={NSLocalizedDescription= Not connected to server}
default	00:37:15.403455-0700	SpringBoard	Removing home override style for Medusa
default	00:37:15.403469-0700	SpringBoard	attention client RESUME <AWAttentionAwarenessConfiguration: 0xc4005d0e0> (identifier: com.apple.SpringBoard.HomeGrabberView-79 samplingInterval:       0.00000, samplingDelay:       0.00000, sampleWhileAbsent: false, retroactiveTimeoutMode: false, pollingFilter: false, continuousFaceDetectMode: false, activateAttentionDetection: true, activateEyeRelief: false, activateMotionDetection: false, unityStream: false, attentionLostTimeouts:       1.00000 nonSampledAttentionLostTimeoutEnable: false nonSampledAttentionLostTimeout:       0.00000 notificationMask NONE mask Digitizer attentionLostEventMask Digitizer digitizerDisplayUUIDs (null) buttonDisplayUUIDs (null) keyboardDisplayUUIDs (null) tagIndex 0 (nil tag))
default	00:37:15.403496-0700	SpringBoard	activating lock scene
default	00:37:15.403595-0700	SpringBoard	Poster scenes un-fenced update for reasons: UpdateForActiveVariant
default	00:37:15.403740-0700	SpringBoard	activating lock scene
default	00:37:15.403774-0700	SpringBoard	Poster scenes un-fenced update for reasons: UpdateForActiveVariant
default	00:37:15.403897-0700	backboardd	  81871.28066: AW SHARED MEM: opening index 8 for client with pid 35
default	00:37:15.403920-0700	backboardd	  81871.28071: reset attention lost timeout for com.apple.SpringBoard.HomeGrabberView-79 at   81871.28068
default	00:37:15.403937-0700	backboardd	  81871.28075: 10 total attention aware service clients
default	00:37:15.403958-0700	backboardd	  81871.28083: <AWScheduler: 0xb02c11920> (identifier: Face detect scheduler) 10 clients
default	00:37:15.403980-0700	SpringBoard	Evaluate: making new window key: <SBHomeScreenWindow: 0xc36e76800>, for reason: Window hidden: <SBMainSwitcherWindow: 0xc36e77800>
default	00:37:15.404004-0700	SpringBoard	SBWindowScene: 0xc33121180: Window became key in scene: SBHomeScreenWindow: 0xc36e76800; contextId: 0xF8E9EBF3: reason: SBWindowScene: 0xc33121180: Window requested to become key in scene: 0xc36e76800
default	00:37:15.404011-0700	SpringBoard	Key window needs update: 1; currentKeyWindowScene: 0xc33121180; evaluatedKeyWindowScene: 0xc33121180; currentApplicationKeyWindow: 0xc36e77800; evaluatedApplicationKeyWindow: 0xc36e76800; reason: SBWindowScene: 0xc33121180: Window requested to become key in scene: 0xc36e76800
default	00:37:15.404020-0700	SpringBoard	Window did become application key: SBHomeScreenWindow: 0xc36e76800; contextId: 0xF8E9EBF3; scene identity: com.apple.frontboard.systemappservices/FBSceneManager:com.apple.springboard
default	00:37:15.404031-0700	SpringBoard	[0xc3329adf0] Beginning and ending local event deferring requested for token: 0xc358c1080; environments: 1; reason: SBWindowScene: 0xc33121180: Begin event deferring in keyboardFocus for window: 0xc36e76800
default	00:37:15.404042-0700	SpringBoard	[0xc3329adf0] Begin local event deferring requested for token: 0xc3ba29da0; environments: 1; reason: SBWindowScene: 0xc33121180: Begin event deferring in keyboardFocus for window: 0xc36e76800
default	00:37:15.404057-0700	SpringBoard	Window resigning application key: SBMainSwitcherWindow: 0xc36e77800; contextId: 0xDFEB0802; scene identity: com.apple.frontboard.systemappservices/FBSceneManager:com.apple.springboard
default	00:37:15.404170-0700	WidgetRenderer_Default	Reply (error: WidgetRendererErrorDomain/1) <CHUISContentConfirmationAction: 0x002305fe>
default	00:37:15.404179-0700	WidgetRenderer_Default	sceneOfRecord: sceneID: scene::E086E1C9-8826-45EB-B996-E98FB66A918C::0xc3bc0a300  persistentID: scene::E086E1C9-8826-45EB-B996-E98FB66A918C::0xc3bc0a300
default	00:37:15.404226-0700	SpringBoard	[com.apple.springboard] coalition says I have focus; enforcing policy: {
    keyboardFocusTarget: <com.apple.frontboard.systemappservices/FBSceneManager:com.apple.springboard pid:35>;
    selectionPolicy: KeyboardArbiter;
    shouldSuppressRemoteDeferring: 0;
}
default	00:37:15.404232-0700	SpringBoard	rules: (keyboardFocus) removing outbound rule -- deferring to SpringBoard
default	00:37:15.404247-0700	SpringBoard	[0xc3329adf0] Remote event deferring rule comparison requested by system shell behavior delegate: <SBKeyboardFocusCoordinator: 0xc32c97300>; reason: SB rule update
default	00:37:15.404269-0700	SpringBoard	[coordinator] new enforced policy: {
    keyboardFocusTarget: <com.apple.frontboard.systemappservices/FBSceneManager:com.apple.springboard pid:35>;
    selectionPolicy: KeyboardArbiter;
    shouldSuppressRemoteDeferring: 0;
}
default	00:37:15.404369-0700	backboardd	  81871.28094: New client: <AWRemoteClient: 0xb033e3600> (identifier: com.apple.SpringBoard.HomeGrabberView-79 samplingInterval:       0.00000 samplingDelay:       0.00000 sampleWhileAbsent: false retroactiveTimeoutMode: false pollingFilter: false continuousFaceDetectMode: false unityStream: false activateEyeRelief: false activateAttentionDetection: false activateMotionDetection: false activatePersonDetection: false attentionLostTimeouts: 1 nonSampledAttentionLostTimeoutEnabled false nonSampledAttentionLostTimeout       0.00000 notificationMask NONE mask AttentionLost|Digitizer attentionLostEventMask AttentionLost|Digitizer digitizerDisplayUUIDs (null) buttonDisplayUUIDs (null) keyboardDisplayUUIDs (null) tagIndex 0)
default	00:37:15.404428-0700	SpringBoard	Reloading input views for key-window scene responder: <SBHomeScreenViewController: 0xc31a08000; > force:N
default	00:37:15.404510-0700	SpringBoard	_reloadInputViewsForKeyWindowSceneResponder: 1 force: 0, fromBecomeFirstResponder: 1 (automaticKeyboard: 1, reloadIdentifier: E646F2EF-E810-4287-A4E6-4CC2F1900B9F)
error	00:37:15.404548-0700	SpringBoard	Advisor: No handle found for currently focused PID: 11174; sceneIdentity: com.apple.frontboard.systemappservices/FBSceneManager:sceneID%3Acom.groundeffectsoftware.AnxietyWatch-18DE83D8-1846-45B8-876C-4C1CE7F6CEF0
default	00:37:15.404556-0700	SpringBoard	set currentFocus PID:35 sceneIdentity:com.apple.springboard
default	00:37:15.404570-0700	SpringBoard	_inputViewsForResponder: <SBHomeScreenViewController: 0xc31a08000; >, automaticKeyboard: 1, force: 0
default	00:37:15.404584-0700	SpringBoard	_inputViewsForResponder, found custom inputView: <(null): 0x0>, customInputViewController: <(null): 0x0>
default	00:37:15.404596-0700	SpringBoard	_inputViewsForResponder, found inputAccessoryView: <(null): 0x0>
default	00:37:15.404620-0700	SpringBoard	_inputViewsForResponder, responderRequiresKeyboard 0 (automaticKeyboardEnabled: 1, activeInstance: <UIKeyboardAutomatic: 0xc36f72300; frame = {{0, 0}, {0, 0}}; alpha = 1.000000; isHidden = 0; tAMIC = 0>, self.isOnScreen: 0, requiresKBWhenFirstResponder: 0)
default	00:37:15.404629-0700	SpringBoard	_inputViewsForResponder, useKeyboard 0 (allowsSystemInputView: 1, !inputView <(null): 0x0>, responderRequiresKeyboard 0)
default	00:37:15.404637-0700	SpringBoard	_inputViewsForResponder, configuring _responderWithoutAutomaticAppearanceEnabled: <(null): 0x0> (_automaticAppearEnabled: 1)
default	00:37:15.404644-0700	SpringBoard	_inputViewsForResponder, needsIVPlaceholder: 0, needsIAVPlaceholder: 0, needsInputSetWithPlaceholder: 0
default	00:37:15.404649-0700	SpringBoard	_inputViewsForResponder returning: <<UIInputViewSet: 0xc35268480>; (empty)>
default	00:37:15.404656-0700	SpringBoard	currently observing: YES
default	00:37:15.404778-0700	SpringBoard	currently observing: NO
default	00:37:15.404786-0700	kernel	[83201.492408]: vm: segments queued for swapout: 0 regular, 243 freezer, 0 donate, 0 ripe, 0 darwkwake, 243 tota
default	00:37:15.404792-0700	kernel	ANE0: aneFirmwareCommandSend: Skip waiting for response
default	00:37:15.404797-0700	kernel	ANE0: aneFirmwareCommandSend: Skip waiting for response
error	00:37:15.404824-0700	SpringBoard	-[RTIInputSystemClient remoteTextInputSessionWithID:performInputOperation:]  perform input operation requires a valid sessionID. inputModality = Keyboard, inputOperation = <null selector>, customInfoType = UIEmojiSearchOperations
default	00:37:15.404844-0700	SpringBoard	endPlacementForInputViewSet: <<UIInputViewSet: 0xc35268480>; (empty)> windowScene: <SBWindowScene: 0xc33121180; scene: "<FBSScene: 0xc333061c0; identifier: com.apple.springboard>"; persistentIdentifier: com.apple.springboard>
default	00:37:15.404953-0700	WidgetRenderer_Default	sceneOfRecord: sceneID: scene::E086E1C9-8826-45EB-B996-E98FB66A918C::0xc3bc0a300  persistentID: scene::E086E1C9-8826-45EB-B996-E98FB66A918C::0xc3bc0a300
default	00:37:15.405009-0700	WidgetRenderer_Default	[Timeline[com.apple.weather::com.apple.weather.widget:com.apple.weather:systemSmall:1289529871828302290:162.00/162.00/27.54:(null)~(null)]-pid:35--179EEB3059D1::0xc3bc08700)] Widget animations paused changed to: false
default	00:37:15.405025-0700	SpringBoard	-[_UIRemoteKeyboards prepareToMoveKeyboard:withIAV:isIAVRelevant:showing:notifyRemote:forScene:] position: {{0, 0}, {0, 0}} visible: 0; notifyRemote: 1; isMinimized: NO
default	00:37:15.405100-0700	WidgetRenderer_Default	Updated traitOverrides: <UITraitCollection: 0x8f968be80; >
default	00:37:15.405134-0700	WidgetRenderer_Default	Not push traits update to screen for new style 0, <CHUISWidgetScene: 0x8f946d800> (scene::1EF11B85-53DB-4465-965B-179EEB3059D1::0xc3bc08700)
default	00:37:15.405155-0700	SpringBoard	Show keyboard with visual mode windowed (0)
default	00:37:15.405163-0700	SpringBoard	Setting tracking element input views: <<UIInputViewSet: 0xc35281740>; (empty)>
default	00:37:15.405186-0700	WidgetRenderer_Default	[Timeline[com.apple.weather::com.apple.weather.widget:com.apple.weather:systemSmall:1289529871828302290:162.00/162.00/27.54:(null)~(null)]-pid:35--179EEB3059D1::0xc3bc08700)] Will foreground
default	00:37:15.405199-0700	backboardd	new deferring rules for pid:35: [
    [35-146]; <keyboardFocus; builtin; …board.systemappservices/FBSceneManager:com.apple.springboard>; () -> <token: 0xF8E9EBF3; pid: 35>; reason: …gin event deferring in keyboardFocus for window: 0xc36e76800,
    [35-2]; <system; builtin; SBMainSystemGestures>; () -> <token: 0x49AE3F00; pid: 35>; reason: systemGestureSymbol-Main,
    [35-1]; <system; builtin>; () -> <token: 0x49AE3F00; pid: 35>; reason: systemGestures-Main,
    [35-145]; <keyboardFocus; …board.systemappservices/FBSceneManager:com.apple.springboard>; () -> <token: …ctsoftware.AnxietyWatch-18DE83D8-1846-45B8-876C-4C1CE7F6CEF0; pid: 11174>; reason: SpringBoard<com.apple.springboard>: enforcing outbound,
    [35-4]; <keyboardFocus; SBKeyboardFocus>; () -> <token: …board.systemappservices/FBSceneManager:com.apple.springboard; pid: 35>; reason: SB incoming to root scene (symbol),
    [35-5]; <systemKeyCommandOverlay>; () -> <token: 0x79DE628A; pid: 35>; reason: systemKeyCommandOverlayEnvironment to root scene,
    [35-3]
default	00:37:15.405221-0700	backboardd	[systemKeyCommandOverlay 0xb02246fd0] setRules:forPID(35): [[35-5]; <systemKeyCommandOverlay>; () -> <token: 0x79DE628A; pid: 35>; reason: systemKeyCommandOverlayEnvironment to root scene]
default	00:37:15.405239-0700	backboardd	[keyboardFocus 0xb02247110] setRules:forPID(35): [
    [35-146]; <keyboardFocus; builtin; com.apple.frontboard.systemappservices/FBSceneManager:com.apple.springboard>; () -> <token: 0xF8E9EBF3; pid: 35>; reason: SBWindowScene: 0xc33121180: Begin event deferring in keyboardFocus for window: 0xc36e76800,
    [35-145]; <keyboardFocus; com.apple.frontboard.systemappservices/FBSceneManager:com.apple.springboard>; () -> <token: com.apple.frontboard.systemappservices/FBSceneManager:sceneID%3Acom.groundeffectsoftware.AnxietyWatch-18DE83D8-1846-45B8-876C-4C1CE7F6CEF0; pid: 11174>; reason: SpringBoard<com.apple.springboard>: enforcing outbound,
    [35-4]; <keyboardFocus; SBKeyboardFocus>; () -> <token: com.apple.frontboard.systemappservices/FBSceneManager:com.apple.springboard; pid: 35>; reason: SB incoming to root scene (symbol),
    [35-3]; <keyboardFocus>; () -> <token: com.apple.frontboard.systemappservices/FBSceneManager:com.apple.springboard; pid: 35>; reason: SB incoming to root scene
]
default	00:37:15.405262-0700	SpringBoard	endPlacementForInputViewSet: <<UIInputViewSet: 0xc35281740>; (empty)> windowScene: <SBWindowScene: 0xc33121180; scene: "<FBSScene: 0xc333061c0; identifier: com.apple.springboard>"; persistentIdentifier: com.apple.springboard>
default	00:37:15.405294-0700	SpringBoard	Moving from placement: <UIInputViewSetPlacementOffScreenDown> to placement: <UIInputViewSetPlacementOffScreenDown> (currentPlacement: <UIInputViewSetPlacementOffScreenDown>)
default	00:37:15.405303-0700	kernel	ANE0: aneFirmwareCommandSend: Skip waiting for response
default	00:37:15.405316-0700	SpringBoard	Change from input view set: <<UIInputViewSet: 0xc38aa4540>; (empty)>
default	00:37:15.405322-0700	SpringBoard	Change to input view set: <<UIInputViewSet: 0xc35281740>; (empty)>
default	00:37:15.405392-0700	SpringBoard	endPlacementForInputViewSet: <<UIInputViewSet: 0xc35281740>; (empty)> windowScene: <SBWindowScene: 0xc33121180; scene: "<FBSScene: 0xc333061c0; identifier: com.apple.springboard>"; persistentIdentifier: com.apple.springboard>
default	00:37:15.405488-0700	SpringBoard	updatePlacementWithPlacement: <UIInputViewSetPlacementOffScreenDown>
default	00:37:15.405507-0700	WidgetRenderer_Default	[[com.apple.weather::com.apple.weather.widget:com.apple.weather:systemSmall:1289529871828302290:(null)~(null)]] Evaluated inner view with result: LIVE - view sequence number: 13, reasons: [foreground]
default	00:37:15.405550-0700	WidgetRenderer_Default	Add existing foreground content: scene::1EF11B85-53DB-4465-965B-179EEB3059D1::0xc3bc08700 26244.000000
default	00:37:15.405566-0700	WidgetRenderer_Default	Foreground scene count: 3 (with content: 3)
default	00:37:15.405576-0700	WidgetRenderer_Default	Added: Widget UI [com.apple.weather.widget:com.apple.weather] (scene: Timeline[com.apple.weather::com.apple.weather.widget:com.apple.weather:systemSmall:1289529871828302290:162.00/162.00/27.54:(null)~(null)]-pid:35--179EEB3059D1::0xc3bc08700))
default	00:37:15.405606-0700	WidgetRenderer_Default	[Timeline[com.apple.weather::com.apple.weather.widget:com.apple.weather:systemSmall:1289529871828302290:162.00/162.00/27.54:(null)~(null)]-pid:35--179EEB3059D1::0xc3bc08700)] Will appear
default	00:37:15.405625-0700	WidgetRenderer_Default	[Timeline[com.apple.weather::com.apple.weather.widget:com.apple.weather:systemSmall:1289529871828302290:162.00/162.00/27.54:(null)~(null)]--179EEB3059D1::0xc3bc08700)] Task priority did change: foregroundUserInteractive
default	00:37:15.405647-0700	WidgetRenderer_Default	sceneOfRecord: sceneID: scene::1EF11B85-53DB-4465-965B-179EEB3059D1::0xc3bc08700  persistentID: scene::1EF11B85-53DB-4465-965B-179EEB3059D1::0xc3bc08700
default	00:37:15.405670-0700	WidgetRenderer_Default	Key window needs update: 1; currentKeyWindowScene: 0x8f946c400; evaluatedKeyWindowScene: 0x8f946d800; currentApplicationKeyWindow: 0x8f8d1d000; evaluatedApplicationKeyWindow: 0x8f8d1d800; reason: CHUISWidgetScene: 0x8f946d800: Window scene transitioned from UISceneActivationStateBackground to UISceneActivationStateForegroundActive
default	00:37:15.405678-0700	WidgetRenderer_Default	Window did become application key: WidgetRenderer.WidgetWindow: 0x8f8d1d800; contextId: 0x0; scene identity: com.apple.frontboard.systemappservices/com.apple.chrono:scene%3A%3A1EF11B85-53DB-4465-965B-179EEB3059D1%3A%3A0xc3bc08700
default	00:37:15.405684-0700	WidgetRenderer_Default	Window resigning application key: WidgetRenderer.WidgetWindow: 0x8f8d1d000; contextId: 0x6693CC2A; scene identity: com.apple.frontboard.systemappservices/com.apple.chrono:scene%3A%3AE086E1C9-8826-45EB-B996-E98FB66A918C%3A%3A0xc3bc0a300
default	00:37:15.405805-0700	WidgetRenderer_Default	Reloading input views for key-window scene responder: <(null): 0x0; > force:N
default	00:37:15.405868-0700	WidgetRenderer_Default	[0x8f8e3e840] [keyboardFocus] Recreation of event deferring records requested: removing recreation reason: detachedContext; for reason: _UIEventDeferringManager: 0x8f8e3e840: recreating keyboardFocus: context attached for window: 0x8f8d1d800; contextID: 0x8C8226D1
default	00:37:15.405951-0700	WidgetRenderer_Default	sceneOfRecord: sceneID: scene::1EF11B85-53DB-4465-965B-179EEB3059D1::0xc3bc08700  persistentID: scene::1EF11B85-53DB-4465-965B-179EEB3059D1::0xc3bc08700
default	00:37:15.405972-0700	WidgetRenderer_Default	[Timeline[com.apple.weather::com.apple.weather.widget:com.apple.weather:systemSmall:1289529871828302290:162.00/162.00/27.54:(null)~(null)]-pid:35--179EEB3059D1::0xc3bc08700)] Widget visibility changed to: <CHUISWidgetVisibilitySettings: 0x8f918a460; settled: YES; focal: NO; visibleBounds: {{inf, inf}, {0, 0}}>
default	00:37:15.405978-0700	WidgetRenderer_Default	[Timeline[com.apple.weather::com.apple.weather.widget:com.apple.weather:systemSmall:1289529871828302290:162.00/162.00/27.54:(null)~(null)]--179EEB3059D1::0xc3bc08700)] Effective widget visibility changed to: <WidgetVisibility: isSettled=true, isFocal=false, bounds=(inf, inf, 0.0, 0.0)>
default	00:37:15.405999-0700	WidgetRenderer_Default	[Timeline[com.apple.weather::com.apple.weather.widget:com.apple.weather:systemSmall:1289529871828302290:162.00/162.00/27.54:(null)~(null)]--179EEB3059D1::0xc3bc08700)] Visibility did change: true
default	00:37:15.406044-0700	SpringBoard	Destroying shadow path display link
default	00:37:15.406080-0700	WidgetRenderer_Default	[Timeline[com.apple.weather::com.apple.weather.widget:com.apple.weather:systemSmall:1289529871828302290:162.00/162.00/27.54:(null)~(null)]--179EEB3059D1::0xc3bc08700)] Scheduling staleness check in 2770.637722s: roughly 2026-07-19T01:23:21-07:00
default	00:37:15.406095-0700	SpringBoard	[ShouldAutoPiP] For request(0xc3fe98f00): NO
default	00:37:15.406116-0700	SpringBoard	[0xc3323a280:com.apple.chrono:scene::E086E1C9-8826-45EB-B996-E98FB66A918C::0xc3bc0a300] Scene action [Forward Event][0xc1a3] completed with success: 1
default	00:37:15.406212-0700	SpringBoard	<StateMachine:0xc3020f980> Hosting window did change to (null).
default	00:37:15.406256-0700	SpringBoard	<StateMachine:0xc3020f980> Hosting environment did change to <0x0:(null)>.
default	00:37:15.406269-0700	SpringBoard	<ForwardingPresentationScene:0xc3168e580> Prioritized presenter: (null).
default	00:37:15.406323-0700	SpringBoard	Scene handle active appearance assertion was invalidated: <SBSceneHandleActiveAppearanceAssertion: 0xc2f015480; switcher style update; identifier: SBSceneHandleActiveAppearanceAssertion; state: invalidated; activeAppearance: active; priority: 1>
default	00:37:15.406331-0700	SpringBoard	<SBFullScreenSwitcherLiveContentOverlayCoordinator: 0xc37cf5880> Removing SwitcherScene overlay for: <SBAppLayout: 0xc3e536d00; primary: com.groundeffectsoftware.AnxietyWatch:4C1CE7F6CEF0; environment: main>, animated: NO
default	00:37:15.406426-0700	SpringBoard	[0xc3323a280:com.apple.chrono:scene::E086E1C9-8826-45EB-B996-E98FB66A918C::0xc3bc0a300] Scene action [Logical Activate][0xa457] completed with success: 1
default	00:37:15.406471-0700	SpringBoard	Added: <UIApplicationSceneDeactivationAssertion: 0xc301f69d0; reason: appSwitcher; all scene levels; hasPredicate: YES>
error	00:37:15.406493-0700	SpringBoard	Unable to retrieve any SBDeviceApplicationSceneEntity-s from the provided SBDeviceApplicationSceneHandle-s: {(
)}
error	00:37:15.406523-0700	SpringBoard	Error while attempting to disconnect scene: Error Domain=SBWorkspaceErrorDomain Code=1 UserInfo={NSDebugDescription=<private>}
default	00:37:15.406531-0700	SpringBoard	SBWorkspaceDestroyApplicationEntity: <SBDeviceApplicationSceneEntity: 0xc2f5c1180; ID: sceneID:com.groundeffectsoftware.AnxietyWatch-18DE83D8-1846-45B8-876C-4C1CE7F6CEF0; layoutRole: undefined> {
    supportedRoles = primary;
    layoutAttributes = none;
}
error	00:37:15.406598-0700	backboardd	cycle detected between [35-146] -> [35-3]
default	00:37:15.406631-0700	backboardd	[system 0xb02247250] setRules:forPID(35): [
    [35-2]; <system; builtin; SBMainSystemGestures>; () -> <token: 0x49AE3F00; pid: 35>; reason: systemGestureSymbol-Main,
    [35-1]; <system; builtin>; () -> <token: 0x49AE3F00; pid: 35>; reason: systemGestures-Main
]
default	00:37:15.406651-0700	backboardd	[keyboardFocus 0xb022472a0] setRules:forPID(35): [
    [35-146]; <keyboardFocus; builtin; com.apple.frontboard.systemappservices/FBSceneManager:com.apple.springboard>; () -> <token: 0xF8E9EBF3; pid: 35>; reason: SBWindowScene: 0xc33121180: Begin event deferring in keyboardFocus for window: 0xc36e76800,
    [35-145]; <keyboardFocus; com.apple.frontboard.systemappservices/FBSceneManager:com.apple.springboard>; () -> <token: com.apple.frontboard.systemappservices/FBSceneManager:sceneID%3Acom.groundeffectsoftware.AnxietyWatch-18DE83D8-1846-45B8-876C-4C1CE7F6CEF0; pid: 11174>; reason: SpringBoard<com.apple.springboard>: enforcing outbound,
    [35-4]; <keyboardFocus; SBKeyboardFocus>; () -> <token: com.apple.frontboard.systemappservices/FBSceneManager:com.apple.springboard; pid: 35>; reason: SB incoming to root scene (symbol),
    [35-3]; <keyboardFocus>; () -> <token: com.apple.frontboard.systemappservices/FBSceneManager:com.apple.springboard; pid: 35>; reason: SB incoming to root scene
]
default	00:37:15.406752-0700	SpringBoard	SBWorkspaceNoteApplicationEntityWasRemovedFromAppSwitcher: <SBDeviceApplicationSceneEntity: 0xc2f5c1180; ID: sceneID:com.groundeffectsoftware.AnxietyWatch-18DE83D8-1846-45B8-876C-4C1CE7F6CEF0; layoutRole: undefined> {
    supportedRoles = primary;
    layoutAttributes = none;
}
default	00:37:15.406788-0700	SpringBoard	-[PGPictureInPictureController cancelPictureInPictureForApplication:sceneSessionPersistentIdentifier:] (null) 18DE83D8-1846-45B8-876C-4C1CE7F6CEF0
default	00:37:15.406800-0700	SpringBoard	Removed: <UIApplicationSceneDeactivationAssertion: 0xc301f69d0; reason: appSwitcher; all scene levels; hasPredicate: NO>
default	00:37:15.406836-0700	backboardd	new scene host settings: contextID:96ADA8F4 <(null)> foreground -> unspecified
default	00:37:15.406869-0700	chronod	[<WidgetRenderSession-2564924842993383966-scene::1EF11B85-53DB-4465-965B-179EEB3059D1::0xc3bc08700-[com.apple.weather::com.apple.weather.widget:com.apple.weather:systemSmall:1289529871828302290:162.00/162.00/27.54:(null)~(null)]>] Task priority did change: foregroundUserInteractive
default	00:37:15.406903-0700	chronod	[<WidgetRenderSession-2564924842993383966-scene::1EF11B85-53DB-4465-965B-179EEB3059D1::0xc3bc08700-[com.apple.weather::com.apple.weather.widget:com.apple.weather:systemSmall:1289529871828302290:162.00/162.00/27.54:(null)~(null)]>] Visibility did change: true
default	00:37:15.406934-0700	chronod	[ext:com.apple.weather::com.apple.weather.widget] resetting grace period
default	00:37:15.407072-0700	backboardd	  81871.28701: reset attention lost timeout for com.apple.springboard.GlobalBacklightIdleTimer at   81871.28700
default	00:37:15.407084-0700	SpringBoard	HangTracerMonitor:checkHangForPid(pid=0) is not present in pidHangEventDict
default	00:37:15.407094-0700	backboardd	  81871.28702: updated config <AWRemoteClient: 0xb03ce8e00> (identifier: com.apple.springboard.GlobalBacklightIdleTimer samplingInterval:       4.00000 samplingDelay:     118.00000 sampleWhileAbsent: false retroactiveTimeoutMode: false pollingFilter: false continuousFaceDetectMode: false unityStream: false activateEyeRelief: false activateAttentionDetection: true activateMotionDetection: false activatePersonDetection: false attentionLostTimeouts: 130, 132, 150 nonSampledAttentionLostTimeoutEnabled true nonSampledAttentionLostTimeout       0.00000 notificationMask NONE mask AttentionLost|Button|Keyboard|Digitizer|Pointer|GameController|FaceDetect|MesaTouch|GenericGesture attentionLostEventMask AttentionLost|Button|Keyboard|Digitizer|Pointer|GameController|MesaTouch|GenericGesture digitizerDisplayUUIDs (null) buttonDisplayUUIDs (null) keyboardDisplayUUIDs (null) tagIndex 1130)
default	00:37:15.407109-0700	SpringBoard	Front display did change: (null)
default	00:37:15.407116-0700	backboardd	new scene host settings: contextID:EF8C27DB <(null)> foreground -> unspecified
error	00:37:15.407123-0700	backboardd	cycle detected between [35-146] -> [35-3]
default	00:37:15.407129-0700	SpringBoard	0xc3279d840 reconfigured attention timeouts:[
    1; 130.00,
    2; 132.00,
    3; 150.00
]
default	00:37:15.407156-0700	SpringBoard	<0xc32736940> - reconfigure attention client with configuration:<AWAttentionAwarenessConfiguration: 0xc4005f020> (identifier: com.apple.springboard.GlobalBacklightIdleTimer samplingInterval:       4.00000, samplingDelay:     118.00000, sampleWhileAbsent: false, retroactiveTimeoutMode: false, pollingFilter: false, continuousFaceDetectMode: false, activateAttentionDetection: true, activateEyeRelief: false, activateMotionDetection: false, unityStream: false, attentionLostTimeouts:     132.00000,     130.00000,     150.00000 nonSampledAttentionLostTimeoutEnable: true nonSampledAttentionLostTimeout:    3600.00000 notificationMask NONE mask Button|Keyboard|Digitizer|Pointer|GameController|FaceDetect|MesaTouch|GenericGesture attentionLostEventMask Button|Keyboard|Digitizer|Pointer|GameController|MesaTouch|GenericGesture digitizerDisplayUUIDs (null) buttonDisplayUUIDs (null) keyboardDisplayUUIDs (null) tagIndex 1130)
default	00:37:15.407171-0700	SpringBoard	<SBBacklightIdleTimer: 0xc3279d840> sending idleTimerDidRefresh: to <SBIdleTimerPolicyAggregator: 0xc327282c0>
default	00:37:15.407183-0700	SpringBoard	<SBBacklightIdleTimer: 0xc3279d840> sending idleTimerDidRefresh: to <SBIdleTimerProxy: 0xc32ac5e80>
default	00:37:15.407191-0700	SpringBoard	<SBIdleTimerProxy: 0xc32ac5e80> sending idleTimerDidRefresh: to <SBIdleTimerGlobalCoordinator: 0xc33b17d80>
default	00:37:15.407197-0700	SpringBoard	<SBIdleTimerProxy: 0xc32ac5e80> sending idleTimerDidRefresh: to <SBIdleTimerProxy: 0xc32b985a0>
default	00:37:15.407217-0700	SpringBoard	<SBIdleTimerProxy: 0xc32b985a0> sending idleTimerDidRefresh: to <SBIdleTimerProxy: 0xc329b4040>
default	00:37:15.407222-0700	SpringBoard	<SBIdleTimerProxy: 0xc329b4040> sending idleTimerDidRefresh: to <SBIdleTimerProxy: 0xc329b4180>
default	00:37:15.407229-0700	SpringBoard	<SBIdleTimerProxy: 0xc329b4180> sending idleTimerDidRefresh: to <SBDashBoardIdleTimerProvider: 0xc325a7240>
default	00:37:15.407269-0700	WidgetRenderer_Default	WidgetURLPreferenceKey has no url
default	00:37:15.407295-0700	SpringBoard	<SBIdleTimerProxy: 0xc32b985a0> sending idleTimerDidRefresh: to <SBIdleTimerProxy: 0xc329b4120>
default	00:37:15.407319-0700	SpringBoard	<SBIdleTimerProxy: 0xc329b4120> no observers for idleTimerDidRefresh:
default	00:37:15.407325-0700	WidgetRenderer_Default	[[com.apple.weather::com.apple.weather.widget:com.apple.weather:systemSmall:1289529871828302290:(null)~(null)]] Cached [Live] view assigned.
default	00:37:15.407334-0700	backboardd	[systemKeyCommandOverlay 0xb022472f0] setRules:forPID(35): [[35-5]; <systemKeyCommandOverlay>; () -> <token: 0x79DE628A; pid: 35>; reason: systemKeyCommandOverlayEnvironment to root scene]
default	00:37:15.407402-0700	backboardd	[system 0xb02247340] setRules:forPID(35): [
    [35-2]; <system; builtin; SBMainSystemGestures>; () -> <token: 0x49AE3F00; pid: 35>; reason: systemGestureSymbol-Main,
    [35-1]; <system; builtin>; () -> <token: 0x49AE3F00; pid: 35>; reason: systemGestures-Main
]
default	00:37:15.407417-0700	SpringBoard	<SBIdleTimerProxy: 0xc32b985a0> sending idleTimerDidRefresh: to <SBIdleTimerProxy: 0xc30c66260>
default	00:37:15.407486-0700	chronod	{"msg":"CLAssertion", "event":"activity", "_cmd":"initWithRegistrationMessageName:messageDictionary:", "self":"0xd098d4c00", "name":"InUseAssertion\/kCLConnectionMessage"}
default	00:37:15.407497-0700	SpringBoard	<SBIdleTimerProxy: 0xc30c66260> no observers for idleTimerDidRefresh:
default	00:37:15.407514-0700	SpringBoard	<SBIdleTimerProxy: 0xc32b985a0> sending idleTimerDidRefresh: to <SBIdleTimerProxy: 0xc3188bf80>
default	00:37:15.407562-0700	WidgetRenderer_Default	sceneOfRecord: sceneID: scene::1EF11B85-53DB-4465-965B-179EEB3059D1::0xc3bc08700  persistentID: scene::1EF11B85-53DB-4465-965B-179EEB3059D1::0xc3bc08700
default	00:37:15.407577-0700	SpringBoard	<SBIdleTimerProxy: 0xc3188bf80> sending idleTimerDidRefresh: to <SBIdleTimerProxy: 0xc3188ab60>
default	00:37:15.407613-0700	chronod	{"msg":"Requesting new assertion", "messageDictionary":"{\n    kCLConnectionMessageAssertionLevelKey = 2;\n    kCLConnectionMessageBundleIdentifierKey = \"com.apple.weather.widget\";\n    kCLConnectionMessageBundlePathKey = \"\";\n    kCLConnectionMessagePurposeKey = \"Recently on-screen\";\n}"}
default	00:37:15.407624-0700	SpringBoard	<SBIdleTimerProxy: 0xc3188ab60> no observers for idleTimerDidRefresh:
default	00:37:15.407660-0700	SpringBoard	Begin requiring home screen content for reason 'SBUIHomeScreenActiveContentRequirementReason'
default	00:37:15.407695-0700	WidgetRenderer_Default	[Timeline[com.kylebashour.aqi-wtf::com.kylebashour.aqi-wtf.aqi-widget:chart:systemSmall:-8776424947409478526:162.00/162.00/27.54:(null)~(null)]-pid:35--DA4200B68340::0xc3bc09500)] Widget visibility changed to: <CHUISWidgetVisibilitySettings: 0x8f918bf90; settled: YES; focal: NO; visibleBounds: {{inf, inf}, {0, 0}}>
default	00:37:15.407738-0700	WidgetRenderer_Default	[Timeline[com.kylebashour.aqi-wtf::com.kylebashour.aqi-wtf.aqi-widget:chart:systemSmall:-8776424947409478526:162.00/162.00/27.54:(null)~(null)]--DA4200B68340::0xc3bc09500)] Effective widget visibility changed to: <WidgetVisibility: isSettled=true, isFocal=false, bounds=(inf, inf, 0.0, 0.0)>
default	00:37:15.407757-0700	WidgetRenderer_Default	[Timeline[com.kylebashour.aqi-wtf::com.kylebashour.aqi-wtf.aqi-widget:chart:systemSmall:-8776424947409478526:162.00/162.00/27.54:(null)~(null)]--DA4200B68340::0xc3bc09500)] Visibility did change: true
default	00:37:15.407774-0700	WidgetRenderer_Default	[Timeline[com.kylebashour.aqi-wtf::com.kylebashour.aqi-wtf.aqi-widget:chart:systemSmall:-8776424947409478526:162.00/162.00/27.54:(null)~(null)]--DA4200B68340::0xc3bc09500)] Scheduling staleness check in 284.687320s: roughly 2026-07-19T00:41:55-07:00
default	00:37:15.407915-0700	WidgetRenderer_Default	sceneOfRecord: sceneID: scene::1EF11B85-53DB-4465-965B-179EEB3059D1::0xc3bc08700  persistentID: scene::1EF11B85-53DB-4465-965B-179EEB3059D1::0xc3bc08700
default	00:37:15.408036-0700	chronod	[ext:com.apple.weather::com.apple.weather.widget] refreshing underlying visibility assertion
default	00:37:15.408246-0700	chronod	{"msg":"CLAssertion", "event":"activity", "_cmd":"invalidate", "self":"0xd098d4a00"}
default	00:37:15.408441-0700	chronod	{"msg":"Sending cached messages to daemon", "event":"activity"}
default	00:37:15.408520-0700	chronod	[0xd081ade00] invalidated because the current process cancelled the connection by calling xpc_connection_cancel()
default	00:37:15.408637-0700	locationd	[0xabd453300] activating connection: mach=false listener=false peer=true name=com.apple.locationd.registration.peer[120].0xabd453300
default	00:37:15.408658-0700	chronod	[0xd081adcc0] activating connection: mach=true listener=false peer=false name=com.apple.locationd.registration
default	00:37:15.408663-0700	locationd	[0xabd450900] invalidated because the client process (pid 120) either cancelled the connection or exited
default	00:37:15.408776-0700	backboardd	new deferring rules for pid:35: [
    [35-146]; <keyboardFocus; builtin; …board.systemappservices/FBSceneManager:com.apple.springboard>; () -> <token: 0xF8E9EBF3; pid: 35>; reason: …gin event deferring in keyboardFocus for window: 0xc36e76800,
    [35-2]; <system; builtin; SBMainSystemGestures>; () -> <token: 0x49AE3F00; pid: 35>; reason: systemGestureSymbol-Main,
    [35-1]; <system; builtin>; () -> <token: 0x49AE3F00; pid: 35>; reason: systemGestures-Main,
    [35-4]; <keyboardFocus; SBKeyboardFocus>; () -> <token: …board.systemappservices/FBSceneManager:com.apple.springboard; pid: 35>; reason: SB incoming to root scene (symbol),
    [35-5]; <systemKeyCommandOverlay>; () -> <token: 0x79DE628A; pid: 35>; reason: systemKeyCommandOverlayEnvironment to root scene,
    [35-3]; <keyboardFocus>; () -> <token: …board.systemappservices/FBSceneManager:com.apple.springboard; pid: 35>; reason: SB incoming to root scene
]
default	00:37:15.408786-0700	locationd	#Warning Location connection invalid!
default	00:37:15.408859-0700	backboardd	[systemKeyCommandOverlay 0xb02246fd0] setRules:forPID(35): [[35-5]; <systemKeyCommandOverlay>; () -> <token: 0x79DE628A; pid: 35>; reason: systemKeyCommandOverlayEnvironment to root scene]
default	00:37:15.408865-0700	SpringBoard	Application process state changed for com.apple.chrono.WidgetRenderer-Default: <SBApplicationProcessState: 0xc31103360; pid: 326; taskState: Running; visibility: Background>
default	00:37:15.408874-0700	backboardd	[keyboardFocus 0xb02247110] setRules:forPID(35): [
    [35-146]; <keyboardFocus; builtin; com.apple.frontboard.systemappservices/FBSceneManager:com.apple.springboard>; () -> <token: 0xF8E9EBF3; pid: 35>; reason: SBWindowScene: 0xc33121180: Begin event deferring in keyboardFocus for window: 0xc36e76800,
    [35-4]; <keyboardFocus; SBKeyboardFocus>; () -> <token: com.apple.frontboard.systemappservices/FBSceneManager:com.apple.springboard; pid: 35>; reason: SB incoming to root scene (symbol),
    [35-3]; <keyboardFocus>; () -> <token: com.apple.frontboard.systemappservices/FBSceneManager:com.apple.springboard; pid: 35>; reason: SB incoming to root scene
]
default	00:37:15.408917-0700	chronod	{"msg":"CLAssertion", "event":"activity", "_cmd":"dealloc", "self":"0xd098d4a00"}
default	00:37:15.408935-0700	SpringBoard	[0xc3bc09500-Timeline[com.kylebashour.aqi-wtf::com.kylebashour.aqi-wtf.aqi-widget:chart:systemSmall:-8776424947409478526:162.00/162.00/27.54:(null)~(null)]] Updating touch delivery policies for layers: {(
)}
default	00:37:15.408957-0700	SpringBoard	TDPS client policy assertion invalidating <xpc_object:0xc31eada40>
default	00:37:15.408970-0700	SpringBoard	[0xc31eada40] invalidated after the last release of the connection object
default	00:37:15.408977-0700	SpringBoard	[0xc3bc09500-Timeline[com.kylebashour.aqi-wtf::com.kylebashour.aqi-wtf.aqi-widget:chart:systemSmall:-8776424947409478526:162.00/162.00/27.54:(null)~(null)]] Invalidating assertion <BKSTouchDeliveryPolicyAssertion: 0xc316578f0> for context id 1788424972
default	00:37:15.408994-0700	backboardd	[system 0xb02247250] setRules:forPID(35): [
    [35-2]; <system; builtin; SBMainSystemGestures>; () -> <token: 0x49AE3F00; pid: 35>; reason: systemGestureSymbol-Main,
    [35-1]; <system; builtin>; () -> <token: 0x49AE3F00; pid: 35>; reason: systemGestures-Main
]
default	00:37:15.409009-0700	locationd	{"msg":"CLConnection::handleDisconnection", "event":"activity"}
default	00:37:15.409018-0700	SpringBoard	[0xc3bc09500-Timeline[com.kylebashour.aqi-wtf::com.kylebashour.aqi-wtf.aqi-widget:chart:systemSmall:-8776424947409478526:162.00/162.00/27.54:(null)~(null)]] Clearing any touch delivery policies
default	00:37:15.409025-0700	SpringBoard	[0xc3ff47180] invalidated because the current process cancelled the connection by calling xpc_connection_cancel()
default	00:37:15.409035-0700	backboardd	[keyboardFocus 0xb022472a0] setRules:forPID(35): [
    [35-146]; <keyboardFocus; builtin; com.apple.frontboard.systemappservices/FBSceneManager:com.apple.springboard>; () -> <token: 0xF8E9EBF3; pid: 35>; reason: SBWindowScene: 0xc33121180: Begin event deferring in keyboardFocus for window: 0xc36e76800,
    [35-4]; <keyboardFocus; SBKeyboardFocus>; () -> <token: com.apple.frontboard.systemappservices/FBSceneManager:com.apple.springboard; pid: 35>; reason: SB incoming to root scene (symbol),
    [35-3]; <keyboardFocus>; () -> <token: com.apple.frontboard.systemappservices/FBSceneManager:com.apple.springboard; pid: 35>; reason: SB incoming to root scene
]
default	00:37:15.409071-0700	locationd	Client /System/Library/PrivateFrameworks/ChronoCore.framework/Support/chronod disconnected
default	00:37:15.409080-0700	SpringBoard	[0xc3bc0a300-Timeline[com.kylebashour.aqi-wtf::com.kylebashour.aqi-wtf.aqi-widget:chart:systemSmall:3286285622356593442:162.00/162.00/27.54:(null)~(null)]] Updating touch delivery policies for layers: {(
)}
default	00:37:15.409100-0700	backboardd	[systemKeyCommandOverlay 0xb022472f0] setRules:forPID(35): [[35-5]; <systemKeyCommandOverlay>; () -> <token: 0x79DE628A; pid: 35>; reason: systemKeyCommandOverlayEnvironment to root scene]
default	00:37:15.409107-0700	backboardd	[system 0xb02247340] setRules:forPID(35): [
    [35-2]; <system; builtin; SBMainSystemGestures>; () -> <token: 0x49AE3F00; pid: 35>; reason: systemGestureSymbol-Main,
    [35-1]; <system; builtin>; () -> <token: 0x49AE3F00; pid: 35>; reason: systemGestures-Main
]
default	00:37:15.409140-0700	locationd	{"msg":"#CLIUA Marking change", "clientKey":"icom.apple.weather:", "reason":"Recently on-screen", "AssertionLevel":"kCLClientInUseLevelIncidentalPresence", "coming":0}
default	00:37:15.409179-0700	locationd	{"msg":"#CLIUA updating AssertionRecord", "ClientKey":"icom.apple.weather:", "AssertionLevel":"kCLClientInUseLevelIncidentalPresence"}
default	00:37:15.409202-0700	chronod	[<WidgetRenderSession--5148381563099746571-scene::A133932C-59E9-49F1-B248-DA4200B68340::0xc3bc09500-[com.kylebashour.aqi-wtf::com.kylebashour.aqi-wtf.aqi-widget:chart:systemSmall:-8776424947409478526:162.00/162.00/27.54:(null)~(null)]>] Visibility did change: true
default	00:37:15.409281-0700	locationd	{"msg":"#CLIUA AssertionRecord updated", "ClientKey":"icom.apple.weather:", "AssertionLevel":"kCLClientInUseLevelNotInUse"}
default	00:37:15.409305-0700	chronod	[ext:com.kylebashour.aqi-wtf::com.kylebashour.aqi-wtf.aqi-widget] resetting grace period
default	00:37:15.409357-0700	chronod	{"msg":"CLAssertion", "event":"activity", "_cmd":"initWithRegistrationMessageName:messageDictionary:", "self":"0xd098d4c90", "name":"InUseAssertion\/kCLConnectionMessage"}
default	00:37:15.409382-0700	chronod	{"msg":"Requesting new assertion", "messageDictionary":"{\n    kCLConnectionMessageAssertionLevelKey = 2;\n    kCLConnectionMessageBundleIdentifierKey = \"com.kylebashour.aqi-wtf.aqi-widget\";\n    kCLConnectionMessageBundlePathKey = \"\";\n    kCLConnectionMessagePurposeKey = \"Recently on-screen\";\n}"}
default	00:37:15.409449-0700	chronod	[ext:com.kylebashour.aqi-wtf::com.kylebashour.aqi-wtf.aqi-widget] refreshing underlying visibility assertion
default	00:37:15.409462-0700	locationd	{"msg":"#CLIUA in-use level changed for client", "ClientKey":"icom.apple.weather:"}
default	00:37:15.409487-0700	SpringBoard	TDPS client policy assertion invalidating <xpc_object:0xc31421400>
default	00:37:15.409517-0700	SpringBoard	[0xc31421400] invalidated after the last release of the connection object
default	00:37:15.409540-0700	SpringBoard	[0xc3bc0a300-Timeline[com.kylebashour.aqi-wtf::com.kylebashour.aqi-wtf.aqi-widget:chart:systemSmall:3286285622356593442:162.00/162.00/27.54:(null)~(null)]] Invalidating assertion <BKSTouchDeliveryPolicyAssertion: 0xc31655d60> for context id 3080453427
default	00:37:15.409569-0700	SpringBoard	[0xc3bc0a300-Timeline[com.kylebashour.aqi-wtf::com.kylebashour.aqi-wtf.aqi-widget:chart:systemSmall:3286285622356593442:162.00/162.00/27.54:(null)~(null)]] Clearing any touch delivery policies
default	00:37:15.409657-0700	chronod	{"msg":"CLAssertion", "event":"activity", "_cmd":"invalidate", "self":"0xd098d7940"}
default	00:37:15.409679-0700	chronod	{"msg":"Sending cached messages to daemon", "event":"activity"}
default	00:37:15.411385-0700	chronod	[0xd081ade00] activating connection: mach=true listener=false peer=false name=com.apple.locationd.registration
default	00:37:15.411518-0700	chronod	[0xd081ada40] invalidated because the current process cancelled the connection by calling xpc_connection_cancel()
default	00:37:15.411875-0700	chronod	{"msg":"CLAssertion", "event":"activity", "_cmd":"dealloc", "self":"0xd098d7940"}
default	00:37:15.411936-0700	locationd	{"msg":"computing freshAuthorizationContext", "Client":"icom.apple.weather:", "BigSwitch":1, "InUseLevel":"kCLClientInUseLevelNotInUse"}
default	00:37:15.412148-0700	backboardd	chain did update (setDeferringRules) <keyboardFocus; display: null; compatibilityDisplay: builtin> containsEndOfChain: YES; [
    <token: com.apple.frontboard.systemappservices/FBSceneManager:com.apple.springboard; pid: 35>,
    <token: 0xF8E9EBF3; pid: 35>
]
default	00:37:15.412162-0700	backboardd	chain did update (setDeferringRules) <keyboardFocus; display: builtin> containsEndOfChain: YES; [
    <token: com.apple.frontboard.systemappservices/FBSceneManager:com.apple.springboard; pid: 35>,
    <token: 0xF8E9EBF3; pid: 35>
]
default	00:37:15.412286-0700	backboardd	new deferring rules for pid:326: [
    [326-D5]; <keyboardFocus; builtin; …e%3A%3A1EF11B85-53DB-4465-965B-179EEB3059D1%3A%3A0xc3bc08700>; () -> <token: 0x8C8226D1; pid: 326>; reason: …gin event deferring in keyboardFocus for window: 0x8f8d1d800,
    [326-D4]; <keyboardFocus; builtin; …e%3A%3AE086E1C9-8826-45EB-B996-E98FB66A918C%3A%3A0xc3bc0a300>; () -> <token: 0x6693CC2A; pid: 326>; reason: …gin event deferring in keyboardFocus for window: 0x8f8d1d000,
    [326-D3]; <keyboardFocus; builtin; …e%3A%3AA133932C-59E9-49F1-B248-DA4200B68340%3A%3A0xc3bc09500>; () -> <token: 0x9B0C647E; pid: 326>; reason: …gin event deferring in keyboardFocus for window: 0x8f8d1c400
]
default	00:37:15.412710-0700	chronod	[<WidgetRenderSession--9134605727376346852-scene::E086E1C9-8826-45EB-B996-E98FB66A918C::0xc3bc0a300-[com.kylebashour.aqi-wtf::com.kylebashour.aqi-wtf.aqi-widget:chart:systemSmall:3286285622356593442:162.00/162.00/27.54:(null)~(null)]>] Visibility did change: true
default	00:37:15.412775-0700	chronod	{"msg":"CLAssertion", "event":"activity", "_cmd":"initWithRegistrationMessageName:messageDictionary:", "self":"0xd098d7940", "name":"InUseAssertion\/kCLConnectionMessage"}
default	00:37:15.412825-0700	backboardd	[keyboardFocus 0xb02247110] setRules:forPID(326): [
    [326-D5]; <keyboardFocus; builtin; com.apple.frontboard.systemappservices/com.apple.chrono:scene%3A%3A1EF11B85-53DB-4465-965B-179EEB3059D1%3A%3A0xc3bc08700>; () -> <token: 0x8C8226D1; pid: 326>; reason: CHUISWidgetScene: 0x8f946d800: Begin event deferring in keyboardFocus for window: 0x8f8d1d800,
    [326-D4]; <keyboardFocus; builtin; com.apple.frontboard.systemappservices/com.apple.chrono:scene%3A%3AE086E1C9-8826-45EB-B996-E98FB66A918C%3A%3A0xc3bc0a300>; () -> <token: 0x6693CC2A; pid: 326>; reason: CHUISWidgetScene: 0x8f946c400: Begin event deferring in keyboardFocus for window: 0x8f8d1d000,
    [326-D3]; <keyboardFocus; builtin; com.apple.frontboard.systemappservices/com.apple.chrono:scene%3A%3AA133932C-59E9-49F1-B248-DA4200B68340%3A%3A0xc3bc09500>; () -> <token: 0x9B0C647E; pid: 326>; reason: CHUISWidgetScene: 0x105842690: Begin event deferring in keyboardFocus for window: 0x8f8d1c400
]
default	00:37:15.412866-0700	chronod	{"msg":"Requesting new assertion", "messageDictionary":"{\n    kCLConnectionMessageAssertionLevelKey = 2;\n    kCLConnectionMessageBundleIdentifierKey = \"com.kylebashour.aqi-wtf.aqi-widget\";\n    kCLConnectionMessageBundlePathKey = \"\";\n    kCLConnectionMessagePurposeKey = \"Recently on-screen\";\n}"}
default	00:37:15.412935-0700	chronod	[ext:com.kylebashour.aqi-wtf::com.kylebashour.aqi-wtf.aqi-widget] refreshing underlying visibility assertion
default	00:37:15.412964-0700	locationd	{"msg":"#AuthContext Set authorization context", "ckp":"icom.apple.weather:", "prevAuthContext":"AuthContext InUse:1  RegResult:0(0) EffectiveMask:10026111  ProvisionalMask:1572864  DiagnosticMask:0", "newAuthContext":"AuthContext InUse:0  RegResult:0(0) EffectiveMask:9501823  ProvisionalMask:1048576  DiagnosticMask:0"}
default	00:37:15.413085-0700	chronod	{"msg":"Sending cached messages to daemon", "event":"activity"}
default	00:37:15.413139-0700	chronod	{"msg":"CLAssertion", "event":"activity", "_cmd":"invalidate", "self":"0xd098d4c90"}
default	00:37:15.413387-0700	locationd	{"msg":"#Warning Denying process assertion", "ClientKeyPath":"icom.apple.weather:"}
default	00:37:15.413497-0700	WidgetRenderer_Default	[Timeline[com.kylebashour.aqi-wtf::com.kylebashour.aqi-wtf.aqi-widget:chart:systemSmall:3286285622356593442:162.00/162.00/27.54:(null)~(null)]-pid:35--E98FB66A918C::0xc3bc0a300)] Widget visibility changed to: <CHUISWidgetVisibilitySettings: 0x8f90ecc60; settled: YES; focal: NO; visibleBounds: {{inf, inf}, {0, 0}}>
error	00:37:15.413739-0700	backboardd	cycle detected between [35-146] -> [35-3]
default	00:37:15.413764-0700	WidgetRenderer_Default	[Timeline[com.kylebashour.aqi-wtf::com.kylebashour.aqi-wtf.aqi-widget:chart:systemSmall:3286285622356593442:162.00/162.00/27.54:(null)~(null)]--E98FB66A918C::0xc3bc0a300)] Effective widget visibility changed to: <WidgetVisibility: isSettled=true, isFocal=false, bounds=(inf, inf, 0.0, 0.0)>
default	00:37:15.413783-0700	WidgetRenderer_Default	[Timeline[com.kylebashour.aqi-wtf::com.kylebashour.aqi-wtf.aqi-widget:chart:systemSmall:3286285622356593442:162.00/162.00/27.54:(null)~(null)]--E98FB66A918C::0xc3bc0a300)] Visibility did change: true
default	00:37:15.413800-0700	WidgetRenderer_Default	[Timeline[com.kylebashour.aqi-wtf::com.kylebashour.aqi-wtf.aqi-widget:chart:systemSmall:3286285622356593442:162.00/162.00/27.54:(null)~(null)]--E98FB66A918C::0xc3bc0a300)] Scheduling staleness check in 284.448347s: roughly 2026-07-19T00:41:54-07:00
default	00:37:15.413974-0700	backboardd	[system 0xb02247250] setRules:forPID(326): []
default	00:37:15.414002-0700	backboardd	[systemKeyCommandOverlay 0xb02246fd0] setRules:forPID(326): []
default	00:37:15.414017-0700	backboardd	[keyboardFocus 0xb022472a0] setRules:forPID(326): [
    [326-D5]; <keyboardFocus; builtin; com.apple.frontboard.systemappservices/com.apple.chrono:scene%3A%3A1EF11B85-53DB-4465-965B-179EEB3059D1%3A%3A0xc3bc08700>; () -> <token: 0x8C8226D1; pid: 326>; reason: CHUISWidgetScene: 0x8f946d800: Begin event deferring in keyboardFocus for window: 0x8f8d1d800,
    [326-D4]; <keyboardFocus; builtin; com.apple.frontboard.systemappservices/com.apple.chrono:scene%3A%3AE086E1C9-8826-45EB-B996-E98FB66A918C%3A%3A0xc3bc0a300>; () -> <token: 0x6693CC2A; pid: 326>; reason: CHUISWidgetScene: 0x8f946c400: Begin event deferring in keyboardFocus for window: 0x8f8d1d000,
    [326-D3]; <keyboardFocus; builtin; com.apple.frontboard.systemappservices/com.apple.chrono:scene%3A%3AA133932C-59E9-49F1-B248-DA4200B68340%3A%3A0xc3bc09500>; () -> <token: 0x9B0C647E; pid: 326>; reason: CHUISWidgetScene: 0x105842690: Begin event deferring in keyboardFocus for window: 0x8f8d1c400
]
default	00:37:15.414057-0700	backboardd	[0xb0376f700] Re-initialization successful; calling out to event handler with XPC_ERROR_CONNECTION_INTERRUPTED
default	00:37:15.414133-0700	backboardd	--ACTIVE-
default	00:37:15.414160-0700	locationd	{"msg":"#AuthContext Set authorization context", "ckp":"icom.apple.weather:", "prevAuthContext":"AuthContext InUse:1  RegResult:0(0) EffectiveMask:10026111  ProvisionalMask:1572864  DiagnosticMask:0", "newAuthContext":"AuthContext InUse:0  RegResult:0(0) EffectiveMask:9501823  ProvisionalMask:1048576  DiagnosticMask:0"}
default	00:37:15.414284-0700	locationd	{"msg":"#Warning Denying process assertion", "ClientKeyPath":"icom.apple.weather:"}
error	00:37:15.414410-0700	backboardd	cycle detected between [35-146] -> [35-3]
default	00:37:15.414736-0700	backboardd	[system 0xb02247340] setRules:forPID(326): []
default	00:37:15.414745-0700	backboardd	[systemKeyCommandOverlay 0xb022472f0] setRules:forPID(326): []
default	00:37:15.414818-0700	SpringBoard	<StateMachine:0xc3020f980> Dealloc.
default	00:37:15.414832-0700	SpringBoard	[0xc3ff45500] invalidated because the current process cancelled the connection by calling xpc_connection_cancel()
default	00:37:15.414954-0700	locationd	Client /System/Library/PrivateFrameworks/ChronoCore.framework/Support/chronod connected
default	00:37:15.414990-0700	locationd	{"msg":"InUseAssertion/kCLConnectionMessage", "event":"activity", "this":"0xabd714a50"}
default	00:37:15.415680-0700	locationd	{"msg":"CLDaemonInUseAssertion::handleMessageInUseAssertion", "event":"activity", "this":"0xabd714a50", "message":"0xabbdd37a8"}
default	00:37:15.415733-0700	locationd	[0xabd453180] activating connection: mach=false listener=false peer=true name=com.apple.locationd.registration.peer[120].0xabd453180
default	00:37:15.415740-0700	locationd	[0xabd453480] invalidated because the client process (pid 120) either cancelled the connection or exited
default	00:37:15.415750-0700	locationd	#Warning Location connection invalid!
default	00:37:15.415831-0700	locationd	{"msg":"CLConnection::handleDisconnection", "event":"activity"}
default	00:37:15.415868-0700	locationd	Client /System/Library/PrivateFrameworks/ChronoCore.framework/Support/chronod disconnected
default	00:37:15.415955-0700	locationd	{"msg":"#CLIUA Marking change", "clientKey":"icom.kylebashour.aqi-wtf:", "reason":"Recently on-screen", "AssertionLevel":"kCLClientInUseLevelIncidentalPresence", "coming":0}
default	00:37:15.416026-0700	locationd	{"msg":"#CLIUA updating AssertionRecord", "ClientKey":"icom.kylebashour.aqi-wtf:", "AssertionLevel":"kCLClientInUseLevelIncidentalPresence"}
default	00:37:15.416088-0700	locationd	{"msg":"#CLIUA AssertionRecord updated", "ClientKey":"icom.kylebashour.aqi-wtf:", "AssertionLevel":"kCLClientInUseLevelNotInUse"}
default	00:37:15.416114-0700	locationd	{"msg":"#CLIUA in-use level changed for client", "ClientKey":"icom.kylebashour.aqi-wtf:"}
default	00:37:15.416306-0700	backboardd	TDPS server received policy invalidation <share; hostContextID: 0xF8E9EBF3; childContextID: 0x6A99330C>
default	00:37:15.416316-0700	backboardd	[0xb0376f700] invalidated after the last release of the connection object
default	00:37:15.416392-0700	locationd	{"msg":"computing freshAuthorizationContext", "Client":"icom.kylebashour.aqi-wtf:", "BigSwitch":1, "InUseLevel":"kCLClientInUseLevelNotInUse"}
default	00:37:15.416825-0700	backboardd	[0xb0376f5c0] Re-initialization successful; calling out to event handler with XPC_ERROR_CONNECTION_INTERRUPTED
default	00:37:15.416834-0700	backboardd	TDPS server received policy invalidation <share; hostContextID: 0xF8E9EBF3; childContextID: 0xB79BFD33>
default	00:37:15.417285-0700	backboardd	[0xb0376f5c0] invalidated after the last release of the connection object
default	00:37:15.417844-0700	SpringBoard	active
default	00:37:15.418004-0700	locationd	{"msg":"#AuthContext Set authorization context", "ckp":"icom.kylebashour.aqi-wtf:", "prevAuthContext":"AuthContext InUse:1  RegResult:0(0) EffectiveMask:10026111  ProvisionalMask:1572864  DiagnosticMask:0", "newAuthContext":"AuthContext InUse:0  RegResult:0(0) EffectiveMask:9501823  ProvisionalMask:1048576  DiagnosticMask:0"}
default	00:37:15.418072-0700	locationd	{"msg":"#Warning Denying process assertion", "ClientKeyPath":"icom.kylebashour.aqi-wtf:"}
error	00:37:15.418190-0700	SpringBoard	Error creating the CFMessagePort needed to communicate with PPT.
default	00:37:15.418209-0700	SpringBoard	[0xc3bc08700-Timeline[com.apple.weather::com.apple.weather.widget:com.apple.weather:systemSmall:1289529871828302290:162.00/162.00/27.54:(null)~(null)]] Updating touch delivery policies for layers: {(
)}
default	00:37:15.418306-0700	locationd	{"msg":"#IncidentalPrompt CLCM:InUseAssertion IncidentalPresence", "Client":"icom.apple.weather:"}
default	00:37:15.418334-0700	SpringBoard	TDPS client policy assertion invalidating <xpc_object:0xc31422300>
default	00:37:15.418340-0700	SpringBoard	[0xc31422300] invalidated after the last release of the connection object
default	00:37:15.418839-0700	locationd	{"msg":"#CLIUA Marking change", "clientKey":"icom.apple.weather:", "reason":"Recently on-screen", "AssertionLevel":"kCLClientInUseLevelIncidentalPresence", "coming":1}
default	00:37:15.418880-0700	locationd	{"msg":"#CLIUA updating AssertionRecord", "ClientKey":"icom.apple.weather:", "AssertionLevel":"kCLClientInUseLevelNotInUse"}
default	00:37:15.418905-0700	locationd	{"msg":"#CLIUA AssertionRecord updated", "ClientKey":"icom.apple.weather:", "AssertionLevel":"kCLClientInUseLevelIncidentalPresence"}
default	00:37:15.418921-0700	locationd	{"msg":"#CLIUA in-use level changed for client", "ClientKey":"icom.apple.weather:"}
default	00:37:15.418956-0700	SpringBoard	[0xc3bc08700-Timeline[com.apple.weather::com.apple.weather.widget:com.apple.weather:systemSmall:1289529871828302290:162.00/162.00/27.54:(null)~(null)]] Invalidating assertion <BKSTouchDeliveryPolicyAssertion: 0xc31655e90> for context id 3160232964
default	00:37:15.418979-0700	SpringBoard	[0xc3bc08700-Timeline[com.apple.weather::com.apple.weather.widget:com.apple.weather:systemSmall:1289529871828302290:162.00/162.00/27.54:(null)~(null)]] Clearing any touch delivery policies
default	00:37:15.419070-0700	locationd	{"msg":"computing freshAuthorizationContext", "Client":"icom.apple.weather:", "BigSwitch":1, "InUseLevel":"kCLClientInUseLevelIncidentalPresence"}
default	00:37:15.419131-0700	SpringBoard	Response (error: WidgetRendererErrorDomain/1) <CHUISContentConfirmationAction: 0x002305fc>
default	00:37:15.419162-0700	SpringBoard	[0xc3bc09500-Timeline[com.kylebashour.aqi-wtf::com.kylebashour.aqi-wtf.aqi-widget:chart:systemSmall:-8776424947409478526:162.00/162.00/27.54:(null)~(null)]] Received content confirmation action error: Error Domain=WidgetRendererErrorDomain Code=1 UserInfo={NSLocalizedDescription=<private>}
error	00:37:15.419178-0700	SpringBoard	<SBHWidgetViewController:0xc3bc09500> Error waiting for non-placeholder content to appear: Widget was background
default	00:37:15.419218-0700	SpringBoard	<SBHWidgetStackViewController:0xc3ce69200> -[SBHWidgetStackViewController widgetContainerViewControllerInitialWidgetContentReadinessChanged:widgetContentIsReady:]. Widget content is ready? 0
default	00:37:15.419229-0700	SpringBoard	Application process state changed for com.apple.chrono.WidgetRenderer-Default: <SBApplicationProcessState: 0xc31bd83a0; pid: 326; taskState: Running; visibility: Foreground>
default	00:37:15.419399-0700	SpringBoard	[0xc3bc09500-Timeline[com.kylebashour.aqi-wtf::com.kylebashour.aqi-wtf.aqi-widget:chart:systemSmall:-8776424947409478526:162.00/162.00/27.54:(null)~(null)]] Updating touch delivery policies for layers: {(
    <FBSceneLayer: 0xc2f014980; type: context; contextID: 0x9b0c647e (2601280638); renderID: 0x38f445c88dd59b45; alignment: scene>
)}
default	00:37:15.419419-0700	SpringBoard	[0xc2f6e17c0] activating connection: mach=false listener=true peer=false name=(anonymous)
default	00:37:15.419425-0700	SpringBoard	[0xc2f6e17c0] Connection returned listener port: 0x4617f
default	00:37:15.419434-0700	SpringBoard	[0xc3ff44a80] invalidated because the current process cancelled the connection by calling xpc_connection_cancel()
default	00:37:15.419574-0700	SpringBoard	[0xc3bc09500-Timeline[com.kylebashour.aqi-wtf::com.kylebashour.aqi-wtf.aqi-widget:chart:systemSmall:-8776424947409478526:162.00/162.00/27.54:(null)~(null)]] Saving touch policy assertion <BKSTouchDeliveryPolicyAssertion: 0xc2ed8a2a0> for context id 2601280638
default	00:37:15.419841-0700	locationd	{"msg":"#AuthContext Set authorization context", "ckp":"icom.apple.weather:", "prevAuthContext":"AuthContext InUse:0  RegResult:0(0) EffectiveMask:9501823  ProvisionalMask:1048576  DiagnosticMask:0", "newAuthContext":"AuthContext InUse:1  RegResult:0(0) EffectiveMask:10026111  ProvisionalMask:1572864  DiagnosticMask:0"}
default	00:37:15.420519-0700	SpringBoard	TDPS client ipc_addPolicy:<share; hostContextID: 0xF8E9EBF3; childContextID: 0x9B0C647E>
default	00:37:15.420542-0700	SpringBoard	[0xc3bc09500-Timeline[com.kylebashour.aqi-wtf::com.kylebashour.aqi-wtf.aqi-widget:chart:systemSmall:-8776424947409478526:162.00/162.00/27.54:(null)~(null)]] Updating touch delivery policies for layers: {(
    <FBSceneLayer: 0xc2f014980; type: context; contextID: 0x9b0c647e (2601280638); renderID: 0x38f445c88dd59b45; alignment: scene>
)}
default	00:37:15.420747-0700	SpringBoard	[com.apple.chrono:scene::A133932C-59E9-49F1-B248-DA4200B68340::0xc3bc09500] scene content state changed: ready
default	00:37:15.421530-0700	SpringBoard	[0xc3bc09500-Timeline[com.kylebashour.aqi-wtf::com.kylebashour.aqi-wtf.aqi-widget:chart:systemSmall:-8776424947409478526:162.00/162.00/27.54:(null)~(null)]] Content state did change to ready
default	00:37:15.421574-0700	SpringBoard	[0xc3bc09500-Timeline[com.kylebashour.aqi-wtf::com.kylebashour.aqi-wtf.aqi-widget:chart:systemSmall:-8776424947409478526:162.00/162.00/27.54:(null)~(null)]] Transitioning from snapshot to live content.
default	00:37:15.421717-0700	SpringBoard	[0xc3bc09500-Timeline[com.kylebashour.aqi-wtf::com.kylebashour.aqi-wtf.aqi-widget:chart:systemSmall:-8776424947409478526:162.00/162.00/27.54:(null)~(null)]] Destroy snapshot views (animated: YES, reason=transitionFromSnapshotToLiveContent)
default	00:37:15.421994-0700	SpringBoard	[0xc3bc09500-Timeline[com.kylebashour.aqi-wtf::com.kylebashour.aqi-wtf.aqi-widget:chart:systemSmall:-8776424947409478526:162.00/162.00/27.54:(null)~(null)]] Overriding animation to false because snapshot and content are the same.
default	00:37:15.422122-0700	locationd	{"msg":"#Warning Denying process assertion", "ClientKeyPath":"icom.apple.weather:"}
default	00:37:15.422306-0700	SpringBoard	[0xc3bc09500-Timeline[com.kylebashour.aqi-wtf::com.kylebashour.aqi-wtf.aqi-widget:chart:systemSmall:-8776424947409478526:162.00/162.00/27.54:(null)~(null)]] Finish hiding snapshots (reason=transitionFromSnapshotToLiveContent)
default	00:37:15.422919-0700	SpringBoard	[0xc3cf89e00] activating connection: mach=false listener=false peer=true name=com.apple.xpc.anonymous.0xc2f6e17c0.peer[73].0xc3cf89e00
default	00:37:15.423136-0700	SpringBoard	Response (error: WidgetRendererErrorDomain/1) <CHUISContentConfirmationAction: 0x002305fd>
default	00:37:15.423149-0700	SpringBoard	[0xc3bc0a300-Timeline[com.kylebashour.aqi-wtf::com.kylebashour.aqi-wtf.aqi-widget:chart:systemSmall:3286285622356593442:162.00/162.00/27.54:(null)~(null)]] Received content confirmation action error: Error Domain=WidgetRendererErrorDomain Code=1 UserInfo={NSLocalizedDescription=<private>}
error	00:37:15.423161-0700	SpringBoard	<SBHWidgetViewController:0xc3bc0a300> Error waiting for non-placeholder content to appear: Widget was background
default	00:37:15.423171-0700	SpringBoard	<SBHWidgetStackViewController:0xc3cdf1200> -[SBHWidgetStackViewController widgetContainerViewControllerInitialWidgetContentReadinessChanged:widgetContentIsReady:]. Widget content is ready? 0
default	00:37:15.423253-0700	SpringBoard	Response (error: WidgetRendererErrorDomain/1) <CHUISContentConfirmationAction: 0x002305fe>
default	00:37:15.423263-0700	SpringBoard	[0xc3bc08700-Timeline[com.apple.weather::com.apple.weather.widget:com.apple.weather:systemSmall:1289529871828302290:162.00/162.00/27.54:(null)~(null)]] Received content confirmation action error: Error Domain=WidgetRendererErrorDomain Code=1 UserInfo={NSLocalizedDescription=<private>}
error	00:37:15.423269-0700	SpringBoard	<SBHWidgetViewController:0xc3bc08700> Error waiting for non-placeholder content to appear: Widget was background
default	00:37:15.423279-0700	SpringBoard	<SBHWidgetStackViewController:0xc3ce6b600> -[SBHWidgetStackViewController widgetContainerViewControllerInitialWidgetContentReadinessChanged:widgetContentIsReady:]. Widget content is ready? 0
default	00:37:15.423285-0700	SpringBoard	rules: (scene setting) REMOVED keyboardFocus environment from scene: sceneID:com.groundeffectsoftware.AnxietyWatch-18DE83D8-1846-45B8-876C-4C1CE7F6CEF0
error	00:37:15.423291-0700	SpringBoard	Ignoring update for invalidated scene: (FBSceneManager):sceneID:com.groundeffectsoftware.AnxietyWatch-18DE83D8-1846-45B8-876C-4C1CE7F6CEF0
default	00:37:15.423297-0700	SpringBoard	rules: (scene setting) ADDED keyboardFocus environment to scene: com.apple.springboard
default	00:37:15.423517-0700	SpringBoard	sceneOfRecord: sceneID: com.apple.springboard  persistentID: com.apple.springboard
default	00:37:15.423548-0700	SpringBoard	[0xc350a9740:com.apple.chrono:scene::1EF11B85-53DB-4465-965B-179EEB3059D1::0xc3bc08700] Scene action [Forward Event][0xeaa9] completed with success: 1
default	00:37:15.423568-0700	SpringBoard	[lock] Poster last extant update changed 5228
default	00:37:15.423576-0700	SpringBoard	[home] Poster last extant update changed 5228
default	00:37:15.423768-0700	backboardd	[0xb0376d7c0] activating connection: mach=false listener=false peer=false name=(anonymous)
default	00:37:15.424328-0700	SpringBoard	[0xc350a9740:com.apple.chrono:scene::1EF11B85-53DB-4465-965B-179EEB3059D1::0xc3bc08700] Scene action [Logical Activate][0xb5f] completed with success: 1
default	00:37:15.424370-0700	SpringBoard	[0xc3bc0a300-Timeline[com.kylebashour.aqi-wtf::com.kylebashour.aqi-wtf.aqi-widget:chart:systemSmall:3286285622356593442:162.00/162.00/27.54:(null)~(null)]] Updating touch delivery policies for layers: {(
    <FBSceneLayer: 0xc2f017380; type: context; contextID: 0x6693cc2a (1720962090); renderID: 0x38f445c88dd5a905; alignment: scene>
)}
default	00:37:15.424384-0700	SpringBoard	[0xc2f6e0500] activating connection: mach=false listener=true peer=false name=(anonymous)
default	00:37:15.424398-0700	SpringBoard	[0xc2f6e0500] Connection returned listener port: 0xa132f
default	00:37:15.424416-0700	SpringBoard	[0xc3bc0a300-Timeline[com.kylebashour.aqi-wtf::com.kylebashour.aqi-wtf.aqi-widget:chart:systemSmall:3286285622356593442:162.00/162.00/27.54:(null)~(null)]] Saving touch policy assertion <BKSTouchDeliveryPolicyAssertion: 0xc2ed8bee0> for context id 1720962090
default	00:37:15.425455-0700	SpringBoard	TDPS client ipc_addPolicy:<share; hostContextID: 0xF8E9EBF3; childContextID: 0x6693CC2A>
default	00:37:15.425574-0700	SpringBoard	[0xc3bc0a300-Timeline[com.kylebashour.aqi-wtf::com.kylebashour.aqi-wtf.aqi-widget:chart:systemSmall:3286285622356593442:162.00/162.00/27.54:(null)~(null)]] Updating touch delivery policies for layers: {(
    <FBSceneLayer: 0xc2f017380; type: context; contextID: 0x6693cc2a (1720962090); renderID: 0x38f445c88dd5a905; alignment: scene>
)}
default	00:37:15.426831-0700	locationd	{"msg":"#AuthContext Set authorization context", "ckp":"icom.apple.weather:", "prevAuthContext":"AuthContext InUse:0  RegResult:0(0) EffectiveMask:9501823  ProvisionalMask:1048576  DiagnosticMask:0", "newAuthContext":"AuthContext InUse:1  RegResult:0(0) EffectiveMask:10026111  ProvisionalMask:1572864  DiagnosticMask:0"}
default	00:37:15.427447-0700	backboardd	TDPS server got new policy <share; hostContextID: 0xF8E9EBF3; childContextID: 0x9B0C647E>, [self _policy] is now combination: [
    <share; hostContextID: 0xF8E9EBF3; childContextID: 0xBC5D5404>,
    <share; hostContextID: 0xF8E9EBF3; childContextID: 0x9B0C647E>
]
default	00:37:15.427464-0700	backboardd	[0xb0376cc80] Re-initialization successful; calling out to event handler with XPC_ERROR_CONNECTION_INTERRUPTED
default	00:37:15.427479-0700	SpringBoard	[0xc3cf8bc00] activating connection: mach=false listener=false peer=true name=com.apple.xpc.anonymous.0xc2f6e0500.peer[73].0xc3cf8bc00
default	00:37:15.427489-0700	backboardd	TDPS server received policy invalidation <share; hostContextID: 0xF8E9EBF3; childContextID: 0xBC5D5404>
default	00:37:15.427510-0700	locationd	{"msg":"#Warning Denying process assertion", "ClientKeyPath":"icom.apple.weather:"}
default	00:37:15.427522-0700	backboardd	[0xb0376cc80] invalidated after the last release of the connection object
default	00:37:15.427625-0700	SpringBoard	[0xc3bc08700-Timeline[com.apple.weather::com.apple.weather.widget:com.apple.weather:systemSmall:1289529871828302290:162.00/162.00/27.54:(null)~(null)]] Updating touch delivery policies for layers: {(
    <FBSceneLayer: 0xc2f0166c0; type: context; contextID: 0x8c8226d1 (2357339857); renderID: 0x38f445c88dd5b6c5; alignment: scene>
)}
default	00:37:15.427635-0700	SpringBoard	[0xc2f6e1900] activating connection: mach=false listener=true peer=false name=(anonymous)
default	00:37:15.427643-0700	SpringBoard	[0xc2f6e1900] Connection returned listener port: 0x630b
default	00:37:15.427650-0700	SpringBoard	[0xc3bc08700-Timeline[com.apple.weather::com.apple.weather.widget:com.apple.weather:systemSmall:1289529871828302290:162.00/162.00/27.54:(null)~(null)]] Saving touch policy assertion <BKSTouchDeliveryPolicyAssertion: 0xc2ed8a3f0> for context id 2357339857
default	00:37:15.427669-0700	SpringBoard	TDPS client ipc_addPolicy:<share; hostContextID: 0xF8E9EBF3; childContextID: 0x8C8226D1>
default	00:37:15.427675-0700	SpringBoard	[0xc3bc08700-Timeline[com.apple.weather::com.apple.weather.widget:com.apple.weather:systemSmall:1289529871828302290:162.00/162.00/27.54:(null)~(null)]] Updating touch delivery policies for layers: {(
    <FBSceneLayer: 0xc2f0166c0; type: context; contextID: 0x8c8226d1 (2357339857); renderID: 0x38f445c88dd5b6c5; alignment: scene>
)}
default	00:37:15.427694-0700	backboardd	changing global light: 1, 1
default	00:37:15.427702-0700	SpringBoard	[0xc3cf89380] activating connection: mach=false listener=false peer=true name=com.apple.xpc.anonymous.0xc2f6e1900.peer[73].0xc3cf89380
default	00:37:15.427716-0700	SpringBoard	[com.apple.chrono:scene::E086E1C9-8826-45EB-B996-E98FB66A918C::0xc3bc0a300] scene content state changed: ready
default	00:37:15.427745-0700	SpringBoard	[0xc3bc0a300-Timeline[com.kylebashour.aqi-wtf::com.kylebashour.aqi-wtf.aqi-widget:chart:systemSmall:3286285622356593442:162.00/162.00/27.54:(null)~(null)]] Content state did change to ready
default	00:37:15.427889-0700	SpringBoard	[0xc3bc0a300-Timeline[com.kylebashour.aqi-wtf::com.kylebashour.aqi-wtf.aqi-widget:chart:systemSmall:3286285622356593442:162.00/162.00/27.54:(null)~(null)]] Transitioning from snapshot to live content.
default	00:37:15.427927-0700	SpringBoard	[0xc3bc0a300-Timeline[com.kylebashour.aqi-wtf::com.kylebashour.aqi-wtf.aqi-widget:chart:systemSmall:3286285622356593442:162.00/162.00/27.54:(null)~(null)]] Destroy snapshot views (animated: YES, reason=transitionFromSnapshotToLiveContent)
default	00:37:15.427982-0700	SpringBoard	[0xc3bc0a300-Timeline[com.kylebashour.aqi-wtf::com.kylebashour.aqi-wtf.aqi-widget:chart:systemSmall:3286285622356593442:162.00/162.00/27.54:(null)~(null)]] Overriding animation to false because snapshot and content are the same.
default	00:37:15.427989-0700	locationd	Client /System/Library/PrivateFrameworks/ChronoCore.framework/Support/chronod connected
default	00:37:15.427998-0700	SpringBoard	[0xc3bc0a300-Timeline[com.kylebashour.aqi-wtf::com.kylebashour.aqi-wtf.aqi-widget:chart:systemSmall:3286285622356593442:162.00/162.00/27.54:(null)~(null)]] Finish hiding snapshots (reason=transitionFromSnapshotToLiveContent)
default	00:37:15.428297-0700	locationd	{"msg":"InUseAssertion/kCLConnectionMessage", "event":"activity", "this":"0xabd717c00"}
default	00:37:15.428308-0700	locationd	os_transaction created: (0x7773855e0) CLFenceDatabase::getFencesForBundleIncludingOnBehalf
default	00:37:15.428316-0700	SpringBoard	[SwitcherOrientation] animation duration set to zero. animationDisabled{NO}, isWindowHidden{YES}, isWindowHidden{NO}, isSceneInFinalStateAlready{NO}
default	00:37:15.428366-0700	locationd	{"msg":"CLDaemonInUseAssertion::handleMessageInUseAssertion", "event":"activity", "this":"0xabd717c00", "message":"0xabbdd3508"}
default	00:37:15.428375-0700	SpringBoard	[FBWorkspaceEvent] Executing: <FBWorkspaceEvent: 0xc3024dfe0; SBSwitcherControllerEventLabelFollowupRotation-157>
default	00:37:15.428431-0700	locationd	os_transaction releasing: (0x7773855e0) CLFenceDatabase::getFencesForBundleIncludingOnBehalf
default	00:37:15.428507-0700	SpringBoard	[92869424] unlockedEnvironmentMode: home-screen
default	00:37:15.428513-0700	SpringBoard	[SwitcherOrientation] transition source: Rotation
default	00:37:15.428519-0700	SpringBoard	[SwitcherOrientation] switcherPolicy[Active Below primaryOverlaysPolicy[Device Orientation]
default	00:37:15.428663-0700	locationd	[0xabd450900] activating connection: mach=false listener=false peer=true name=com.apple.locationd.registration.peer[120].0xabd450900
default	00:37:15.428677-0700	locationd	os_transaction created: (0x7773855e0) CLFenceDatabase::getFencesForBundleIncludingOnBehalf
default	00:37:15.428790-0700	locationd	os_transaction created: (0x777085010) CLBeaconFenceDatabase::getFencesForBundleIncludingOnBehalf
default	00:37:15.428904-0700	locationd	os_transaction releasing: (0x7773855e0) CLFenceDatabase::getFencesForBundleIncludingOnBehalf
default	00:37:15.428917-0700	cameracaptured	<<<< FigCaptureDisplayLayoutMonitor >>>> -[FigCaptureDisplayLayoutMonitor _parseFBSDisplayLayout:]: <FigCaptureDisplayLayoutMonitor: 0xd6b0b0fc0 Main Display> <FBSDisplayLayout: 0xd6b14cfc0; displayIdentity: Main> {    bounds = {{0, 0}, {390, 844}};    interfaceOrientation = "portrait (1)";    backlightLevel = 100;    backlightState = 2;    elements = {        <SBSDisplayLayoutElement: 0xd6a770070; com.apple.springboard.home-screen; frame: {{0, 0}, {390, 844}}; level: 0; role: primary>;    }    timestamp = July 19, 2026 at 12:37:15 AM PDT;}
default	00:37:15.428936-0700	cameracaptured	<<<< FigCaptureDisplayLayoutMonitor >>>> -[FigCaptureDisplayLayoutMonitor _updateObserversWithLayout:]: <FigCaptureDisplayLayoutMonitor: 0xd6b0b0fc0 Main Display> <FigCaptureDisplayLayout: 0xd6b14d700 07-19-2026 00:37:15, Main Display, Home Screen>
default	00:37:15.429073-0700	locationd	os_transaction releasing: (0x777085010) CLBeaconFenceDatabase::getFencesForBundleIncludingOnBehalf
default	00:37:15.429146-0700	sharingd	SystemUI changed: <private> -> <private>
default	00:37:15.429305-0700	cameracaptured	<<<< FigCaptureClientApplicationStateMonitor >>>> -[FigCaptureClientApplicationStateMonitor _handleLayout:]: <private> Looking for com.apple.camera in the Main Display layout
default	00:37:15.429390-0700	contextstored	CDUserContext: Remove object matching predicate <private> => <private>
default	00:37:15.429440-0700	locationd	os_transaction created: (0x777085010) CLBeaconFenceDatabase::getFencesForBundleIncludingOnBehalf
default	00:37:15.429519-0700	locationd	os_transaction created: (0x7773855e0) CLFenceDatabase::getFencesForBundleIncludingOnBehalf
default	00:37:15.429527-0700	locationd	os_transaction releasing: (0x777085010) CLBeaconFenceDatabase::getFencesForBundleIncludingOnBehalf
default	00:37:15.429574-0700	locationd	{"msg":"#IncidentalPrompt CLCM:InUseAssertion IncidentalPresence", "Client":"icom.kylebashour.aqi-wtf:"}
default	00:37:15.429838-0700	locationd	{"msg":"#CLIUA Marking change", "clientKey":"icom.kylebashour.aqi-wtf:", "reason":"Recently on-screen", "AssertionLevel":"kCLClientInUseLevelIncidentalPresence", "coming":1}
default	00:37:15.429944-0700	locationd	os_transaction releasing: (0x7773855e0) CLFenceDatabase::getFencesForBundleIncludingOnBehalf
default	00:37:15.429959-0700	locationd	os_transaction created: (0x777085010) CLBeaconFenceDatabase::getFencesForBundleIncludingOnBehalf
default	00:37:15.429985-0700	locationd	{"msg":"#CLIUA updating AssertionRecord", "ClientKey":"icom.kylebashour.aqi-wtf:", "AssertionLevel":"kCLClientInUseLevelNotInUse"}
default	00:37:15.430044-0700	locationd	{"msg":"#CLIUA AssertionRecord updated", "ClientKey":"icom.kylebashour.aqi-wtf:", "AssertionLevel":"kCLClientInUseLevelIncidentalPresence"}
default	00:37:15.430120-0700	locationd	{"msg":"#CLIUA in-use level changed for client", "ClientKey":"icom.kylebashour.aqi-wtf:"}
default	00:37:15.430130-0700	SleepLockScreen	[ContentAppearenceProvider:5C8BF78E] updated layout, contains SleepLockScreen: false, display on: true
default	00:37:15.430191-0700	cameracaptured	<<<< FigCaptureClientApplicationStateMonitor >>>> -[FigCaptureClientApplicationStateMonitor _updateClientStateCondition:newValue:]: <0xd6b328000[9520][com.apple.camera]> Updating client state condition "_layoutState" with new value "No Apps"
default	00:37:15.430268-0700	locationd	os_transaction releasing: (0x777085010) CLBeaconFenceDatabase::getFencesForBundleIncludingOnBehalf
default	00:37:15.430442-0700	SpringBoard	[SwitcherOrientation] _updateParticipantsAndPoliciesWithSwitcherPolicy:[Active Below] nonPrimaryOverlayPolicy:[Device Orientation]
default	00:37:15.430490-0700	SpringBoard	[SwitcherOrientation] animation duration set to 0.00
default	00:37:15.430496-0700	SpringBoard	[SwitcherOrientation] outSwitcherOrientation: portrait (1), outElementsOrientations: (null)
default	00:37:15.430665-0700	SpringBoard	Activating wallpaper orientation source HomeScreen
default	00:37:15.430723-0700	locationd	{"msg":"computing freshAuthorizationContext", "Client":"icom.kylebashour.aqi-wtf:", "BigSwitch":1, "InUseLevel":"kCLClientInUseLevelIncidentalPresence"}
default	00:37:15.430767-0700	SpringBoard	Changing icon manager content visibility to visible (transitioning)
default	00:37:15.430998-0700	SpringBoard	<SBHWidgetContainerViewController:0xc2f1cc500 widget=[com.kylebashour.aqi-wtf::com.kylebashour.aqi-wtf.aqi-widget:chart:systemSmall]> Setting visibility to visible not settled
default	00:37:15.431173-0700	locationd	{"msg":"#AuthContext Set authorization context", "ckp":"icom.kylebashour.aqi-wtf:", "prevAuthContext":"AuthContext InUse:0  RegResult:0(0) EffectiveMask:9501823  ProvisionalMask:1048576  DiagnosticMask:0", "newAuthContext":"AuthContext InUse:1  RegResult:0(0) EffectiveMask:10026111  ProvisionalMask:1572864  DiagnosticMask:0"}
default	00:37:15.431209-0700	WidgetRenderer_Default	sceneOfRecord: sceneID: scene::1EF11B85-53DB-4465-965B-179EEB3059D1::0xc3bc08700  persistentID: scene::1EF11B85-53DB-4465-965B-179EEB3059D1::0xc3bc08700
default	00:37:15.431276-0700	locationd	{"msg":"#Warning Denying process assertion", "ClientKeyPath":"icom.kylebashour.aqi-wtf:"}
default	00:37:15.431320-0700	SpringBoard	<SBHWidgetContainerViewController:0xc2f1cd900 widget=[com.kylebashour.aqi-wtf::com.kylebashour.aqi-wtf.aqi-widget:chart:systemSmall]> Setting visibility to visible not settled
default	00:37:15.431421-0700	CommCenter	#I ActivationObserver: notifyAboutFrontAppsChange
default	00:37:15.431508-0700	chronod	[0xd081ada40] activating connection: mach=true listener=false peer=false name=com.apple.locationd.registration
default	00:37:15.431518-0700	WidgetRenderer_Default	[Timeline[com.kylebashour.aqi-wtf::com.kylebashour.aqi-wtf.aqi-widget:chart:systemSmall:-8776424947409478526:162.00/162.00/27.54:(null)~(null)]-pid:35--DA4200B68340::0xc3bc09500)] Widget visibility changed to: <CHUISWidgetVisibilitySettings: 0x8f97a6d60; settled: NO; focal: NO; visibleBounds: {{inf, inf}, {0, 0}}>
default	00:37:15.431524-0700	WidgetRenderer_Default	[Timeline[com.kylebashour.aqi-wtf::com.kylebashour.aqi-wtf.aqi-widget:chart:systemSmall:-8776424947409478526:162.00/162.00/27.54:(null)~(null)]--DA4200B68340::0xc3bc09500)] Effective widget visibility changed to: <WidgetVisibility: isSettled=false, isFocal=false, bounds=(inf, inf, 0.0, 0.0)>
default	00:37:15.431531-0700	WidgetRenderer_Default	[Timeline[com.kylebashour.aqi-wtf::com.kylebashour.aqi-wtf.aqi-widget:chart:systemSmall:-8776424947409478526:162.00/162.00/27.54:(null)~(null)]--DA4200B68340::0xc3bc09500)] Visibility did change: false
default	00:37:15.431540-0700	WidgetRenderer_Default	[Timeline[com.kylebashour.aqi-wtf::com.kylebashour.aqi-wtf.aqi-widget:chart:systemSmall:-8776424947409478526:162.00/162.00/27.54:(null)~(null)]--DA4200B68340::0xc3bc09500)] Scheduling staleness check in 284.666992s: roughly 2026-07-19T00:41:55-07:00
default	00:37:15.431560-0700	WidgetRenderer_Default	sceneOfRecord: sceneID: scene::1EF11B85-53DB-4465-965B-179EEB3059D1::0xc3bc08700  persistentID: scene::1EF11B85-53DB-4465-965B-179EEB3059D1::0xc3bc08700
default	00:37:15.431580-0700	WidgetRenderer_Default	[Timeline[com.kylebashour.aqi-wtf::com.kylebashour.aqi-wtf.aqi-widget:chart:systemSmall:3286285622356593442:162.00/162.00/27.54:(null)~(null)]-pid:35--E98FB66A918C::0xc3bc0a300)] Widget visibility changed to: <CHUISWidgetVisibilitySettings: 0x8f97a7bd0; settled: NO; focal: NO; visibleBounds: {{inf, inf}, {0, 0}}>
default	00:37:15.431586-0700	WidgetRenderer_Default	[Timeline[com.kylebashour.aqi-wtf::com.kylebashour.aqi-wtf.aqi-widget:chart:systemSmall:3286285622356593442:162.00/162.00/27.54:(null)~(null)]--E98FB66A918C::0xc3bc0a300)] Effective widget visibility changed to: <WidgetVisibility: isSettled=false, isFocal=false, bounds=(inf, inf, 0.0, 0.0)>
default	00:37:15.431592-0700	WidgetRenderer_Default	[Timeline[com.kylebashour.aqi-wtf::com.kylebashour.aqi-wtf.aqi-widget:chart:systemSmall:3286285622356593442:162.00/162.00/27.54:(null)~(null)]--E98FB66A918C::0xc3bc0a300)] Visibility did change: false
default	00:37:15.431626-0700	WidgetRenderer_Default	[Timeline[com.kylebashour.aqi-wtf::com.kylebashour.aqi-wtf.aqi-widget:chart:systemSmall:3286285622356593442:162.00/162.00/27.54:(null)~(null)]--E98FB66A918C::0xc3bc0a300)] Scheduling staleness check in 284.427839s: roughly 2026-07-19T00:41:54-07:00
default	00:37:15.431694-0700	SpringBoard	<SBHWidgetContainerViewController:0xc31af7700 widget=[com.apple.weather::com.apple.weather.widget:com.apple.weather:systemSmall]> Setting visibility to visible not settled
default	00:37:15.431773-0700	biomed	SourceUpdater: <private> triggered 5 to run on the live schedule
default	00:37:15.431967-0700	biomed	SourceUpdater: <private> triggered 88 to run on the live schedule
default	00:37:15.431981-0700	biomed	SourceUpdater: <private> triggered 103 to run on the live schedule
default	00:37:15.432029-0700	chronod	{"msg":"CLAssertion", "event":"activity", "_cmd":"dealloc", "self":"0xd098d4c90"}
default	00:37:15.432058-0700	WidgetRenderer_Default	sceneOfRecord: sceneID: scene::1EF11B85-53DB-4465-965B-179EEB3059D1::0xc3bc08700  persistentID: scene::1EF11B85-53DB-4465-965B-179EEB3059D1::0xc3bc08700
default	00:37:15.432312-0700	biomed	SourceUpdater: <private> triggered 120 to run on the live schedule
default	00:37:15.432353-0700	chronod	[0xd081ade00] invalidated because the current process cancelled the connection by calling xpc_connection_cancel()
default	00:37:15.432400-0700	locationd	[0xabd453180] invalidated because the client process (pid 120) either cancelled the connection or exited
default	00:37:15.432408-0700	CommCenter	#I ActivationObserver: notifyAboutFrontAppChange : app: <private>; pid: 0; net: 0
default	00:37:15.432490-0700	locationd	#Warning Location connection invalid!
default	00:37:15.432504-0700	chronod	[<WidgetRenderSession--5148381563099746571-scene::A133932C-59E9-49F1-B248-DA4200B68340::0xc3bc09500-[com.kylebashour.aqi-wtf::com.kylebashour.aqi-wtf.aqi-widget:chart:systemSmall:-8776424947409478526:162.00/162.00/27.54:(null)~(null)]>] Visibility did change: false
default	00:37:15.432580-0700	locationd	{"msg":"CLConnection::handleDisconnection", "event":"activity"}
default	00:37:15.432670-0700	locationd	Client /System/Library/PrivateFrameworks/ChronoCore.framework/Support/chronod disconnected
default	00:37:15.432677-0700	chronod	[<WidgetRenderSession--9134605727376346852-scene::E086E1C9-8826-45EB-B996-E98FB66A918C::0xc3bc0a300-[com.kylebashour.aqi-wtf::com.kylebashour.aqi-wtf.aqi-widget:chart:systemSmall:3286285622356593442:162.00/162.00/27.54:(null)~(null)]>] Visibility did change: false
default	00:37:15.432683-0700	locationd	os_transaction created: (0x777385010) CLBeaconFenceDatabase::getFencesForBundleIncludingOnBehalf
default	00:37:15.432689-0700	locationd	os_transaction created: (0x7770855e0) CLFenceDatabase::getFencesForBundleIncludingOnBehalf
default	00:37:15.432735-0700	locationd	Client /System/Library/PrivateFrameworks/ChronoCore.framework/Support/chronod connected
default	00:37:15.432742-0700	SpringBoard	Deactivating wallpaper orientation source ActiveOrientation
default	00:37:15.432790-0700	SpringBoard	Requested update preferences for <Switcher> with reason: layout state transition did begin
default	00:37:15.432833-0700	locationd	{"msg":"InUseAssertion/kCLConnectionMessage", "event":"activity", "this":"0xabd715f40"}
default	00:37:15.432847-0700	SpringBoard	_updatePreferences <Switcher>: no changes
default	00:37:15.432862-0700	locationd	os_transaction releasing: (0x777385010) CLBeaconFenceDatabase::getFencesForBundleIncludingOnBehalf
default	00:37:15.432952-0700	backboardd	[0xb0376f5c0] activating connection: mach=false listener=false peer=false name=(anonymous)
default	00:37:15.432969-0700	backboardd	<BSCompoundAssertion:0xb0313e800> (needsLight) acquire for reason:CoreAnimation acq:0xb0486e2e0 count:2
default	00:37:15.432988-0700	backboardd	TDPS server got new policy <share; hostContextID: 0xF8E9EBF3; childContextID: 0x6693CC2A>, [self _policy] is now combination: [
    <share; hostContextID: 0xF8E9EBF3; childContextID: 0x9B0C647E>,
    <share; hostContextID: 0xF8E9EBF3; childContextID: 0x6693CC2A>
]
default	00:37:15.433089-0700	backboardd	[0xb0376f700] activating connection: mach=false listener=false peer=false name=(anonymous)
default	00:37:15.433109-0700	backboardd	TDPS server got new policy <share; hostContextID: 0xF8E9EBF3; childContextID: 0x8C8226D1>, [self _policy] is now combination: [
    <share; hostContextID: 0xF8E9EBF3; childContextID: 0x9B0C647E>,
    <share; hostContextID: 0xF8E9EBF3; childContextID: 0x6693CC2A>,
    <share; hostContextID: 0xF8E9EBF3; childContextID: 0x8C8226D1>
]
default	00:37:15.433129-0700	WidgetRenderer_Default	[Timeline[com.apple.weather::com.apple.weather.widget:com.apple.weather:systemSmall:1289529871828302290:162.00/162.00/27.54:(null)~(null)]-pid:35--179EEB3059D1::0xc3bc08700)] Widget visibility changed to: <CHUISWidgetVisibilitySettings: 0x8f97a7000; settled: NO; focal: NO; visibleBounds: {{inf, inf}, {0, 0}}>
default	00:37:15.433142-0700	WidgetRenderer_Default	[Timeline[com.apple.weather::com.apple.weather.widget:com.apple.weather:systemSmall:1289529871828302290:162.00/162.00/27.54:(null)~(null)]--179EEB3059D1::0xc3bc08700)] Effective widget visibility changed to: <WidgetVisibility: isSettled=false, isFocal=false, bounds=(inf, inf, 0.0, 0.0)>
default	00:37:15.433161-0700	WidgetRenderer_Default	[Timeline[com.apple.weather::com.apple.weather.widget:com.apple.weather:systemSmall:1289529871828302290:162.00/162.00/27.54:(null)~(null)]--179EEB3059D1::0xc3bc08700)] Visibility did change: false
default	00:37:15.433170-0700	WidgetRenderer_Default	[Timeline[com.apple.weather::com.apple.weather.widget:com.apple.weather:systemSmall:1289529871828302290:162.00/162.00/27.54:(null)~(null)]--179EEB3059D1::0xc3bc08700)] Scheduling staleness check in 2770.613148s: roughly 2026-07-19T01:23:21-07:00
default	00:37:15.433180-0700	SpringBoard	[ShouldAutoPiP] For request(0xc4005ed00): NO
default	00:37:15.433231-0700	backboardd	Setting minimum brightness level: 0.000000 with fade duration 0.400000
default	00:37:15.433268-0700	backboardd	Set BrightnessSystem property:DisplayBrightnessFadePeriod to:0.4
default	00:37:15.433291-0700	locationd	{"msg":"CLDaemonInUseAssertion::handleMessageInUseAssertion", "event":"activity", "this":"0xabd715f40", "message":"0xabbdd0be8"}
default	00:37:15.433492-0700	biomed	Enumerator for App.InFocus starting from <private>/<private>+0x71700
default	00:37:15.433501-0700	locationd	os_transaction releasing: (0x7770855e0) CLFenceDatabase::getFencesForBundleIncludingOnBehalf
default	00:37:15.433589-0700	CommCenter	#I [Frontmost] Apps changed
default	00:37:15.433878-0700	SpringBoard	Begin requiring home screen content for reason 'SBUIHomeScreenActiveContentRequirementReason'
default	00:37:15.434207-0700	backboardd	Set BrightnessSystem property:BrightnessMinPhysicalWithFade to:0
default	00:37:15.434406-0700	biomed	Enumerator for App.InFocus starting from <private>/<private>+0x71700
default	00:37:15.434499-0700	SpringBoard	[Main (EmbeddedDisplay)] dispatch event:
<SBTransitionSwitcherModifierEvent: 0xc3e725500; type: MainTransition; transitionID: 8EB60501-C039-4295-81A6-90C8198ADA85; phase: Prepare; animated: YES; pendingTermination: {(
)}; morphingPIPLayoutRole: undefined; isRotationTransition: YES; previousDesktopItems: {(
)}>
default	00:37:15.434561-0700	SpringBoard	[Main (EmbeddedDisplay)] dispatch event:
<SBTransitionSwitcherModifierEvent: 0xc3e725500; type: MainTransition; transitionID: 8EB60501-C039-4295-81A6-90C8198ADA85; phase: Animate; animated: YES; pendingTermination: {(
)}; morphingPIPLayoutRole: undefined; isRotationTransition: YES; previousDesktopItems: {(
)}>
default	00:37:15.434640-0700	SpringBoard	Destroying shadow path display link
default	00:37:15.434653-0700	SpringBoard	[Main (EmbeddedDisplay)] dispatch event:
<SBTransitionSwitcherModifierEvent: 0xc3e725500; type: MainTransition; transitionID: 8EB60501-C039-4295-81A6-90C8198ADA85; phase: Complete; animated: YES; pendingTermination: {(
)}; morphingPIPLayoutRole: undefined; isRotationTransition: YES; previousDesktopItems: {(
)}>
default	00:37:15.434906-0700	locationd	{"msg":"#CLIUA Marking change", "clientKey":"icom.kylebashour.aqi-wtf:", "reason":"Recently on-screen", "AssertionLevel":"kCLClientInUseLevelIncidentalPresence", "coming":0}
default	00:37:15.434978-0700	locationd	{"msg":"#CLIUA updating AssertionRecord", "ClientKey":"icom.kylebashour.aqi-wtf:", "AssertionLevel":"kCLClientInUseLevelIncidentalPresence"}
default	00:37:15.435038-0700	SpringBoard	Changing icon manager content visibility to visible
default	00:37:15.435131-0700	locationd	{"msg":"#CLIUA AssertionRecord updated", "ClientKey":"icom.kylebashour.aqi-wtf:", "AssertionLevel":"kCLClientInUseLevelNotInUse"}
default	00:37:15.435154-0700	SpringBoard	<SBHWidgetContainerViewController:0xc2f1cc500 widget=[com.kylebashour.aqi-wtf::com.kylebashour.aqi-wtf.aqi-widget:chart:systemSmall]> Setting visibility to visible settled
default	00:37:15.435300-0700	locationd	{"msg":"#CLIUA in-use level changed for client", "ClientKey":"icom.kylebashour.aqi-wtf:"}
default	00:37:15.435405-0700	WidgetRenderer_Default	sceneOfRecord: sceneID: scene::1EF11B85-53DB-4465-965B-179EEB3059D1::0xc3bc08700  persistentID: scene::1EF11B85-53DB-4465-965B-179EEB3059D1::0xc3bc08700
default	00:37:15.435430-0700	WidgetRenderer_Default	[Timeline[com.kylebashour.aqi-wtf::com.kylebashour.aqi-wtf.aqi-widget:chart:systemSmall:-8776424947409478526:162.00/162.00/27.54:(null)~(null)]-pid:35--DA4200B68340::0xc3bc09500)] Widget visibility changed to: <CHUISWidgetVisibilitySettings: 0x8f97a5770; settled: YES; focal: NO; visibleBounds: {{inf, inf}, {0, 0}}>
default	00:37:15.435437-0700	WidgetRenderer_Default	[Timeline[com.kylebashour.aqi-wtf::com.kylebashour.aqi-wtf.aqi-widget:chart:systemSmall:-8776424947409478526:162.00/162.00/27.54:(null)~(null)]--DA4200B68340::0xc3bc09500)] Effective widget visibility changed to: <WidgetVisibility: isSettled=true, isFocal=false, bounds=(inf, inf, 0.0, 0.0)>
default	00:37:15.435447-0700	SpringBoard	<SBHWidgetContainerViewController:0xc2f1cd900 widget=[com.kylebashour.aqi-wtf::com.kylebashour.aqi-wtf.aqi-widget:chart:systemSmall]> Setting visibility to visible settled
default	00:37:15.435518-0700	WidgetRenderer_Default	[Timeline[com.kylebashour.aqi-wtf::com.kylebashour.aqi-wtf.aqi-widget:chart:systemSmall:-8776424947409478526:162.00/162.00/27.54:(null)~(null)]--DA4200B68340::0xc3bc09500)] Visibility did change: true
default	00:37:15.435528-0700	WidgetRenderer_Default	[Timeline[com.kylebashour.aqi-wtf::com.kylebashour.aqi-wtf.aqi-widget:chart:systemSmall:-8776424947409478526:162.00/162.00/27.54:(null)~(null)]--DA4200B68340::0xc3bc09500)] Scheduling staleness check in 284.658850s: roughly 2026-07-19T00:41:55-07:00
default	00:37:15.435575-0700	WidgetRenderer_Default	sceneOfRecord: sceneID: scene::1EF11B85-53DB-4465-965B-179EEB3059D1::0xc3bc08700  persistentID: scene::1EF11B85-53DB-4465-965B-179EEB3059D1::0xc3bc08700
default	00:37:15.435655-0700	WidgetRenderer_Default	[Timeline[com.kylebashour.aqi-wtf::com.kylebashour.aqi-wtf.aqi-widget:chart:systemSmall:3286285622356593442:162.00/162.00/27.54:(null)~(null)]-pid:35--E98FB66A918C::0xc3bc0a300)] Widget visibility changed to: <CHUISWidgetVisibilitySettings: 0x8f9188810; settled: YES; focal: NO; visibleBounds: {{inf, inf}, {0, 0}}>
default	00:37:15.435662-0700	WidgetRenderer_Default	[Timeline[com.kylebashour.aqi-wtf::com.kylebashour.aqi-wtf.aqi-widget:chart:systemSmall:3286285622356593442:162.00/162.00/27.54:(null)~(null)]--E98FB66A918C::0xc3bc0a300)] Effective widget visibility changed to: <WidgetVisibility: isSettled=true, isFocal=false, bounds=(inf, inf, 0.0, 0.0)>
default	00:37:15.435668-0700	WidgetRenderer_Default	[Timeline[com.kylebashour.aqi-wtf::com.kylebashour.aqi-wtf.aqi-widget:chart:systemSmall:3286285622356593442:162.00/162.00/27.54:(null)~(null)]--E98FB66A918C::0xc3bc0a300)] Visibility did change: true
default	00:37:15.435677-0700	chronod	[ext:com.kylebashour.aqi-wtf::com.kylebashour.aqi-wtf.aqi-widget] starting grace
default	00:37:15.435710-0700	SpringBoard	<SBHWidgetContainerViewController:0xc31af7700 widget=[com.apple.weather::com.apple.weather.widget:com.apple.weather:systemSmall]> Setting visibility to visible settled
default	00:37:15.435866-0700	WidgetRenderer_Default	[Timeline[com.kylebashour.aqi-wtf::com.kylebashour.aqi-wtf.aqi-widget:chart:systemSmall:3286285622356593442:162.00/162.00/27.54:(null)~(null)]--E98FB66A918C::0xc3bc0a300)] Scheduling staleness check in 284.419562s: roughly 2026-07-19T00:41:54-07:00
default	00:37:15.435925-0700	WidgetRenderer_Default	sceneOfRecord: sceneID: scene::1EF11B85-53DB-4465-965B-179EEB3059D1::0xc3bc08700  persistentID: scene::1EF11B85-53DB-4465-965B-179EEB3059D1::0xc3bc08700
default	00:37:15.436300-0700	WidgetRenderer_Default	[Timeline[com.apple.weather::com.apple.weather.widget:com.apple.weather:systemSmall:1289529871828302290:162.00/162.00/27.54:(null)~(null)]-pid:35--179EEB3059D1::0xc3bc08700)] Widget visibility changed to: <CHUISWidgetVisibilitySettings: 0x8f97a5170; settled: YES; focal: NO; visibleBounds: {{inf, inf}, {0, 0}}>
default	00:37:15.436321-0700	WidgetRenderer_Default	[Timeline[com.apple.weather::com.apple.weather.widget:com.apple.weather:systemSmall:1289529871828302290:162.00/162.00/27.54:(null)~(null)]--179EEB3059D1::0xc3bc08700)] Effective widget visibility changed to: <WidgetVisibility: isSettled=true, isFocal=false, bounds=(inf, inf, 0.0, 0.0)>
default	00:37:15.436345-0700	WidgetRenderer_Default	[Timeline[com.apple.weather::com.apple.weather.widget:com.apple.weather:systemSmall:1289529871828302290:162.00/162.00/27.54:(null)~(null)]--179EEB3059D1::0xc3bc08700)] Visibility did change: true
default	00:37:15.436362-0700	WidgetRenderer_Default	[Timeline[com.apple.weather::com.apple.weather.widget:com.apple.weather:systemSmall:1289529871828302290:162.00/162.00/27.54:(null)~(null)]--179EEB3059D1::0xc3bc08700)] Scheduling staleness check in 2770.605158s: roughly 2026-07-19T01:23:21-07:00
default	00:37:15.436374-0700	chronod	[<WidgetRenderSession-2564924842993383966-scene::1EF11B85-53DB-4465-965B-179EEB3059D1::0xc3bc08700-[com.apple.weather::com.apple.weather.widget:com.apple.weather:systemSmall:1289529871828302290:162.00/162.00/27.54:(null)~(null)]>] Visibility did change: false
default	00:37:15.436420-0700	chronod	[ext:com.apple.weather::com.apple.weather.widget] starting grace
default	00:37:15.436603-0700	chronod	[<WidgetRenderSession--5148381563099746571-scene::A133932C-59E9-49F1-B248-DA4200B68340::0xc3bc09500-[com.kylebashour.aqi-wtf::com.kylebashour.aqi-wtf.aqi-widget:chart:systemSmall:-8776424947409478526:162.00/162.00/27.54:(null)~(null)]>] Visibility did change: true
default	00:37:15.436642-0700	biomed	Enumerator for App.InFocus starting from <private>/<private>+0x71700
default	00:37:15.436688-0700	SpringBoard	Front display did change: (null)
default	00:37:15.436696-0700	SpringBoard	0xc3279d840 reconfigured attention timeouts:[
    1; 130.00,
    2; 132.00,
    3; 150.00
]
default	00:37:15.436717-0700	chronod	[ext:com.kylebashour.aqi-wtf::com.kylebashour.aqi-wtf.aqi-widget] resetting grace period
default	00:37:15.436763-0700	SpringBoard	<0xc32736940> - reconfigure attention client with configuration:<AWAttentionAwarenessConfiguration: 0xc3ce48460> (identifier: com.apple.springboard.GlobalBacklightIdleTimer samplingInterval:       4.00000, samplingDelay:     118.00000, sampleWhileAbsent: false, retroactiveTimeoutMode: false, pollingFilter: false, continuousFaceDetectMode: false, activateAttentionDetection: true, activateEyeRelief: false, activateMotionDetection: false, unityStream: false, attentionLostTimeouts:     132.00000,     130.00000,     150.00000 nonSampledAttentionLostTimeoutEnable: true nonSampledAttentionLostTimeout:    3600.00000 notificationMask NONE mask Button|Keyboard|Digitizer|Pointer|GameController|FaceDetect|MesaTouch|GenericGesture attentionLostEventMask Button|Keyboard|Digitizer|Pointer|GameController|MesaTouch|GenericGesture digitizerDisplayUUIDs (null) buttonDisplayUUIDs (null) keyboardDisplayUUIDs (null) tagIndex 1131)
default	00:37:15.436798-0700	SpringBoard	<SBBacklightIdleTimer: 0xc3279d840> sending idleTimerDidRefresh: to <SBIdleTimerPolicyAggregator: 0xc327282c0>
default	00:37:15.436805-0700	SpringBoard	<SBBacklightIdleTimer: 0xc3279d840> sending idleTimerDidRefresh: to <SBIdleTimerProxy: 0xc32ac5e80>
default	00:37:15.436811-0700	SpringBoard	<SBIdleTimerProxy: 0xc32ac5e80> sending idleTimerDidRefresh: to <SBIdleTimerGlobalCoordinator: 0xc33b17d80>
default	00:37:15.436820-0700	SpringBoard	<SBIdleTimerProxy: 0xc32ac5e80> sending idleTimerDidRefresh: to <SBIdleTimerProxy: 0xc32b985a0>
default	00:37:15.436856-0700	chronod	{"msg":"CLAssertion", "event":"activity", "_cmd":"initWithRegistrationMessageName:messageDictionary:", "self":"0xd098d4890", "name":"InUseAssertion\/kCLConnectionMessage"}
default	00:37:15.436871-0700	SpringBoard	<SBIdleTimerProxy: 0xc32b985a0> sending idleTimerDidRefresh: to <SBIdleTimerProxy: 0xc329b4040>
default	00:37:15.436878-0700	SpringBoard	<SBIdleTimerProxy: 0xc329b4040> sending idleTimerDidRefresh: to <SBIdleTimerProxy: 0xc329b4180>
default	00:37:15.436937-0700	SpringBoard	<SBIdleTimerProxy: 0xc329b4180> sending idleTimerDidRefresh: to <SBDashBoardIdleTimerProvider: 0xc325a7240>
default	00:37:15.436953-0700	SpringBoard	<SBIdleTimerProxy: 0xc32b985a0> sending idleTimerDidRefresh: to <SBIdleTimerProxy: 0xc329b4120>
default	00:37:15.436959-0700	SpringBoard	<SBIdleTimerProxy: 0xc329b4120> no observers for idleTimerDidRefresh:
default	00:37:15.436978-0700	chronod	{"msg":"Requesting new assertion", "messageDictionary":"{\n    kCLConnectionMessageAssertionLevelKey = 2;\n    kCLConnectionMessageBundleIdentifierKey = \"com.kylebashour.aqi-wtf.aqi-widget\";\n    kCLConnectionMessageBundlePathKey = \"\";\n    kCLConnectionMessagePurposeKey = \"Recently on-screen\";\n}"}
default	00:37:15.437021-0700	locationd	{"msg":"computing freshAuthorizationContext", "Client":"icom.kylebashour.aqi-wtf:", "BigSwitch":1, "InUseLevel":"kCLClientInUseLevelNotInUse"}
default	00:37:15.437037-0700	SpringBoard	<SBIdleTimerProxy: 0xc32b985a0> sending idleTimerDidRefresh: to <SBIdleTimerProxy: 0xc30c66260>
default	00:37:15.437045-0700	SpringBoard	<SBIdleTimerProxy: 0xc30c66260> no observers for idleTimerDidRefresh:
default	00:37:15.437052-0700	SpringBoard	<SBIdleTimerProxy: 0xc32b985a0> sending idleTimerDidRefresh: to <SBIdleTimerProxy: 0xc3188bf80>
default	00:37:15.437066-0700	SpringBoard	<SBIdleTimerProxy: 0xc3188bf80> sending idleTimerDidRefresh: to <SBIdleTimerProxy: 0xc3188ab60>
default	00:37:15.437072-0700	SpringBoard	<SBIdleTimerProxy: 0xc3188ab60> no observers for idleTimerDidRefresh:
default	00:37:15.437285-0700	chronod	[ext:com.kylebashour.aqi-wtf::com.kylebashour.aqi-wtf.aqi-widget] refreshing underlying visibility assertion
default	00:37:15.438532-0700	chronod	{"msg":"Sending cached messages to daemon", "event":"activity"}
default	00:37:15.438685-0700	chronod	{"msg":"CLAssertion", "event":"activity", "_cmd":"invalidate", "self":"0xd098d7940"}
default	00:37:15.438798-0700	chronod	[0xd081ade00] activating connection: mach=true listener=false peer=false name=com.apple.locationd.registration
default	00:37:15.438805-0700	CommCenter	#I [Frontmost] BB online assertion required: false
default	00:37:15.439160-0700	locationd	{"msg":"#AuthContext Set authorization context", "ckp":"icom.kylebashour.aqi-wtf:", "prevAuthContext":"AuthContext InUse:1  RegResult:0(0) EffectiveMask:10026111  ProvisionalMask:1572864  DiagnosticMask:0", "newAuthContext":"AuthContext InUse:0  RegResult:0(0) EffectiveMask:9501823  ProvisionalMask:1048576  DiagnosticMask:0"}
default	00:37:15.439287-0700	chronod	[0xd081ada40] invalidated because the current process cancelled the connection by calling xpc_connection_cancel()
default	00:37:15.439410-0700	locationd	{"msg":"#Warning Denying process assertion", "ClientKeyPath":"icom.kylebashour.aqi-wtf:"}
default	00:37:15.439435-0700	biomed	Enumerator for App.InFocus starting from <private>/<private>+0x71700
default	00:37:15.439594-0700	SpringBoard	Begin requiring home screen content for reason 'SBUIHomeScreenActiveContentRequirementReason'
default	00:37:15.440665-0700	chronod	{"msg":"CLAssertion", "event":"activity", "_cmd":"dealloc", "self":"0xd098d7940"}
default	00:37:15.440696-0700	backboardd	  81871.31910: reset attention lost timeout for com.apple.springboard.GlobalBacklightIdleTimer at   81871.31909
default	00:37:15.440818-0700	backboardd	  81871.31913: updated config <AWRemoteClient: 0xb03ce8e00> (identifier: com.apple.springboard.GlobalBacklightIdleTimer samplingInterval:       4.00000 samplingDelay:     118.00000 sampleWhileAbsent: false retroactiveTimeoutMode: false pollingFilter: false continuousFaceDetectMode: false unityStream: false activateEyeRelief: false activateAttentionDetection: true activateMotionDetection: false activatePersonDetection: false attentionLostTimeouts: 130, 132, 150 nonSampledAttentionLostTimeoutEnabled true nonSampledAttentionLostTimeout       0.00000 notificationMask NONE mask AttentionLost|Button|Keyboard|Digitizer|Pointer|GameController|FaceDetect|MesaTouch|GenericGesture attentionLostEventMask AttentionLost|Button|Keyboard|Digitizer|Pointer|GameController|MesaTouch|GenericGesture digitizerDisplayUUIDs (null) buttonDisplayUUIDs (null) keyboardDisplayUUIDs (null) tagIndex 1131)
default	00:37:15.440926-0700	chronod	[<WidgetRenderSession--9134605727376346852-scene::E086E1C9-8826-45EB-B996-E98FB66A918C::0xc3bc0a300-[com.kylebashour.aqi-wtf::com.kylebashour.aqi-wtf.aqi-widget:chart:systemSmall:3286285622356593442:162.00/162.00/27.54:(null)~(null)]>] Visibility did change: true
default	00:37:15.440988-0700	chronod	{"msg":"CLAssertion", "event":"activity", "_cmd":"initWithRegistrationMessageName:messageDictionary:", "self":"0xd098d4a00", "name":"InUseAssertion\/kCLConnectionMessage"}
default	00:37:15.441035-0700	chronod	{"msg":"Requesting new assertion", "messageDictionary":"{\n    kCLConnectionMessageAssertionLevelKey = 2;\n    kCLConnectionMessageBundleIdentifierKey = \"com.kylebashour.aqi-wtf.aqi-widget\";\n    kCLConnectionMessageBundlePathKey = \"\";\n    kCLConnectionMessagePurposeKey = \"Recently on-screen\";\n}"}
default	00:37:15.441114-0700	locationd	[0xabd453480] activating connection: mach=false listener=false peer=true name=com.apple.locationd.registration.peer[120].0xabd453480
default	00:37:15.441154-0700	locationd	os_transaction created: (0x7770855e0) CLFenceDatabase::getFencesForBundleIncludingOnBehalf
default	00:37:15.441160-0700	chronod	[ext:com.kylebashour.aqi-wtf::com.kylebashour.aqi-wtf.aqi-widget] refreshing underlying visibility assertion
default	00:37:15.441184-0700	chronod	{"msg":"Sending cached messages to daemon", "event":"activity"}
default	00:37:15.441205-0700	chronod	{"msg":"CLAssertion", "event":"activity", "_cmd":"invalidate", "self":"0xd098d4890"}
default	00:37:15.441286-0700	chronod	[0xd081ada40] activating connection: mach=true listener=false peer=false name=com.apple.locationd.registration
default	00:37:15.441314-0700	locationd	{"msg":"#IncidentalPrompt CLCM:InUseAssertion IncidentalPresence", "Client":"icom.kylebashour.aqi-wtf:"}
default	00:37:15.441323-0700	locationd	os_transaction created: (0x777385010) CLBeaconFenceDatabase::getFencesForBundleIncludingOnBehalf
default	00:37:15.441359-0700	biomed	Enumerator for App.InFocus starting from <private>/<private>+0x71700
default	00:37:15.441433-0700	locationd	{"msg":"#CLIUA Marking change", "clientKey":"icom.kylebashour.aqi-wtf:", "reason":"Recently on-screen", "AssertionLevel":"kCLClientInUseLevelIncidentalPresence", "coming":1}
default	00:37:15.441458-0700	locationd	os_transaction releasing: (0x7770855e0) CLFenceDatabase::getFencesForBundleIncludingOnBehalf
default	00:37:15.442512-0700	locationd	{"msg":"#CLIUA updating AssertionRecord", "ClientKey":"icom.kylebashour.aqi-wtf:", "AssertionLevel":"kCLClientInUseLevelNotInUse"}
default	00:37:15.442606-0700	chronod	{"msg":"CLAssertion", "event":"activity", "_cmd":"dealloc", "self":"0xd098d4890"}
default	00:37:15.442631-0700	locationd	{"msg":"#CLIUA AssertionRecord updated", "ClientKey":"icom.kylebashour.aqi-wtf:", "AssertionLevel":"kCLClientInUseLevelIncidentalPresence"}
default	00:37:15.442898-0700	locationd	{"msg":"#CLIUA in-use level changed for client", "ClientKey":"icom.kylebashour.aqi-wtf:"}
default	00:37:15.442949-0700	chronod	[0xd081ade00] invalidated because the current process cancelled the connection by calling xpc_connection_cancel()
default	00:37:15.444591-0700	biomed	Enumerator for App.InFocus starting from <private>/<private>+0x71700
default	00:37:15.444600-0700	locationd	os_transaction releasing: (0x777385010) CLBeaconFenceDatabase::getFencesForBundleIncludingOnBehalf
default	00:37:15.444691-0700	chronod	[<WidgetRenderSession-2564924842993383966-scene::1EF11B85-53DB-4465-965B-179EEB3059D1::0xc3bc08700-[com.apple.weather::com.apple.weather.widget:com.apple.weather:systemSmall:1289529871828302290:162.00/162.00/27.54:(null)~(null)]>] Visibility did change: true
default	00:37:15.444710-0700	chronod	[ext:com.apple.weather::com.apple.weather.widget] resetting grace period
default	00:37:15.444765-0700	chronod	{"msg":"CLAssertion", "event":"activity", "_cmd":"initWithRegistrationMessageName:messageDictionary:", "self":"0xd098d7940", "name":"InUseAssertion\/kCLConnectionMessage"}
default	00:37:15.444792-0700	chronod	{"msg":"Requesting new assertion", "messageDictionary":"{\n    kCLConnectionMessageAssertionLevelKey = 2;\n    kCLConnectionMessageBundleIdentifierKey = \"com.apple.weather.widget\";\n    kCLConnectionMessageBundlePathKey = \"\";\n    kCLConnectionMessagePurposeKey = \"Recently on-screen\";\n}"}
default	00:37:15.444953-0700	chronod	[ext:com.apple.weather::com.apple.weather.widget] refreshing underlying visibility assertion
default	00:37:15.445009-0700	chronod	{"msg":"Sending cached messages to daemon", "event":"activity"}
default	00:37:15.445031-0700	chronod	[0xd081ade00] activating connection: mach=true listener=false peer=false name=com.apple.locationd.registration
default	00:37:15.445065-0700	chronod	{"msg":"CLAssertion", "event":"activity", "_cmd":"invalidate", "self":"0xd098d4c00"}
default	00:37:15.445205-0700	locationd	{"msg":"computing freshAuthorizationContext", "Client":"icom.kylebashour.aqi-wtf:", "BigSwitch":1, "InUseLevel":"kCLClientInUseLevelIncidentalPresence"}
default	00:37:15.445329-0700	SpringBoard	attention client SUSPEND <AWAttentionAwarenessConfiguration: 0xc4005d0e0> (identifier: com.apple.SpringBoard.HomeGrabberView-79 samplingInterval:       0.00000, samplingDelay:       0.00000, sampleWhileAbsent: false, retroactiveTimeoutMode: false, pollingFilter: false, continuousFaceDetectMode: false, activateAttentionDetection: true, activateEyeRelief: false, activateMotionDetection: false, unityStream: false, attentionLostTimeouts:       1.00000 nonSampledAttentionLostTimeoutEnable: false nonSampledAttentionLostTimeout:       0.00000 notificationMask NONE mask Digitizer attentionLostEventMask Digitizer digitizerDisplayUUIDs (null) buttonDisplayUUIDs (null) keyboardDisplayUUIDs (null) tagIndex 0 (nil tag))
default	00:37:15.445523-0700	SpringBoard	attention client INVALIDATE <AWAttentionAwarenessConfiguration: 0xc4005d0e0> (identifier: com.apple.SpringBoard.HomeGrabberView-79 samplingInterval:       0.00000, samplingDelay:       0.00000, sampleWhileAbsent: false, retroactiveTimeoutMode: false, pollingFilter: false, continuousFaceDetectMode: false, activateAttentionDetection: true, activateEyeRelief: false, activateMotionDetection: false, unityStream: false, attentionLostTimeouts:       1.00000 nonSampledAttentionLostTimeoutEnable: false nonSampledAttentionLostTimeout:       0.00000 notificationMask NONE mask Digitizer attentionLostEventMask Digitizer digitizerDisplayUUIDs (null) buttonDisplayUUIDs (null) keyboardDisplayUUIDs (null) tagIndex 0 (nil tag))
error	00:37:15.445646-0700	SpringBoard	Live host view super view[(null)] not matching container view[<UIView: 0xc3cffc540; frame = (0 0; 390 844); clipsToBounds = YES; layer = <CALayer: 0xc321ce310>>], frame not updated
default	00:37:15.445800-0700	SpringBoard	[lock] Poster Extant update COULD change 5228 (5228)
default	00:37:15.445821-0700	SpringBoard	[lock] Poster Extant update DID change
default	00:37:15.445827-0700	SpringBoard	[home] Poster Extant update COULD change 5228 (5228)
default	00:37:15.445832-0700	SpringBoard	[home] Poster Extant update DID change
default	00:37:15.445839-0700	SpringBoard	[com.apple.chrono:scene::1EF11B85-53DB-4465-965B-179EEB3059D1::0xc3bc08700] scene content state changed: ready
default	00:37:15.445847-0700	SpringBoard	[0xc3bc08700-Timeline[com.apple.weather::com.apple.weather.widget:com.apple.weather:systemSmall:1289529871828302290:162.00/162.00/27.54:(null)~(null)]] Content state did change to ready
default	00:37:15.445935-0700	locationd	{"msg":"#AuthContext Set authorization context", "ckp":"icom.kylebashour.aqi-wtf:", "prevAuthContext":"AuthContext InUse:0  RegResult:0(0) EffectiveMask:9501823  ProvisionalMask:1048576  DiagnosticMask:0", "newAuthContext":"AuthContext InUse:1  RegResult:0(0) EffectiveMask:10026111  ProvisionalMask:1572864  DiagnosticMask:0"}
default	00:37:15.445971-0700	SpringBoard	[0xc3bc08700-Timeline[com.apple.weather::com.apple.weather.widget:com.apple.weather:systemSmall:1289529871828302290:162.00/162.00/27.54:(null)~(null)]] Transitioning from snapshot to live content.
default	00:37:15.445988-0700	SpringBoard	[0xc3bc08700-Timeline[com.apple.weather::com.apple.weather.widget:com.apple.weather:systemSmall:1289529871828302290:162.00/162.00/27.54:(null)~(null)]] Destroy snapshot views (animated: YES, reason=transitionFromSnapshotToLiveContent)
default	00:37:15.445996-0700	SpringBoard	[0xc3bc08700-Timeline[com.apple.weather::com.apple.weather.widget:com.apple.weather:systemSmall:1289529871828302290:162.00/162.00/27.54:(null)~(null)]] Overriding animation to false because snapshot and content are the same.
default	00:37:15.446002-0700	SpringBoard	[0xc3bc08700-Timeline[com.apple.weather::com.apple.weather.widget:com.apple.weather:systemSmall:1289529871828302290:162.00/162.00/27.54:(null)~(null)]] Finish hiding snapshots (reason=transitionFromSnapshotToLiveContent)
default	00:37:15.446075-0700	locationd	{"msg":"#Warning Denying process assertion", "ClientKeyPath":"icom.kylebashour.aqi-wtf:"}
default	00:37:15.446486-0700	locationd	[0xabd450900] invalidated because the client process (pid 120) either cancelled the connection or exited
default	00:37:15.446532-0700	locationd	#Warning Location connection invalid!
default	00:37:15.446643-0700	locationd	{"msg":"CLConnection::handleDisconnection", "event":"activity"}
default	00:37:15.446695-0700	locationd	Client /System/Library/PrivateFrameworks/ChronoCore.framework/Support/chronod disconnected
default	00:37:15.446780-0700	backboardd	  81871.32601: AW SHARED MEM: closing index 8 for client with pid 35
default	00:37:15.446949-0700	backboardd	  81871.32628: Removing client: <AWRemoteClient: 0xb033e3600> (identifier: com.apple.SpringBoard.HomeGrabberView-79 samplingInterval:       0.00000 samplingDelay:       0.00000 sampleWhileAbsent: false retroactiveTimeoutMode: false pollingFilter: false continuousFaceDetectMode: false unityStream: false activateEyeRelief: false activateAttentionDetection: false activateMotionDetection: false activatePersonDetection: false attentionLostTimeouts: 1 nonSampledAttentionLostTimeoutEnabled false nonSampledAttentionLostTimeout       0.00000 notificationMask NONE mask AttentionLost|Digitizer attentionLostEventMask AttentionLost|Digitizer digitizerDisplayUUIDs (null) buttonDisplayUUIDs (null) keyboardDisplayUUIDs (null) tagIndex 0)
default	00:37:15.447374-0700	locationd	os_transaction created: (0x7773855e0) CLFenceDatabase::getFencesForBundleIncludingOnBehalf
default	00:37:15.447448-0700	locationd	Client /System/Library/PrivateFrameworks/ChronoCore.framework/Support/chronod connected
default	00:37:15.447663-0700	locationd	{"msg":"InUseAssertion/kCLConnectionMessage", "event":"activity", "this":"0xabd7146e0"}
default	00:37:15.447704-0700	locationd	os_transaction releasing: (0x7773855e0) CLFenceDatabase::getFencesForBundleIncludingOnBehalf
default	00:37:15.447729-0700	locationd	{"msg":"CLDaemonInUseAssertion::handleMessageInUseAssertion", "event":"activity", "this":"0xabd7146e0", "message":"0xabbdd1748"}
default	00:37:15.447788-0700	backboardd	  81871.32643: 9 total attention aware service clients
default	00:37:15.447982-0700	locationd	os_transaction created: (0x777085010) CLBeaconFenceDatabase::getFencesForBundleIncludingOnBehalf
default	00:37:15.448096-0700	locationd	os_transaction releasing: (0x777085010) CLBeaconFenceDatabase::getFencesForBundleIncludingOnBehalf
default	00:37:15.448175-0700	chronod	{"msg":"CLAssertion", "event":"activity", "_cmd":"dealloc", "self":"0xd098d4c00"}
default	00:37:15.448219-0700	chronod	[0xd081adcc0] invalidated because the current process cancelled the connection by calling xpc_connection_cancel()
default	00:37:15.448251-0700	locationd	{"msg":"#CLIUA Marking change", "clientKey":"icom.kylebashour.aqi-wtf:", "reason":"Recently on-screen", "AssertionLevel":"kCLClientInUseLevelIncidentalPresence", "coming":0}
default	00:37:15.448271-0700	locationd	{"msg":"#CLIUA updating AssertionRecord", "ClientKey":"icom.kylebashour.aqi-wtf:", "AssertionLevel":"kCLClientInUseLevelIncidentalPresence"}
default	00:37:15.448291-0700	locationd	{"msg":"#CLIUA AssertionRecord updated", "ClientKey":"icom.kylebashour.aqi-wtf:", "AssertionLevel":"kCLClientInUseLevelNotInUse"}
default	00:37:15.448306-0700	locationd	{"msg":"#CLIUA in-use level changed for client", "ClientKey":"icom.kylebashour.aqi-wtf:"}
default	00:37:15.448388-0700	locationd	{"msg":"computing freshAuthorizationContext", "Client":"icom.kylebashour.aqi-wtf:", "BigSwitch":1, "InUseLevel":"kCLClientInUseLevelNotInUse"}
default	00:37:15.448681-0700	contextstored	Sending fired registration <private> to com.apple.dasd.trigger
default	00:37:15.448709-0700	locationd	{"msg":"#AuthContext Set authorization context", "ckp":"icom.kylebashour.aqi-wtf:", "prevAuthContext":"AuthContext InUse:1  RegResult:0(0) EffectiveMask:10026111  ProvisionalMask:1572864  DiagnosticMask:0", "newAuthContext":"AuthContext InUse:0  RegResult:0(0) EffectiveMask:9501823  ProvisionalMask:1048576  DiagnosticMask:0"}
default	00:37:15.448734-0700	locationd	{"msg":"#Warning Denying process assertion", "ClientKeyPath":"icom.kylebashour.aqi-wtf:"}
default	00:37:15.449441-0700	dasd	Received state update for 11174 (app<com.groundeffectsoftware.AnxietyWatch(3A076A8F-336D-4BCB-ACE2-64C6E80D0E3A)>, none-NotVisible
default	00:37:15.449949-0700	locationd	[0xabd453180] activating connection: mach=false listener=false peer=true name=com.apple.locationd.registration.peer[120].0xabd453180
default	00:37:15.450067-0700	locationd	[0xabd453300] invalidated because the client process (pid 120) either cancelled the connection or exited
default	00:37:15.450099-0700	locationd	#Warning Location connection invalid!
default	00:37:15.450175-0700	locationd	{"msg":"CLConnection::handleDisconnection", "event":"activity"}
default	00:37:15.450191-0700	locationd	Client /System/Library/PrivateFrameworks/ChronoCore.framework/Support/chronod disconnected
default	00:37:15.450257-0700	locationd	{"msg":"#CLIUA Marking change", "clientKey":"icom.apple.weather:", "reason":"Recently on-screen", "AssertionLevel":"kCLClientInUseLevelIncidentalPresence", "coming":0}
default	00:37:15.450273-0700	locationd	os_transaction created: (0x7770855e0) CLFenceDatabase::getFencesForBundleIncludingOnBehalf
default	00:37:15.450294-0700	locationd	{"msg":"#CLIUA updating AssertionRecord", "ClientKey":"icom.apple.weather:", "AssertionLevel":"kCLClientInUseLevelIncidentalPresence"}
default	00:37:15.450350-0700	locationd	{"msg":"#CLIUA AssertionRecord updated", "ClientKey":"icom.apple.weather:", "AssertionLevel":"kCLClientInUseLevelNotInUse"}
default	00:37:15.450403-0700	locationd	{"msg":"#CLIUA in-use level changed for client", "ClientKey":"icom.apple.weather:"}
default	00:37:15.450412-0700	locationd	os_transaction created: (0x777385010) CLBeaconFenceDatabase::getFencesForBundleIncludingOnBehalf
default	00:37:15.450438-0700	locationd	os_transaction releasing: (0x7770855e0) CLFenceDatabase::getFencesForBundleIncludingOnBehalf
default	00:37:15.450634-0700	locationd	os_transaction releasing: (0x777385010) CLBeaconFenceDatabase::getFencesForBundleIncludingOnBehalf
default	00:37:15.450788-0700	locationd	{"msg":"computing freshAuthorizationContext", "Client":"icom.apple.weather:", "BigSwitch":1, "InUseLevel":"kCLClientInUseLevelNotInUse"}
default	00:37:15.451117-0700	locationd	{"msg":"#AuthContext Set authorization context", "ckp":"icom.apple.weather:", "prevAuthContext":"AuthContext InUse:1  RegResult:0(0) EffectiveMask:10026111  ProvisionalMask:1572864  DiagnosticMask:0", "newAuthContext":"AuthContext InUse:0  RegResult:0(0) EffectiveMask:9501823  ProvisionalMask:1048576  DiagnosticMask:0"}
default	00:37:15.451141-0700	locationd	{"msg":"#Warning Denying process assertion", "ClientKeyPath":"icom.apple.weather:"}
default	00:37:15.451689-0700	locationd	{"msg":"#AuthContext Set authorization context", "ckp":"icom.apple.weather:", "prevAuthContext":"AuthContext InUse:1  RegResult:0(0) EffectiveMask:10026111  ProvisionalMask:1572864  DiagnosticMask:0", "newAuthContext":"AuthContext InUse:0  RegResult:0(0) EffectiveMask:9501823  ProvisionalMask:1048576  DiagnosticMask:0"}
default	00:37:15.451847-0700	locationd	{"msg":"#Warning Denying process assertion", "ClientKeyPath":"icom.apple.weather:"}
default	00:37:15.453049-0700	locationd	{"msg":"#IncidentalPrompt CLCM:InUseAssertion IncidentalPresence", "Client":"icom.kylebashour.aqi-wtf:"}
default	00:37:15.453129-0700	locationd	{"msg":"#CLIUA Marking change", "clientKey":"icom.kylebashour.aqi-wtf:", "reason":"Recently on-screen", "AssertionLevel":"kCLClientInUseLevelIncidentalPresence", "coming":1}
default	00:37:15.453161-0700	locationd	{"msg":"#CLIUA updating AssertionRecord", "ClientKey":"icom.kylebashour.aqi-wtf:", "AssertionLevel":"kCLClientInUseLevelNotInUse"}
default	00:37:15.453186-0700	locationd	{"msg":"#CLIUA AssertionRecord updated", "ClientKey":"icom.kylebashour.aqi-wtf:", "AssertionLevel":"kCLClientInUseLevelIncidentalPresence"}
default	00:37:15.453201-0700	locationd	{"msg":"#CLIUA in-use level changed for client", "ClientKey":"icom.kylebashour.aqi-wtf:"}
default	00:37:15.453418-0700	locationd	{"msg":"computing freshAuthorizationContext", "Client":"icom.kylebashour.aqi-wtf:", "BigSwitch":1, "InUseLevel":"kCLClientInUseLevelIncidentalPresence"}
default	00:37:15.453459-0700	locationd	os_transaction created: (0x7773855e0) CLFenceDatabase::getFencesForBundleIncludingOnBehalf
default	00:37:15.453753-0700	locationd	os_transaction releasing: (0x7773855e0) CLFenceDatabase::getFencesForBundleIncludingOnBehalf
default	00:37:15.453874-0700	locationd	os_transaction created: (0x777085010) CLBeaconFenceDatabase::getFencesForBundleIncludingOnBehalf
default	00:37:15.453926-0700	locationd	{"msg":"#AuthContext Set authorization context", "ckp":"icom.kylebashour.aqi-wtf:", "prevAuthContext":"AuthContext InUse:0  RegResult:0(0) EffectiveMask:9501823  ProvisionalMask:1048576  DiagnosticMask:0", "newAuthContext":"AuthContext InUse:1  RegResult:0(0) EffectiveMask:10026111  ProvisionalMask:1572864  DiagnosticMask:0"}
default	00:37:15.453938-0700	locationd	os_transaction releasing: (0x777085010) CLBeaconFenceDatabase::getFencesForBundleIncludingOnBehalf
default	00:37:15.454003-0700	locationd	{"msg":"#Warning Denying process assertion", "ClientKeyPath":"icom.kylebashour.aqi-wtf:"}
default	00:37:15.454129-0700	dasd	Registration fired for <private>
default	00:37:15.454138-0700	dasd	Dispatching call to informative registration callback for <private>
default	00:37:15.454881-0700	locationd	[0xabd453480] invalidated because the client process (pid 120) either cancelled the connection or exited
default	00:37:15.454895-0700	locationd	#Warning Location connection invalid!
default	00:37:15.455008-0700	locationd	{"msg":"CLConnection::handleDisconnection", "event":"activity"}
default	00:37:15.455022-0700	locationd	Client /System/Library/PrivateFrameworks/ChronoCore.framework/Support/chronod disconnected
default	00:37:15.455053-0700	locationd	os_transaction created: (0x7770855e0) CLFenceDatabase::getFencesForBundleIncludingOnBehalf
default	00:37:15.455090-0700	locationd	os_transaction created: (0x777385010) CLBeaconFenceDatabase::getFencesForBundleIncludingOnBehalf
default	00:37:15.455096-0700	locationd	Client /System/Library/PrivateFrameworks/ChronoCore.framework/Support/chronod connected
default	00:37:15.455127-0700	locationd	{"msg":"InUseAssertion/kCLConnectionMessage", "event":"activity", "this":"0xabd7146e0"}
default	00:37:15.455147-0700	locationd	{"msg":"CLDaemonInUseAssertion::handleMessageInUseAssertion", "event":"activity", "this":"0xabd7146e0", "message":"0xabbdd3118"}
default	00:37:15.455157-0700	locationd	os_transaction releasing: (0x7770855e0) CLFenceDatabase::getFencesForBundleIncludingOnBehalf
default	00:37:15.455219-0700	locationd	os_transaction releasing: (0x777385010) CLBeaconFenceDatabase::getFencesForBundleIncludingOnBehalf
default	00:37:15.455437-0700	locationd	[0xabd450900] activating connection: mach=false listener=false peer=true name=com.apple.locationd.registration.peer[120].0xabd450900
default	00:37:15.455667-0700	locationd	{"msg":"#CLIUA Marking change", "clientKey":"icom.kylebashour.aqi-wtf:", "reason":"Recently on-screen", "AssertionLevel":"kCLClientInUseLevelIncidentalPresence", "coming":0}
default	00:37:15.455832-0700	locationd	{"msg":"#CLIUA updating AssertionRecord", "ClientKey":"icom.kylebashour.aqi-wtf:", "AssertionLevel":"kCLClientInUseLevelIncidentalPresence"}
default	00:37:15.455857-0700	locationd	{"msg":"#CLIUA AssertionRecord updated", "ClientKey":"icom.kylebashour.aqi-wtf:", "AssertionLevel":"kCLClientInUseLevelNotInUse"}
default	00:37:15.455929-0700	locationd	{"msg":"#CLIUA in-use level changed for client", "ClientKey":"icom.kylebashour.aqi-wtf:"}
default	00:37:15.456007-0700	locationd	{"msg":"computing freshAuthorizationContext", "Client":"icom.kylebashour.aqi-wtf:", "BigSwitch":1, "InUseLevel":"kCLClientInUseLevelNotInUse"}
default	00:37:15.456218-0700	locationd	{"msg":"#AuthContext Set authorization context", "ckp":"icom.kylebashour.aqi-wtf:", "prevAuthContext":"AuthContext InUse:1  RegResult:0(0) EffectiveMask:10026111  ProvisionalMask:1572864  DiagnosticMask:0", "newAuthContext":"AuthContext InUse:0  RegResult:0(0) EffectiveMask:9501823  ProvisionalMask:1048576  DiagnosticMask:0"}
default	00:37:15.456249-0700	locationd	{"msg":"#Warning Denying process assertion", "ClientKeyPath":"icom.kylebashour.aqi-wtf:"}
default	00:37:15.456783-0700	locationd	{"msg":"#IncidentalPrompt CLCM:InUseAssertion IncidentalPresence", "Client":"icom.kylebashour.aqi-wtf:"}
default	00:37:15.456949-0700	locationd	{"msg":"#CLIUA Marking change", "clientKey":"icom.kylebashour.aqi-wtf:", "reason":"Recently on-screen", "AssertionLevel":"kCLClientInUseLevelIncidentalPresence", "coming":1}
default	00:37:15.457029-0700	locationd	{"msg":"#CLIUA updating AssertionRecord", "ClientKey":"icom.kylebashour.aqi-wtf:", "AssertionLevel":"kCLClientInUseLevelNotInUse"}
default	00:37:15.457182-0700	locationd	{"msg":"#CLIUA AssertionRecord updated", "ClientKey":"icom.kylebashour.aqi-wtf:", "AssertionLevel":"kCLClientInUseLevelIncidentalPresence"}
default	00:37:15.457201-0700	locationd	{"msg":"#CLIUA in-use level changed for client", "ClientKey":"icom.kylebashour.aqi-wtf:"}
default	00:37:15.457300-0700	locationd	os_transaction created: (0x7773855e0) CLFenceDatabase::getFencesForBundleIncludingOnBehalf
default	00:37:15.457488-0700	locationd	os_transaction created: (0x777085010) CLBeaconFenceDatabase::getFencesForBundleIncludingOnBehalf
default	00:37:15.457499-0700	locationd	os_transaction releasing: (0x7773855e0) CLFenceDatabase::getFencesForBundleIncludingOnBehalf
default	00:37:15.457628-0700	locationd	{"msg":"computing freshAuthorizationContext", "Client":"icom.kylebashour.aqi-wtf:", "BigSwitch":1, "InUseLevel":"kCLClientInUseLevelIncidentalPresence"}
default	00:37:15.457638-0700	locationd	os_transaction releasing: (0x777085010) CLBeaconFenceDatabase::getFencesForBundleIncludingOnBehalf
default	00:37:15.457911-0700	locationd	{"msg":"#AuthContext Set authorization context", "ckp":"icom.kylebashour.aqi-wtf:", "prevAuthContext":"AuthContext InUse:0  RegResult:0(0) EffectiveMask:9501823  ProvisionalMask:1048576  DiagnosticMask:0", "newAuthContext":"AuthContext InUse:1  RegResult:0(0) EffectiveMask:10026111  ProvisionalMask:1572864  DiagnosticMask:0"}
default	00:37:15.457937-0700	locationd	{"msg":"#Warning Denying process assertion", "ClientKeyPath":"icom.kylebashour.aqi-wtf:"}
default	00:37:15.458817-0700	locationd	Client /System/Library/PrivateFrameworks/ChronoCore.framework/Support/chronod connected
default	00:37:15.458830-0700	locationd	os_transaction created: (0x7770855e0) CLFenceDatabase::getFencesForBundleIncludingOnBehalf
default	00:37:15.458879-0700	locationd	{"msg":"InUseAssertion/kCLConnectionMessage", "event":"activity", "this":"0xabd714960"}
default	00:37:15.458911-0700	locationd	{"msg":"CLDaemonInUseAssertion::handleMessageInUseAssertion", "event":"activity", "this":"0xabd714960", "message":"0xabbdd29a8"}
default	00:37:15.458920-0700	locationd	os_transaction created: (0x777385010) CLBeaconFenceDatabase::getFencesForBundleIncludingOnBehalf
default	00:37:15.458931-0700	locationd	os_transaction releasing: (0x7770855e0) CLFenceDatabase::getFencesForBundleIncludingOnBehalf
default	00:37:15.458967-0700	locationd	os_transaction releasing: (0x777385010) CLBeaconFenceDatabase::getFencesForBundleIncludingOnBehalf
default	00:37:15.459142-0700	useractivityd	Received state update for 11174 (app<com.groundeffectsoftware.AnxietyWatch(3A076A8F-336D-4BCB-ACE2-64C6E80D0E3A)>, none-NotVisible
default	00:37:15.459587-0700	locationd	{"msg":"#IncidentalPrompt CLCM:InUseAssertion IncidentalPresence", "Client":"icom.apple.weather:"}
default	00:37:15.459734-0700	locationd	{"msg":"#CLIUA Marking change", "clientKey":"icom.apple.weather:", "reason":"Recently on-screen", "AssertionLevel":"kCLClientInUseLevelIncidentalPresence", "coming":1}
default	00:37:15.459805-0700	locationd	{"msg":"#CLIUA updating AssertionRecord", "ClientKey":"icom.apple.weather:", "AssertionLevel":"kCLClientInUseLevelNotInUse"}
default	00:37:15.459830-0700	locationd	{"msg":"#CLIUA AssertionRecord updated", "ClientKey":"icom.apple.weather:", "AssertionLevel":"kCLClientInUseLevelIncidentalPresence"}
default	00:37:15.459846-0700	locationd	{"msg":"#CLIUA in-use level changed for client", "ClientKey":"icom.apple.weather:"}
default	00:37:15.459914-0700	locationd	{"msg":"computing freshAuthorizationContext", "Client":"icom.apple.weather:", "BigSwitch":1, "InUseLevel":"kCLClientInUseLevelIncidentalPresence"}
default	00:37:15.460103-0700	locationd	{"msg":"#AuthContext Set authorization context", "ckp":"icom.apple.weather:", "prevAuthContext":"AuthContext InUse:0  RegResult:0(0) EffectiveMask:9501823  ProvisionalMask:1048576  DiagnosticMask:0", "newAuthContext":"AuthContext InUse:1  RegResult:0(0) EffectiveMask:10026111  ProvisionalMask:1572864  DiagnosticMask:0"}
default	00:37:15.460131-0700	locationd	{"msg":"#Warning Denying process assertion", "ClientKeyPath":"icom.apple.weather:"}
default	00:37:15.460917-0700	locationd	{"msg":"#AuthContext Set authorization context", "ckp":"icom.apple.weather:", "prevAuthContext":"AuthContext InUse:0  RegResult:0(0) EffectiveMask:9501823  ProvisionalMask:1048576  DiagnosticMask:0", "newAuthContext":"AuthContext InUse:1  RegResult:0(0) EffectiveMask:10026111  ProvisionalMask:1572864  DiagnosticMask:0"}
default	00:37:15.460946-0700	locationd	{"msg":"#Warning Denying process assertion", "ClientKeyPath":"icom.apple.weather:"}
default	00:37:15.461993-0700	locationd	os_transaction created: (0x7773855e0) CLFenceDatabase::getFencesForBundleIncludingOnBehalf
default	00:37:15.462057-0700	locationd	os_transaction created: (0x777085010) CLBeaconFenceDatabase::getFencesForBundleIncludingOnBehalf
default	00:37:15.462131-0700	locationd	os_transaction releasing: (0x7773855e0) CLFenceDatabase::getFencesForBundleIncludingOnBehalf
default	00:37:15.462188-0700	locationd	os_transaction releasing: (0x777085010) CLBeaconFenceDatabase::getFencesForBundleIncludingOnBehalf
default	00:37:15.468900-0700	SpringBoard	-[SASSystemState init]_block_invoke #modes DisplayTransition called transition=<private>
default	00:37:15.469105-0700	SpringBoard	-[SASSystemState init]_block_invoke #modes Device went to sleep or went through another transition setLiftToWake:NO
default	00:37:15.469125-0700	SpringBoard	-[SASMyriadController _updateRaiseToWakeTimeForTransition:] #myriad BTLE observerCalled transition=<private>
default	00:37:15.469331-0700	SpringBoard	idleTimerDescriptorForBehavior: <SBIdleTimerBehavior: 0xc3126b510; duration: Unlocked; mode: Auto; warnMode: Warn>
default	00:37:15.470380-0700	backboardd	[ALS] ts=81871.335 lux=3.264<private> xy=(0.582 0.418) chs=[0 57 30 171 152] CCT1=653.701 gain=512x mode=<private> subsamples=24 rawLux=4.279 nits=49 xTalk=[0 3 3 4 4] status=0x9B copyEvent=0
default	00:37:15.471411-0700	backboardd	Ammolite: Lux 3.263513 (delta 2.510116 / thr 10.000000)
default	00:37:15.472695-0700	runningboardd	Calculated state for app<com.apple.chrono.WidgetRenderer-Default((null))>: running-active (role: UserInteractiveFocal) (endowments: <private>)
default	00:37:15.473126-0700	runningboardd	Inheritance changeset: <RBSInheritanceChangeSet| gained:{(
)} lost:{(
    <RBSInheritance| environment:(none) name:com.apple.frontboard.visibility origID:34-35-40104 0>,
    <RBSInheritance| environment:UIScene:com.apple.frontboard.systemappservices/com.apple.chrono:scene%3A%3AA133932C-59E9-49F1-B248-DA4200B68340%3A%3A0xc3bc09500 name:com.apple.frontboard.visibility origID:34-35-40133 payload 169199432604821726>,
    <RBSInheritance| environment:UIScene:com.apple.frontboard.systemappservices/com.apple.chrono:scene%3A%3A1EF11B85-53DB-4465-965B-179EEB3059D1%3A%3A0xc3bc08700 name:com.apple.frontboard.visibility origID:34-35-40135 payload 169199432604821726>,
    <RBSInheritance| environment:UIScene:com.apple.frontboard.systemappservices/com.apple.chrono:scene%3A%3AE086E1C9-8826-45EB-B996-E98FB66A918C%3A%3A0xc3bc0a300 name:com.apple.frontboard.visibility origID:34-35-40134 payload 169199432604821726>
)}>
default	00:37:15.473196-0700	chronod	Received state update for 326 (app<com.apple.chrono.WidgetRenderer-Default((null))>, running-active-Visible
default	00:37:15.473280-0700	CommCenter	Received state update for 326 (app<com.apple.chrono.WidgetRenderer-Default((null))>, running-active-Visible
default	00:37:15.473288-0700	SpringBoard	Received state update for 326 (app<com.apple.chrono.WidgetRenderer-Default((null))>, running-active-Visible
default	00:37:15.473368-0700	audiomxd	Received state update for 326 (app<com.apple.chrono.WidgetRenderer-Default((null))>, running-active-Visible
default	00:37:15.474020-0700	bluetoothd	SystemUI unknown identifier: '<private>' / '<private>'
default	00:37:15.474210-0700	bluetoothd	ScreenState changed: ActiveOn -> ActiveOn (raw 2)
default	00:37:15.474220-0700	bluetoothd	SystemUI changed: <private>, diff <private>
default	00:37:15.475290-0700	watchdogd	81871358347208: <private>
default	00:37:15.476450-0700	runningboardd	PERF: Received lookupHandleForPredicate request from [osservice<com.apple.SpringBoard>:35] (euid 501, auid 501) (persona (null))
error	00:37:15.478147-0700	dasd	Data type not yet set for stream APRSBiomeAppKillEvent, please switch to APIs that take eventDataClass as a parameter.
error	00:37:15.479096-0700	dasd	Event class '<private>' missing from NSKeyedUnarchiver allowedClasses
default	00:37:15.480166-0700	wcd	BKSApplicationStateTerminated for bundleID: com.groundeffectsoftware.AnxietyWatch
default	00:37:15.480469-0700	cfprefsd	[0xce3151380] invalidated because the client process (pid 11174) either cancelled the connection or exited
default	00:37:15.480504-0700	wcd	removing client: com.groundeffectsoftware.AnxietyWatch from list of clients {"com.audible.iphone" = "<WCDClient: 0xcf8d34a80, communicationID: com.audible.iphone, identifier: com.audible.iphone, connection: <(null)>(NO,NO), clientCurrentPairingID: EB3E34D6-C5A1-4093-BED1-96D75BB741AC>";"com.authy" = "<WCDClient: 0xcf8c55560, communicationID: com.authy, identifier: com.authy, connection: <(null)>(NO,NO), clientCurrentPairingID: EB3E34D6-C5A1-4093-BED1-96D75BB741AC>";"com.google.calendar" = "<WCDClient: 0xcf8d36580, communicationID: com.google.calendar, identifier: com.google.calendar, connection: <(null)>(NO,NO), clientCurrentPairingID: EB3E34D6-C5A1-4093-BED1-96D75BB741AC>";"com.neybox.Pillow" = "<WCDClient: 0xcf8d34de0, communicationID: com.neybox.Pillow, identifier: com.neybox.Pillow, connection: <(null)>(NO,NO), clientCurrentPairingID: EB3E34D6-C5A1-4093-BED1-96D75BB741AC>";"com.resmed.mcmyair" = "<WCDClient: 0xcf8c55620, communicationID: com.resmed.mcmyair, identifier: com.resmed.mcmyair, connection: <(null)>(NO,NO), clientCurr<…>
default	00:37:15.480545-0700	wcd	com.groundeffectsoftware.AnxietyWatch
default	00:37:15.480587-0700	wcd	com.groundeffectsoftware.AnxietyWatch, numMonitored: 0
default	00:37:15.480691-0700	wcd	Updating configuration of monitor M67-1
default	00:37:15.482248-0700	wcd	removed com.groundeffectsoftware.AnxietyWatch
default	00:37:15.483071-0700	wifid	Received state update for 326 (app<com.apple.chrono.WidgetRenderer-Default((null))>, running-active-Visible
default	00:37:15.485006-0700	watchdogd	Received state update for 326 (app<com.apple.chrono.WidgetRenderer-Default((null))>, running-active-Visible
default	00:37:15.485024-0700	watchdogd	Received state update for 11174 (app<com.groundeffectsoftware.AnxietyWatch(3A076A8F-336D-4BCB-ACE2-64C6E80D0E3A)>, none-NotVisible
default	00:37:15.485214-0700	WidgetRenderer_Default	Received state update for 326 (app<com.apple.chrono.WidgetRenderer-Default((null))>, unknown-NotVisible
default	00:37:15.485410-0700	UserEventAgent	Received state update for 11174 (app<com.groundeffectsoftware.AnxietyWatch(3A076A8F-336D-4BCB-ACE2-64C6E80D0E3A)>, none-NotVisible
default	00:37:15.485424-0700	UserEventAgent	Received state update for 326 (app<com.apple.chrono.WidgetRenderer-Default((null))>, running-active-Visible
default	00:37:15.486171-0700	symptomsd	Received state update for 11174 (app<com.groundeffectsoftware.AnxietyWatch(3A076A8F-336D-4BCB-ACE2-64C6E80D0E3A)>, none-NotVisible
default	00:37:15.486177-0700	symptomsd	Received state update for 326 (app<com.apple.chrono.WidgetRenderer-Default((null))>, running-active-Visible
default	00:37:15.486711-0700	locationd	Received state update for 326 (app<com.apple.chrono.WidgetRenderer-Default((null))>, running-active-Visible
default	00:37:15.487380-0700	dasd	Trigger: <private> is now [<private>]
default	00:37:15.487397-0700	dasd	Foreground apps changed—-<private>
default	00:37:15.488511-0700	dasd	Received state update for 326 (app<com.apple.chrono.WidgetRenderer-Default((null))>, running-active-Visible
default	00:37:15.489348-0700	IDSCredentialsAgent	Received state update for 11174 (app<com.groundeffectsoftware.AnxietyWatch(3A076A8F-336D-4BCB-ACE2-64C6E80D0E3A)>, none-NotVisible
default	00:37:15.489408-0700	IDSCredentialsAgent	Received state update for 326 (app<com.apple.chrono.WidgetRenderer-Default((null))>, running-active-Visible
default	00:37:15.489989-0700	WirelessRadioManagerd	Received state update for 326 (app<com.apple.chrono.WidgetRenderer-Default((null))>, running-active-Visible
default	00:37:15.490255-0700	gamepolicyd	Received state update for 326 (app<com.apple.chrono.WidgetRenderer-Default((null))>, running-active-NotVisible
default	00:37:15.490991-0700	useractivityd	Received state update for 326 (app<com.apple.chrono.WidgetRenderer-Default((null))>, running-active-Visible
default	00:37:15.491372-0700	wcd	Received state update for 11174 (app<com.groundeffectsoftware.AnxietyWatch(3A076A8F-336D-4BCB-ACE2-64C6E80D0E3A)>, none-NotVisible
default	00:37:15.493451-0700	locationd	Received state update for 326 (app<com.apple.chrono.WidgetRenderer-Default((null))>, running-active-Visible
default	00:37:15.494424-0700	backboardd	Received state update for 326 (app<com.apple.chrono.WidgetRenderer-Default((null))>, running-active-Visible
default	00:37:15.494436-0700	backboardd	Received state update for 11174 (app<com.groundeffectsoftware.AnxietyWatch(3A076A8F-336D-4BCB-ACE2-64C6E80D0E3A)>, none-NotVisible
default	00:37:15.495584-0700	PerfPowerServices	Received state update for 11174 (app<com.groundeffectsoftware.AnxietyWatch(3A076A8F-336D-4BCB-ACE2-64C6E80D0E3A)>, none-NotVisible
default	00:37:15.495596-0700	PerfPowerServices	Received state update for 326 (app<com.apple.chrono.WidgetRenderer-Default((null))>, running-active-Visible
default	00:37:15.496665-0700	bluetoothd	SystemUI unknown identifier: '<private>' / '<private>'
default	00:37:15.496865-0700	bluetoothd	ScreenState changed: ActiveOn -> ActiveOn (raw 2)
default	00:37:15.496916-0700	bluetoothd	SystemUI changed: <private>, diff <private>
default	00:37:15.497051-0700	audioaccessoryd	ScreenState changed: ActiveOn -> ActiveOn (raw 2)
default	00:37:15.497665-0700	kernel	ANE0: aneFirmwareCommandSend: Skip waiting for response
default	00:37:15.497677-0700	kernel	ANE0: aneFirmwareCommandSend: Skip waiting for response
default	00:37:15.497942-0700	kernel	ANE0: aneFirmwareCommandSend: Skip waiting for response
default	00:37:15.498296-0700	softwareupdateservicesd	homescreen changed: 0 -> 1
default	00:37:15.498642-0700	SpringBoard	-[SASSystemState init]_block_invoke #modes DisplayTransition called transition=<private>
default	00:37:15.498657-0700	SpringBoard	-[SASSystemState init]_block_invoke #modes Device went to sleep or went through another transition setLiftToWake:NO
default	00:37:15.498667-0700	SpringBoard	-[SASMyriadController _updateRaiseToWakeTimeForTransition:] #myriad BTLE observerCalled transition=<private>
default	00:37:15.498728-0700	SpringBoard	idleTimerDescriptorForBehavior: <SBIdleTimerBehavior: 0xc3126a220; duration: Unlocked; mode: Auto; warnMode: Warn>
default	00:37:15.501548-0700	dasd	Received state update for 326 (app<com.apple.chrono.WidgetRenderer-Default((null))>, running-active-Visible
default	00:37:15.501750-0700	wifid	Received state update for 326 (app<com.apple.chrono.WidgetRenderer-Default((null))>, running-active-Visible
default	00:37:15.502123-0700	watchdogd	Received state update for 326 (app<com.apple.chrono.WidgetRenderer-Default((null))>, running-active-Visible
default	00:37:15.502775-0700	UserEventAgent	Received state update for 326 (app<com.apple.chrono.WidgetRenderer-Default((null))>, running-active-Visible
default	00:37:15.503072-0700	symptomsd	Received state update for 326 (app<com.apple.chrono.WidgetRenderer-Default((null))>, running-active-Visible
default	00:37:15.504080-0700	IDSCredentialsAgent	Received state update for 326 (app<com.apple.chrono.WidgetRenderer-Default((null))>, running-active-Visible
default	00:37:15.504357-0700	WirelessRadioManagerd	Received state update for 326 (app<com.apple.chrono.WidgetRenderer-Default((null))>, running-active-Visible
default	00:37:15.504534-0700	gamepolicyd	Received state update for 326 (app<com.apple.chrono.WidgetRenderer-Default((null))>, running-active-NotVisible
default	00:37:15.504666-0700	useractivityd	Received state update for 326 (app<com.apple.chrono.WidgetRenderer-Default((null))>, running-active-Visible
default	00:37:15.504805-0700	ReportCrash	[0xc0d49c280] activating connection: mach=true listener=false peer=false name=com.apple.coresymbolicationd
default	00:37:15.505240-0700	wcd	Received state update for 8784 (app<com.neybox.Pillow(3A076A8F-336D-4BCB-ACE2-64C6E80D0E3A)>, running-suspended-NotVisible
default	00:37:15.505263-0700	wcd	Received state update for 660 (app<com.authy(3A076A8F-336D-4BCB-ACE2-64C6E80D0E3A)>, running-suspended-NotVisible
default	00:37:15.505270-0700	wcd	Received state update for 10709 (app<com.google.calendar(3A076A8F-336D-4BCB-ACE2-64C6E80D0E3A)>, running-suspended-NotVisible
default	00:37:15.505278-0700	wcd	Received state update for 372 (app<io.robbie.HomeAssistant(3A076A8F-336D-4BCB-ACE2-64C6E80D0E3A)>, running-suspended-NotVisible
default	00:37:15.505285-0700	wcd	Received state update for 3047 (app<com.audible.iphone(3A076A8F-336D-4BCB-ACE2-64C6E80D0E3A)>, running-suspended-NotVisible
default	00:37:15.505290-0700	wcd	Received state update for 386 (app<com.resmed.mcmyair(3A076A8F-336D-4BCB-ACE2-64C6E80D0E3A)>, running-suspended-NotVisible
default	00:37:15.506500-0700	kernel	clear_purgeability_log:1797: disk1s8 apfs_vnop_mmap : coresymbolicationd clearing purgeability on ino 136453285 (23F84 ; parent-id 35395)
default	00:37:15.506592-0700	runningboardd	PERF: Received lookupHandleForPredicate request from [osservice<com.apple.SpringBoard>:35] (euid 501, auid 501) (persona (null))
default	00:37:15.507708-0700	backboardd	Received state update for 326 (app<com.apple.chrono.WidgetRenderer-Default((null))>, running-active-Visible
default	00:37:15.508642-0700	PerfPowerServices	Received state update for 326 (app<com.apple.chrono.WidgetRenderer-Default((null))>, running-active-Visible
default	00:37:15.508822-0700	WidgetRenderer_Default	Received state update for 326 (app<com.apple.chrono.WidgetRenderer-Default((null))>, unknown-NotVisible
default	00:37:15.509032-0700	audioaccessoryd	ScreenState changed: ActiveOn -> ActiveOn (raw 2)
default	00:37:15.509104-0700	bluetoothd	ScreenState changed: ActiveOn -> ActiveOn (raw 2)
default	00:37:15.509140-0700	bluetoothd	SystemUI changed: <private>, diff <private>
default	00:37:15.509354-0700	milod	_handleULDisplayMonitorEventDisplayState: appInFocus: (null)
error	00:37:15.509833-0700	ReportCrash	Footprint changed while analyzing – attempting to adjust more owned unmapped physical footprint than is present in the process by 1802240 bytes
default	00:37:15.509852-0700	SpringBoard	-[SASSystemState init]_block_invoke #modes DisplayTransition called transition=<private>
default	00:37:15.509861-0700	SpringBoard	-[SASSystemState init]_block_invoke #modes Device went to sleep or went through another transition setLiftToWake:NO
default	00:37:15.509870-0700	SpringBoard	-[SASMyriadController _updateRaiseToWakeTimeForTransition:] #myriad BTLE observerCalled transition=<private>
default	00:37:15.509955-0700	SpringBoard	idleTimerDescriptorForBehavior: <SBIdleTimerBehavior: 0xc3126b510; duration: Unlocked; mode: Auto; warnMode: Warn>
default	00:37:15.510586-0700	SpringBoard	MRNowPlayingAudioFormatController foreground bundle id changed: (null)
default	00:37:15.511364-0700	cfprefsd	[0xc4b168300] invalidated because the client process (pid 11174) either cancelled the connection or exited
default	00:37:15.511765-0700	mediaremoted	[MRDDisplayMonitor] Layout Changed <private>
default	00:37:15.511857-0700	mediaremoted	[MRDDisplayMonitor] Layout Changed <private>
default	00:37:15.512185-0700	intelligentroutingd	#system-state-manager, [<private>], System state might have changed due to App in focus:
<private>
<private>
default	00:37:15.512480-0700	audioaccessoryd	ScreenState changed: ActiveOn -> ActiveOn (raw 2)
default	00:37:15.512907-0700	intelligentroutingd	#system-state-manager, [<private>], System state might have changed due to App in focus:
<private>
<private>
default	00:37:15.512914-0700	intelligentroutingd	#system-state-manager, [<private>], System state might have changed due to App in focus:
<private>
<private>
default	00:37:15.513025-0700	fontservicesd	[0xb5ecf9200] invalidated because the client process (pid 11174) either cancelled the connection or exited
default	00:37:15.514117-0700	biomed	ViewUpdate: Beginning update job for live [runMode: update, checkSLA: true]
default	00:37:15.514128-0700	biomed	ViewUpdate: Starting schedule run <private>
default	00:37:15.514236-0700	biomed	ViewUpdate: Initially have 4 views that may need updating
default	00:37:15.514302-0700	contextstored	Sending fired registration <private> to com.apple.coreduetd.CDDCommunicator
default	00:37:15.515373-0700	biomed	ViewUpdate: 5:AppOpeningsMatView: Beginning view update attempt
error	00:37:15.518322-0700	contextstored	Simulating crash. Reason: <private>
error	00:37:15.518445-0700	contextstored	Simulating crash. Reason: <private>
error	00:37:15.520395-0700	symptomsd	Process state is unknown AppStateTracker, pid 11174, uuid 49E9CE2C-F5AD-39A9-8D1E-8315376D559F display identifier com.groundeffectsoftware.AnxietyWatch foreground 1
default	00:37:15.521003-0700	symptomsd	com.groundeffectsoftware.AnxietyWatch: Foreground: false
error	00:37:15.521302-0700	symptomsd	COSMCtrl _foregroundAppActivity incoming bundle com.groundeffectsoftware.AnxietyWatch has nil supplied UUID, finds existing 49E9CE2C-F5AD-39A9-8D1E-8315376D559F
default	00:37:15.525974-0700	coreduetd	Registration fired for <private>
default	00:37:15.525985-0700	coreduetd	Dispatching call to informative registration callback for <private>
default	00:37:15.530060-0700	biomed	Enumerator for App.InFocus starting from <private>/<private>+0x71700
default	00:37:15.540672-0700	contextstored	Sending fired registration com.apple.ids.trafficAdmissionCheck.apps.pairedSystemContext to com.apple.ids.trafficAdmissionCheck
default	00:37:15.541313-0700	biomed	GDCComputeService: updateViewWithName called: <private>
default	00:37:15.541440-0700	biomed	GDCComputeService: updateViewWithName: request: <private> <private>
default	00:37:15.541553-0700	biomed	GDCComputeService: updateViewWithName: request: <private> <private>
default	00:37:15.541780-0700	biomed	GDCComputeService: updateViewWithName: request: <private> <private>
default	00:37:15.542838-0700	identityservicesd	Registration fired for com.apple.ids.trafficAdmissionCheck.apps.pairedSystemContext
default	00:37:15.542880-0700	identityservicesd	Dispatching call to informative registration callback for com.apple.ids.trafficAdmissionCheck.apps.pairedSystemContext
default	00:37:15.542891-0700	coreduetd	Focal App: , Previous: <private>
default	00:37:15.543587-0700	IntelligencePlatformComputeService	IntelligencePlatformComputeService: updateViewWithName AppOpeningsMatView called
default	00:37:15.544044-0700	IntelligencePlatformComputeService	IntelligencePlatformComputeService: updateViewWithName AppOpeningsMatView begining update
default	00:37:15.545042-0700	contextstored	Sending fired registration <private> to com.apple.coreduetd.CDDCommunicator
default	00:37:15.554274-0700	coreduetd	Registration fired for <private>
default	00:37:15.554322-0700	coreduetd	Dispatching call to informative registration callback for <private>
default	00:37:15.557833-0700	contextstored	Sending fired registration <private> to com.apple.duetexpertd.cdidentifier
default	00:37:15.558434-0700	coreduetd	Apps Differ: 1, Non-Apps Differ: 1
default	00:37:15.561974-0700	duetexpertd	Registration fired for <private>
default	00:37:15.562081-0700	duetexpertd	Dispatching call to informative registration callback for <private>
default	00:37:15.563663-0700	contextstored	Sending fired registration <private> to com.apple.proactive.PersonalizationPortrait
default	00:37:15.564806-0700	suggestd	Registration fired for <private>
default	00:37:15.564850-0700	suggestd	Dispatching call to informative registration callback for <private>
default	00:37:15.568742-0700	coreduetd	Focal App: , Previous:
default	00:37:15.568989-0700	coreduetd	Apps Differ: 0, Non-Apps Differ: 0
error	00:37:15.569550-0700	duetexpertd	Couldn't fetch record for bundle , error: Error Domain=NSOSStatusErrorDomain Code=-10814 UserInfo={_LSFile=<private>, _LSLine=1973, _LSFunction=<private>}
default	00:37:15.571341-0700	IntelligencePlatformComputeService	Enumerator for App.InFocus starting from <private>/<private>+0x71700
default	00:37:15.597846-0700	kernel	ANE0: aneFirmwareCommandSend: Skip waiting for response
default	00:37:15.597861-0700	kernel	ANE0: aneFirmwareCommandSend: Skip waiting for response
default	00:37:15.598014-0700	kernel	ANE0: aneFirmwareCommandSend: Skip waiting for response
default	00:37:15.602317-0700	IntelligencePlatformComputeService	ViewUpdate: <private>: Finished update
default	00:37:15.602389-0700	IntelligencePlatformComputeService	ViewUpdate: <private>: <private>: Finished update
default	00:37:15.604450-0700	IntelligencePlatformComputeService	IntelligencePlatformComputeService: update AppOpeningsMatView returning responses
default	00:37:15.605442-0700	biomed	ViewUpdate: 5:AppOpeningsMatView: View was updated
default	00:37:15.605787-0700	biomed	ViewUpdate: completed update
default	00:37:15.605806-0700	biomed	ViewUpdate: 5:AppOpeningsMatView: Ending view update attempt
default	00:37:15.606384-0700	biomed	ViewUpdate: 88:AppOpeningsRawMatView: Beginning view update attempt
default	00:37:15.609057-0700	biomed	GDCComputeService: updateViewWithName called: <private>
default	00:37:15.609076-0700	biomed	GDCComputeService: updateViewWithName: request: <private> <private>
default	00:37:15.609085-0700	biomed	GDCComputeService: updateViewWithName: request: <private> <private>
default	00:37:15.609091-0700	biomed	GDCComputeService: updateViewWithName: request: <private> <private>
default	00:37:15.609996-0700	IntelligencePlatformComputeService	IntelligencePlatformComputeService: updateViewWithName AppOpeningsRawMatView called
default	00:37:15.610455-0700	IntelligencePlatformComputeService	IntelligencePlatformComputeService: updateViewWithName AppOpeningsRawMatView begining update
default	00:37:15.665370-0700	IntelligencePlatformComputeService	Enumerator for App.InFocus starting from <private>/<private>+0x71700
default	00:37:15.672213-0700	IntelligencePlatformComputeService	ViewUpdate: <private>: Finished update
default	00:37:15.672224-0700	IntelligencePlatformComputeService	ViewUpdate: <private>: <private>: Finished update
default	00:37:15.673297-0700	IntelligencePlatformComputeService	IntelligencePlatformComputeService: update AppOpeningsRawMatView returning responses
default	00:37:15.674844-0700	biomed	ViewUpdate: 88:AppOpeningsRawMatView: View was updated
default	00:37:15.675277-0700	biomed	ViewUpdate: completed update
default	00:37:15.675379-0700	biomed	ViewUpdate: 88:AppOpeningsRawMatView: Ending view update attempt
default	00:37:15.676285-0700	biomed	ViewUpdate: 103:AppsRecentlyFocused: Beginning view update attempt
default	00:37:15.679243-0700	biomed	GDCComputeService: updateViewWithName called: <private>
default	00:37:15.679287-0700	biomed	GDCComputeService: updateViewWithName: request: <private> <private>
default	00:37:15.679330-0700	biomed	GDCComputeService: updateViewWithName: request: <private> <private>
default	00:37:15.679435-0700	biomed	GDCComputeService: updateViewWithName: request: <private> <private>
default	00:37:15.680330-0700	IntelligencePlatformComputeService	IntelligencePlatformComputeService: updateViewWithName AppsRecentlyFocused called
default	00:37:15.680582-0700	IntelligencePlatformComputeService	IntelligencePlatformComputeService: updateViewWithName AppsRecentlyFocused begining update
default	00:37:15.685872-0700	IntelligencePlatformComputeService	Enumerator for App.InFocus starting from <private>/<private>+0x71700
default	00:37:15.694150-0700	IntelligencePlatformComputeService	ViewUpdate: <private>: Finished update
default	00:37:15.694180-0700	IntelligencePlatformComputeService	ViewUpdate: <private>: <private>: Finished update
default	00:37:15.695533-0700	IntelligencePlatformComputeService	IntelligencePlatformComputeService: update AppsRecentlyFocused returning responses
default	00:37:15.697134-0700	biomed	ViewUpdate: 103:AppsRecentlyFocused: View was updated
default	00:37:15.697968-0700	kernel	ANE0: aneFirmwareCommandSend: Skip waiting for response
default	00:37:15.697983-0700	kernel	ANE0: aneFirmwareCommandSend: Skip waiting for response
default	00:37:15.698262-0700	kernel	ANE0: aneFirmwareCommandSend: Skip waiting for response
default	00:37:15.698658-0700	biomed	ViewUpdate: completed update
default	00:37:15.698760-0700	biomed	ViewUpdate: 103:AppsRecentlyFocused: Ending view update attempt
default	00:37:15.700886-0700	biomed	ViewUpdate: 120:LastCallMatView: Beginning view update attempt
default	00:37:15.704360-0700	biomed	GDCComputeService: updateViewWithName called: <private>
default	00:37:15.704377-0700	biomed	GDCComputeService: updateViewWithName: request: <private> <private>
default	00:37:15.704387-0700	biomed	GDCComputeService: updateViewWithName: request: <private> <private>
default	00:37:15.704399-0700	biomed	GDCComputeService: updateViewWithName: request: <private> <private>
default	00:37:15.705373-0700	IntelligencePlatformComputeService	IntelligencePlatformComputeService: updateViewWithName LastCallMatView called
default	00:37:15.705717-0700	IntelligencePlatformComputeService	IntelligencePlatformComputeService: updateViewWithName LastCallMatView begining update
default	00:37:15.712328-0700	IntelligencePlatformComputeService	Enumerator for App.InFocus starting from <private>/<private>+0x71700
default	00:37:15.717978-0700	IntelligencePlatformComputeService	ViewUpdate: <private>: Finished update
default	00:37:15.718219-0700	IntelligencePlatformComputeService	ViewUpdate: <private>: <private>: Finished update
default	00:37:15.719208-0700	IntelligencePlatformComputeService	IntelligencePlatformComputeService: update LastCallMatView returning responses
default	00:37:15.719933-0700	backboardd	[ALS] ts=81871.585 lux=5.595<private> xy=(0.551 0.449) chs=[0 70 99 226 172] CCT1=1087.787 gain=512x mode=<private> subsamples=24 rawLux=7.876 nits=49 xTalk=[1 7 7 8 10] status=0x9B copyEvent=0
default	00:37:15.721029-0700	backboardd	Ammolite: Lux 5.595189 (delta 4.841793 / thr 10.000000)
default	00:37:15.721924-0700	biomed	ViewUpdate: 120:LastCallMatView: View was updated
default	00:37:15.722067-0700	biomed	ViewUpdate: completed update
default	00:37:15.722101-0700	biomed	ViewUpdate: 120:LastCallMatView: Ending view update attempt
default	00:37:15.722320-0700	biomed	ViewUpdate: Finished update job for live
default	00:37:15.729398-0700	mediaremoted	[MRDRRC].IFM always using dynamicEligibility check
default	00:37:15.729692-0700	mediaremoted	[MRDRRC].MBM querying: (0)
default	00:37:15.743408-0700	mediaremoted	[MRDRRC].MBM missing: (0)
default	00:37:15.767951-0700	SpringBoard	[CLIoHidInterface] Property for usage pair {65280, 9}: {GyroProperties = {
    GyroFactoryMode = 0;
    GyroMeasurementRange = 2000;
    GyroXAxisOffset = 0;
    GyroYAxisOffset = 0;
    GyroZAxisOffset = 0;
}} was set successfully
default	00:37:15.768142-0700	backboardd	0x10000076e: set report interval:1000000 client:E4EF7A11-475F-4AB6-8925-86EC3C39B40B
default	00:37:15.769412-0700	SpringBoard	[CLIoHidInterface] Property for usage pair {65280, 9}: {ReportInterval = 1000000} was set successfully
default	00:37:15.769752-0700	SpringBoard	[CLIoHidInterface] Property for usage pair {65280, 9}: {GyroExtLevelTriggerSync = 0} was set successfully
default	00:37:15.769781-0700	SpringBoard	[CLIoHidInterface] Property for usage pair {65280, 9}: {BatchInterval = 15000} was set successfully
default	00:37:15.769829-0700	backboardd	0x10000076e: set batch interval:15000 client:E4EF7A11-475F-4AB6-8925-86EC3C39B40B
default	00:37:15.797684-0700	kernel	ANE0: aneFirmwareCommandSend: Skip waiting for response
default	00:37:15.797691-0700	kernel	ANE0: aneFirmwareCommandSend: Skip waiting for response
default	00:37:15.797929-0700	kernel	ANE0: aneFirmwareCommandSend: Skip waiting for response
default	00:37:15.816540-0700	kernel	wlan0:com.apple.p2p.awdl0: isInfraRealtimePacketThresholdAllowed allowed:1 option:32 threshold:50 noRegistrations:1 cachedPeerCount:0 fastDiscoveryInactive:1 fastDiscoveryOnSince:81871699
default	00:37:15.816557-0700	kernel	wlan0:com.apple.p2p.awdl0: currentInfraTrafficType:9274 checking if realtime upgrade required with inputPackets:1 outputPackets:1 packetThreshold:50
default	00:37:15.816567-0700	kernel	wlan0:com.apple.p2p.awdl0: monitorInfraTraffic[9396] Infra Traffic type has changed from Real Time to None. AWDL is Off
default	00:37:15.897349-0700	kernel	ANE0: aneFirmwareCommandSend: Skip waiting for response
default	00:37:15.897391-0700	kernel	ANE0: aneFirmwareCommandSend: Skip waiting for response
default	00:37:15.897680-0700	kernel	ANE0: aneFirmwareCommandSend: Skip waiting for response
default	00:37:15.967307-0700	SpringBoard	[CLIoHidInterface] Property for usage pair {65280, 9}: {GyroProperties = {
    GyroFactoryMode = 0;
    GyroMeasurementRange = 2000;
    GyroXAxisOffset = 0;
    GyroYAxisOffset = 0;
    GyroZAxisOffset = 0;
}} was set successfully
default	00:37:15.967431-0700	SpringBoard	[CLIoHidInterface] Property for usage pair {65280, 9}: {ReportInterval = 1000000} was set successfully
default	00:37:15.967494-0700	backboardd	0x10000076e: set report interval:1000000 client:E4EF7A11-475F-4AB6-8925-86EC3C39B40B
default	00:37:15.967503-0700	SpringBoard	[CLIoHidInterface] Property for usage pair {65280, 9}: {GyroExtLevelTriggerSync = 0} was set successfully
default	00:37:15.967567-0700	backboardd	0x10000076e: set batch interval:15000 client:E4EF7A11-475F-4AB6-8925-86EC3C39B40B
default	00:37:15.967587-0700	SpringBoard	[CLIoHidInterface] Property for usage pair {65280, 9}: {BatchInterval = 15000} was set successfully
default	00:37:15.970429-0700	backboardd	[ALS] ts=81871.835 lux=5.678<private> xy=(0.542 0.458) chs=[0 105 78 240 214] CCT1=1336.981 gain=512x mode=<private> subsamples=24 rawLux=7.959 nits=49 xTalk=[1 7 7 8 10] status=0x9B copyEvent=0
default	00:37:15.971530-0700	backboardd	Ammolite: Lux 5.677811 (delta 4.924415 / thr 10.000000)
error	00:37:15.984039-0700	ReportCrash	Footprint changed while analyzing – attempting to adjust more owned unmapped physical footprint than is present in the process by 1802240 bytes
default	00:37:15.997149-0700	kernel	ANE0: aneFirmwareCommandSend: Skip waiting for response
default	00:37:15.997163-0700	kernel	ANE0: aneFirmwareCommandSend: Skip waiting for response
default	00:37:15.997399-0700	kernel	ANE0: aneFirmwareCommandSend: Skip waiting for response
default	00:37:16.027098-0700	SpringBoard	[CLIoHidInterface] Property for usage pair {65280, 9}: {GyroProperties = {
    GyroFactoryMode = 0;
    GyroMeasurementRange = 2000;
    GyroXAxisOffset = 0;
    GyroYAxisOffset = 0;
    GyroZAxisOffset = 0;
}} was set successfully
default	00:37:16.027390-0700	backboardd	0x10000076e: set report interval:0 client:E4EF7A11-475F-4AB6-8925-86EC3C39B40B
default	00:37:16.028364-0700	SpringBoard	[CLIoHidInterface] Property for usage pair {65280, 9}: {ReportInterval = 0} was set successfully
default	00:37:16.028589-0700	SpringBoard	[CLIoHidInterface] Property for usage pair {65280, 9}: {GyroExtLevelTriggerSync = 0} was set successfully
default	00:37:16.028702-0700	backboardd	0x10000076e: set batch interval:15000 client:E4EF7A11-475F-4AB6-8925-86EC3C39B40B
default	00:37:16.028774-0700	SpringBoard	[CLIoHidInterface] Property for usage pair {65280, 9}: {BatchInterval = 15000} was set successfully
default	00:37:16.029052-0700	SpringBoard	{"msg":"CLGyroBiasEstimatorClientRemote::unregisterWithGyroBiasEstimatorPrivate", "event":"activity", "client":"0xc306c8b40"}
default	00:37:16.029102-0700	SpringBoard	[0xc31cef840] invalidated because the current process cancelled the connection by calling xpc_connection_cancel()
default	00:37:16.029216-0700	locationd	[0xabd450f00] invalidated because the client process (pid 35) either cancelled the connection or exited
default	00:37:16.029234-0700	locationd	#Warning Location connection invalid!
default	00:37:16.029275-0700	locationd	{"msg":"CLConnection::handleDisconnection", "event":"activity"}
default	00:37:16.029328-0700	locationd	Client icom.apple.springboard: disconnected
default	00:37:16.029335-0700	locationd	os_transaction released: (<private>) <private>
default	00:37:16.030112-0700	locationd	[CLGBE] SPUEnabled,0,BuildingGYTT,0,NumClients,0
error	00:37:16.087342-0700	ReportCrash	Footprint changed while analyzing – attempting to adjust more owned unmapped physical footprint than is present in the process by 1802240 bytes
default	00:37:16.089029-0700	ReportCrash	[0xc0bf51180] Session created.
default	00:37:16.089042-0700	ReportCrash	[0xc0bf51180] Session created with Mach Service: <private>
default	00:37:16.089054-0700	ReportCrash	[0xc0d49c640] activating connection: mach=true listener=false peer=false name=com.apple.diagnosticservicesd
default	00:37:16.089107-0700	ReportCrash	[0xc0bf51180] Session activated
default	00:37:16.090001-0700	diagnosticservicesd	[0xd68c3c5f0] Session created.
default	00:37:16.090043-0700	diagnosticservicesd	[0xd68c68000] activating connection: mach=false listener=false peer=true name=com.apple.diagnosticservicesd.peer[3384].0xd68c68000
default	00:37:16.090090-0700	diagnosticservicesd	[0xd68c3c5f0] Session activated
default	00:37:16.090444-0700	diagnosticservicesd	Initializing TRIClient. Trial version: TrialXP_ClientFramework-474.2.18.2
default	00:37:16.090926-0700	diagnosticservicesd	Finished lazy initialization of TRIClient
default	00:37:16.096649-0700	kernel	ANE0: aneFirmwareCommandSend: Skip waiting for response
default	00:37:16.096658-0700	kernel	ANE0: aneFirmwareCommandSend: Skip waiting for response
default	00:37:16.096863-0700	kernel	ANE0: aneFirmwareCommandSend: Skip waiting for response
default	00:37:16.097656-0700	diagnosticservicesd	Using Trial payload at <private> for <private> in namespace DIAGNOSTIC_PATTERN_MATCHING_CRASH
error	00:37:16.097955-0700	diagnosticservicesd	Successfully parsed payload for <private> in namespace DIAGNOSTIC_PATTERN_MATCHING_CRASH as type CrashPatternDefinition. Count = 2
default	00:37:16.098397-0700	ReportCrash	Received response: <private>
default	00:37:16.098421-0700	ReportCrash	[0xc0d49c640] invalidated because the current process cancelled the connection by calling xpc_connection_cancel()
default	00:37:16.098429-0700	ReportCrash	[0xc0bf51180] Session canceled.
default	00:37:16.098577-0700	ReportCrash	[0xc0bf51180] Disposing of session
default	00:37:16.098622-0700	diagnosticservicesd	[0xd68c68000] invalidated because the client process (pid 3384) either cancelled the connection or exited
default	00:37:16.098633-0700	diagnosticservicesd	[0xd68c3c5f0] Connection invalidation received
default	00:37:16.098639-0700	diagnosticservicesd	[0xd68c3c5f0] Session canceled.
default	00:37:16.098644-0700	diagnosticservicesd	[0xd68c3c5f0] Disposing of session
default	00:37:16.103890-0700	ReportCrash	Formulating fatal 309 report for corpse[11174] AnxietyWatch
default	00:37:16.104027-0700	ReportCrash	CFBundle URL refined <private> to <private>
default	00:37:16.104389-0700	ReportCrash	loadStoreInfo [platform 2] com.groundeffectsoftware.AnxietyWatch from file:///private/var/containers/Bundle/Application/75D10D57-B2FB-41B5-9784-F91DBB9A6D3B/AnxietyWatch.app/
default	00:37:16.105094-0700	ReportCrash	unable to retrieve storeCohort: <private>
default	00:37:16.105237-0700	ReportCrash	post-exception thread qos drop 21 -> 17
default	00:37:16.105410-0700	ReportCrash	[0xc0d49cf00] Connection returned listener port: 0x7c33
default	00:37:16.105418-0700	ReportCrash	[0xc0d49cf00] activating connection: mach=false listener=true peer=false name=(anonymous)
default	00:37:16.105426-0700	ReportCrash	[0xc0d49c640] activating connection: mach=true listener=false peer=false name=com.apple.osanalytics.osanalyticshelper
default	00:37:16.105747-0700	ReportCrash	C1. request '309' report service via XPC/osanalyticshelper
default	00:37:16.106496-0700	kernel	Corpse released, count at 0
default	00:37:16.107018-0700	osanalyticshelper	[0xd02ca0900] activating connection: mach=false listener=false peer=true name=com.apple.osanalytics.osanalyticshelper.peer[3384].0xd02ca0900
default	00:37:16.107470-0700	osanalyticshelper	S1. helper service invoked for '<private>' report creation on behalf of <private>
default	00:37:16.107634-0700	osanalyticshelper	Received log event: <private>
default	00:37:16.107803-0700	osanalyticshelper	S2. helper service creating file
default	00:37:16.108876-0700	osanalyticshelper	creating type 309 as /private/var/containers/Shared/SystemGroup/systemgroup.com.apple.osanalytics/DiagnosticReports/.AnxietyWatch-2026-07-19-003716.ips
default	00:37:16.110034-0700	osanalyticshelper	S3. helper service utilizing back-channel with file descriptor for payload
default	00:37:16.110049-0700	osanalyticshelper	[0xd02c7cb40] activating connection: mach=false listener=false peer=false name=(anonymous)
default	00:37:16.110224-0700	ReportCrash	[0xc0d23c180] activating connection: mach=false listener=false peer=true name=com.apple.xpc.anonymous.0xc0d49cf00.peer[8850].0xc0d23c180
default	00:37:16.111552-0700	ReportCrash	[0xc0d49c8c0] activating connection: mach=true listener=false peer=false name=com.apple.commcenter.xpc
default	00:37:16.111952-0700	CommCenter	#I Connection from pid 3384
default	00:37:16.111994-0700	CommCenter	[0x8422c9f80] activating connection: mach=false listener=false peer=true name=com.apple.commcenter.xpc.peer[3384].0x8422c9f80
default	00:37:16.112188-0700	CommCenter	#I Connection from pid 3384[<private>] is named '<private>'
default	00:37:16.112195-0700	CommCenter	(3384)[<private>] request: <private>, expects reply.
default	00:37:16.112200-0700	CommCenter	(3384)[<private>] reply to request 'kRadioModuleGetProperty
default	00:37:16.112282-0700	ReportCrash	[0xc0d49c8c0] invalidated because the current process cancelled the connection by calling xpc_connection_cancel()
default	00:37:16.112354-0700	ReportCrash	#I Connection (com.apple.mobilegestalt) invalidated
default	00:37:16.112376-0700	CommCenter	[0x8422c9f80] invalidated because the client process (pid 3384) either cancelled the connection or exited
default	00:37:16.112385-0700	CommCenter	#I Connection from pid 3384 has closed
default	00:37:16.113903-0700	osanalyticshelper	S5. helper service recieved back-channel payload write result: 1
default	00:37:16.114027-0700	ReportCrash	[0xc0d23c180] invalidated because the client process (pid 8850) either cancelled the connection or exited
default	00:37:16.114062-0700	kernel	ACMTRM: _onEnvGet: get Env(7) succeeded -> 1.
default	00:37:16.114176-0700	osanalyticshelper	[0xd02c7cb40] invalidated after the last release of the connection object
default	00:37:16.117316-0700	osanalyticshelper	Saved type '309(<private>)' report (11 of max 25) at /private/var/containers/Shared/SystemGroup/systemgroup.com.apple.osanalytics/DiagnosticReports/AnxietyWatch-2026-07-19-003716.ips
default	00:37:16.123951-0700	osanalyticshelper	Log write succeeded: <private>
default	00:37:16.124027-0700	osanalyticshelper	S6. helper service complete with final result 1
default	00:37:16.124052-0700	osanalyticshelper	xpc log creation type 309 result success: /private/var/containers/Shared/SystemGroup/systemgroup.com.apple.osanalytics/DiagnosticReports/AnxietyWatch-2026-07-19-003716.ips
default	00:37:16.124073-0700	ReportCrash	C6. report request completed: <private>
default	00:37:16.124192-0700	ReportCrash	client log create type 309 result success: /private/var/containers/Shared/SystemGroup/systemgroup.com.apple.osanalytics/DiagnosticReports/AnxietyWatch-2026-07-19-003716.ips
default	00:37:16.124288-0700	ReportCrash	[0xc0d49cf00] invalidated after the last release of the connection object
default	00:37:16.124299-0700	ReportCrash	[0xc0d49c640] invalidated after the last release of the connection object
default	00:37:16.124331-0700	osanalyticshelper	[0xd02ca0900] invalidated because the client process (pid 3384) either cancelled the connection or exited
error	00:37:16.125121-0700	ReportCrash	Failed to create bundle record for bundleID <private> and error <private>
default	00:37:16.125144-0700	ReportCrash	com.groundeffectsoftware.AnxietyWatch is not a MetricKit client
default	00:37:16.125953-0700	ReportCrash	[0xc0d49c640] activating connection: mach=true listener=false peer=false name=com.apple.biome.access.system
default	00:37:16.126552-0700	biomed	Incoming connection from ReportCrash(3384)
default	00:37:16.126710-0700	biomed	[0x7deeb6880] activating connection: mach=false listener=false peer=true name=com.apple.biome.access.system.peer[3384].0x7deeb6880
default	00:37:16.129518-0700	ReportCrash	[0xc0d49c640] invalidated because the current process cancelled the connection by calling xpc_connection_cancel()
default	00:37:16.129559-0700	biomed	[0x7deeb6880] invalidated because the client process (pid 3384) either cancelled the connection or exited
default	00:37:16.129693-0700	ReportCrash	recordCrashEvent; isBeta 0, log: '/private/var/containers/Shared/SystemGroup/systemgroup.com.apple.osanalytics/DiagnosticReports/AnxietyWatch-2026-07-19-003716.ips'
default	00:37:16.129704-0700	ReportCrash	Initializing TRIClient. Trial version: TrialXP_ClientFramework-474.2.18.2
default	00:37:16.132481-0700	ReportCrash	Finished lazy initialization of TRIClient
default	00:37:16.148921-0700	kernel	InfraPeers: Added unicast peer to database 64:CB:E9:33:A4:54 (total peers: 4)
default	00:37:16.166948-0700	SpringBoard	<SBHWidgetStackViewController:0xc3ce69200> Scroll view _restingContentOffset:<private> for pageSize:<private> contentSize:<private>
default	00:37:16.172277-0700	SpringBoard	<SBHWidgetStackViewController:0xc3cdf1200> Scroll view _restingContentOffset:<private> for pageSize:<private> contentSize:<private>
default	00:37:16.176107-0700	SpringBoard	<SBHWidgetStackViewController:0xc3ce6b600> Scroll view _restingContentOffset:<private> for pageSize:<private> contentSize:<private>
default	00:37:16.190037-0700	kernel	wlan0:com.apple.p2p.en0: IO80211PeerManager::reportDataPathEvents APPLE80211_M_RSSI_CHANGED RSSI -42 noise -89 snr 23. Core0Rssi:-42 Core1Rssi:0
default	00:37:16.190475-0700	wifid	__WiFiDeviceProcessRSSIEvent Feeding RSSI data to LQM - RSSI:-42 Core0-RSSI:-42 Core1-RSSI:0
default	00:37:16.191242-0700	wifid	__WiFiDeviceManagerEvaluateAPEnvironment: WiFiRoam : BSS List info for network : snorper : chanCount5GHz: [6] chanCount24GHz: [3] chanCount6GHz: [0]
default	00:37:16.191255-0700	wifid	__WiFiDeviceManagerEvaluateAPEnvironment: WiFiRoam : AP environment is Multi AP for snorper(c2:a7:31:94:c7:a3). Last applied environment is Multi AP. Early exit ? : [0]. augmented from scan results ? : [1]
default	00:37:16.192913-0700	wifid	__WiFiLQAMgrLogStats(<redacted>:Stationary): InfraUptime:15254.9secs Channel: 40 Bandwidth: 80Mhz Rssi: -42 {-42 0} Cca: 2 (S:0 O:0 I:1) Snr: 23 BcnPer: 67.3% (49, 63.9%) TxFrameCnt: 6 TxPer: 0.0% TxReTrans: 0 TxRetryRatio: 0.0% RxFrameCnt: 10 RxRetryFrames: 0 RxRetryRatio: 0.0% TxRate: 1200950 RxRate: 1134230 FBRate: 720580 TxFwFrms: 14 TxFwFail: 6 Noise: -89 {-89 -91 -2} time: 96.3secs fgApp: <private> V: T Band: 5GHz
default	00:37:16.193558-0700	wifid	__WiFiLQAMgrLogRoamCache: CurrentBSS {snorper - c2:a7:31:94:c7:a3} {-37 dbm, 2, 3159 ms edgeBSS} RoamCache - {{ba:a7:31:94:c7:a2, RSSI: -41 dBm, CH: 153, Flags: 18, Age: 3159 ms}{ba:a7:31:94:c0:cf, RSSI: -58 dBm, CH: 40, Flags: 18, Age: 5 ms}{c2:a7:31:94:c0:c0, RSSI: -47 dBm, CH: 9, Flags: 10, Age: 3159 ms}{c2:a7:31:94:c7:a3, RSSI: -37 dBm, CH: 40, Flags: 18, Age: 5 ms}{ba:a7:31:94:c7:a2, RSSI: -41 dBm, CH: 153, Flags: 18, Age: 3159 ms}{c2:a7:31:94:c0:c0, RSSI: -47 dBm, CH: 9, Flags: 10, Age: 3159 ms}}, , CacheAge: 5997.01, Valid: YES
error	00:37:16.193582-0700	wifid	LQM-WiFi: WeightAvgLQM rssi=-42 snr=21 txRate=972402 rxRate=1134230
error	00:37:16.193594-0700	wifid	LQM-WiFi:  (HighBand) rxCrsGlitch=0 rxBphyCrsGlitch=0 rxStart=219 rxBadPLCP=0 rxBphyBadPLCP=0 rxBadFCS=2 rxFifo0Ovfl=0 rxFifo1Ovfl=0 rx_nobuf=0 rxAnyErr=32 rxResponseTimeout=50 rxNoDelim=13 rxFrmTooLong=0 rxFrmTooShort=1
error	00:37:16.193602-0700	wifid	LQM-WiFi: (HighBand) txRTSFrm=10 txRTSFail=0 rxCTSUcast=5 rxRTSUcast=4 txCTSFrm=4 txAMPDU=5 rxBACK=5 txPhyError=0 txAllFrm=76 txMPDU=1 txUcast=57 rxACKUcast=7 OfdmDesense=12 dB
error	00:37:16.194852-0700	wifid	LQM-WiFi: (HighBand) rxBeaconMbss=17 rxBeaconObss=6 rxDataUcastMbss=5 rxMgmtUcastMbss=1 rxCNTRLUcast=21 txACKFrm=1 txBACK=4 ctxFifoFull=0 ctxFifo2Full=0 rxDataMcast=2 rxMgmtMcast=23 rxDrop20s=0
error	00:37:16.194885-0700	wifid	LQM-WiFi: RX AMPDU (HighBand) rxAmpdu=4 txBACK(Ucode)=4 rxMpduInAmpdu=5 rxholes=0 rxdup=0 rxstuck=0 rxoow=0 rxoos=0 rxaddbareq=0 txaddbaresp=0 rxbar=0 txdelba=0 rxdelba=0 rxQueued=0 rxRetryNoBA=0
error	00:37:16.194895-0700	wifid	LQM-WiFi: WME RX MPDUs (rxPER 0 %) in tids 0:5, 1:0, 2:0, 3:0, 4:0, 5:0, 6:0, 7:0
error	00:37:16.194907-0700	wifid	LQM-WiFi:  (HighBand) rxToss=0 rxLastTossRsn=39 rxNoFrag=0 rxNoCmplId=0 rxNoHaddr=0 rxMulti=1 rxUndec=0
error	00:37:16.194921-0700	wifid	LQM-WiFi: TX(00:00:00:00:00:00) AC<SU MS NB NRS NA CM EX TF FFP MRET FLE> BE<6 0 0 0 0 0 0 0 0 0 0> (4996ms)
error	00:37:16.194933-0700	wifid	LQM-WiFi: TX(00:00:00:00:00:00) AC<SU MS NB NRS NA CM EX TF FFP MRET FLE> BK<0 0 0 0 0 0 0 0 0 0 0> (4996ms)
error	00:37:16.195166-0700	wifid	LQM-WiFi: TX(00:00:00:00:00:00) AC<SU MS NB NRS NA CM EX TF FFP MRET FLE> VI<0 0 0 0 0 0 0 0 0 0 0> (4996ms)
error	00:37:16.195173-0700	wifid	LQM-WiFi: TX(00:00:00:00:00:00) AC<SU MS NB NRS NA CM EX TF FFP MRET FLE> VO<0 0 0 0 0 0 0 0 0 0 0> (4996ms)
error	00:37:16.195179-0700	wifid	LQM-WiFi: L3 Control VO TX(00:00:00:00:00:00) Success=0 NoACK=0 Expired=0 OtherErr=0
default	00:37:16.195188-0700	wifid	WiFiDeviceManagerGetAppState: app state for DPS action : Foreground isAnyAppInFG:yes isFTactive:no isLatencySensitiveAppActive:yes
error	00:37:16.195292-0700	wifid	__WiFiLQAMgrCheckForPossibleRoam waitForRoam: 1, plausibleRoamCandidateFound: 0, lastScanAge: 5997.01, largeNetworkEnvironment: 0, isRealTimeApplication: 0, isEdgeBss: 1
default	00:37:16.195429-0700	wifid	WiFiLQAMgrCopyCoalescedUndispatchedLQMEvent: Rssi: -42 Snr:23 Cca: 2 TxFrames: 6 TxFail: 0 BcnRx: 16 BcnSch: 49  RxFrames: 10 RxRetries: 0 TxRate: 1200950 RxRate: 1134230 FBRate: 720580 TxFwFrms: 14 TxFwFail:6 TxRetries: 0
default	00:37:16.196559-0700	WirelessRadioManagerd	<private>
default	00:37:16.196615-0700	kernel	ANE0: aneFirmwareCommandSend: Skip waiting for response
default	00:37:16.196717-0700	kernel	ANE0: aneFirmwareCommandSend: Skip waiting for response
default	00:37:16.196726-0700	kernel	ANE0: aneFirmwareCommandSend: Skip waiting for response
default	00:37:16.196754-0700	WirelessRadioManagerd	<private>
default	00:37:16.196985-0700	wifid	__WiFiDeviceManagerEvaluateAPEnvironment: WiFiRoam : BSS List info for network : snorper : chanCount5GHz: [6] chanCount24GHz: [3] chanCount6GHz: [0]
default	00:37:16.196997-0700	wifid	__WiFiDeviceManagerEvaluateAPEnvironment: WiFiRoam : AP environment is Multi AP for snorper(c2:a7:31:94:c7:a3). Last applied environment is Multi AP. Early exit ? : [0]. augmented from scan results ? : [1]
default	00:37:16.197019-0700	WirelessRadioManagerd	<private>
default	00:37:16.197024-0700	WirelessRadioManagerd	<private>
default	00:37:16.197029-0700	WirelessRadioManagerd	<private>
default	00:37:16.198724-0700	WirelessRadioManagerd	<private>
default	00:37:16.198970-0700	wifid	Copy current network requested by "WirelessRadioManagerd"
default	00:37:16.199223-0700	wifid	[corewifi] BEGIN REQ [GET INTF NAME] (pid=150 proc=symptomsd bundleID=com.apple.symptomsd codesignID=com.apple.symptomsd service=com.apple.private.corewifi-xpc qos=17 intf=(null) uuid=1E430 info=(null))
default	00:37:16.199244-0700	wifid	[corewifi] [1E430] Incoming QoS is less than 'default', promoting to 'default'
default	00:37:16.199343-0700	wifid	__WiFiDeviceManagerEvaluateAPEnvironment: WiFiRoam : BSS List info for network : snorper : chanCount5GHz: [6] chanCount24GHz: [3] chanCount6GHz: [0]
default	00:37:16.199356-0700	wifid	__WiFiDeviceManagerEvaluateAPEnvironment: WiFiRoam : AP environment is Multi AP for snorper(c2:a7:31:94:c7:a3). Last applied environment is Multi AP. Early exit ? : [0]. augmented from scan results ? : [1]
default	00:37:16.199651-0700	wifid	[corewifi] END REQ [GET INTF NAME] took 0.000441792s (pid=150 proc=symptomsd bundleID=com.apple.symptomsd codesignID=com.apple.symptomsd service=com.apple.private.corewifi-xpc qos=21 intf=(null) uuid=1E430 err=0 reply=<redacted>
default	00:37:16.200305-0700	symptomsd	L2 Metrics on en0: rssi: -42 [-42,0] -> -42, snr: 23 (cca [wake/total] self/other/intf): [0,0]/[1,0]/[0,1]/2 (txFrames/txReTx/txFail): 6/0/0 -> (was/is) 0/0, txRate: 1200.0, rxRate: 1134.0, rssiEMA: -42.0, snrEMA: 23.3, txRateEMA: 1199.2, rxRateEMA: 1134.0, isPrimary: 1, radio: 802.11ax
default	00:37:16.200892-0700	wifid	Copy current network requested by "WirelessRadioManagerd"
default	00:37:16.201221-0700	wifid	__WiFiDeviceManagerEvaluateAPEnvironment: WiFiRoam : BSS List info for network : snorper : chanCount5GHz: [6] chanCount24GHz: [3] chanCount6GHz: [0]
default	00:37:16.201239-0700	wifid	__WiFiDeviceManagerEvaluateAPEnvironment: WiFiRoam : AP environment is Multi AP for snorper(c2:a7:31:94:c7:a3). Last applied environment is Multi AP. Early exit ? : [0]. augmented from scan results ? : [1]
default	00:37:16.202840-0700	WirelessRadioManagerd	<private>
default	00:37:16.202846-0700	WirelessRadioManagerd	<private>
default	00:37:16.202852-0700	WirelessRadioManagerd	<private>
default	00:37:16.202857-0700	WirelessRadioManagerd	<private>
default	00:37:16.202862-0700	WirelessRadioManagerd	<private>
default	00:37:16.202929-0700	WirelessRadioManagerd	<private>
default	00:37:16.202939-0700	WirelessRadioManagerd	<private>
default	00:37:16.202946-0700	WirelessRadioManagerd	<private>
default	00:37:16.203031-0700	WirelessRadioManagerd	<private>
default	00:37:16.203057-0700	WirelessRadioManagerd	<private>
error	00:37:16.207742-0700	thermalmonitord	<Error> could not find `cpu-avg-limiter-input-w2r property
error	00:37:16.207777-0700	thermalmonitord	<Error> Failed to read `cpu-avg-limiter-input-w2r
default	00:37:16.220724-0700	backboardd	[ALS] ts=81872.085 lux=5.446<private> xy=(0.562 0.438) chs=[0 70 85 240 193] CCT1=871.642 gain=512x mode=<private> subsamples=24 rawLux=7.727 nits=49 xTalk=[1 7 7 8 10] status=0x9B copyEvent=0
default	00:37:16.221827-0700	backboardd	Ammolite: Lux 5.446084 (delta 4.692688 / thr 10.000000)
default	00:37:16.296401-0700	kernel	ANE0: aneFirmwareCommandSend: Skip waiting for response
default	00:37:16.296484-0700	kernel	ANE0: aneFirmwareCommandSend: Skip waiting for response
default	00:37:16.296706-0700	kernel	ANE0: aneFirmwareCommandSend: Skip waiting for response
default	00:37:16.346668-0700	locationd	{"msg":"onAvengerAdvertisementDetected: got avenger advertisement", "subHarvester":"Avenger"}
default	00:37:16.346683-0700	locationd	{"msg":"convertToSPAdvertisement", "address":<private>, "data":<private>, "date":<private>, "rssi":<private>, "status":<private>, "reserved":<private>, "subHarvester":"Avenger"}
default	00:37:16.346698-0700	locationd	{"msg":"onAvengerAdvertisementDetected: advertisement is near-owner from other people and do not process it", "subHarvester":"Avenger"}
default	00:37:16.347285-0700	locationd	{"msg":"onAvengerAdvertisementDetected convertToSPAdvertisement", "address":<private>, "data":<private>, "date":<private>, "rssi":<private>, "status":<private>, "reserved":<private>, "subHarvester":"ADLAvenger"}
default	00:37:16.347300-0700	locationd	{"msg":"onAvengerAdvertisementDetected: advertisement is near-owner from other people and do not process it", "subHarvester":"ADLAvenger"}
default	00:37:16.347337-0700	locationd	<private>
default	00:37:16.396127-0700	kernel	ANE0: aneFirmwareCommandSend: Skip waiting for response
default	00:37:16.396219-0700	kernel	ANE0: aneFirmwareCommandSend: Skip waiting for response
default	00:37:16.396434-0700	kernel	ANE0: aneFirmwareCommandSend: Skip waiting for response
default	00:37:16.400537-0700	backboardd	pause
default	00:37:16.400829-0700	backboardd	--IDLE--
default	00:37:16.401074-0700	SpringBoard	idle
default	00:37:16.471235-0700	backboardd	[ALS] ts=81872.336 lux=4.852<private> xy=(0.548 0.452) chs=[0 70 78 198 186] CCT1=1235.936 gain=512x mode=<private> subsamples=24 rawLux=7.133 nits=49 xTalk=[1 7 7 8 10] status=0x9B copyEvent=0
default	00:37:16.472248-0700	backboardd	Ammolite: Lux 4.851636 (delta 4.098240 / thr 10.000000)
default	00:37:16.496011-0700	kernel	ANE0: aneFirmwareCommandSend: Skip waiting for response
default	00:37:16.496067-0700	kernel	ANE0: aneFirmwareCommandSend: Skip waiting for response
default	00:37:16.496311-0700	kernel	ANE0: aneFirmwareCommandSend: Skip waiting for response
default	00:37:16.595851-0700	kernel	ANE0: aneFirmwareCommandSend: Skip waiting for response
default	00:37:16.595916-0700	kernel	ANE0: aneFirmwareCommandSend: Skip waiting for response
default	00:37:16.596157-0700	kernel	ANE0: aneFirmwareCommandSend: Skip waiting for response
default	00:37:16.695596-0700	kernel	ANE0: aneFirmwareCommandSend: Skip waiting for response
default	00:37:16.695666-0700	kernel	ANE0: aneFirmwareCommandSend: Skip waiting for response
default	00:37:16.695935-0700	kernel	ANE0: aneFirmwareCommandSend: Skip waiting for response
default	00:37:16.721000-0700	backboardd	[ALS] ts=81872.586 lux=5.464<private> xy=(0.562 0.438) chs=[0 70 85 240 207] CCT1=910.730 gain=512x mode=<private> subsamples=24 rawLux=7.745 nits=49 xTalk=[1 7 7 8 10] status=0x9B copyEvent=0
default	00:37:16.721924-0700	backboardd	Ammolite: Lux 5.464011 (delta 4.710615 / thr 10.000000)
default	00:37:16.795399-0700	kernel	ANE0: aneFirmwareCommandSend: Skip waiting for response
default	00:37:16.795434-0700	kernel	ANE0: aneFirmwareCommandSend: Skip waiting for response
default	00:37:16.795717-0700	kernel	ANE0: aneFirmwareCommandSend: Skip waiting for response
default	00:37:16.845873-0700	kernel	wlan0:com.apple.p2p.awdl0: isInfraRealtimePacketThresholdAllowed allowed:1 option:32 threshold:50 noRegistrations:1 cachedPeerCount:0 fastDiscoveryInactive:1 fastDiscoveryOnSince:81872728
default	00:37:16.845890-0700	kernel	wlan0:com.apple.p2p.awdl0: currentInfraTrafficType:9274 checking if realtime upgrade required with inputPackets:4 outputPackets:2 packetThreshold:50
default	00:37:16.845899-0700	kernel	wlan0:com.apple.p2p.awdl0: monitorInfraTraffic[9396] Infra Traffic type has changed from Real Time to None. AWDL is Off
default	00:37:16.895349-0700	kernel	ANE0: aneFirmwareCommandSend: Skip waiting for response
default	00:37:16.895365-0700	kernel	ANE0: aneFirmwareCommandSend: Skip waiting for response
default	00:37:16.895567-0700	kernel	ANE0: aneFirmwareCommandSend: Skip waiting for response
default	00:37:16.971036-0700	backboardd	[ALS] ts=81872.836 lux=5.857<private> xy=(0.544 0.456) chs=[0 84 99 233 207] CCT1=1289.948 gain=512x mode=<private> subsamples=24 rawLux=8.138 nits=49 xTalk=[1 7 7 8 10] status=0x9B copyEvent=0
default	00:37:16.972244-0700	backboardd	Ammolite: Lux 5.856636 (delta 5.103240 / thr 10.000000)
default	00:37:16.976453-0700	locationd	os_transaction created: (<private>) <private>
default	00:37:16.976485-0700	locationd	os_transaction released: (<private>) <private>
default	00:37:16.995121-0700	kernel	ANE0: aneFirmwareCommandSend: Skip waiting for response
default	00:37:16.995242-0700	kernel	ANE0: aneFirmwareCommandSend: Skip waiting for response
default	00:37:16.995524-0700	kernel	ANE0: aneFirmwareCommandSend: Skip waiting for response
default	00:37:17.094832-0700	kernel	ANE0: aneFirmwareCommandSend: Skip waiting for response
default	00:37:17.094858-0700	kernel	ANE0: aneFirmwareCommandSend: Skip waiting for response
default	00:37:17.095125-0700	kernel	ANE0: aneFirmwareCommandSend: Skip waiting for response
default	00:37:17.118680-0700	dasd	Attempting to suspend based on triggers: (     "com.apple.das.apppolicy.appchanged",     "com.apple.das.apppolicy.appchanged" )
default	00:37:17.119944-0700	dasd	com.apple.fileproviderd.background-download:4203B5, Decision: CP Score: 0.937646}
default	00:37:17.120014-0700	dasd	Ignoring trigger com.apple.das.apppolicy.appchanged, conditions are worse (policy: Application Policy)
default	00:37:17.120065-0700	dasd	Evaluating 0 activities based on triggers
default	00:37:17.133277-0700	ReportCrash	[0xc0d49c280] invalidated because the current process cancelled the connection by calling xpc_connection_cancel()
default	00:37:17.194598-0700	kernel	ANE0: aneFirmwareCommandSend: Skip waiting for response
default	00:37:17.194649-0700	kernel	ANE0: aneFirmwareCommandSend: Skip waiting for response
default	00:37:17.194904-0700	kernel	ANE0: aneFirmwareCommandSend: Skip waiting for response
default	00:37:17.221626-0700	backboardd	[ALS] ts=81873.087 lux=4.533<private> xy=(0.546 0.454) chs=[0 70 71 185 172] CCT1=1300.370 gain=512x mode=<private> subsamples=24 rawLux=6.814 nits=49 xTalk=[1 7 7 8 10] status=0x9B copyEvent=0
default	00:37:17.222662-0700	backboardd	Ammolite: Lux 4.532504 (delta 3.779108 / thr 10.000000)
default	00:37:17.294394-0700	kernel	ANE0: aneFirmwareCommandSend: Skip waiting for response
default	00:37:17.294469-0700	kernel	ANE0: aneFirmwareCommandSend: Skip waiting for response
default	00:37:17.294744-0700	kernel	ANE0: aneFirmwareCommandSend: Skip waiting for response
default	00:37:17.394227-0700	kernel	ANE0: aneFirmwareCommandSend: Skip waiting for response
default	00:37:17.394263-0700	kernel	ANE0: aneFirmwareCommandSend: Skip waiting for response
default	00:37:17.394524-0700	kernel	ANE0: aneFirmwareCommandSend: Skip waiting for response
default	00:37:17.468605-0700	timed	!setState service=(null)
default	00:37:17.468651-0700	timed	!setState priority=300
default	00:37:17.468658-0700	timed	!setState guid=(null)
default	00:37:17.468664-0700	timed	!setState destination=<private>
default	00:37:17.468801-0700	timed	Attempting To Send message from account <private> to destinations <private>
default	00:37:17.469063-0700	timed	!setState guid=<private>
default	00:37:17.470292-0700	timed	Downgrading waking status of message with GUID <private> to non-waking, the client <private> is not configured to send waking messages.  Total messages downgraded: 572
default	00:37:17.470542-0700	timed	OUTGOING-CLIENT_REQUEST:<private> SERVICE:com.apple.private.alloy.timesync
default	00:37:17.470570-0700	timed	Client request to send data on service: com.apple.private.alloy.timesync   guid: 56DC8CAA-61D8-4296-87A5-3B7F0D07B6CC   to destinations: <private>  isScheduled? : NO  options: <private>    size: 66] (1 pending)
default	00:37:17.470829-0700	timed	sendData: {
    kTMLSLinkMsgKey = 7;
} withIdentifier: 56DC8CAA-61D8-4296-87A5-3B7F0D07B6CC
default	00:37:17.471759-0700	identityservicesd	Gossip - Trying to fetch STH.
default	00:37:17.471780-0700	identityservicesd	Gossip - Retrieved nil STH. Will not gossip.
default	00:37:17.471787-0700	identityservicesd	Daemon Attempting To Send message from account <private> to destinations <private>
default	00:37:17.471905-0700	backboardd	[ALS] ts=81873.337 lux=5.767<private> xy=(0.557 0.443) chs=[0 77 92 247 207] CCT1=1001.592 gain=512x mode=<private> subsamples=24 rawLux=8.048 nits=49 xTalk=[1 7 7 8 10] status=0x9B copyEvent=0
default	00:37:17.472558-0700	identityservicesd	  == Incrementing outgoing-messages for service: com.apple.private.alloy.timesync   Requestor: com.apple.timed  (Count: 572, GlobalCountForAdhocType2: 2153)
default	00:37:17.472563-0700	identityservicesd	     No budget specified
default	00:37:17.472671-0700	identityservicesd	Daemon sending message with priority URGENT guid: 56DC8CAA-61D8-4296-87A5-3B7F0D07B6CC messageType: (null), serviceIdentifier: com.apple.private.alloy.timesync to: <private>   from: (null)   aliases: <private>  service type: adhoc type 2   QoS=0x19
default	00:37:17.473273-0700	identityservicesd	Store outgoing message {guid: <private>, canSendUrgent: YES, forceImmediateSend: YES, hasSpecialTrafficClass: YES}
default	00:37:17.473279-0700	identityservicesd	Asked to bypass storage for message with GUID <private>
default	00:37:17.473342-0700	identityservicesd	Performing duet check for priority URGENT for account <private> serviceIdentifier com.apple.private.alloy.timesync duetIdentifiers <private> bypassDuet NO  logString: <private>
default	00:37:17.473361-0700	identityservicesd	Sending via account that's type Local -- forcing local delivery.
default	00:37:17.473407-0700	backboardd	Ammolite: Lux 5.766927 (delta 5.013531 / thr 10.000000)
default	00:37:17.473470-0700	identityservicesd	sendMessage of size 66  bulkedPayload (null) fromID (null)   toDestinations <private>   useDictAsTopLevel NO  encryptPayload YES  wantsResponse NO  timeout 180.000000  command 242 wantsDeliveryStatus NO wantsCertifiedDelivery NO deliveryStatusContext (null) messageUUID <private>  priority URGENT localDelivery YES  completionBlock 0xc92600c40
default	00:37:17.473638-0700	identityservicesd	(Class) Destination device uniqueID: <private>
default	00:37:17.473712-0700	identityservicesd	OUTGOING-LOCAL_SEND:<private> SERVICE:com.apple.private.alloy.timesync
default	00:37:17.473748-0700	identityservicesd	Returning phone number from _IDSFetchPhoneNumber { phoneNumbers: <private> }
default	00:37:17.473757-0700	identityservicesd	Ignoring request to fallback forcedLocal YES  localType YES requireLocalWiFi NO message <private>
default	00:37:17.473867-0700	identityservicesd	0xc93561300 -[IDSDuetInterface checkAvailabilityForValues:priority:logString:fromQueue:withCompletionBlock:] Sending IDS message, already allowed by CoreDuet
default	00:37:17.473886-0700	identityservicesd	Notifying client IDSResponsePersisted(11) for com.apple.private.alloy.timesync id <private> alt (null)
default	00:37:17.473896-0700	identityservicesd	Updating listener on <private> with responseCode 11 error (null)  lastCall YES - messageContext <private>
default	00:37:17.473932-0700	identityservicesd	OUTGOING-UTUN_DELIVERY:<private> SERVICE:com.apple.private.alloy.timesync
default	00:37:17.473948-0700	identityservicesd	UTUN request to send URGENT priority local message payload of data size: 66  guid: 56DC8CAA-61D8-4296-87A5-3B7F0D07B6CC  expirationDate Sun Jul 19 00:40:17 2026 enforceRemoteTimeout NO for topic: com.apple.private.alloy.timesync:37516 and command 242 to deviceIDs (count: 1)
default	00:37:17.474010-0700	identityservicesd	Bluetooth is required but we are not nearby - failing message <private>
default	00:37:17.474026-0700	timed	OUTGOING-UPDATE:<private> CODE:11 LASTCALL:YES
default	00:37:17.474044-0700	timed	<private> outgoing message guid response: 56DC8CAA-61D8-4296-87A5-3B7F0D07B6CC  callbackID: (null)  response code: 11   error: (null)   lastCall: YES  endpointState: 1
default	00:37:17.474107-0700	identityservicesd	IDSUTunDeliveryController sendMessage <private> deviceID 00000000-0000-0000-0000-000000000000 succeeded? NO response 15 topic: com.apple.private.alloy.timesync - current pending sends local <private> fallback <private> account <private>
default	00:37:17.474124-0700	identityservicesd	Local send completion block {responseCode: 15, error: Error Domain=com.apple.ids.idssenderrordomain Code=15, lastCall: YES, combinedResponseCode: 15, combinedError: Error Domain=com.apple.ids.idssenderrordomain Code=15, account: <private>}
default	00:37:17.474157-0700	identityservicesd	Updating listener on <private> with responseCode 15 error Error Domain=com.apple.ids.idssenderrordomain Code=15  lastCall YES - messageContext <private>
default	00:37:17.474483-0700	identityservicesd	Logged message send response metric: responseCode=15 service=com.apple.private.alloy.timesync command=242 hasDataToEncrypt=NO messageGUID=<private> metricContext=(null)
default	00:37:17.474513-0700	identityservicesd	deleteOutgoingMessageWithGUID:alternateGUID: {guid: <private>, alternateGUID: (null)}
default	00:37:17.474826-0700	timed	OUTGOING-UPDATE:<private> CODE:15 LASTCALL:YES
default	00:37:17.474844-0700	timed	<private> outgoing message guid response: 56DC8CAA-61D8-4296-87A5-3B7F0D07B6CC  callbackID: (null)  response code: 15   error: Error Domain=com.apple.ids.idssenderrordomain Code=15 "(null)"   lastCall: YES  endpointState: 1
default	00:37:17.474852-0700	timed	Server Timestamp for UpdatedWithResponseCode? { serverReceivedTime: (null), serverTimestamp: (null)}
default	00:37:17.474888-0700	timed	<private> got messageIdentifier <private> callbackID (null) updatedWithResponseCode: 15 error Error Domain=com.apple.identityservices.error Code=26 "Bluetooth required" UserInfo={NSLocalizedDescription=Bluetooth required, NSUnderlyingError=0xc0f0f6a60 {Error Domain=com.apple.ids.idssenderrordomain Code=15}} lastCall YES
default	00:37:17.474921-0700	timed	  => <<private>:0xc0ec78180> finished handling message guid: <private>  (connection:messageIdentifier:alternateCallbackID:updatedWithResponseCode:error:lastCall:)
default	00:37:17.475056-0700	timed	<private> got identifier <private> didSendWithSuccess NO  error Error Domain=com.apple.identityservices.error Code=26 "Bluetooth required" UserInfo={NSLocalizedDescription=Bluetooth required, NSUnderlyingError=0xc0f0f6a60 {Error Domain=com.apple.ids.idssenderrordomain Code=15}} num delegates: 1
default	00:37:17.475073-0700	timed	  => <<private>:0xc0ec78180> finished handling message guid: <private>  (connection:identifier:didSendWithSuccess:error:context:)
default	00:37:17.475539-0700	identityservicesd	Received acknowledgement for outgoing message <private> alternateCallbackID (null) from localObject 0xc928df1a0
error	00:37:17.475564-0700	timed	56DC8CAA-61D8-4296-87A5-3B7F0D07B6CC (7) send failure (Error Domain=com.apple.identityservices.error Code=26 "Bluetooth required" UserInfo={NSLocalizedDescription=Bluetooth required, NSUnderlyingError=0xc0f0f6a60 {Error Domain=com.apple.ids.idssenderrordomain Code=15 "(null)"}}), will retry
default	00:37:17.494082-0700	kernel	ANE0: aneFirmwareCommandSend: Skip waiting for response
default	00:37:17.494102-0700	kernel	ANE0: aneFirmwareCommandSend: Skip waiting for response
default	00:37:17.494301-0700	kernel	ANE0: aneFirmwareCommandSend: Skip waiting for response
default	00:37:17.593755-0700	kernel	ANE0: aneFirmwareCommandSend: Skip waiting for response
default	00:37:17.593806-0700	kernel	ANE0: aneFirmwareCommandSend: Skip waiting for response
default	00:37:17.594069-0700	kernel	ANE0: aneFirmwareCommandSend: Skip waiting for response
default	00:37:17.693701-0700	kernel	ANE0: aneFirmwareCommandSend: Skip waiting for response
default	00:37:17.693720-0700	kernel	ANE0: aneFirmwareCommandSend: Skip waiting for response
default	00:37:17.693917-0700	kernel	ANE0: aneFirmwareCommandSend: Skip waiting for response
default	00:37:17.722451-0700	backboardd	[ALS] ts=81873.587 lux=4.704<private> xy=(0.566 0.434) chs=[0 50 78 205 186] CCT1=821.772 gain=512x mode=<private> subsamples=24 rawLux=6.985 nits=49 xTalk=[1 7 7 8 10] status=0x9B copyEvent=0
default	00:37:17.723443-0700	backboardd	Ammolite: Lux 4.704363 (delta 3.950967 / thr 10.000000)
default	00:37:17.793397-0700	kernel	ANE0: aneFirmwareCommandSend: Skip waiting for response
default	00:37:17.793435-0700	kernel	ANE0: aneFirmwareCommandSend: Skip waiting for response
default	00:37:17.793673-0700	kernel	ANE0: aneFirmwareCommandSend: Skip waiting for response
default	00:37:17.865787-0700	kernel	ApplePPMCPMS::getClientCurrentPowerConsumption:Client 19 is not registered
default	00:37:17.865931-0700	audiomxd	AggregateDevice_CommonBase.cpp:2471  CPMS: Getting Speaker ThermalBudget
default	00:37:17.871588-0700	kernel	wlan0:com.apple.p2p.awdl0: isInfraRealtimePacketThresholdAllowed allowed:1 option:32 threshold:50 noRegistrations:1 cachedPeerCount:0 fastDiscoveryInactive:1 fastDiscoveryOnSince:81873754
default	00:37:17.871604-0700	kernel	wlan0:com.apple.p2p.awdl0: currentInfraTrafficType:9274 checking if realtime upgrade required with inputPackets:1 outputPackets:0 packetThreshold:50
default	00:37:17.871665-0700	kernel	wlan0:com.apple.p2p.awdl0: monitorInfraTraffic[9396] Infra Traffic type has changed from Real Time to None. AWDL is Off
default	00:37:17.871861-0700	runningboardd	Assertion did invalidate due to timeout: 34-120-40156 (target:[xpcservice<com.groundeffectsoftware.AnxietyWatch.AnxietyWatchLiveActivities([osservice<com.apple.chronod>:120])>{vt hash: 259808002}[uuid:1D2C8387-1CF8-4E60-B7FE-93D36A99A011]{definition:com.groundeffectsoftware.AnxietyWatch.AnxietyWatchLiveActivities[extension][client]}:11161])
default	00:37:17.893338-0700	kernel	ANE0: aneFirmwareCommandSend: Skip waiting for response
default	00:37:17.893354-0700	kernel	ANE0: aneFirmwareCommandSend: Skip waiting for response
default	00:37:17.893604-0700	kernel	ANE0: aneFirmwareCommandSend: Skip waiting for response
default	00:37:17.972814-0700	backboardd	[ALS] ts=81873.838 lux=5.084<private> xy=(0.550 0.450) chs=[0 77 78 212 200] CCT1=1217.257 gain=512x mode=<private> subsamples=24 rawLux=7.366 nits=49 xTalk=[1 7 7 8 10] status=0x9B copyEvent=0
default	00:37:17.973753-0700	backboardd	Ammolite: Lux 5.084482 (delta 4.331086 / thr 10.000000)
default	00:37:17.992933-0700	kernel	ANE0: aneFirmwareCommandSend: Skip waiting for response
default	00:37:17.993148-0700	kernel	ANE0: aneFirmwareCommandSend: Skip waiting for response
default	00:37:17.993189-0700	kernel	ANE0: aneFirmwareCommandSend: Skip waiting for response
default	00:37:18.034122-0700	runningboardd	[xpcservice<com.groundeffectsoftware.AnxietyWatch.AnxietyWatchLiveActivities([osservice<com.apple.chronod>:120])>{vt hash: 259808002}[uuid:1D2C8387-1CF8-4E60-B7FE-93D36A99A011]{definition:com.groundeffectsoftware.AnxietyWatch.AnxietyWatchLiveActivities[extension][client]}:11161] Set jetsam priority to 0 [0] flag[1]
default	00:37:18.034600-0700	runningboardd	Calculated state for xpcservice<com.groundeffectsoftware.AnxietyWatch.AnxietyWatchLiveActivities([osservice<com.apple.chronod>:120])>{vt hash: 259808002}[uuid:1D2C8387-1CF8-4E60-B7FE-93D36A99A011]{definition:com.groundeffectsoftware.AnxietyWatch.AnxietyWatchLiveActivities[extension][client]}: running-suspended (role: None) (endowments: (null))
default	00:37:18.035150-0700	powerd	Process runningboardd.34 Released SystemIsActive "xpcservice<com.groundeffectsoftware.AnxietyWatch.AnxietyWatchLiveActivities([osservice<com.apple.chronod>:120])>{vt hash: 259808002}[uuid:1D2C8387-1CF8-4E60-B7FE-93D36A99A011]{definition:com.groundeffectsoftware.AnxietyWatch.AnxietyWatchLiveActivities[extension][client]}34-120-40156:[AnxietyWatch.AnxietyWatchLiveActivities-60BA9C938DE4]" age:00:00:03  id:51539640953 [System: PrevIdle SysAct]
default	00:37:18.035262-0700	runningboardd	Released power assertion with ID 33401
default	00:37:18.035948-0700	SpringBoard	Received state update for 11161 (xpcservice<com.groundeffectsoftware.AnxietyWatch.AnxietyWatchLiveActivities([osservice<com.apple.chronod>:120])>{vt hash: 259808002}[uuid:1D2C8387-1CF8-4E60-B7FE-93D36A99A011]{definition:com.groundeffectsoftware.AnxietyWatch.AnxietyWatchLiveActivities[extension][client]}, running-suspended-NotVisible
default	00:37:18.036040-0700	audiomxd	Received state update for 11161 (xpcservice<com.groundeffectsoftware.AnxietyWatch.AnxietyWatchLiveActivities([osservice<com.apple.chronod>:120])>{vt hash: 259808002}[uuid:1D2C8387-1CF8-4E60-B7FE-93D36A99A011]{definition:com.groundeffectsoftware.AnxietyWatch.AnxietyWatchLiveActivities[extension][client]}, running-suspended-NotVisible
default	00:37:18.036537-0700	PerfPowerServices	Received state update for 11161 (xpcservice<com.groundeffectsoftware.AnxietyWatch.AnxietyWatchLiveActivities([osservice<com.apple.chronod>:120])>{vt hash: 259808002}[uuid:1D2C8387-1CF8-4E60-B7FE-93D36A99A011]{definition:com.groundeffectsoftware.AnxietyWatch.AnxietyWatchLiveActivities[extension][client]}, running-suspended-NotVisible
default	00:37:18.036786-0700	WirelessRadioManagerd	Received state update for 11161 (xpcservice<com.groundeffectsoftware.AnxietyWatch.AnxietyWatchLiveActivities([osservice<com.apple.chronod>:120])>{vt hash: 259808002}[uuid:1D2C8387-1CF8-4E60-B7FE-93D36A99A011]{definition:com.groundeffectsoftware.AnxietyWatch.AnxietyWatchLiveActivities[extension][client]}, running-suspended-NotVisible
default	00:37:18.037426-0700	useractivityd	Received state update for 11161 (xpcservice<com.groundeffectsoftware.AnxietyWatch.AnxietyWatchLiveActivities([osservice<com.apple.chronod>:120])>{vt hash: 259808002}[uuid:1D2C8387-1CF8-4E60-B7FE-93D36A99A011]{definition:com.groundeffectsoftware.AnxietyWatch.AnxietyWatchLiveActivities[extension][client]}, running-suspended-NotVisible
default	00:37:18.037825-0700	wifid	Received state update for 11161 (xpcservice<com.groundeffectsoftware.AnxietyWatch.AnxietyWatchLiveActivities([osservice<com.apple.chronod>:120])>{vt hash: 259808002}[uuid:1D2C8387-1CF8-4E60-B7FE-93D36A99A011]{definition:com.groundeffectsoftware.AnxietyWatch.AnxietyWatchLiveActivities[extension][client]}, running-suspended-NotVisible
default	00:37:18.037897-0700	UserEventAgent	Received state update for 11161 (xpcservice<com.groundeffectsoftware.AnxietyWatch.AnxietyWatchLiveActivities([osservice<com.apple.chronod>:120])>{vt hash: 259808002}[uuid:1D2C8387-1CF8-4E60-B7FE-93D36A99A011]{definition:com.groundeffectsoftware.AnxietyWatch.AnxietyWatchLiveActivities[extension][client]}, running-suspended-NotVisible
default	00:37:18.038091-0700	symptomsd	Received state update for 11161 (xpcservice<com.groundeffectsoftware.AnxietyWatch.AnxietyWatchLiveActivities([osservice<com.apple.chronod>:120])>{vt hash: 259808002}[uuid:1D2C8387-1CF8-4E60-B7FE-93D36A99A011]{definition:com.groundeffectsoftware.AnxietyWatch.AnxietyWatchLiveActivities[extension][client]}, running-suspended-NotVisible
default	00:37:18.038564-0700	locationd	Received state update for 11161 (xpcservice<com.groundeffectsoftware.AnxietyWatch.AnxietyWatchLiveActivities([osservice<com.apple.chronod>:120])>{vt hash: 259808002}[uuid:1D2C8387-1CF8-4E60-B7FE-93D36A99A011]{definition:com.groundeffectsoftware.AnxietyWatch.AnxietyWatchLiveActivities[extension][client]}, running-suspended-NotVisible
default	00:37:18.038706-0700	IDSCredentialsAgent	Received state update for 11161 (xpcservice<com.groundeffectsoftware.AnxietyWatch.AnxietyWatchLiveActivities([osservice<com.apple.chronod>:120])>{vt hash: 259808002}[uuid:1D2C8387-1CF8-4E60-B7FE-93D36A99A011]{definition:com.groundeffectsoftware.AnxietyWatch.AnxietyWatchLiveActivities[extension][client]}, running-suspended-NotVisible
default	00:37:18.092955-0700	kernel	ANE0: aneFirmwareCommandSend: Skip waiting for response
default	00:37:18.093040-0700	kernel	ANE0: aneFirmwareCommandSend: Skip waiting for response
default	00:37:18.093380-0700	kernel	ANE0: aneFirmwareCommandSend: Skip waiting for response
default	00:37:18.192730-0700	kernel	ANE0: aneFirmwareCommandSend: Skip waiting for response
default	00:37:18.192770-0700	kernel	ANE0: aneFirmwareCommandSend: Skip waiting for response
default	00:37:18.193023-0700	kernel	ANE0: aneFirmwareCommandSend: Skip waiting for response
default	00:37:18.222837-0700	backboardd	[ALS] ts=81874.088 lux=5.602<private> xy=(0.545 0.455) chs=[0 91 85 233 200] CCT1=1252.585 gain=512x mode=<private> subsamples=24 rawLux=7.883 nits=49 xTalk=[1 7 7 8 10] status=0x9B copyEvent=0
default	00:37:18.224097-0700	backboardd	Ammolite: Lux 5.602320 (delta 4.848924 / thr 10.000000)
default	00:37:18.241874-0700	sharingd	[Prox] Clearing duplicate cache
default	00:37:18.242165-0700	sharingd	ProximityPairing clear duplicate cache
default	00:37:18.242480-0700	bluetoothd	clear dup filter cache for process sharingd (79) with scan request of type 7, blob: {length = 0, bytes = 0x}, mask {length = 0, bytes = 0x}, active: 0, duplicates: 0, screen on: No Scan, screen off: No Scan, locked: 1,  rssi: -90, peers: (
) nearby scan mode: 10, advbuf: 0, priority critical: 0, range: 0, retain duplicates: 0, usecases:
default	00:37:18.242526-0700	bluetoothd	About to clearDuplicateFilterCache for type: 7
default	00:37:18.242635-0700	bluetoothd	Received XPC message "CBMsgIdClearDuplicateFilterCache" from session "com.apple.bluetoothd-central-102-10"
default	00:37:18.245306-0700	bluetoothd	clearDuplicateFilterCache for session "com.apple.bluetoothd" type 7
default	00:37:18.292506-0700	kernel	ANE0: aneFirmwareCommandSend: Skip waiting for response
default	00:37:18.292522-0700	kernel	ANE0: aneFirmwareCommandSend: Skip waiting for response
default	00:37:18.292762-0700	kernel	ANE0: aneFirmwareCommandSend: Skip waiting for response
default	00:37:18.392210-0700	kernel	ANE0: aneFirmwareCommandSend: Skip waiting for response
default	00:37:18.392291-0700	kernel	ANE0: aneFirmwareCommandSend: Skip waiting for response
default	00:37:18.392579-0700	kernel	ANE0: aneFirmwareCommandSend: Skip waiting for response
default	00:37:18.473671-0700	backboardd	[ALS] ts=81874.339 lux=4.611<private> xy=(0.557 0.443) chs=[0 63 71 198 179] CCT1=1036.286 gain=512x mode=<private> subsamples=24 rawLux=6.892 nits=49 xTalk=[1 7 7 8 10] status=0x9B copyEvent=0
default	00:37:18.474879-0700	backboardd	Ammolite: Lux 4.610826 (delta 3.857429 / thr 10.000000)
error	00:37:18.475194-0700	wifid	WiFiLQAMgrLinkRecommendationNotify: channel score: chq=5, tx-lat=5, rx-lat=5, tx-loss=5, rx-loss=5, txPer=0.0%, p95-lat=2, RT=0x0, link-recommendation=0x0
default	00:37:18.492125-0700	kernel	ANE0: aneFirmwareCommandSend: Skip waiting for response
default	00:37:18.492204-0700	kernel	ANE0: aneFirmwareCommandSend: Skip waiting for response
default	00:37:18.492419-0700	kernel	ANE0: aneFirmwareCommandSend: Skip waiting for response
default	00:37:18.516426-0700	kernel	I [dk] <private>@28868: DTIM missed count: p2p(230), iovar(0), scan(355), roam(29), homechan(167720), sleep(61437), misc(0)
default	00:37:18.591836-0700	kernel	ANE0: aneFirmwareCommandSend: Skip waiting for response
default	00:37:18.591873-0700	kernel	ANE0: aneFirmwareCommandSend: Skip waiting for response
default	00:37:18.592118-0700	kernel	ANE0: aneFirmwareCommandSend: Skip waiting for response
default	00:37:18.691605-0700	kernel	ANE0: aneFirmwareCommandSend: Skip waiting for response
default	00:37:18.691689-0700	kernel	ANE0: aneFirmwareCommandSend: Skip waiting for response
default	00:37:18.691915-0700	kernel	ANE0: aneFirmwareCommandSend: Skip waiting for response
default	00:37:18.723762-0700	backboardd	[ALS] ts=81874.589 lux=5.557<private> xy=(0.534 0.466) chs=[0 91 92 212 207] CCT1=1542.984 gain=512x mode=<private> subsamples=24 rawLux=7.838 nits=49 xTalk=[1 7 7 8 10] status=0x9B copyEvent=0
default	00:37:18.724988-0700	backboardd	Ammolite: Lux 5.557141 (delta 4.803745 / thr 10.000000)
default	00:37:18.791610-0700	kernel	[83204.922955]: vm: segments queued for swapout: 0 regular, 110 freezer, 0 donate, 0 ripe, 0 darwkwake, 110 tota
default	00:37:18.791625-0700	kernel	ANE0: aneFirmwareCommandSend: Skip waiting for response
default	00:37:18.791631-0700	kernel	ANE0: aneFirmwareCommandSend: Skip waiting for response
default	00:37:18.791778-0700	kernel	ANE0: aneFirmwareCommandSend: Skip waiting for response
default	00:37:18.810530-0700	locationd	{"msg":"onAvengerAdvertisementDetected: got avenger advertisement", "subHarvester":"Avenger"}
default	00:37:18.810547-0700	locationd	{"msg":"convertToSPAdvertisement", "address":<private>, "data":<private>, "date":<private>, "rssi":<private>, "status":<private>, "reserved":<private>, "subHarvester":"Avenger"}
default	00:37:18.810561-0700	locationd	{"msg":"onAvengerAdvertisementDetected: advertisement is near-owner from other people and do not process it", "subHarvester":"Avenger"}
default	00:37:18.810661-0700	locationd	{"msg":"onAvengerAdvertisementDetected convertToSPAdvertisement", "address":<private>, "data":<private>, "date":<private>, "rssi":<private>, "status":<private>, "reserved":<private>, "subHarvester":"ADLAvenger"}
default	00:37:18.810822-0700	locationd	<private>
default	00:37:18.811005-0700	locationd	{"msg":"onAvengerAdvertisementDetected: advertisement is near-owner from other people and do not process it", "subHarvester":"ADLAvenger"}
default	00:37:18.891201-0700	kernel	ANE0: aneFirmwareCommandSend: Skip waiting for response
default	00:37:18.891282-0700	kernel	ANE0: aneFirmwareCommandSend: Skip waiting for response
default	00:37:18.891536-0700	kernel	ANE0: aneFirmwareCommandSend: Skip waiting for response
default	00:37:18.896893-0700	kernel	wlan0:com.apple.p2p.awdl0: isInfraRealtimePacketThresholdAllowed allowed:1 option:32 threshold:50 noRegistrations:1 cachedPeerCount:0 fastDiscoveryInactive:1 fastDiscoveryOnSince:81874780
default	00:37:18.897002-0700	kernel	wlan0:com.apple.p2p.awdl0: currentInfraTrafficType:9274 checking if realtime upgrade required with inputPackets:3 outputPackets:1 packetThreshold:50
default	00:37:18.897016-0700	kernel	wlan0:com.apple.p2p.awdl0: monitorInfraTraffic[9396] Infra Traffic type has changed from Real Time to None. AWDL is Off
default	00:37:18.974203-0700	backboardd	[ALS] ts=81874.839 lux=5.662<private> xy=(0.547 0.453) chs=[0 84 92 233 179] CCT1=1169.308 gain=512x mode=<private> subsamples=24 rawLux=7.943 nits=49 xTalk=[1 7 7 8 10] status=0x9B copyEvent=0
default	00:37:18.975310-0700	backboardd	Ammolite: Lux 5.661716 (delta 4.908320 / thr 10.000000)
default	00:37:18.991107-0700	kernel	ANE0: aneFirmwareCommandSend: Skip waiting for response
default	00:37:18.991122-0700	kernel	ANE0: aneFirmwareCommandSend: Skip waiting for response
default	00:37:18.991342-0700	kernel	ANE0: aneFirmwareCommandSend: Skip waiting for response
default	00:37:19.038229-0700	kernel	InfraPeers: Added unicast peer to database B8:E9:37:76:1B:50 (total peers: 5)
default	00:37:19.091078-0700	kernel	ANE0: aneFirmwareCommandSend: Skip waiting for response
default	00:37:19.091130-0700	kernel	ANE0: aneFirmwareCommandSend: Skip waiting for response
default	00:37:19.091433-0700	kernel	ANE0: aneFirmwareCommandSend: Skip waiting for response
default	00:37:19.173187-0700	audiomxd	     HALS_IOStreamDSP.cpp:631    getting parameter <private>
default	00:37:19.173219-0700	audiomxd	     HALS_IOStreamDSP.cpp:631    getting parameter <private>
default	00:37:19.190629-0700	kernel	ANE0: aneFirmwareCommandSend: Skip waiting for response
default	00:37:19.190643-0700	kernel	ANE0: aneFirmwareCommandSend: Skip waiting for response
default	00:37:19.190948-0700	kernel	ANE0: aneFirmwareCommandSend: Skip waiting for response
default	00:37:19.224595-0700	backboardd	[ALS] ts=81875.090 lux=5.604<private> xy=(0.538 0.462) chs=[0 98 85 226 200] CCT1=1417.711 gain=512x mode=<private> subsamples=24 rawLux=7.885 nits=49 xTalk=[1 7 7 8 10] status=0x9B copyEvent=0
default	00:37:19.225022-0700	backboardd	trusted Lux: 4.666667, trusted capped Lux: 4.666667
default	00:37:19.225042-0700	backboardd	trusted front Lux: 5.000000
default	00:37:19.225074-0700	backboardd	Display 1 commitBrightness sdr: -1, headroom: -1, potential headroom: -1, ambient lux: 4, filtered ambient: -1, brightness limit: -1, indicator brightness: -1 low ambient strength: -1, high ambient strength: -1, contrast preservation: -1, contrast enhancer: -1 brightness ctl disabled -1, unlogged brightness transactions:135
default	00:37:19.225701-0700	backboardd	Display 1 commitBrightness sdr: -1, headroom: -1, potential headroom: -1, ambient lux: 4.66667, filtered ambient: -1, brightness limit: -1, indicator brightness: -1 low ambient strength: -1, high ambient strength: -1, contrast preservation: -1, contrast enhancer: -1 brightness ctl disabled -1, unlogged brightness transactions:0
default	00:37:19.226188-0700	backboardd	Ammolite: Lux 5.604032 (delta 4.850636 / thr 10.000000)
default	00:37:19.238708-0700	backboardd	Display 1 swap brightness: nan, limit: nan, indicator brightness: nan, ambient lux: nan, low ambient strength: nan, high ambient strength: nan, contrast preservation: nan, contrast enhancer: nan
default	00:37:19.257002-0700	containermanagerd	[0xad6d0c900] invalidated because the client process (pid 156) either cancelled the connection or exited
default	00:37:19.290417-0700	kernel	ANE0: aneFirmwareCommandSend: Skip waiting for response
default	00:37:19.290453-0700	kernel	ANE0: aneFirmwareCommandSend: Skip waiting for response
default	00:37:19.290688-0700	kernel	ANE0: aneFirmwareCommandSend: Skip waiting for response
default	00:37:19.352677-0700	mDNSResponder	[R21198] DNSServiceGetAddrInfo START -- hostname: <mask.hash: 'hSZ9cv8xQYFOPMsatEnUdg=='>, protocols: 0, flags: 0x11000, interface index: 0, client pid: 9410 (YouTube), name hash: 4ffd33d
default	00:37:19.354171-0700	mDNSResponder	[R21198->Q42081] Question assigned DNS service 3
default	00:37:19.354191-0700	mDNSResponder	[Q42081] DetermineUnicastQuerySuppression: Query suppressed for <mask.hash: 'hSZ9cv8xQYFOPMsatEnUdg=='> AAAA (AAAA records are unusable)
default	00:37:19.354598-0700	mDNSResponder	[R21198->Q13492] Question assigned DNS service 3
default	00:37:19.354665-0700	mDNSResponder	[Q42081] GenerateNegativeResponse: Generating negative response for question
default	00:37:19.357635-0700	mDNSResponder	[R21198->Q42081] DNSServiceGetAddrInfo result -- event: add, expired: no, ifindex: 0, name hash: 4ffd33d, type: AAAA, rdata: <none>
default	00:37:19.358438-0700	mDNSResponder	[Q13492] Sent 44-byte query #1 to <IPv4:BBXCzJDC> over UDP via en0/15 -- id: 0xCEE3 (52963), flags: 0x0100 (Q/Query, RD, NoError), counts: 1/0/0/0, BBUSHYAf IN A?
default	00:37:19.363356-0700	mDNSResponder	[Q13492] Received acceptable 60-byte response from <IPv4:BBXCzJDC> over UDP via en0/15 -- id: 0xCEE3 (52963), flags: 0x8180 (R/Query, RD, RA, NoError), counts: 1/1/0/0, BBUSHYAf IN A?, 0 IN A BBOHjAtm
default	00:37:19.363488-0700	mDNSResponder	[Q13492] Handling concluded querier: BBUSHYAf A IN
default	00:37:19.363711-0700	mDNSResponder	[R21198->Q13492] DNSServiceGetAddrInfo result -- event: add, expired: no, ifindex: 0, name hash: 4ffd33d, type: A, rdata: <mask.hash: 'jbrBAb5odWIVNBLRP5B33w=='>
default	00:37:19.363749-0700	mDNSResponder	NEHelperTrackerAddIPForAllFlowsRedactLogs: completed for app <9410 : 82440578-8c56-3170-a5ec-9db8a64d5309> <app approved 0> <is_tracker 0>
default	00:37:19.363984-0700	mDNSResponder	[R21198] DNSServiceGetAddrInfo STOP -- name hash: 4ffd33d, duration: 0s
default	00:37:19.368561-0700	symptomsd	Data Usage for com.google.ios.youtube (delegation: mDNSResponder) on flow 131025 - WiFi in/out: 5563385817/55041469, WiFi delta_in/delta_out: 88/72, Cell in/out: 0/0, Cell delta_in/delta_out: 0/0, RNF: 0, subscriber tag: 1, total duration: 0.007
default	00:37:19.390315-0700	kernel	ANE0: aneFirmwareCommandSend: Skip waiting for response
default	00:37:19.390377-0700	kernel	ANE0: aneFirmwareCommandSend: Skip waiting for response
default	00:37:19.390661-0700	kernel	ANE0: aneFirmwareCommandSend: Skip waiting for response
default	00:37:19.475174-0700	backboardd	[ALS] ts=81875.340 lux=5.200<private> xy=(0.555 0.445) chs=[0 77 78 226 179] CCT1=1013.320 gain=512x mode=<private> subsamples=24 rawLux=7.481 nits=49 xTalk=[1 7 7 8 10] status=0x9B copyEvent=0
default	00:37:19.476053-0700	backboardd	Ammolite: Lux 5.199732 (delta 4.446336 / thr 10.000000)
default	00:37:19.490041-0700	kernel	ANE0: aneFirmwareCommandSend: Skip waiting for response
default	00:37:19.490060-0700	kernel	ANE0: aneFirmwareCommandSend: Skip waiting for response
default	00:37:19.490322-0700	kernel	ANE0: aneFirmwareCommandSend: Skip waiting for response
default	00:37:19.530675-0700	locationd	os_transaction created: (<private>) <private>
default	00:37:19.530705-0700	locationd	os_transaction released: (<private>) <private>
default	00:37:19.557456-0700	audiomxd	IssueReporting.cpp:492   RTAID [ use_case=Generic report_type=RMS Generic Chain clientID=HAL node=Speaker-Output issue_detected_sample_time=37509268.000000 ] -- [ rms:[-120.000000], peaks:[-240.000000] ]
default	00:37:19.589806-0700	kernel	ANE0: aneFirmwareCommandSend: Skip waiting for response
default	00:37:19.589883-0700	kernel	ANE0: aneFirmwareCommandSend: Skip waiting for response
default	00:37:19.590131-0700	kernel	ANE0: aneFirmwareCommandSend: Skip waiting for response
default	00:37:19.594453-0700	WirelessRadioManagerd	<private>
default	00:37:19.594835-0700	wifid	Copy current network requested by "WirelessRadioManagerd"
default	00:37:19.595931-0700	wifid	__WiFiDeviceManagerEvaluateAPEnvironment: WiFiRoam : BSS List info for network : snorper : chanCount5GHz: [6] chanCount24GHz: [3] chanCount6GHz: [0]
default	00:37:19.595966-0700	wifid	__WiFiDeviceManagerEvaluateAPEnvironment: WiFiRoam : AP environment is Multi AP for snorper(c2:a7:31:94:c7:a3). Last applied environment is Multi AP. Early exit ? : [0]. augmented from scan results ? : [1]
default	00:37:19.598115-0700	wifid	Copy current network requested by "WirelessRadioManagerd"
default	00:37:19.598438-0700	wifid	__WiFiDeviceManagerEvaluateAPEnvironment: WiFiRoam : BSS List info for network : snorper : chanCount5GHz: [6] chanCount24GHz: [3] chanCount6GHz: [0]
default	00:37:19.598460-0700	wifid	__WiFiDeviceManagerEvaluateAPEnvironment: WiFiRoam : AP environment is Multi AP for snorper(c2:a7:31:94:c7:a3). Last applied environment is Multi AP. Early exit ? : [0]. augmented from scan results ? : [1]
default	00:37:19.689774-0700	kernel	ANE0: aneFirmwareCommandSend: Skip waiting for response
default	00:37:19.689841-0700	kernel	ANE0: aneFirmwareCommandSend: Skip waiting for response
default	00:37:19.690140-0700	kernel	ANE0: aneFirmwareCommandSend: Skip waiting for response
default	00:37:19.725112-0700	backboardd	[ALS] ts=81875.590 lux=5.681<private> xy=(0.555 0.445) chs=[0 84 85 247 207] CCT1=1036.193 gain=512x mode=<private> subsamples=24 rawLux=7.962 nits=49 xTalk=[1 7 7 8 10] status=0x9B copyEvent=0
default	00:37:19.726198-0700	backboardd	Ammolite: Lux 5.680642 (delta 4.927246 / thr 10.000000)
default	00:37:19.755426-0700	apsd	<private>: __processStoredIncomingMessageForConnection: <private>
default	00:37:19.789424-0700	kernel	ANE0: aneFirmwareCommandSend: Skip waiting for response
default	00:37:19.789468-0700	kernel	ANE0: aneFirmwareCommandSend: Skip waiting for response
default	00:37:19.789745-0700	kernel	ANE0: aneFirmwareCommandSend: Skip waiting for response
default	00:37:19.889177-0700	kernel	ANE0: aneFirmwareCommandSend: Skip waiting for response
default	00:37:19.889276-0700	kernel	ANE0: aneFirmwareCommandSend: Skip waiting for response
default	00:37:19.889507-0700	kernel	ANE0: aneFirmwareCommandSend: Skip waiting for response
default	00:37:19.921765-0700	kernel	wlan0:com.apple.p2p.awdl0: isInfraRealtimePacketThresholdAllowed allowed:1 option:32 threshold:50 noRegistrations:1 cachedPeerCount:0 fastDiscoveryInactive:1 fastDiscoveryOnSince:81875804
default	00:37:19.921823-0700	kernel	wlan0:com.apple.p2p.awdl0: currentInfraTrafficType:9274 checking if realtime upgrade required with inputPackets:4 outputPackets:1 packetThreshold:50
default	00:37:19.921838-0700	kernel	wlan0:com.apple.p2p.awdl0: monitorInfraTraffic[9396] Infra Traffic type has changed from Real Time to None. AWDL is Off
default	00:37:19.975712-0700	backboardd	[ALS] ts=81875.841 lux=5.551<private> xy=(0.547 0.453) chs=[0 70 99 219 193] CCT1=1213.428 gain=512x mode=<private> subsamples=24 rawLux=7.832 nits=49 xTalk=[1 7 7 8 10] status=0x9B copyEvent=0
default	00:37:19.976852-0700	backboardd	Ammolite: Lux 5.551009 (delta 4.797613 / thr 10.000000)
default	00:37:19.989134-0700	kernel	ANE0: aneFirmwareCommandSend: Skip waiting for response
default	00:37:19.989147-0700	kernel	ANE0: aneFirmwareCommandSend: Skip waiting for response
default	00:37:19.989386-0700	kernel	ANE0: aneFirmwareCommandSend: Skip waiting for response
default	00:37:20.004677-0700	kernel	IO80211PeerMonitor::checkForDPS()  Enter
default	00:37:20.004868-0700	kernel	wlan0:com.apple.p2p.en0: MonitorTimer en0/5000: packet counts: I5 Q0 O5
default	00:37:20.004880-0700	kernel	wlan0:com.apple.p2p.en0: postMessageOnInfraInterface:3463 posting msgId:169 on skywalk infraInterface
default	00:37:20.004889-0700	kernel	LQM-WiFi: BE : Count: 4 avgLatencyMs:3 maxLatencyMs:5
default	00:37:20.004894-0700	kernel	LQM-WiFi: BK : Count: 0 avgLatencyMs:0 maxLatencyMs:0
default	00:37:20.004899-0700	kernel	LQM-WiFi: VI : Count: 0 avgLatencyMs:0 maxLatencyMs:0
default	00:37:20.004904-0700	kernel	LQM-WiFi: VO : Count: 1 avgLatencyMs:2 maxLatencyMs:2
default	00:37:20.004906-0700	kernel	InfraPeers: ---------- BEGIN ----------
default	00:37:20.004911-0700	kernel	InfraPeers: Gateway (28:87:BA:95:5B:00, 192.168.0.1) - Tx [S:1 (BE:0 BK:0 VI:0 VO:1), F:0 (BE:0 BK:0 VI:0 VO:0), PER:0.0%], TxRe [0 (0%)], Rx [2 (BE:2 BK:0 VI:0 VO:0)], RxRe [0 (0%)], RxUc [1], RxMc [1 (B:0 O:1)]
default	00:37:20.004920-0700	kernel	InfraPeers: Bonjour MC (33:33:00:00:00:00) - Tx [S:0, F:0, PER: 0.0%]
default	00:37:20.004925-0700	kernel	InfraPeers: Other MC (01:00:00:00:00:00) - Tx [S:0, F:0, PER: 0.0%]
default	00:37:20.004929-0700	kernel	InfraPeers: BC (FF:FF:FF:FF:FF:FF) - Tx [S:0, F:0, PER: 0.0%]
default	00:37:20.004933-0700	kernel	InfraPeers: Total unicast peers: 5
default	00:37:20.004936-0700	kernel	InfraPeers: UC (EC:71:DB:87:18:7C, ?) - RxMc [3 (B:0 O:3)]
default	00:37:20.004940-0700	kernel	InfraPeers: UC (B6:D7:3B:97:5F:DF, 192.168.1.7) - Tx [S:3 (BE:3 BK:0 VI:0 VO:0), F:0 (BE:0 BK:0 VI:0 VO:0), PER:0.0%], TxRe [0 (0%)], Rx [3 (BE:3 BK:0 VI:0 VO:0)], RxRe [0 (0%)], RxUc [3], RxMc [0 (B:0 O:0)]
default	00:37:20.004946-0700	kernel	InfraPeers: UC (88:AE:DD:02:00:AB, 192.168.1.47) - Tx [S:1 (BE:1 BK:0 VI:0 VO:0), F:0 (BE:0 BK:0 VI:0 VO:0), PER:0.0%], TxRe [0 (0%)], Rx [3 (BE:3 BK:0 VI:0 VO:0)], RxRe [0 (0%)], RxUc [1], RxMc [2 (B:0 O:2)]
default	00:37:20.004951-0700	kernel	InfraPeers: UC (64:CB:E9:33:A4:54, ?) - RxMc [1 (B:0 O:1)]
default	00:37:20.004956-0700	kernel	InfraPeers: UC (B8:E9:37:76:1B:50, ?) - RxMc [1 (B:0 O:1)]
default	00:37:20.004959-0700	kernel	InfraPeers: ----------- END -----------
default	00:37:20.005712-0700	wifid	LQM-TX: Success:5(100.0%) FwFail:0(0.0%) FwMaxRetries:0(0.0%) NoACK:0(0.0%) MiscDrops:0(0.0%) NoBuf:0(0.0%) FwNoRes:0(0.0%) ChipErr:0(0.0%) Exp:0(0.0%) FwFcdExpiry:0(0.0%) FwFree:0(0.0%)
default	00:37:20.035629-0700	dtappserviced	[0xbcf094000] invalidated because the current process cancelled the connection by calling xpc_connection_cancel()
default	00:37:20.035650-0700	SpringBoard	[0xc35ad5b00] invalidated because the client process (pid 10642) either cancelled the connection or exited
error	00:37:20.035665-0700	SpringBoard	[S:200] Error received: Connection invalidated.
default	00:37:20.088982-0700	kernel	ANE0: aneFirmwareCommandSend: Skip waiting for response
default	00:37:20.089045-0700	kernel	ANE0: aneFirmwareCommandSend: Skip waiting for response
default	00:37:20.089323-0700	kernel	ANE0: aneFirmwareCommandSend: Skip waiting for response
default	00:37:20.124706-0700	chronod	[0xd081adb80] invalidated because the current process cancelled the connection by calling xpc_connection_cancel()
default	00:37:20.158276-0700	audiomxd	     HALS_IOStreamDSP.cpp:631    getting parameter <private>
default	00:37:20.158304-0700	audiomxd	     HALS_IOStreamDSP.cpp:631    getting parameter <private>
default	00:37:20.188700-0700	kernel	ANE0: aneFirmwareCommandSend: Skip waiting for response
default	00:37:20.188716-0700	kernel	ANE0: aneFirmwareCommandSend: Skip waiting for response
default	00:37:20.189085-0700	kernel	ANE0: aneFirmwareCommandSend: Skip waiting for response
default	00:37:20.226098-0700	backboardd	[ALS] ts=81876.091 lux=6.007<private> xy=(0.542 0.458) chs=[0 84 105 233 200] CCT1=1332.527 gain=512x mode=<private> subsamples=24 rawLux=8.288 nits=49 xTalk=[1 7 7 8 10] status=0x9B copyEvent=0
default	00:37:20.226394-0700	backboardd	trusted Lux: 5.000000, trusted capped Lux: 5.000000
default	00:37:20.226576-0700	backboardd	Display 1 commitBrightness sdr: -1, headroom: -1, potential headroom: -1, ambient lux: 5, filtered ambient: -1, brightness limit: -1, indicator brightness: -1 low ambient strength: -1, high ambient strength: -1, contrast preservation: -1, contrast enhancer: -1 brightness ctl disabled -1, unlogged brightness transactions:0
default	00:37:20.226614-0700	backboardd	trusted front Lux: 4.666667
default	00:37:20.227617-0700	backboardd	Ammolite: Lux 6.006740 (delta 5.253344 / thr 10.000000)
default	00:37:20.232347-0700	apsd	SimpleTimer <PCSimpleTimer: 0x78f1e7480> has fired
default	00:37:20.232352-0700	apsd	Invalidating simple timer <PCSimpleTimer: 0x78f1e7480>
default	00:37:20.232887-0700	apsd	<private>:APSNetworkMonitor decay timer fired
default	00:37:20.232961-0700	apsd	Disabling power monitoring for <PCSimpleTimer: 0x78f1e7480> - 3 timers
default	00:37:20.233042-0700	apsd	Started simple timer <PCSimpleTimer: 0x78f1e57c0> with fire date [2026-07-19 00:44:20 -0700]
default	00:37:20.233191-0700	apsd	<PCSimpleTimer: 0x78f1e57c0> created preventSleepTimer <PCDispatchTimer: 0x78ee63480> and fireTimer <PCDispatchTimer: 0x78ee60fc0> on queue <OS_dispatch_queue_serial: PCSimpleTimer-timerQ>
default	00:37:20.233381-0700	apsd	Enabling power monitoring for <PCSimpleTimer: 0x78f1e57c0> - 4 timers
default	00:37:20.233438-0700	apsd	<private> scheduled decay timer <private>
default	00:37:20.233455-0700	apsd	<private> decay timer fired
default	00:37:20.288523-0700	kernel	ANE0: aneFirmwareCommandSend: Skip waiting for response
default	00:37:20.288615-0700	kernel	ANE0: aneFirmwareCommandSend: Skip waiting for response
default	00:37:20.288836-0700	kernel	ANE0: aneFirmwareCommandSend: Skip waiting for response
