default	00:53:48.706615-0700	symptomsd	Flow 132022 owner lockdownd, changed user from AppTracker at 0x6b4e2b0c0 user remoted  flows: self 2  others 0 prevs 6088 0  avg duration 19.995073 rx 22944 tx 8430 everset 0x0 policy (null)
default	00:53:48.712450-0700	backboardd	[ALS] ts=82864.577 lux=5.498<private> xy=(0.537 0.463) chs=[0 77 99 205 200] CCT1=1478.617 gain=512x mode=<private> subsamples=24 rawLux=5.498 nits=46 xTalk=[0 0 0 0 0] status=0x9B copyEvent=0
default	00:53:48.714524-0700	backboardd	Ammolite: Lux 5.497760 (delta 4.744364 / thr 10.000000)
default	00:53:48.722605-0700	symptomsd	Data Usage for lockdownd on flow 132022 - WiFi in/out: 16825661/16995442, WiFi delta_in/delta_out: 965/1025, Cell in/out: 0/0, Cell delta_in/delta_out: 0/0, RNF: 0, subscriber tag: 1, total duration: 0.014
default	00:53:48.729923-0700	kernel	[84194.872576]: vm: segments queued for swapout: 0 regular, 97 freezer, 0 donate, 0 ripe, 0 darwkwake, 97 tota
default	00:53:48.729938-0700	kernel	ANE0: aneFirmwareCommandSend: Skip waiting for response
default	00:53:48.729949-0700	kernel	ANE0: aneFirmwareCommandSend: Skip waiting for response
default	00:53:48.730226-0700	kernel	ANE0: aneFirmwareCommandSend: Skip waiting for response
default	00:53:48.808682-0700	UserEventAgent	performEisMeasurement performEisMeasurement entry wrapper = 0x8eec9c460
default	00:53:48.809357-0700	UserEventAgent	Setting gAssertionsOffloader timeout to 500
default	00:53:48.810230-0700	kernel	readRegs: 0xc: 1, a3
default	00:53:48.810254-0700	kernel	AppleCBTL1614::getConDet: connected
default	00:53:48.810276-0700	kernel	readRegs: 0x1: 1, 81
default	00:53:48.810291-0700	kernel	readRegs: 0x2: 1, 0
default	00:53:48.810306-0700	kernel	readRegs: 0x3: 1, 0
default	00:53:48.810319-0700	kernel	readRegs: 0x5: 1, 0
default	00:53:48.810518-0700	kernel	readRegs: 0x6: 1, 10
default	00:53:48.810627-0700	kernel	readRegs: 0x7: 1, 1
default	00:53:48.810816-0700	kernel	readRegs: 0xa: 1, 0
default	00:53:48.811017-0700	kernel	readRegs: 0x1e: 1, 70
default	00:53:48.811060-0700	kernel	AppleCBTL1614::selectEisPin: Port-Lightning: LDCM State before precal: DX_CTL:0x81, ACC_CTL:0x0, DCP_CTRL:0x0, MISC_CTRL:0x0, DIG_ID:0x10, HYDRA_CTRL:0x1, EVENT1:0x0, CON_DET:0x70, error:0x0
default	00:53:48.812288-0700	kernel	+ Codec AppleCS42L7xLdcmBypassRequestARMFunction callFunction:5631 param1=<decode: bad range for [%p] got [offs:13 len:0 within:0]> _codec=<decode: bad range for [%p] got [offs:13 len:0 within:0]>
default	00:53:48.812305-0700	kernel	Codec AppleCS42L7xLdcmBypassRequestARMFunction callFunction:5638 enable=0 Success
default	00:53:48.812323-0700	kernel	- Codec AppleCS42L7xLdcmBypassRequestARMFunction callFunction:5645 param1=<decode: bad range for [%p] got [offs:13 len:0 within:0]> _codec=<decode: bad range for [%p] got [offs:13 len:0 within:0]> ret=0
default	00:53:48.812338-0700	kernel	readRegs: 0x7: 1, 1
default	00:53:48.812829-0700	audiomxd	             AQIONode.cpp:344   AQIONodeClient 0xc5a8c5238: can record: 1
default	00:53:48.813290-0700	UserEventAgent	[0x8ee4670c0] activating connection: mach=true listener=false peer=false name=com.apple.tccd
default	00:53:48.814120-0700	tccd	[0xc60c7fc00] activating connection: mach=false listener=false peer=true name=com.apple.tccd.peer[32].0xc60c7fc00
default	00:53:48.814160-0700	tccd	REQUEST: tccd_uid=501, sender_pid=32, sender_uid=0, sender_auid=-1, function=TCCAccessRequest, msgID=32.1644
default	00:53:48.814829-0700	tccd	AUTHREQ_CTX: msgID=32.1644, function=TCCAccessRequest, service=kTCCServiceMicrophone, preflight=yes, query=1, client_dict=(null), daemon_dict=<private>
default	00:53:48.814851-0700	tccd	AUTHREQ_ATTRIBUTION: msgID=32.1644, attribution={requesting={TCCDProcess: identifier=com.apple.UserEventAgent, pid=32, auid=0, euid=0, binary_path=/usr/libexec/UserEventAgent}, },
default	00:53:48.818136-0700	tccd	BUNDLE_ATTRIBUTION: attributed bundle file:///usr/libexec/ has no identifier and is not valid.
error	00:53:48.818156-0700	tccd	IDENTITY_ATTRIBUTION: Refusing executable path (/usr/libexec/UserEventAgent) which is not a bundle
error	00:53:48.818183-0700	tccd	Unable to construct an identity to kTCCServiceMicrophone, Resp:{TCCDProcess: identifier=com.apple.UserEventAgent, pid=32, auid=0, euid=0, binary_path=/usr/libexec/UserEventAgent}
default	00:53:48.818218-0700	tccd	AUTHREQ_RESULT: msgID=32.1644, authValue=0, authReason=1, authVersion=1, desired_auth=0, error=Error Domain=kTCCErrorDomain Code=2 "Unable to construct an identity to kTCCServiceMicrophone, Resp:{TCCDProcess: identifier=com.apple.UserEventAgent, pid=32, auid=0, euid=0, binary_path=/usr/libexec/UserEventAgent}" UserInfo={NSLocalizedDescription=Unable to construct an identity to kTCCServiceMicrophone, Resp:{TCCDProcess: identifier=com.apple.UserEventAgent, pid=32, auid=0, euid=0, binary_path=/usr/libexec/UserEventAgent}},
default	00:53:48.818332-0700	tccd	REPLY: (501) function=TCCAccessRequest, msgID=32.1644
error	00:53:48.818649-0700	UserEventAgent	Created Error: Error Domain=kTCCErrorDomain Code=2 "server error: Unable to construct an identity to kTCCServiceMicrophone, Resp:{TCCDProcess: identifier=com.apple.UserEventAgent, pid=32, auid=0, euid=0, binary_path=/usr/libexec/UserEventAgent}" UserInfo={NSDescription=server error: Unable to construct an identity to kTCCServiceMicrophone, Resp:{TCCDProcess: identifier=com.apple.UserEventAgent, pid=32, auid=0, euid=0, binary_path=/usr/libexec/UserEventAgent}}
error	00:53:48.818779-0700	UserEventAgent	              TCCUtils.mm:70    tcc_server_message_request_authorization(kTCCServiceMicrophone) failed: Error Domain=kTCCErrorDomain Code=2 "server error: Unable to construct an identity to kTCCServiceMicrophone, Resp:{TCCDProcess: identifier=com.apple.UserEventAgent, pid=32, auid=0, euid=0, binary_path=/usr/libexec/UserEventAgent}" UserInfo={NSDescription=server error: Unable to construct an identity to kTCCServiceMicrophone, Resp:{TCCDProcess: identifier=com.apple.UserEventAgent, pid=32, auid=0, euid=0, binary_path=/usr/libexec/UserEventAgent}}
default	00:53:48.818799-0700	UserEventAgent	[0x8ee4670c0] invalidated after the last release of the connection object
default	00:53:48.819653-0700	UserEventAgent	           AURemoteIO.cpp:1130  AURemoteIO@0x8ef0ce440: set kAudioOutputUnitProperty_OutputChannelLayout.  Layout = tag=0x0, 0 channel descriptions [], err = 0
default	00:53:48.819900-0700	audiomxd	         RemoteIOServer.h:101   rio@0xc5a8c5200 Got output layout from io node or spatialized client: tag=0x0, 1 channel description [Mono]
default	00:53:48.820159-0700	audiomxd	         RemoteIOServer.h:101   rio@0xc5a8c5200 Got input layout from io node or spatialized client: tag=0x0, 2 channel descriptions [L, R]
default	00:53:48.820569-0700	audiomxd	       RemoteIOServer.cpp:1597  SetLoudnessFromLM(): ->
default	00:53:48.820728-0700	audiomxd	       RemoteIOServer.cpp:1636  SetLoudnessFromLM(): is CoreAudioServices/LoudnessManager enabled? yes
default	00:53:48.820744-0700	audiomxd	       RemoteIOServer.cpp:1639  SetLoudnessFromLM(): is CoreAudioServices/LoudnessManagerV2 enabled? yes
default	00:53:48.820796-0700	audiomxd	       RemoteIOServer.cpp:1642  SetLoudnessFromLM(): is CoreAudioServices/lm-disable-hardware-check on? no
default	00:53:48.820830-0700	audiomxd	       RemoteIOServer.cpp:1645  SetLoudnessFromLM(): is hardware supported? no
default	00:53:48.820861-0700	audiomxd	       RemoteIOServer.cpp:1657  SetLoudnessFromLM(): hardware not supported, Loudness Manager disabled
default	00:53:48.821506-0700	UserEventAgent	       AudioConverter.cpp:1077  Created a new in process converter -> 0x8eef06ac0, from  1 ch,  48000 Hz, Int16 to  1 ch,  48000 Hz, Float32 (actually:  1 ch,  48000 Hz, Float32)
default	00:53:48.821568-0700	UserEventAgent	       AudioConverter.cpp:1327  AudioConverter -> 0x8eef06ac0: The in-process GetProperty call returned 1886547824 for property 1936876385 with size 4.
default	00:53:48.821630-0700	UserEventAgent	       AudioConverter.cpp:1327  AudioConverter -> 0x8eef06ac0: The in-process GetProperty call returned 1886547824 for property 1936876401 with size 4.
default	00:53:48.821655-0700	UserEventAgent	       AudioConverter.cpp:1327  AudioConverter -> 0x8eef06ac0: The in-process GetProperty call returned 1886547824 for property 1886546285 with size 8.
default	00:53:48.821676-0700	UserEventAgent	AudioConverter -> 0x8eef06ac0: The in-process SetProperty call returned 1886547824 for property 1886547309 with size 4.
default	00:53:48.821780-0700	UserEventAgent	       AudioConverter.cpp:1077  Created a new in process converter -> 0x8eef04420, from  2 ch,  48000 Hz, Float32, deinterleaved to  2 ch,  48000 Hz, Int16, interleaved
default	00:53:48.821799-0700	UserEventAgent	       AudioConverter.cpp:1327  AudioConverter -> 0x8eef04420: The in-process GetProperty call returned 1886547824 for property 1936876385 with size 4.
default	00:53:48.821818-0700	UserEventAgent	       AudioConverter.cpp:1327  AudioConverter -> 0x8eef04420: The in-process GetProperty call returned 1886547824 for property 1936876401 with size 4.
default	00:53:48.821835-0700	UserEventAgent	       AudioConverter.cpp:1327  AudioConverter -> 0x8eef04420: The in-process GetProperty call returned 1886547824 for property 1886546285 with size 8.
default	00:53:48.821887-0700	UserEventAgent	AudioConverter -> 0x8eef04420: The in-process SetProperty call returned 1886547824 for property 1886547309 with size 4.
default	00:53:48.821952-0700	UserEventAgent	           AURemoteIO.cpp:1666  Starting AURemoteIO(0x8ef0ce440)
output client:  1 ch,  48000 Hz, Int16, output HW:  1 ch,  48000 Hz, Float32
input client:   2 ch,  48000 Hz, Int16, interleaved, input HW:   2 ch,  48000 Hz, Float32, deinterleaved
default	00:53:48.822015-0700	audiomxd	       AUOOPWorkgroups.mm:30    AUOOPWorkgroupManager: AddRemoteIOWorkgroup called with token 478452.
default	00:53:48.822046-0700	audiomxd	       AUOOPWorkgroups.mm:66    AUOOPWorkgroupManager: mutating workgroups.
default	00:53:48.822062-0700	audiomxd	       AUOOPWorkgroups.mm:308   AUOOPWorkgroupManager: propagating workgroups.
default	00:53:48.822079-0700	audiomxd	       AUOOPWorkgroups.mm:343   AUOOPWorkgroupManager: notifying workgroup listeners. Added :2, removed: 0
default	00:53:48.822097-0700	audiomxd	    AudioConverterOOP.cpp:250   AudioConverterOOP -> Received a workgroup update notification. Notifying the service to synchronize workgroups. ValidConverter? 1
default	00:53:48.822479-0700	tccd	[0xc60c7fc00] invalidated because the client process (pid 32) either cancelled the connection or exited
default	00:53:48.822552-0700	AudioConverterService	 RemoteAudioConverter.cpp:243   AudioConverterOOP -> Received workgroup synchronization notice in the service.
default	00:53:48.822643-0700	AudioConverterService	       AUOOPWorkgroups.mm:356   AUOOPWorkgroupManager: Updating workgroups
default	00:53:48.822766-0700	UserEventAgent	           AURemoteIO.cpp:1727  workgroup port 0xd1cf3
default	00:53:48.822829-0700	UserEventAgent	       AUOOPWorkgroups.mm:30    AUOOPWorkgroupManager: AddRemoteIOWorkgroup called with token 136001.
error	00:53:48.823299-0700	audiomxd	             AQIONode.cpp:603   client <RemoteIOClient@0xc5a8c5200(@0xc5a8c5440); output; CMSession(UserEventAgent[32], 0xffffffff)>: could not fetch audio session category (err = 1768843583)
error	00:53:48.823354-0700	audiomxd	       MEMixerChannel.cpp:4683  GetParameters unimplemented for param 14
default	00:53:48.823431-0700	audiomxd	             AQIONode.cpp:744   client <RemoteIOClient@0xc5a8c5200(@0xc5a8c5440); output; CMSession(UserEventAgent[32], 0xffffffff)> is NOT Now Playing eligible
default	00:53:48.823581-0700	UserEventAgent	       AUOOPWorkgroups.mm:66    AUOOPWorkgroupManager: mutating workgroups.
default	00:53:48.823724-0700	audiomxd	           AQMEIO_HAL.cpp:1563  User-selected BT device category is 0
default	00:53:48.823908-0700	audiomxd	SpatializationManager.cpp:184   Spatial info for session ID = 0xffffffff: {
	App bundle ID = (null)
	Route = built-in speakers
	contentType = 'soun'
	isRunning = 1
	overrideSpatialMode = 0
	preferencesVersion = 1

	Spatial preferences: {
		prefersHeadTrackedSpatialization = 0
		prefersLossyAudioSources = 0
		maxSpatializableChannels = 16
		alwaysSpatialize = 0
		spatialAudioSourceCount = 1
		spatialAudioSources = [ 'mlti' ]
	}
}
error	00:53:48.824234-0700	audiomxd	             AQIONode.cpp:603   client <RemoteIOClient@0xc5a8c5200(@0xc5a8c5440); output; CMSession(UserEventAgent[32], 0xffffffff)>: could not fetch audio session category (err = 1768843583)
error	00:53:48.824251-0700	audiomxd	       MEMixerChannel.cpp:4683  GetParameters unimplemented for param 14
default	00:53:48.824270-0700	audiomxd	 MEDeviceStreamClient.cpp:245   AQME Device-VirtualAudioDevice_LDCM: client starting: <RemoteIOClient@0xc5a8c5200(@0xc5a8c5440); output; CMSession(UserEventAgent[32], 0xffffffff)>; running count now 1
default	00:53:48.824287-0700	audiomxd	           AQMEIO_HAL.cpp:2857  FetchAndLogFrameSize starting IO deviceID=176, frame size is 1024
default	00:53:48.824326-0700	audiomxd	HP_HardwarePlugInInterface.cpp:599   Client request to start IO proc ID 0xc5b288000 on VAD: '[ type: vlqd; id: 176; addr: 0xc5a8f1c00; context id: 0; hidden: 0; VA strms: { i/181/0xc5b045b80, o/182/0xc5b045c20 }; agg dev: [ id: 153; addr: 0xc5b740500; uid: "VAD [vlqd] AggDev 4"; virt strms: { i/0xc5b454400, o/0xc5b454800 }; phys devs: { { [ id: 89; addr: 0xc5b399198; uid: "Halogen"; streams: { i/91/0xc5af96bd8, o/90/0xc5af96cb8 } ] } } ] ]'.
default	00:53:48.824630-0700	audiomxd	      VirtualAudioQueue.h:171   :635:: IOProc (AggregateDevice 153, IO type NonNullIOProc) running state is now running (2).
default	00:53:48.824661-0700	audiomxd	AggregateDevice_Common.cpp:1099  Current HAL IOProc format is [ 32/48000/2; flags: 0x9; bpp: 8; fpp: 1; Bpf: 8 ]
default	00:53:48.825169-0700	audiomxd	AggregateDevice_Common.cpp:1099  Current HAL IOProc format is [ 32/48000/1; flags: 0x9; bpp: 4; fpp: 1; Bpf: 4 ]
default	00:53:48.825294-0700	audiomxd	AggregateDevice_Common.cpp:1220  Updated IOProcCache for VAD 'vlqd'. NumStreams: 1 SampleRate: 48000.000000
default	00:53:48.825350-0700	audiomxd	      AggregateDevice.cpp:577   Disabling HAL data taps, Setting kAudioDevicePropertyEnableCaptureFile to 0
default	00:53:48.825364-0700	kernel	messageClients(0xe3ff8109)
default	00:53:48.825521-0700	audiomxd	AggregateDevice_Common.cpp:423   Starting IO type 0 on AggregateDevice 153.
default	00:53:48.825551-0700	audiomxd	HALS_IOContext_Legacy_Impl.cpp:369    HALS_IOContext_Legacy_Impl::Server_Internal_StartIOProcID: 157 Halogen (VAD [vlqd] AggDev 4):
default	00:53:48.825572-0700	audiomxd	HALS_IOContext_Legacy_Impl.cpp:375    				starting ProcID 0x21 state: Prewarm: 0 Play: 0 State: Stopped IOProc 0x21: no
default	00:53:48.825606-0700	audiomxd	HALS_IOContext_Legacy_Impl.cpp:1720   HALS_IOContext_Legacy_Impl::IOWorkLoopInit: 157 Halogen (VAD [vlqd] AggDev 4): starting
default	00:53:48.825624-0700	audiomxd	       HALS_IOEngine2.cpp:2259   HALS_IOEngine2::StartIO: starting IO on device <private>
default	00:53:48.825671-0700	audiomxd	  HALB_PowerAssertion.cpp:127    HALB_PowerAssertion::Take: taking power assertion ID 32781 of type 'PreventUserIdleSystemSleep' with name: 'com.apple.audio.VAD [vlqd] AggDev 4.context.preventuseridlesleep'
default	00:53:48.825843-0700	kernel	messageClients(0xe3ff8109)
default	00:53:48.825886-0700	kernel	AppleCS42L77Audio::_enableHalogen enable=1, _halogenEnabled=0
default	00:53:48.825907-0700	kernel	AppleCS42L77Audio::_configureMCLKForClient(inClient=3, inEnable=1) START [_audioClientsEnabled=0x1, clientRefCount=0, _rcoEn=1, _externalMCLKInEn=0, _primaryMCLKRefCount=0, _secondaryMCLKRefCount=0 _mclkOutEnabled=0]
default	00:53:48.825923-0700	kernel	AppleCS42L77Audio::_enableMCLK(inMCLK=1, inEnable=1, inBypassRefCount=0) START [_primaryMCLKRefCount:0, _secondaryMCLKRefCount:0, _rcoEnabled:1]
default	00:53:48.826800-0700	kernel	AppleCS42L77Audio::_enableMCLK(inMCLK=1, inEnable=1) END [_primaryMCLKRefCount:1, _secondaryMCLKRefCount:0, _rcoEnabled:1, errorCode: 0x0]
default	00:53:48.826833-0700	kernel	AppleCS42L77Audio::_configureMCLKForClient(inClient=3, inEnable=1) END [_audioClientsEnabled=0x9, clientRefCount=1, _rcoEn=0, _externalMCLKInEn=1, _primaryMCLKRefCount=1, _secondaryMCLKRefCount=0 _mclkOutEnabled=0, forceSwitchToRCO =0]
default	00:53:48.826853-0700	kernel	_getADCGain result:0 adc:20 gain:40
default	00:53:48.827510-0700	kernel	_getADCGain result:0 adc:21 gain:40
default	00:53:48.828275-0700	kernel	AppleCS42L77Audio::_ldcmPower :1 bypass:0
default	00:53:48.829680-0700	kernel	ANE0: aneFirmwareCommandSend: Skip waiting for response
default	00:53:48.829742-0700	kernel	ANE0: aneFirmwareCommandSend: Skip waiting for response
default	00:53:48.829921-0700	kernel	ANE0: aneFirmwareCommandSend: Skip waiting for response
default	00:53:48.897433-0700	kernel	+ Halogen::startIOEngineGated()
default	00:53:48.897519-0700	kernel	+ Halogen startTransport
default	00:53:48.897543-0700	kernel	- Halogen startTransport ret=success(0)
default	00:53:48.897581-0700	kernel	- Halogen::startIOEngineGated() ret=success(0)
default	00:53:48.897594-0700	kernel	Halogen: streaming audio
default	00:53:48.897667-0700	audiomxd	      HALS_IOA2Device.cpp:2272   HALS_IOA2Device::IOAudio2DeviceNotificationPortMessageHandler: <private>|89 +++++++++------>
default	00:53:48.897880-0700	audiomxd	      HALS_IOA2Device.cpp:2349   HALS_IOA2Device::IOAudio2DeviceNotificationPortMessageHandler: <private>|89 <------+++++++++
default	00:53:48.897950-0700	audiomxd	       AudioConverter.cpp:1077  Created a new in process converter -> 0xc57588510, from  1 ch,  48000 Hz, Float32 to  1 ch,  48000 Hz, Int16
default	00:53:48.898008-0700	audiomxd	       AudioConverter.cpp:1077  Created a new in process converter -> 0xc57589290, from  2 ch,  48000 Hz, Int16, interleaved to  2 ch,  48000 Hz, Float32, interleaved
default	00:53:48.898027-0700	audiomxd	              HALS_IOEngine2.cpp:2625  		HALS_IOEngine2::_StartIO(96) succeeded on Context 157  new state: Prewarm: 0 Play: 1 State: Running
default	00:53:48.903341-0700	audiomxd	           AQMEIO_HAL.cpp:2826  aqmeio@0xc5a8c1800, device 176 (VirtualAudioDevice_LDCM), AudioDeviceStart (err 0)
default	00:53:48.903518-0700	audiomxd	VirtualAudio_IONotificationManager.cpp:185   UpdateAndNotify() - need to notify I/O state = 1 new I/O running state = 1 previous I/O running state = 0
default	00:53:48.903564-0700	audiomxd	VirtualAudio_IONotificationManager.cpp:193   Sending notification "com.apple.coreaudio.IORunning" of I/O running state 1 forced notification = 0
default	00:53:48.904526-0700	powerexperienced	Audio playback started current_state 1. Creating a resource hint
default	00:53:48.904628-0700	powerexperienced	ResourceConnection:updateResourceHint <private> with state 1
default	00:53:48.905215-0700	powerexperienced	updating resource state for <private>:AudioPlayback from 0 to 1
default	00:53:48.905448-0700	powerexperienced	evaluatePowerMode: <private>: 0 display 1, carPlaySession 0, nFCSession 0, audioSession 1, sleepInProgress 0, wakeInProgress 0, onenessSession 0, siriAudio 0, fitnessIntelligence 0, dataMigrationInProgress 0, pluggedIn 1 (allowOnCharger: 0)
default	00:53:48.905502-0700	powerexperienced	inUse displayOn 1, carPlaySession 0, cameraActive 0, hotspotActive 0, audioSession 0, phoneCall 0, onenessActive 0, siriAudio 0
default	00:53:48.905525-0700	powerexperienced	inUse displayOn 1, carPlaySession 0, cameraActive 0, hotspotActive 0, audioSession 0, phoneCall 0, onenessActive 0, siriAudio 0
default	00:53:48.905544-0700	powerexperienced	inUse displayOn 1, carPlaySession 0, cameraActive 0, hotspotActive 0, audioSession 0, phoneCall 0, onenessActive 0, siriAudio 0
default	00:53:48.905563-0700	powerexperienced	inUse displayOn 1, carPlaySession 0, cameraActive 0, hotspotActive 0, audioSession 0, phoneCall 0, onenessActive 0, siriAudio 0
default	00:53:48.905580-0700	powerexperienced	inUse displayOn 1, carPlaySession 0, cameraActive 0, hotspotActive 0, audioSession 0, phoneCall 0, onenessActive 0, siriAudio 0
default	00:53:48.905596-0700	powerexperienced	inUse displayOn 1, carPlaySession 0, cameraActive 0, hotspotActive 0, audioSession 0, phoneCall 0, onenessActive 0, siriAudio 0
default	00:53:48.905612-0700	powerexperienced	inUse displayOn 1, carPlaySession 0, cameraActive 0, hotspotActive 0, audioSession 0, phoneCall 0, onenessActive 0, siriAudio 0
default	00:53:48.905635-0700	powerexperienced	Updated CLPC with power target for workload 1 value 65.000000
default	00:53:48.905651-0700	powerexperienced	Updated CLPC with power target for workload 2 value 65.000000
default	00:53:48.905667-0700	powerexperienced	Resetting Background and Utility Power Budgets
default	00:53:48.905688-0700	powerexperienced	Updated CLPC with power target for workload 1 value 65.000000
default	00:53:48.905704-0700	powerexperienced	Updated CLPC with power target for workload 2 value 65.000000
default	00:53:48.905716-0700	powerexperienced	Clearing state
default	00:53:48.905733-0700	powerexperienced	Updated CLPC with power target for workload 1 value 65.000000
default	00:53:48.905834-0700	powerexperienced	Updated CLPC with power target for workload 2 value 65.000000
default	00:53:48.905869-0700	powerexperienced	Resetting Background and Utility Power Budgets
default	00:53:48.905891-0700	powerexperienced	Updated CLPC with power target for workload 1 value 65.000000
default	00:53:48.905908-0700	powerexperienced	Updated CLPC with power target for workload 2 value 65.000000
default	00:53:48.905986-0700	powerexperienced	No active mitigations
default	00:53:48.908301-0700	powerexperienced	Updating SMC with debug mode ActiveWarmWorkload:0
error	00:53:48.909121-0700	powerexperienced	Write failed for key '<private>' (0x0, 0x84)
error	00:53:48.909153-0700	powerexperienced	Key not found
default	00:53:48.909446-0700	powerexperienced	Updating SMC with debug mode ActiveLowPowerMode:0
error	00:53:48.909858-0700	powerexperienced	Write failed for key '<private>' (0x0, 0x84)
error	00:53:48.909895-0700	powerexperienced	Key not found
default	00:53:48.909996-0700	powerexperienced	Updating SMC with debug mode ActiveWarmWorkload:0
error	00:53:48.910500-0700	powerexperienced	Write failed for key '<private>' (0x0, 0x84)
error	00:53:48.910543-0700	powerexperienced	Key not found
default	00:53:48.910577-0700	powerexperienced	Updating SMC with debug mode ActiveLowPowerMode:0
error	00:53:48.910986-0700	powerexperienced	Write failed for key '<private>' (0x0, 0x84)
error	00:53:48.911075-0700	powerexperienced	Key not found
default	00:53:48.925868-0700	audiomxd	 MEDeviceStreamClient.cpp:245   AQME Device-VirtualAudioDevice_LDCM: client starting: <RemoteIOClient@0xc5a8c5200(@0xc5a8c5238); input; CMSession(UserEventAgent[32], 0xffffffff)>; running count now 1
default	00:53:48.925928-0700	audiomxd	           AQMEIO_HAL.cpp:1753  Could not get active ports for audioDeviceID 0xb0
default	00:53:48.929394-0700	kernel	ANE0: aneFirmwareCommandSend: Skip waiting for response
default	00:53:48.929451-0700	kernel	ANE0: aneFirmwareCommandSend: Skip waiting for response
default	00:53:48.929686-0700	kernel	ANE0: aneFirmwareCommandSend: Skip waiting for response
default	00:53:48.962424-0700	backboardd	[ALS] ts=82864.827 lux=5.920<private> xy=(0.533 0.467) chs=[0 98 99 226 193] CCT1=1518.664 gain=512x mode=<private> subsamples=24 rawLux=5.920 nits=46 xTalk=[0 0 0 0 0] status=0x9B copyEvent=0
default	00:53:48.964065-0700	backboardd	Ammolite: Lux 5.920348 (delta 5.166952 / thr 10.000000)
default	00:53:49.029118-0700	kernel	ANE0: aneFirmwareCommandSend: Skip waiting for response
default	00:53:49.029283-0700	kernel	ANE0: aneFirmwareCommandSend: Skip waiting for response
default	00:53:49.029393-0700	kernel	ANE0: aneFirmwareCommandSend: Skip waiting for response
default	00:53:49.075022-0700	kernel	readRegs: 0xc: 1, a3
default	00:53:49.075037-0700	kernel	AppleCBTL1614::getConDet: connected
default	00:53:49.075138-0700	kernel	readRegs: 0x7: 1, 1
default	00:53:49.075352-0700	kernel	writeRegs: 0x7: 1, 81
default	00:53:49.075624-0700	kernel	readRegs: 0x1: 1, 81
default	00:53:49.075767-0700	kernel	readRegs: 0x2: 1, 0
default	00:53:49.075977-0700	kernel	readRegs: 0x3: 1, 0
default	00:53:49.076148-0700	kernel	readRegs: 0x5: 1, 0
default	00:53:49.076349-0700	kernel	readRegs: 0x6: 1, 10
default	00:53:49.076562-0700	kernel	readRegs: 0x7: 1, 81
default	00:53:49.076762-0700	kernel	readRegs: 0xa: 1, 0
default	00:53:49.076926-0700	kernel	readRegs: 0x1e: 1, 70
default	00:53:49.076948-0700	kernel	AppleCBTL1614::selectEisPin: Port-Lightning: LDCM State before measurement: DX_CTL:0x81, ACC_CTL:0x0, DCP_CTRL:0x0, MISC_CTRL:0x0, DIG_ID:0x10, HYDRA_CTRL:0x81, EVENT1:0x0, CON_DET:0x70, error:0x0
default	00:53:49.129117-0700	kernel	ANE0: aneFirmwareCommandSend: Skip waiting for response
default	00:53:49.129133-0700	kernel	ANE0: aneFirmwareCommandSend: Skip waiting for response
default	00:53:49.129285-0700	kernel	ANE0: aneFirmwareCommandSend: Skip waiting for response
default	00:53:49.181566-0700	UserEventAgent	           AURemoteIO.cpp:1741  Stopping AURemoteIO(0x8ef0ce440)
default	00:53:49.181862-0700	audiomxd	           AQMEIO_HAL.cpp:2857  FetchAndLogFrameSize GetCurrentIOBufferFrameSize deviceID=176, frame size is 1024
default	00:53:49.202886-0700	audiomxd	             AQIONode.cpp:744   client <RemoteIOClient@0xc5a8c5200(@0xc5a8c5440); output; CMSession(UserEventAgent[32], 0xffffffff)> is NOT Now Playing eligible
default	00:53:49.202977-0700	audiomxd	 MEDeviceStreamClient.cpp:459   AQME Device-VirtualAudioDevice_LDCM: client stopping: <RemoteIOClient@0xc5a8c5200(@0xc5a8c5440); output; CMSession(UserEventAgent[32], 0xffffffff)>; running count now 0
default	00:53:49.203109-0700	audiomxd	 MEDeviceStreamClient.cpp:459   AQME Device-VirtualAudioDevice_LDCM: client stopping: <RemoteIOClient@0xc5a8c5200(@0xc5a8c5238); input; CMSession(UserEventAgent[32], 0xffffffff)>; running count now 0
default	00:53:49.203154-0700	audiomxd	           AQMEIO_HAL.cpp:2857  FetchAndLogFrameSize GetCurrentIOBufferFrameSize deviceID=176, frame size is 1024
default	00:53:49.210196-0700	kernel	wlan0:com.apple.p2p.awdl0: isInfraRealtimePacketThresholdAllowed allowed:1 option:32 threshold:50 noRegistrations:1 cachedPeerCount:0 fastDiscoveryInactive:1 fastDiscoveryOnSince:82865093
default	00:53:49.210230-0700	kernel	wlan0:com.apple.p2p.awdl0: currentInfraTrafficType:9274 checking if realtime upgrade required with inputPackets:2 outputPackets:2 packetThreshold:50
default	00:53:49.212734-0700	backboardd	[ALS] ts=82865.077 lux=6.010<private> xy=(0.500 0.413) chs=[19 91 106 226 200] CCT1=2120.540 gain=512x mode=<private> subsamples=24 rawLux=6.010 nits=46 xTalk=[0 0 0 0 0] status=0x9B copyEvent=0
default	00:53:49.214205-0700	backboardd	Ammolite: Lux 6.010468 (delta 5.257071 / thr 10.000000)
default	00:53:49.224431-0700	audiomxd	aqmeio@0xc5a8c1800 Stop id=176
default	00:53:49.224556-0700	audiomxd	      VirtualAudioQueue.h:171   :679:: Client request to stop IO proc ID 0xc5b288000 on VAD: '[ type: vlqd; id: 176; addr: 0xc5a8f1c00; context id: 0; hidden: 0; VA strms: { i/181/0xc5b045b80, o/182/0xc5b045c20 }; agg dev: [ id: 153; addr: 0xc5b740500; uid: "VAD [vlqd] AggDev 4"; virt strms: {
default	00:53:49.224603-0700	audiomxd	      VirtualAudioQueue.h:171   :635:: IOProc (AggregateDevice 153, IO type NonNullIOProc) running state is now not running (0).
default	00:53:49.224623-0700	audiomxd	       AUOOPWorkgroups.mm:38    AUOOPWorkgroupManager: RemoveRemoteIOWorkgroup called with token 478452.
default	00:53:49.224642-0700	audiomxd	HALS_IOContext_Legacy_Impl.cpp:489    HALS_IOContext_Legacy_Impl::Server_Internal_StopIOProcID: 157 Halogen (VAD [vlqd] AggDev 4):
default	00:53:49.224670-0700	audiomxd	HALS_IOContext_Legacy_Impl.cpp:495    HALS_IOContext_Legacy_Impl::Server_Internal_StopIOProcID: stopping 0x21 state: Prewarm: 0 Play: 1 State: Running IOProc 0x21: yes
default	00:53:49.224688-0700	audiomxd	       AUOOPWorkgroups.mm:66    AUOOPWorkgroupManager: mutating workgroups.
default	00:53:49.224704-0700	audiomxd	       AUOOPWorkgroups.mm:308   AUOOPWorkgroupManager: propagating workgroups.
default	00:53:49.224726-0700	audiomxd	       AUOOPWorkgroups.mm:343   AUOOPWorkgroupManager: notifying workgroup listeners. Added :0, removed: 1
default	00:53:49.224759-0700	kernel	AppleCS42L77Audio::_enableHalogen enable=0, _halogenEnabled=1
default	00:53:49.224841-0700	AudioConverterService	 RemoteAudioConverter.cpp:243   AudioConverterOOP -> Received workgroup synchronization notice in the service.
default	00:53:49.224858-0700	AudioConverterService	       AUOOPWorkgroups.mm:356   AUOOPWorkgroupManager: Updating workgroups
default	00:53:49.225074-0700	audiomxd	    AudioConverterOOP.cpp:250   AudioConverterOOP -> Received a workgroup update notification. Notifying the service to synchronize workgroups. ValidConverter? 1
default	00:53:49.225115-0700	audiomxd	       HALS_IOEngine2.cpp:2293   HALS_IOEngine2::StopIO: stopping IO on device <private>
default	00:53:49.225167-0700	audiomxd	      VirtualAudioQueue.h:171   :616:: Stopping IO type 0 on AggregateDevice 153.
default	00:53:49.225184-0700	audiomxd	VirtualAudio_IONotificationManager.cpp:185   UpdateAndNotify() - need to notify I/O state = 1 new I/O running state = 0 previous I/O running state = 1
default	00:53:49.225218-0700	audiomxd	VirtualAudio_IONotificationManager.cpp:193   Sending notification "com.apple.coreaudio.IORunning" of I/O running state 0 forced notification = 0
default	00:53:49.225888-0700	UserEventAgent	       AUOOPWorkgroups.mm:38    AUOOPWorkgroupManager: RemoveRemoteIOWorkgroup called with token 136001.
default	00:53:49.225904-0700	UserEventAgent	       AUOOPWorkgroups.mm:66    AUOOPWorkgroupManager: mutating workgroups.
default	00:53:49.226244-0700	kernel	readRegs: 0xc: 1, a3
default	00:53:49.226270-0700	kernel	AppleCBTL1614::getConDet: connected
default	00:53:49.226680-0700	kernel	readRegs: 0x7: 1, 81
default	00:53:49.226773-0700	kernel	AppleCS42L77Audio::_ldcmPower :0 bypass:0
default	00:53:49.226788-0700	kernel	writeRegs: 0x7: 1, 1
default	00:53:49.226804-0700	powerexperienced	Audio playback stopped. Dropping a resource hint
default	00:53:49.226998-0700	kernel	readRegs: 0x1: 1, 81
default	00:53:49.227148-0700	powerexperienced	ResourceConnection:updateResourceHint <private> with state 0
default	00:53:49.227318-0700	kernel	readRegs: 0x2: 1, 0
default	00:53:49.227510-0700	kernel	AppleCS42L77Audio::_configureMCLKForClient(inClient=3, inEnable=0) START [_audioClientsEnabled=0x9, clientRefCount=1, _rcoEn=0, _externalMCLKInEn=1, _primaryMCLKRefCount=1, _secondaryMCLKRefCount=0 _mclkOutEnabled=0]
default	00:53:49.227538-0700	kernel	AppleCS42L77Audio::_enableMCLK(inMCLK=1, inEnable=0, inBypassRefCount=0) START [_primaryMCLKRefCount:1, _secondaryMCLKRefCount:0, _rcoEnabled:1]
default	00:53:49.227555-0700	kernel	readRegs: 0x3: 1, 0
default	00:53:49.227673-0700	kernel	readRegs: 0x5: 1, 0
default	00:53:49.227969-0700	powerexperienced	updating resource state for <private>:AudioPlayback from 1 to 0
default	00:53:49.227986-0700	kernel	readRegs: 0x6: 1, 10
default	00:53:49.228066-0700	powerexperienced	evaluatePowerMode: <private>: 0 display 1, carPlaySession 0, nFCSession 0, audioSession 0, sleepInProgress 0, wakeInProgress 0, onenessSession 0, siriAudio 0, fitnessIntelligence 0, dataMigrationInProgress 0, pluggedIn 1 (allowOnCharger: 0)
default	00:53:49.228132-0700	powerexperienced	inUse displayOn 1, carPlaySession 0, cameraActive 0, hotspotActive 0, audioSession 0, phoneCall 0, onenessActive 0, siriAudio 0
default	00:53:49.228163-0700	kernel	readRegs: 0x7: 1, 1
default	00:53:49.228286-0700	powerexperienced	inUse displayOn 1, carPlaySession 0, cameraActive 0, hotspotActive 0, audioSession 0, phoneCall 0, onenessActive 0, siriAudio 0
default	00:53:49.228326-0700	powerexperienced	inUse displayOn 1, carPlaySession 0, cameraActive 0, hotspotActive 0, audioSession 0, phoneCall 0, onenessActive 0, siriAudio 0
default	00:53:49.228344-0700	powerexperienced	inUse displayOn 1, carPlaySession 0, cameraActive 0, hotspotActive 0, audioSession 0, phoneCall 0, onenessActive 0, siriAudio 0
default	00:53:49.228389-0700	powerexperienced	inUse displayOn 1, carPlaySession 0, cameraActive 0, hotspotActive 0, audioSession 0, phoneCall 0, onenessActive 0, siriAudio 0
default	00:53:49.228423-0700	kernel	readRegs: 0xa: 1, 0
default	00:53:49.228498-0700	powerexperienced	inUse displayOn 1, carPlaySession 0, cameraActive 0, hotspotActive 0, audioSession 0, phoneCall 0, onenessActive 0, siriAudio 0
default	00:53:49.228518-0700	powerexperienced	inUse displayOn 1, carPlaySession 0, cameraActive 0, hotspotActive 0, audioSession 0, phoneCall 0, onenessActive 0, siriAudio 0
default	00:53:49.228549-0700	kernel	readRegs: 0x1e: 1, 70
default	00:53:49.228571-0700	kernel	AppleCBTL1614::selectEisPin: Port-Lightning: LDCM State after measurement: DX_CTL:0x81, ACC_CTL:0x0, DCP_CTRL:0x0, MISC_CTRL:0x0, DIG_ID:0x10, HYDRA_CTRL:0x1, EVENT1:0x0, CON_DET:0x70, error:0x0
default	00:53:49.228704-0700	kernel	AppleCS42L77Audio::_enableMCLK(inMCLK=1, inEnable=0) END [_primaryMCLKRefCount:0, _secondaryMCLKRefCount:0, _rcoEnabled:1, errorCode: 0x0]
default	00:53:49.228730-0700	kernel	AppleCS42L77Audio::_configureMCLKForClient(inClient=3, inEnable=0) END [_audioClientsEnabled=0x1, clientRefCount=0, _rcoEn=1, _externalMCLKInEn=0, _primaryMCLKRefCount=0, _secondaryMCLKRefCount=0 _mclkOutEnabled=0, forceSwitchToRCO =0]
default	00:53:49.228744-0700	kernel	messageClients(0xe3ff810a)
default	00:53:49.228754-0700	kernel	messageClients(0xe3ff810a)
default	00:53:49.228766-0700	kernel	+ Halogen::stopIOEngineGated()
default	00:53:49.228779-0700	kernel	+ Halogen stopTransport
default	00:53:49.229288-0700	powerexperienced	Updated CLPC with power target for workload 1 value 65.000000
default	00:53:49.229326-0700	powerexperienced	Updated CLPC with power target for workload 2 value 65.000000
default	00:53:49.229361-0700	powerexperienced	Resetting Background and Utility Power Budgets
default	00:53:49.229394-0700	powerexperienced	Updated CLPC with power target for workload 1 value 65.000000
default	00:53:49.229412-0700	powerexperienced	Updated CLPC with power target for workload 2 value 65.000000
default	00:53:49.230094-0700	powerexperienced	Clearing state
default	00:53:49.230465-0700	powerexperienced	Updated CLPC with power target for workload 1 value 65.000000
default	00:53:49.230695-0700	kernel	ANE0: aneFirmwareCommandSend: Skip waiting for response
default	00:53:49.230746-0700	kernel	- Halogen stopTransport ret=success(0)
default	00:53:49.230788-0700	kernel	- Halogen::stopIOEngineGated() ret=success(0)
default	00:53:49.230827-0700	kernel	Halogen: off
default	00:53:49.231012-0700	kernel	ANE0: aneFirmwareCommandSend: Skip waiting for response
default	00:53:49.231050-0700	kernel	ANE0: aneFirmwareCommandSend: Skip waiting for response
default	00:53:49.231194-0700	audiomxd	      HALS_IOA2Device.cpp:2272   HALS_IOA2Device::IOAudio2DeviceNotificationPortMessageHandler: <private>|89 +++++++++------>
default	00:53:49.231209-0700	audiomxd	      HALS_IOA2Device.cpp:2349   HALS_IOA2Device::IOAudio2DeviceNotificationPortMessageHandler: <private>|89 <------+++++++++
default	00:53:49.231225-0700	audiomxd	HALS_IOContext_Legacy_Impl.cpp:2056   IO Stopped Context 157 after 15360 frames.
default	00:53:49.231251-0700	audiomxd	HALS_IOContext_Legacy_Impl.cpp:2081   HALS_IOContext_Legacy_Impl::IOWorkLoopDeinit: 157 Halogen (VAD [vlqd] AggDev 4): stopping with error 0
default	00:53:49.231282-0700	audiomxd	  HALB_PowerAssertion.cpp:165    HALB_PowerAssertion::Release: releasing power assertion ID 32781 of type 'PreventUserIdleSystemSleep' with name: 'com.apple.audio.VAD [vlqd] AggDev 4.context.preventuseridlesleep' taken at <private> for 0.405226 seconds
default	00:53:49.231306-0700	powerexperienced	Updated CLPC with power target for workload 2 value 65.000000
default	00:53:49.231350-0700	powerexperienced	Resetting Background and Utility Power Budgets
default	00:53:49.231617-0700	powerexperienced	Updated CLPC with power target for workload 1 value 65.000000
default	00:53:49.231852-0700	audiomxd	    DeviceTimeObserver.mm:813   stopping BT presentation time poller for device ID: 176)
default	00:53:49.232079-0700	powerexperienced	Updated CLPC with power target for workload 2 value 65.000000
default	00:53:49.232254-0700	powerexperienced	No active mitigations
default	00:53:49.232774-0700	audiomxd	              HALS_IOEngine2.cpp:2687  HALS_IOEngine2::_StopIO(96) called on Context 157  current state: Prewarm: 0 Play: 1 State: Running
default	00:53:49.233958-0700	powerexperienced	Updating SMC with debug mode ActiveWarmWorkload:0
error	00:53:49.234328-0700	powerexperienced	Write failed for key '<private>' (0x0, 0x84)
error	00:53:49.234363-0700	powerexperienced	Key not found
default	00:53:49.234625-0700	powerexperienced	Updating SMC with debug mode ActiveLowPowerMode:0
error	00:53:49.235058-0700	powerexperienced	Write failed for key '<private>' (0x0, 0x84)
error	00:53:49.235074-0700	powerexperienced	Key not found
default	00:53:49.235179-0700	powerexperienced	Updating SMC with debug mode ActiveWarmWorkload:0
default	00:53:49.235367-0700	UserEventAgent	           AURemoteIO.cpp:1741  Stopping AURemoteIO(0x8ef0ce440)
error	00:53:49.235471-0700	powerexperienced	Write failed for key '<private>' (0x0, 0x84)
error	00:53:49.235485-0700	powerexperienced	Key not found
default	00:53:49.235704-0700	UserEventAgent	           AURemoteIO.cpp:1741  Stopping AURemoteIO(0x8ef0ce440)
default	00:53:49.235898-0700	powerexperienced	Updating SMC with debug mode ActiveLowPowerMode:0
default	00:53:49.235935-0700	audiomxd	       AUOOPWorkgroups.mm:38    AUOOPWorkgroupManager: RemoveRemoteIOWorkgroup called with token 0.
default	00:53:49.235956-0700	audiomxd	       AUOOPWorkgroups.mm:66    AUOOPWorkgroupManager: mutating workgroups.
default	00:53:49.235972-0700	audiomxd	       AUOOPWorkgroups.mm:308   AUOOPWorkgroupManager: propagating workgroups.
error	00:53:49.236237-0700	powerexperienced	Write failed for key '<private>' (0x0, 0x84)
error	00:53:49.236253-0700	powerexperienced	Key not found
default	00:53:49.236592-0700	UserEventAgent	(1) EIS measurement #0 on 3 (DN2) returned 0 (DefaultDry)
default	00:53:49.236629-0700	UserEventAgent	(1) halogen measurement = [1.0008411253559, 0.9991602872514, 0.0025208564558, 761463.7850392539985, -1.8757500542516, 9976429.2046274039894, -21.8365319905214, 0.6354986558016, 10743238.6938837021589, 0.0539929612502]
default	00:53:49.236694-0700	UserEventAgent	(1) halogen SNR = [precal: 32.7726457898535, 32.7380798977826 cal: 33.0220560304949, 32.9744641873828 measurement: 32.9232000925637, 7.7944503906000 condet: 0.0000000000000]
default	00:53:49.236741-0700	UserEventAgent	Logging aggd key: com.apple.ioaccessorymanager.ldcm.eis.capacitance.histogram_100908000000_1 value: 0.053993
default	00:53:49.236767-0700	UserEventAgent	Logging aggd key: com.apple.ioaccessorymanager.ldcm.eis.impedance.histogram_100908000000_1 value: 761.463785
default	00:53:49.236896-0700	UserEventAgent	Logging aggd key: com.apple.ioaccessorymanager.ldcm.eis.phase.histogram_100908000000_1 value: -1.875750
default	00:53:49.236934-0700	UserEventAgent	Incrementing aggd key: com.apple.ioaccessorymanager.ldcm.eis.impedance.high_100908000000_1
default	00:53:49.236970-0700	UserEventAgent	Incrementing aggd key: com.apple.ioaccessorymanager.ldcm.eis.phase.high_100908000000_1
default	00:53:49.237004-0700	UserEventAgent	performEisMeasurement start measurement timer: 30000 ms
default	00:53:49.328589-0700	kernel	ANE0: aneFirmwareCommandSend: Skip waiting for response
default	00:53:49.328614-0700	kernel	ANE0: aneFirmwareCommandSend: Skip waiting for response
default	00:53:49.328789-0700	kernel	ANE0: aneFirmwareCommandSend: Skip waiting for response
default	00:53:49.365875-0700	timed	!setState service=(null)
default	00:53:49.365899-0700	timed	!setState priority=300
default	00:53:49.365914-0700	timed	!setState guid=(null)
default	00:53:49.365926-0700	timed	!setState destination=<private>
default	00:53:49.365966-0700	timed	Attempting To Send message from account <private> to destinations <private>
default	00:53:49.366274-0700	timed	!setState guid=<private>
default	00:53:49.367382-0700	timed	Downgrading waking status of message with GUID <private> to non-waking, the client <private> is not configured to send waking messages.  Total messages downgraded: 603
default	00:53:49.367674-0700	timed	OUTGOING-CLIENT_REQUEST:<private> SERVICE:com.apple.private.alloy.timesync
default	00:53:49.367701-0700	timed	Client request to send data on service: com.apple.private.alloy.timesync   guid: D7A3A9F0-D8D7-423E-8BEE-3A67452771A5   to destinations: <private>  isScheduled? : NO  options: <private>    size: 66] (1 pending)
default	00:53:49.368088-0700	timed	sendData: {
    kTMLSLinkMsgKey = 7;
} withIdentifier: D7A3A9F0-D8D7-423E-8BEE-3A67452771A5
default	00:53:49.369807-0700	identityservicesd	Gossip - Trying to fetch STH.
default	00:53:49.369827-0700	identityservicesd	Gossip - Retrieved nil STH. Will not gossip.
default	00:53:49.369846-0700	identityservicesd	Daemon Attempting To Send message from account <private> to destinations <private>
default	00:53:49.370784-0700	identityservicesd	  == Incrementing outgoing-messages for service: com.apple.private.alloy.timesync   Requestor: com.apple.timed  (Count: 603, GlobalCountForAdhocType2: 2215)
default	00:53:49.370806-0700	identityservicesd	     No budget specified
default	00:53:49.370850-0700	identityservicesd	Daemon sending message with priority URGENT guid: D7A3A9F0-D8D7-423E-8BEE-3A67452771A5 messageType: (null), serviceIdentifier: com.apple.private.alloy.timesync to: <private>   from: (null)   aliases: <private>  service type: adhoc type 2   QoS=0x19
default	00:53:49.371022-0700	identityservicesd	Store outgoing message {guid: <private>, canSendUrgent: YES, forceImmediateSend: YES, hasSpecialTrafficClass: YES}
default	00:53:49.371093-0700	identityservicesd	Asked to bypass storage for message with GUID <private>
default	00:53:49.371123-0700	identityservicesd	Performing duet check for priority URGENT for account <private> serviceIdentifier com.apple.private.alloy.timesync duetIdentifiers <private> bypassDuet NO  logString: <private>
default	00:53:49.371155-0700	identityservicesd	Sending via account that's type Local -- forcing local delivery.
default	00:53:49.371252-0700	identityservicesd	sendMessage of size 66  bulkedPayload (null) fromID (null)   toDestinations <private>   useDictAsTopLevel NO  encryptPayload YES  wantsResponse NO  timeout 180.000000  command 242 wantsDeliveryStatus NO wantsCertifiedDelivery NO deliveryStatusContext (null) messageUUID <private>  priority URGENT localDelivery YES  completionBlock 0xc92612dc0
default	00:53:49.371332-0700	identityservicesd	(Class) Destination device uniqueID: <private>
default	00:53:49.371494-0700	identityservicesd	OUTGOING-LOCAL_SEND:<private> SERVICE:com.apple.private.alloy.timesync
default	00:53:49.371602-0700	identityservicesd	Returning phone number from _IDSFetchPhoneNumber { phoneNumbers: <private> }
default	00:53:49.371618-0700	identityservicesd	Ignoring request to fallback forcedLocal YES  localType YES requireLocalWiFi NO message <private>
default	00:53:49.371649-0700	identityservicesd	0xc93561300 -[IDSDuetInterface checkAvailabilityForValues:priority:logString:fromQueue:withCompletionBlock:] Sending IDS message, already allowed by CoreDuet
default	00:53:49.371664-0700	identityservicesd	Notifying client IDSResponsePersisted(11) for com.apple.private.alloy.timesync id <private> alt (null)
default	00:53:49.371680-0700	identityservicesd	Updating listener on <private> with responseCode 11 error (null)  lastCall YES - messageContext <private>
default	00:53:49.372111-0700	identityservicesd	OUTGOING-UTUN_DELIVERY:<private> SERVICE:com.apple.private.alloy.timesync
default	00:53:49.372256-0700	identityservicesd	UTUN request to send URGENT priority local message payload of data size: 66  guid: D7A3A9F0-D8D7-423E-8BEE-3A67452771A5  expirationDate Sun Jul 19 00:56:49 2026 enforceRemoteTimeout NO for topic: com.apple.private.alloy.timesync:37516 and command 242 to deviceIDs (count: 1)
default	00:53:49.372324-0700	identityservicesd	Bluetooth is required but we are not nearby - failing message <private>
default	00:53:49.372385-0700	timed	OUTGOING-UPDATE:<private> CODE:11 LASTCALL:YES
default	00:53:49.372457-0700	timed	<private> outgoing message guid response: D7A3A9F0-D8D7-423E-8BEE-3A67452771A5  callbackID: (null)  response code: 11   error: (null)   lastCall: YES  endpointState: 1
default	00:53:49.372551-0700	identityservicesd	IDSUTunDeliveryController sendMessage <private> deviceID 00000000-0000-0000-0000-000000000000 succeeded? NO response 15 topic: com.apple.private.alloy.timesync - current pending sends local <private> fallback <private> account <private>
default	00:53:49.372572-0700	identityservicesd	Local send completion block {responseCode: 15, error: Error Domain=com.apple.ids.idssenderrordomain Code=15, lastCall: YES, combinedResponseCode: 15, combinedError: Error Domain=com.apple.ids.idssenderrordomain Code=15, account: <private>}
default	00:53:49.372610-0700	identityservicesd	Updating listener on <private> with responseCode 15 error Error Domain=com.apple.ids.idssenderrordomain Code=15  lastCall YES - messageContext <private>
default	00:53:49.372772-0700	identityservicesd	Logged message send response metric: responseCode=15 service=com.apple.private.alloy.timesync command=242 hasDataToEncrypt=NO messageGUID=<private> metricContext=(null)
default	00:53:49.372812-0700	identityservicesd	deleteOutgoingMessageWithGUID:alternateGUID: {guid: <private>, alternateGUID: (null)}
default	00:53:49.373260-0700	timed	OUTGOING-UPDATE:<private> CODE:15 LASTCALL:YES
default	00:53:49.373352-0700	timed	<private> outgoing message guid response: D7A3A9F0-D8D7-423E-8BEE-3A67452771A5  callbackID: (null)  response code: 15   error: Error Domain=com.apple.ids.idssenderrordomain Code=15 "(null)"   lastCall: YES  endpointState: 1
default	00:53:49.373379-0700	timed	Server Timestamp for UpdatedWithResponseCode? { serverReceivedTime: (null), serverTimestamp: (null)}
default	00:53:49.373434-0700	timed	<private> got messageIdentifier <private> callbackID (null) updatedWithResponseCode: 15 error Error Domain=com.apple.identityservices.error Code=26 "Bluetooth required" UserInfo={NSLocalizedDescription=Bluetooth required, NSUnderlyingError=0xc0f0f7180 {Error Domain=com.apple.ids.idssenderrordomain Code=15}} lastCall YES
default	00:53:49.373454-0700	timed	  => <<private>:0xc0ec78180> finished handling message guid: <private>  (connection:messageIdentifier:alternateCallbackID:updatedWithResponseCode:error:lastCall:)
default	00:53:49.373512-0700	timed	<private> got identifier <private> didSendWithSuccess NO  error Error Domain=com.apple.identityservices.error Code=26 "Bluetooth required" UserInfo={NSLocalizedDescription=Bluetooth required, NSUnderlyingError=0xc0f0f7180 {Error Domain=com.apple.ids.idssenderrordomain Code=15}} num delegates: 1
default	00:53:49.373574-0700	timed	  => <<private>:0xc0ec78180> finished handling message guid: <private>  (connection:identifier:didSendWithSuccess:error:context:)
error	00:53:49.374201-0700	timed	D7A3A9F0-D8D7-423E-8BEE-3A67452771A5 (7) send failure (Error Domain=com.apple.identityservices.error Code=26 "Bluetooth required" UserInfo={NSLocalizedDescription=Bluetooth required, NSUnderlyingError=0xc0f0f7180 {Error Domain=com.apple.ids.idssenderrordomain Code=15 "(null)"}}), will retry
default	00:53:49.374448-0700	identityservicesd	Received acknowledgement for outgoing message <private> alternateCallbackID (null) from localObject 0xc928df1a0
default	00:53:49.428320-0700	kernel	ANE0: aneFirmwareCommandSend: Skip waiting for response
default	00:53:49.428428-0700	kernel	ANE0: aneFirmwareCommandSend: Skip waiting for response
default	00:53:49.428656-0700	kernel	ANE0: aneFirmwareCommandSend: Skip waiting for response
default	00:53:49.463422-0700	backboardd	[ALS] ts=82865.328 lux=6.179<private> xy=(0.527 0.473) chs=[0 105 106 226 214] CCT1=1689.494 gain=512x mode=<private> subsamples=24 rawLux=6.179 nits=46 xTalk=[0 0 0 0 0] status=0x9B copyEvent=0
default	00:53:49.464926-0700	backboardd	Ammolite: Lux 6.179085 (delta 5.425689 / thr 10.000000)
default	00:53:49.528090-0700	kernel	ANE0: aneFirmwareCommandSend: Skip waiting for response
default	00:53:49.528103-0700	kernel	ANE0: aneFirmwareCommandSend: Skip waiting for response
default	00:53:49.528357-0700	kernel	ANE0: aneFirmwareCommandSend: Skip waiting for response
default	00:53:49.595427-0700	WirelessRadioManagerd	<private>
default	00:53:49.596307-0700	wifid	Copy current network requested by "WirelessRadioManagerd"
default	00:53:49.597029-0700	wifid	__WiFiDeviceManagerEvaluateAPEnvironment: WiFiRoam : BSS List info for network : snorper : chanCount5GHz: [6] chanCount24GHz: [3] chanCount6GHz: [0]
default	00:53:49.597078-0700	wifid	__WiFiDeviceManagerEvaluateAPEnvironment: WiFiRoam : AP environment is Multi AP for snorper(c2:a7:31:94:c7:a3). Last applied environment is Multi AP. Early exit ? : [0]. augmented from scan results ? : [1]
default	00:53:49.599260-0700	wifid	Copy current network requested by "WirelessRadioManagerd"
default	00:53:49.599622-0700	wifid	__WiFiDeviceManagerEvaluateAPEnvironment: WiFiRoam : BSS List info for network : snorper : chanCount5GHz: [6] chanCount24GHz: [3] chanCount6GHz: [0]
default	00:53:49.599642-0700	wifid	__WiFiDeviceManagerEvaluateAPEnvironment: WiFiRoam : AP environment is Multi AP for snorper(c2:a7:31:94:c7:a3). Last applied environment is Multi AP. Early exit ? : [0]. augmented from scan results ? : [1]
default	00:53:49.628041-0700	kernel	ANE0: aneFirmwareCommandSend: Skip waiting for response
default	00:53:49.628391-0700	kernel	ANE0: aneFirmwareCommandSend: Skip waiting for response
default	00:53:49.628407-0700	kernel	ANE0: aneFirmwareCommandSend: Skip waiting for response
default	00:53:49.713388-0700	backboardd	[ALS] ts=82865.578 lux=5.632<private> xy=(0.548 0.452) chs=[5 84 92 226 207] CCT1=1487.804 gain=512x mode=<private> subsamples=24 rawLux=5.632 nits=46 xTalk=[0 0 0 0 0] status=0x9B copyEvent=0
default	00:53:49.715195-0700	backboardd	Ammolite: Lux 5.632226 (delta 4.878829 / thr 10.000000)
default	00:53:49.727859-0700	kernel	ANE0: aneFirmwareCommandSend: Skip waiting for response
default	00:53:49.727897-0700	kernel	ANE0: aneFirmwareCommandSend: Skip waiting for response
default	00:53:49.728157-0700	kernel	ANE0: aneFirmwareCommandSend: Skip waiting for response
default	00:53:49.783696-0700	maild	<private> Flushing any queuedDelegateBlocks 2
default	00:53:49.783790-0700	maild	<private> _shutdownFromDealloc
default	00:53:49.783874-0700	maild	<private> _cancelConnection called
default	00:53:49.827579-0700	kernel	ANE0: aneFirmwareCommandSend: Skip waiting for response
default	00:53:49.827637-0700	kernel	ANE0: aneFirmwareCommandSend: Skip waiting for response
default	00:53:49.827888-0700	kernel	ANE0: aneFirmwareCommandSend: Skip waiting for response
default	00:53:49.843894-0700	sharingd	[NearbyInfo] Clearing duplicate cache
default	00:53:49.844086-0700	sharingd	Nearby clear duplicate filter cache type 1
default	00:53:49.844813-0700	bluetoothd	clear dup filter cache for process sharingd (79) with scan request of type 16, blob: {length = 0, bytes = 0x}, mask {length = 0, bytes = 0x}, active: 0, duplicates: 0, screen on: No Scan, screen off: No Scan, locked: 1,  rssi: -90, peers: (
) nearby scan mode: 10, advbuf: 0, priority critical: 0, range: 0, retain duplicates: 0, usecases:
default	00:53:49.844861-0700	bluetoothd	About to clearDuplicateFilterCache for type: 16
default	00:53:49.845168-0700	bluetoothd	Received XPC message "CBMsgIdClearDuplicateFilterCache" from session "com.apple.bluetoothd-central-102-10"
default	00:53:49.848571-0700	bluetoothd	clearDuplicateFilterCache for session "com.apple.bluetoothd" type 16
default	00:53:49.861553-0700	backboardd	[TS] Dispatching digitizer event with 2 children, _eventMask=0x23 _childEventMask=0x3 Cancel=0 Touching=1 inRange=1
default	00:53:49.864567-0700	backboardd	contact 3 presence: touching
default	00:53:49.866652-0700	backboardd	Touch entered (insideExclusive) <BKSHitTestRegion: 0xb016a9d50; {{0, 0}, {390, 844}}; exclusive: {{0, 0}, {390, 844}}>
default	00:53:49.867402-0700	liveactivitiesd	Device activity state may have changed to true
default	00:53:49.867677-0700	liveactivitiesd	No precise wake tasks scheduled
default	00:53:49.867691-0700	liveactivitiesd	No wake tasks scheduled
default	00:53:49.867713-0700	liveactivitiesd	No wake tasks scheduled
default	00:53:49.867732-0700	liveactivitiesd	Cancelling precise waking task
default	00:53:49.867749-0700	liveactivitiesd	Cancelling nonwaking task
default	00:53:49.867769-0700	liveactivitiesd	Cancelling waking task
default	00:53:49.867786-0700	liveactivitiesd	Acquiring keep-alive with reason: wake scheduling
default	00:53:49.867821-0700	liveactivitiesd	Keep-alive reasons: ["wake scheduling": 1]
default	00:53:49.869333-0700	liveactivitiesd	Skipping next scheduled wake task - next date is nil
default	00:53:49.869385-0700	liveactivitiesd	Device is active; publishing budget level change event
default	00:53:49.869431-0700	liveactivitiesd	Releasing keep-alive with reason: wake scheduling
default	00:53:49.869451-0700	liveactivitiesd	Keep-alive reasons: [:]
default	00:53:49.869466-0700	liveactivitiesd	Budget level resolver published a change
default	00:53:49.869604-0700	backboardd	  82865.74951: notify client com.apple.siri.AttentionAwareness.Touch of <AWDigitizerButtonKeyboardAttentionEvent: 0xb04bb43c0> (timestamp:   82865.74072 sender 47279988864 displayUUID (null) tagIndex 0 (tag not present in server))
default	00:53:49.870486-0700	backboardd	  82865.74983: notify client com.apple.SpringBoard.HomeGrabberView-1 of <AWDigitizerButtonKeyboardAttentionEvent: 0xb04bb5280> (timestamp:   82865.74072 sender 47279988864 displayUUID (null) tagIndex 0 (tag not present in server))
default	00:53:49.870577-0700	backboardd	  82865.75024: notify client com.apple.SpringBoard.HomeGrabberView-3 of <AWDigitizerButtonKeyboardAttentionEvent: 0xb04bb5400> (timestamp:   82865.74072 sender 47279988864 displayUUID (null) tagIndex 0 (tag not present in server))
default	00:53:49.870663-0700	backboardd	  82865.75032: notify client com.apple.SpringBoard.HomeGrabberView-4 of <AWDigitizerButtonKeyboardAttentionEvent: 0xb04bb4680> (timestamp:   82865.74072 sender 47279988864 displayUUID (null) tagIndex 0 (tag not present in server))
default	00:53:49.871097-0700	backboardd	  82865.75168: notify client com.apple.SpringBoard.HomeGrabberView-5 of <AWDigitizerButtonKeyboardAttentionEvent: 0xb04bb4c00> (timestamp:   82865.74072 sender 47279988864 displayUUID (null) tagIndex 0 (tag not present in server))
default	00:53:49.871195-0700	backboardd	  82865.75180: notify client com.apple.SpringBoard.HomeGrabberView-6 of <AWDigitizerButtonKeyboardAttentionEvent: 0xb04bb4600> (timestamp:   82865.74072 sender 47279988864 displayUUID (null) tagIndex 0 (tag not present in server))
default	00:53:49.873274-0700	backboardd	  82865.75271: notify client com.apple.SpringBoard.HomeGrabberView-44 of <AWDigitizerButtonKeyboardAttentionEvent: 0xb04bb4780> (timestamp:   82865.74072 sender 47279988864 displayUUID (null) tagIndex 0 (tag not present in server))
default	00:53:49.873603-0700	backboardd	  82865.75298: notify client com.apple.SpringBoard.HomeGrabberView-84 of <AWDigitizerButtonKeyboardAttentionEvent: 0xb04bb54c0> (timestamp:   82865.74072 sender 47279988864 displayUUID (null) tagIndex 0 (tag not present in server))
default	00:53:49.874552-0700	SpringBoard	Evaluating dispatch of UIEvent: 0xc30e7c800; type: 0; subtype: 0; backing type: 11; shouldSend: 1; ignoreInteractionEvents: 0, systemGestureStateChange: 0
default	00:53:49.874604-0700	SpringBoard	Sending UIEvent type: 0; subtype: 0; to windows: 1
default	00:53:49.874660-0700	SpringBoard	Sending UIEvent type: 0; subtype: 0; to window: <_UISystemGestureWindow: 0xc32e89400>; contextId: 0x49AE3F00
default	00:53:49.876650-0700	SpringBoard	Evaluating dispatch of UIEvent: 0xc30e7c800; type: 0; subtype: 0; backing type: 11; shouldSend: 0; ignoreInteractionEvents: 0, systemGestureStateChange: 0
default	00:53:49.879256-0700	AnxietyWatch	TX focusApplication (peekAppEvent) stealKB:Y scene:com.groundeffectsoftware.AnxietyWatchHK-6C527490-A1D7-41A4-B49E-317360CCDAA7
default	00:53:49.880274-0700	AnxietyWatch	Evaluating dispatch of UIEvent: 0x105183e00; type: 0; subtype: 0; backing type: 11; shouldSend: 1; ignoreInteractionEvents: 0, systemGestureStateChange: 0
default	00:53:49.880378-0700	AnxietyWatch	Sending UIEvent type: 0; subtype: 0; to windows: 1
default	00:53:49.880403-0700	AnxietyWatch	Sending UIEvent type: 0; subtype: 0; to window: <UIWindow: 0x1051f0c00>; contextId: 0x9D386332
default	00:53:49.880460-0700	SpringBoard	RX com.groundeffectsoftware.AnxietyWatchHK(11299) focusApplicationWithPID:11299 stealKeyboard:Y
    context:<contextID:2637718322 sceneID:com.groundeffectsoftware.AnxietyWatchHK-6C527490-A1D7-41A4-B49E-317360CCDAA7>
default	00:53:49.880559-0700	SpringBoard	Focused scene identity did change to: (null)
default	00:53:49.880629-0700	SpringBoard	set focusRequestedHandle:<com.groundeffectsoftware.AnxietyWatchHK focus:<contextID:2637718322 sceneID:com.groundeffectsoftware.AnxietyWatchHK-6C527490-A1D7-41A4-B49E-317360CCDAA7> run:Y hosting:() level:0 active:N wantedState:Disabled #suppr:0 iavHeight:0 onScreen:N>
default	00:53:49.894140-0700	AnxietyWatch	Evaluating dispatch of UIEvent: 0x105183e00; type: 0; subtype: 0; backing type: 11; shouldSend: 0; ignoreInteractionEvents: 0, systemGestureStateChange: 0
default	00:53:49.927464-0700	kernel	ANE0: aneFirmwareCommandSend: Skip waiting for response
default	00:53:49.927748-0700	kernel	ANE0: aneFirmwareCommandSend: Skip waiting for response
default	00:53:49.927767-0700	kernel	ANE0: aneFirmwareCommandSend: Skip waiting for response
default	00:53:49.956275-0700	SpringBoard	Evaluating dispatch of UIEvent: 0xc30e7c800; type: 0; subtype: 0; backing type: 11; shouldSend: 0; ignoreInteractionEvents: 0, systemGestureStateChange: 1
default	00:53:49.956322-0700	AnxietyWatch	Evaluating dispatch of UIEvent: 0x105183e00; type: 0; subtype: 0; backing type: 11; shouldSend: 0; ignoreInteractionEvents: 0, systemGestureStateChange: 1
default	00:53:49.963910-0700	backboardd	[ALS] ts=82865.829 lux=5.965<private> xy=(0.534 0.466) chs=[0 98 99 226 228] CCT1=1574.905 gain=512x mode=<private> subsamples=24 rawLux=5.965 nits=46 xTalk=[0 0 0 0 0] status=0x9B copyEvent=0
default	00:53:49.965326-0700	backboardd	Ammolite: Lux 5.965164 (delta 5.211768 / thr 10.000000)
default	00:53:49.967231-0700	backboardd	  82865.85022: notify client com.apple.siri.AttentionAwareness.Touch of <AWAttentionLostEvent: 0xb04bb52c0> (timestamp:   82865.85018 attentionLostTimeout       0.10000 tagIndex 0 (tag not present in server))
default	00:53:50.004358-0700	kernel	IO80211PeerMonitor::checkForDPS()  Enter
default	00:53:50.004412-0700	kernel	wlan0:com.apple.p2p.en0: MonitorTimer en0/5000: packet counts: I4 Q0 O4
default	00:53:50.004580-0700	kernel	wlan0:com.apple.p2p.en0: postMessageOnInfraInterface:3463 posting msgId:169 on skywalk infraInterface
default	00:53:50.004740-0700	kernel	LQM-WiFi: BE : Count: 4 avgLatencyMs:2 maxLatencyMs:4
default	00:53:50.004766-0700	kernel	LQM-WiFi: BK : Count: 0 avgLatencyMs:0 maxLatencyMs:0
default	00:53:50.004782-0700	kernel	LQM-WiFi: VI : Count: 0 avgLatencyMs:0 maxLatencyMs:0
default	00:53:50.004795-0700	kernel	LQM-WiFi: VO : Count: 0 avgLatencyMs:0 maxLatencyMs:0
default	00:53:50.004806-0700	kernel	InfraPeers: ---------- BEGIN ----------
default	00:53:50.004820-0700	kernel	InfraPeers: Gateway (28:87:BA:95:5B:00, 192.168.0.1) - Tx [S:0 (BE:0 BK:0 VI:0 VO:0), F:0 (BE:0 BK:0 VI:0 VO:0), PER:0.0%], TxRe [0 (0%)], Rx [0 (BE:0 BK:0 VI:0 VO:0)], RxRe [0 (0%)], RxUc [0], RxMc [0 (B:0 O:0)]
default	00:53:50.004831-0700	kernel	InfraPeers: Bonjour MC (33:33:00:00:00:00) - Tx [S:0, F:0, PER: 0.0%]
default	00:53:50.004842-0700	kernel	InfraPeers: Other MC (01:00:00:00:00:00) - Tx [S:0, F:0, PER: 0.0%]
default	00:53:50.004853-0700	kernel	InfraPeers: BC (FF:FF:FF:FF:FF:FF) - Tx [S:0, F:0, PER: 0.0%]
default	00:53:50.004864-0700	kernel	InfraPeers: Total unicast peers: 5
default	00:53:50.004884-0700	kernel	InfraPeers: UC (EC:71:DB:87:18:7C, ?) - RxMc [2 (B:0 O:2)]
default	00:53:50.004894-0700	kernel	InfraPeers: UC (B6:D7:3B:97:5F:DF, 192.168.1.7) - Tx [S:4 (BE:4 BK:0 VI:0 VO:0), F:0 (BE:0 BK:0 VI:0 VO:0), PER:0.0%], TxRe [0 (0%)], Rx [4 (BE:4 BK:0 VI:0 VO:0)], RxRe [0 (0%)], RxUc [4], RxMc [0 (B:0 O:0)]
default	00:53:50.004905-0700	kernel	InfraPeers: UC (88:AE:DD:02:00:AB, 192.168.1.47) - Tx [S:0 (BE:0 BK:0 VI:0 VO:0), F:0 (BE:0 BK:0 VI:0 VO:0), PER:0.0%], TxRe [0 (0%)], Rx [0 (BE:0 BK:0 VI:0 VO:0)], RxRe [0 (0%)], RxUc [0], RxMc [0 (B:0 O:0)]
default	00:53:50.004916-0700	kernel	InfraPeers: UC (B8:E9:37:76:1B:50, ?) - RxMc [1 (B:0 O:1)]
default	00:53:50.004928-0700	kernel	InfraPeers: UC (D8:EB:46:34:0D:55, ?) - RxMc [0 (B:0 O:0)]
default	00:53:50.004945-0700	kernel	InfraPeers: ----------- END -----------
default	00:53:50.005433-0700	wifid	LQM-TX: Success:4(100.0%) FwFail:0(0.0%) FwMaxRetries:0(0.0%) NoACK:0(0.0%) MiscDrops:0(0.0%) NoBuf:0(0.0%) FwNoRes:0(0.0%) ChipErr:0(0.0%) Exp:0(0.0%) FwFcdExpiry:0(0.0%) FwFree:0(0.0%)
default	00:53:50.027129-0700	kernel	ANE0: aneFirmwareCommandSend: Skip waiting for response
default	00:53:50.027204-0700	kernel	ANE0: aneFirmwareCommandSend: Skip waiting for response
default	00:53:50.027456-0700	kernel	ANE0: aneFirmwareCommandSend: Skip waiting for response
default	00:53:50.031559-0700	CommCenter	[sip.tport.laz.1.3]: TcpConnection 192.168.1.3:52627 <-> 216.239.36.131:5223 [0031EA79-B47F-47E5-A2B0-288AD6CAE4DD]: timer KeepaliveTimeout fired
default	00:53:50.031883-0700	CommCenter	[sip.tport.laz.1.3]: Canceling system wake for timer com.apple.iptelephony.SystemWake.TcpConnection 192.168.1.3:52627 <-> 216.239.36.131:5223 [0031EA79-B47F-47E5-A2B0-288AD6CAE4DD].KeepaliveTimeout at Sun Jul 19 00:53:51 2026 (1s)
default	00:53:50.032522-0700	CommCenter	<mask.hash: 'hiZjoj7llakBrkSWOMaAug=='>SipTcpConnection::handleTimer
default	00:53:50.032596-0700	CommCenter	<mask.hash: 'hiZjoj7llakBrkSWOMaAug=='>scheduled keepalive event
default	00:53:50.032638-0700	CommCenter	[bambi]: BambiClient: Acquire KeepAlive power assertion for stackId=239D1514-B3FF-4744-9729-AEE5D1F080D7
default	00:53:50.032685-0700	CommCenter	[power]: AssertionCounter increased count - com.apple.ipTelephony.crlf.0.wifi.ipt:1
default	00:53:50.033147-0700	powerd	Sleep revert state: 1
default	00:53:50.033284-0700	powerd	Process CommCenter.105 Created SystemIsActive "com.apple.ipTelephony.crlf.0.wifi.ipt" age:00:00:00  id:51539641099 [System: PrevIdle SysAct]
default	00:53:50.033318-0700	CommCenter	[power]: Created power assertion com.apple.ipTelephony.crlf.0.wifi.ipt
default	00:53:50.033641-0700	CommCenter	[sip.tport.laz.1.3]: registering timer 0031EA79-B47F-47E5-A2B0-288AD6CAE4DD.0x84390c620.PongReceiveTimeout
default	00:53:50.033704-0700	CommCenter	[sip.tport.laz.1.3]: Scheduling system wake for timer com.apple.iptelephony.SystemWake.TcpConnection 192.168.1.3:52627 <-> 216.239.36.131:5223 [0031EA79-B47F-47E5-A2B0-288AD6CAE4DD].PongReceiveTimeout at Sun Jul 19 00:54:01 2026 (11s)
default	00:53:50.034106-0700	CommCenter	[sip.tport.laz.1.3]: TcpConnection 192.168.1.3:52627 <-> 216.239.36.131:5223 [0031EA79-B47F-47E5-A2B0-288AD6CAE4DD]: started timer PongReceiveTimeout with duration 10000ms
default	00:53:50.034153-0700	CommCenter	<mask.hash: 'hiZjoj7llakBrkSWOMaAug=='>sending CRLF ping
default	00:53:50.034188-0700	CommCenter	<mask.hash: 'DIzbudiCEpDn6+ClUKTL+w=='>sendOverSocket 4 bytes
default	00:53:50.034214-0700	CommCenter	<mask.hash: 'DIzbudiCEpDn6+ClUKTL+w=='>writeToNw 4
default	00:53:50.034238-0700	CommCenter	<mask.hash: 'DIzbudiCEpDn6+ClUKTL+w=='>nw_connection_send success
default	00:53:50.055064-0700	CommCenter	<mask.hash: 'DIzbudiCEpDn6+ClUKTL+w=='>Received data length=2
default	00:53:50.055270-0700	CommCenter	<mask.hash: 'hiZjoj7llakBrkSWOMaAug=='>SipTcpConnection::processDataFromSocket hasPartial=<private> crlfInFlight=<private>
default	00:53:50.055306-0700	CommCenter	<mask.hash: 'hiZjoj7llakBrkSWOMaAug=='>Received CRLF pong
default	00:53:50.055345-0700	CommCenter	[sip.tport.laz.1.3]: TcpConnection 192.168.1.3:52627 <-> 216.239.36.131:5223 [0031EA79-B47F-47E5-A2B0-288AD6CAE4DD]: canceling timer PongReceiveTimeout
default	00:53:50.055372-0700	CommCenter	[sip.tport.laz.1.3]: Canceling system wake for timer com.apple.iptelephony.SystemWake.TcpConnection 192.168.1.3:52627 <-> 216.239.36.131:5223 [0031EA79-B47F-47E5-A2B0-288AD6CAE4DD].PongReceiveTimeout at Sun Jul 19 00:54:01 2026 (11s)
default	00:53:50.055674-0700	CommCenter	<mask.hash: 'hiZjoj7llakBrkSWOMaAug=='>Set next CRLF threshold to 2 pings
default	00:53:50.055775-0700	CommCenter	<mask.hash: 'CZlXLk6QLxr2yHX2xY3W/A=='>Grow CRLF ping interval: 20 --> 20
default	00:53:50.055809-0700	CommCenter	<mask.hash: 'hiZjoj7llakBrkSWOMaAug=='>next keepalive event <private>
default	00:53:50.055829-0700	CommCenter	[sip.tport.laz.1.3]: registering timer 0031EA79-B47F-47E5-A2B0-288AD6CAE4DD.0x84390c620.KeepaliveTimeout
default	00:53:50.056092-0700	CommCenter	[sip.tport.laz.1.3]: Scheduling system wake for timer com.apple.iptelephony.SystemWake.TcpConnection 192.168.1.3:52627 <-> 216.239.36.131:5223 [0031EA79-B47F-47E5-A2B0-288AD6CAE4DD].KeepaliveTimeout at Sun Jul 19 00:54:11 2026 (21s)
default	00:53:50.056369-0700	CommCenter	[sip.tport.laz.1.3]: TcpConnection 192.168.1.3:52627 <-> 216.239.36.131:5223 [0031EA79-B47F-47E5-A2B0-288AD6CAE4DD]: started timer KeepaliveTimeout with duration 20000ms
default	00:53:50.056463-0700	CommCenter	[sip.tport.laz.1.3]: TcpConnection 192.168.1.3:52627 <-> 216.239.36.131:5223: KeepaliveRescheduled due to pong received
default	00:53:50.056551-0700	CommCenter	[bambi]: BambiClient: Release KeepAlive power assertion for stackId=239D1514-B3FF-4744-9729-AEE5D1F080D7
default	00:53:50.056577-0700	CommCenter	[power]: released power assertion com.apple.ipTelephony.crlf.0.wifi.ipt
default	00:53:50.056638-0700	powerd	Process CommCenter.105 Released SystemIsActive "com.apple.ipTelephony.crlf.0.wifi.ipt" age:00:00:00  id:51539641099 [System: PrevIdle SysAct]
default	00:53:50.062027-0700	backboardd	[TS] Dispatching digitizer event with 2 children, _eventMask=0x23 _childEventMask=0x3 Cancel=0 Touching=0 inRange=0
default	00:53:50.062099-0700	backboardd	contact 3 presence: none
default	00:53:50.062429-0700	backboardd	not removing destination (external): <BKTouchDestination: 0xb022482d0; (touchStream|filterDetachedTouches); contextID: 0x49AE3F00; clientPort: 0x2303; externalReferences: 1>
default	00:53:50.063910-0700	backboardd	  82865.94631: notify client com.apple.siri.AttentionAwareness.Touch of <AWDigitizerButtonKeyboardAttentionEvent: 0xb04bb4b80> (timestamp:   82865.94103 sender 47279988864 displayUUID (null) tagIndex 0 (tag not present in server))
default	00:53:50.075552-0700	SpringBoard	Evaluating dispatch of UIEvent: 0xc30e7c800; type: 0; subtype: 0; backing type: 11; shouldSend: 1; ignoreInteractionEvents: 0, systemGestureStateChange: 0
default	00:53:50.075769-0700	AnxietyWatch	Evaluating dispatch of UIEvent: 0x105183e00; type: 0; subtype: 0; backing type: 11; shouldSend: 1; ignoreInteractionEvents: 0, systemGestureStateChange: 0
default	00:53:50.075885-0700	SpringBoard	Sending UIEvent type: 0; subtype: 0; to windows: 1
default	00:53:50.075927-0700	AnxietyWatch	Sending UIEvent type: 0; subtype: 0; to windows: 1
default	00:53:50.075948-0700	SpringBoard	Sending UIEvent type: 0; subtype: 0; to window: <_UISystemGestureWindow: 0xc32e89400>; contextId: 0x49AE3F00
default	00:53:50.075968-0700	AnxietyWatch	Sending UIEvent type: 0; subtype: 0; to window: <UIWindow: 0x1051f0c00>; contextId: 0x9D386332
default	00:53:50.078320-0700	AnxietyWatch	100621.6ms (+89737.0ms) HealthKitAccessBanner.handleTap begin (state=notRequested)
default	00:53:50.078336-0700	AnxietyWatch	100621.8ms (+   0.2ms) HealthKitAccessBanner: requestAuthorization begin
default	00:53:50.078375-0700	AnxietyWatch	HealthKitManager: calling healthStore.requestAuthorization (presents system sheet) — 28 read types
default	00:53:50.078397-0700	AnxietyWatch	Requesting prompting authorization to share <private>, read <private>
default	00:53:50.080240-0700	healthd	<HDAnalyticsSubmissionCoordinator: 0x9e4cb8700>: Event sent: com.apple.healthd.authorization.request
default	00:53:50.082700-0700	healthd	Enqueuing authorization request for <private>
default	00:53:50.083066-0700	AnxietyWatch	Note: no default visual style class registered as fallback for stylable class UIActivityIndicatorView
default	00:53:50.083085-0700	AnxietyWatch	Note: no default visual style class registered as fallback for stylable class UIActivityIndicatorView
default	00:53:50.083126-0700	healthd	Added authorization request 11FA7FCC-5766-4FA3-862F-B79DD0B5EDE2 to group for com.groundeffectsoftware.AnxietyWatchHK. Request count: 1
default	00:53:50.091810-0700	AnxietyWatch	<HKHealthPrivacyHostAuthorizationViewController: 0x106831e00>: Requesting remote view controller HKHealthPrivacyServiceAuthorizationViewController from service com.apple.HealthPrivacyService using <_UIRemoteViewControllerSceneHostingImpl: 0x10503e040>
default	00:53:50.092372-0700	AnxietyWatch	Asking defaultShell to open app viewservice com.apple.HealthPrivacyService
default	00:53:50.092422-0700	AnxietyWatch	[FBSSystemService][0xc6d3] Sending request to open "com.apple.HealthPrivacyService"
default	00:53:50.093647-0700	SpringBoard	[FBSystemService][0xc6d3] Received request to open "com.apple.HealthPrivacyService" from AnxietyWatch:11299.
default	00:53:50.093753-0700	SpringBoard	[FBSystemService][0xc6d3] Trusting allow-listed background activation from AnxietyWatch:11299.
default	00:53:50.093950-0700	SpringBoard	Received trusted open application request for "com.apple.HealthPrivacyService" from <FBApplicationProcess: 0xc3d004780; app<com.groundeffectsoftware.AnxietyWatchHK>:11299(v80F4)>.
default	00:53:50.094726-0700	SpringBoard	Executing request: <SBMainWorkspaceTransitionRequest: 0xc36d0e1c0; eventLabel: OpenApplication(sceneID:com.apple.HealthPrivacyService-default)ForRequester(AnxietyWatch.11299); display: Main; source: FBSystemService>
default	00:53:50.094940-0700	SpringBoard	Executing suspended-activation immediately: OpenApplication(sceneID:com.apple.HealthPrivacyService-default)ForRequester(AnxietyWatch.11299)
default	00:53:50.094957-0700	SpringBoard	[FBWorkspaceEvent] Executing: <FBWorkspaceEvent: 0xc314a9ea0; OpenApplication(sceneID:com.apple.HealthPrivacyService-default)ForRequester(AnxietyWatch.11299)>
default	00:53:50.094993-0700	SpringBoard	[FBWorkspaceEvent] Executing: <FBWorkspaceEvent: 0xc314a9780; OpenApplication(sceneID:com.apple.HealthPrivacyService-default)ForRequester(AnxietyWatch.11299)>
default	00:53:50.101496-0700	SpringBoard	[92869424] unlockedEnvironmentMode: application
default	00:53:50.101516-0700	SpringBoard	[SwitcherOrientation] transition source: FBSystemService
default	00:53:50.101535-0700	SpringBoard	[SwitcherOrientation] switcherPolicy[Follow Primary Element primaryOverlaysPolicy[Device Orientation]
default	00:53:50.103590-0700	SpringBoard	[SwitcherOrientation] _updateParticipantsAndPoliciesWithSwitcherPolicy:[Follow Primary Element] nonPrimaryOverlayPolicy:[Device Orientation]
default	00:53:50.103614-0700	SpringBoard	[SwitcherOrientation] animation duration set to 0.00
default	00:53:50.103643-0700	SpringBoard	[SwitcherOrientation] outSwitcherOrientation: portrait (1), outElementsOrientations: {
    "sceneID:com.groundeffectsoftware.AnxietyWatchHK-6C527490-A1D7-41A4-B49E-317360CCDAA7" = 1;
}
default	00:53:50.104163-0700	SpringBoard	[FBSystemService][0xc6d3] Request complete; no error reported.
default	00:53:50.106044-0700	SpringBoard	No capture application found for the com.apple.HealthPrivacyService, launchCameraCapture: NO, isCaptureApplication: NO
error	00:53:50.106065-0700	SpringBoard	[(FBSceneManager):sceneID:com.apple.HealthPrivacyService-default] updated settings were not derived from the scene's previous settings
default	00:53:50.106270-0700	AnxietyWatch	[FBSSystemService][0xc6d3] Request successful: <BSProcessHandle: 0x11a2a4150; HealthPrivacySe:599; valid: YES>
default	00:53:50.107220-0700	SpringBoard	[0xc38b66100:(FBSceneManager):sceneID:com.apple.HealthPrivacyService-default] Scene state did change: BG-Active[40].
default	00:53:50.115174-0700	runningboardd	Acquiring assertion targeting [app<com.apple.HealthPrivacyService(3A076A8F-336D-4BCB-ACE2-64C6E80D0E3A)>:599] from originator [app<com.groundeffectsoftware.AnxietyWatchHK(3A076A8F-336D-4BCB-ACE2-64C6E80D0E3A)>:11299] with description <RBSAssertionDescriptor| "com.apple.viewservice.session.app" ID:34-11299-40919 target:599 attributes:[
	<RBSDomainAttribute| domain:"com.apple.uikit" name:"ViewService-AppSession" sourceEnvironment:"(null)">
	]>
default	00:53:50.115205-0700	runningboardd	Assertion 34-11299-40919 (target:[app<com.apple.HealthPrivacyService(3A076A8F-336D-4BCB-ACE2-64C6E80D0E3A)>:599]) will be created as active
default	00:53:50.115678-0700	runningboardd	Acquiring assertion targeting [app<com.apple.HealthPrivacyService(3A076A8F-336D-4BCB-ACE2-64C6E80D0E3A)>:599] from originator [osservice<com.apple.SpringBoard>:35] with description <RBSAssertionDescriptor| "FBWorkspace (BG-Active[40])" ID:34-35-40920 target:599 attributes:[
	<RBSDomainAttribute| domain:"com.apple.frontboard" name:"SuspendableLPRunReason-Suspend" sourceEnvironment:"(null)">,
	<RBSDomainAttribute| domain:"com.apple.frontboard" name:"SuspendableRole-NonUI" sourceEnvironment:"(null)">,
	<RBSDomainAttribute| domain:"com.apple.frontboard" name:"SuspendableJetsamPriority-Active" sourceEnvironment:"(null)">
	]>
default	00:53:50.115757-0700	runningboardd	Calculated state for app<com.apple.HealthPrivacyService(3A076A8F-336D-4BCB-ACE2-64C6E80D0E3A)>: running-active (role: UserInteractiveNonFocal) (endowments: <private>)
default	00:53:50.115808-0700	runningboardd	Assertion 34-35-40920 (target:[app<com.apple.HealthPrivacyService(3A076A8F-336D-4BCB-ACE2-64C6E80D0E3A)>:599]) will be created as active
default	00:53:50.116252-0700	runningboardd	PERF: Received lookupHandleForPredicate request from [app<com.groundeffectsoftware.AnxietyWatchHK(3A076A8F-336D-4BCB-ACE2-64C6E80D0E3A)>:11299] (euid 501, auid 501) (persona (null))
default	00:53:50.116754-0700	runningboardd	[app<com.apple.HealthPrivacyService(3A076A8F-336D-4BCB-ACE2-64C6E80D0E3A)>:599] Set jetsam priority to 80 [0] flag[1]
default	00:53:50.116812-0700	runningboardd	[app<com.apple.HealthPrivacyService(3A076A8F-336D-4BCB-ACE2-64C6E80D0E3A)>:599] Set darwin role to: UserInteractiveNonFocal
default	00:53:50.116969-0700	runningboardd	Calculated state for app<com.apple.HealthPrivacyService(3A076A8F-336D-4BCB-ACE2-64C6E80D0E3A)>: running-active (role: UserInteractiveNonFocal) (endowments: <private>)
default	00:53:50.117161-0700	AnxietyWatch	Asked to bootstrap a new process for handle: [app<com.apple.HealthPrivacyService(3A076A8F-336D-4BCB-ACE2-64C6E80D0E3A)>:599]
default	00:53:50.117177-0700	AnxietyWatch	A process already exists for this handle: <FBApplicationProcess: 0x106a95b00; app<com.apple.HealthPrivacyService>:599(v670)>
default	00:53:50.117250-0700	runningboardd	Acquiring assertion targeting [app<com.apple.HealthPrivacyService(3A076A8F-336D-4BCB-ACE2-64C6E80D0E3A)>:599] from originator [app<com.groundeffectsoftware.AnxietyWatchHK(3A076A8F-336D-4BCB-ACE2-64C6E80D0E3A)>:11299] with description <RBSAssertionDescriptor| "com.apple.viewservice.session" ID:34-11299-40921 target:app<com.apple.HealthPrivacyService((null))> attributes:[
	<RBSLegacyAttribute| requestedReason:ViewService reason:ViewService flags:( AllowIdleSleep PreventTaskSuspend PreventTaskThrottleDown WantsForegroundResourcePriority )>,
	<RBSAcquisitionCompletionAttribute| policy:AfterValidation>
	]>
default	00:53:50.117386-0700	runningboardd	Assertion 34-11299-40921 (target:[app<com.apple.HealthPrivacyService(3A076A8F-336D-4BCB-ACE2-64C6E80D0E3A)>:599]) will be created as active
default	00:53:50.117763-0700	SpringBoard	[app<com.apple.HealthPrivacyService>:599] Workspace state did change: XX-None[0] --> BG-Active[40] (assertion acquired).
default	00:53:50.117824-0700	SpringBoard	[0xc38b66100:(FBSceneManager):sceneID:com.apple.HealthPrivacyService-default] Sending scene action [Forward Event][0x7245] to process 0xc33361f80 (watchdog: 30.00s)
default	00:53:50.118010-0700	AnxietyWatch	Received state update for 599 (app<com.apple.HealthPrivacyService(3A076A8F-336D-4BCB-ACE2-64C6E80D0E3A)>, running-active-NotVisible
default	00:53:50.118227-0700	HealthPrivacyService	sceneOfRecord: sceneID: sceneID:com.apple.HealthPrivacyService-default  persistentID: 54B62F55-FBDF-44B8-895C-5616C205B224
default	00:53:50.118947-0700	runningboardd	Calculated state for app<com.apple.HealthPrivacyService(3A076A8F-336D-4BCB-ACE2-64C6E80D0E3A)>: running-active (role: UserInteractiveNonFocal) (endowments: <private>)
default	00:53:50.119458-0700	SpringBoard	Received state update for 599 (app<com.apple.HealthPrivacyService(3A076A8F-336D-4BCB-ACE2-64C6E80D0E3A)>, running-active-NotVisible
default	00:53:50.119574-0700	SpringBoard	[0xc38b66100:(FBSceneManager):sceneID:com.apple.HealthPrivacyService-default] Scene action [Forward Event][0x7245] completed with success: 1
default	00:53:50.120160-0700	HealthPrivacyService	Received state update for 599 (app<com.apple.HealthPrivacyService(3A076A8F-336D-4BCB-ACE2-64C6E80D0E3A)>, running-active-NotVisible
default	00:53:50.120888-0700	CommCenter	Received state update for 599 (app<com.apple.HealthPrivacyService(3A076A8F-336D-4BCB-ACE2-64C6E80D0E3A)>, running-active-NotVisible
default	00:53:50.120987-0700	AnxietyWatch	Received state update for 599 (app<com.apple.HealthPrivacyService(3A076A8F-336D-4BCB-ACE2-64C6E80D0E3A)>, running-active-NotVisible
default	00:53:50.122277-0700	audiomxd	Received state update for 599 (app<com.apple.HealthPrivacyService(3A076A8F-336D-4BCB-ACE2-64C6E80D0E3A)>, running-active-NotVisible
default	00:53:50.122596-0700	CommCenter	Received state update for 599 (app<com.apple.HealthPrivacyService(3A076A8F-336D-4BCB-ACE2-64C6E80D0E3A)>, running-active-NotVisible
default	00:53:50.123333-0700	SpringBoard	Received state update for 599 (app<com.apple.HealthPrivacyService(3A076A8F-336D-4BCB-ACE2-64C6E80D0E3A)>, running-active-NotVisible
default	00:53:50.123655-0700	HealthPrivacyService	Received state update for 599 (app<com.apple.HealthPrivacyService(3A076A8F-336D-4BCB-ACE2-64C6E80D0E3A)>, running-active-NotVisible
default	00:53:50.123745-0700	audiomxd	Received state update for 599 (app<com.apple.HealthPrivacyService(3A076A8F-336D-4BCB-ACE2-64C6E80D0E3A)>, running-active-NotVisible
default	00:53:50.124582-0700	AnxietyWatch	<StateMachine:0x11a32f0c0> Created with presentation environment: <0x11dd1cf00:<_UISceneKeyboardProxyLayerForwardingPresentationScene: 0x11dd1cf00> Tracking scene: <FBScene: 0x11a021200; UISceneHosting-com.groundeffectsoftware.AnxietyWatchHK:UIHostedScene-com.apple.HealthPrivacyService-161EAD0F-48E2-46F9-9D11-DF927626D717>>
default	00:53:50.124610-0700	AnxietyWatch	<ForwardingPresentationScene:0x11dd1cf00> Prioritized presenter: <_UIScenePresenter: 0x10615a840; identifier: UISceneHostingView-UIHostedScene-com.apple.HealthPrivacyService-161EAD0F-48E2-46F9-9D11-DF927626D717; sortContext: 0>.
default	00:53:50.125165-0700	AnxietyWatch	<_UIRemoteViewControllerSceneHostingImpl: 0x10503e040>: Created scene 11299->app<com.apple.HealthPrivacyService(3A076A8F-336D-4BCB-ACE2-64C6E80D0E3A)>/UISceneHosting-com.groundeffectsoftware.AnxietyWatchHK:UIHostedScene-com.apple.HealthPrivacyService-161EAD0F-48E2-46F9-9D11-DF927626D717
default	00:53:50.125199-0700	AnxietyWatch	Configuring viewservice connection with synchronizer : <FBSceneSynchronizer:0x10606c580 FBProcess:[app<com.apple.HealthPrivacyService>:599][599]>
default	00:53:50.125248-0700	AnxietyWatch	Configured auxiliary connection for <_UIRemoteViewControllerSceneHostingImpl: 0x10503e040; identityToken: 11299->app<com.apple.HealthPrivacyService(3A076A8F-336D-4BCB-ACE2-64C6E80D0E3A)>/UISceneHosting-com.groundeffectsoftware.AnxietyWatchHK:UIHostedScene-com.apple.HealthPrivacyService-161EAD0F-48E2-46F9-9D11-DF927626D717> with exported interface <NSXPCInterface: 0x11a32ee00>, remote object interface <NSXPCInterface: 0x11a32ee40>
default	00:53:50.125272-0700	AnxietyWatch	Activating scene for <_UIRemoteViewControllerSceneHostingImpl: 0x10503e040; identityToken: 11299->app<com.apple.HealthPrivacyService(3A076A8F-336D-4BCB-ACE2-64C6E80D0E3A)>/UISceneHosting-com.groundeffectsoftware.AnxietyWatchHK:UIHostedScene-com.apple.HealthPrivacyService-161EAD0F-48E2-46F9-9D11-DF927626D717>
default	00:53:50.125296-0700	HealthPrivacyService	Auxiliary connection [<NSXPCConnection: 0x8288b8960> connection to service with pid 11299 named (null)] activated targeting scene 11299->app<com.apple.HealthPrivacyService(3A076A8F-336D-4BCB-ACE2-64C6E80D0E3A)>/UISceneHosting-com.groundeffectsoftware.AnxietyWatchHK:UIHostedScene-com.apple.HealthPrivacyService-161EAD0F-48E2-46F9-9D11-DF927626D717
default	00:53:50.125602-0700	WirelessRadioManagerd	Received state update for 599 (app<com.apple.HealthPrivacyService(3A076A8F-336D-4BCB-ACE2-64C6E80D0E3A)>, running-active-NotVisible
default	00:53:50.125638-0700	AnxietyWatch	Activation suppressed: <BSSimpleAssertion: 0x11dd1eee0; querying endpoint for settings modification; identifier: activationSuppressionAssertion::11299->app<com.apple.HealthPrivacyService(3A076A8F-336D-4BCB-ACE2-64C6E80D0E3A)>/UISceneHosting-com.groundeffectsoftware.AnxietyWatchHK:UIHostedScene-com.apple.HealthPrivacyService-161EAD0F-48E2-46F9-9D11-DF927626D717; state: active>
default	00:53:50.125672-0700	AnxietyWatch	<_UISceneExternalSettingsModifierHostComponent: 0x11dd1e6d0>: Requesting settings modifiers for 11299->app<com.apple.HealthPrivacyService(3A076A8F-336D-4BCB-ACE2-64C6E80D0E3A)>/UISceneHosting-com.groundeffectsoftware.AnxietyWatchHK:UIHostedScene-com.apple.HealthPrivacyService-161EAD0F-48E2-46F9-9D11-DF927626D717 from endpoint <BSServiceConnectionEndpoint: 0x11cb532a0; target: com.apple.frontboard.systemappservices; service: com.apple.uis.scene-hosting-external-settings-modifier-service>
default	00:53:50.126045-0700	AnxietyWatch	<_UISceneExternalSettingsModifierHostComponent: 0x11dd1e6d0>: Using settings modifiers: (null)
default	00:53:50.126099-0700	AnxietyWatch	Activation suppression relinquished: <BSSimpleAssertion: 0x11dd1eee0; querying endpoint for settings modification; identifier: activationSuppressionAssertion::11299->app<com.apple.HealthPrivacyService(3A076A8F-336D-4BCB-ACE2-64C6E80D0E3A)>/UISceneHosting-com.groundeffectsoftware.AnxietyWatchHK:UIHostedScene-com.apple.HealthPrivacyService-161EAD0F-48E2-46F9-9D11-DF927626D717; state: invalidated>, current count: 0
default	00:53:50.126132-0700	AnxietyWatch	Asked to bootstrap a new process for handle: [app<com.apple.HealthPrivacyService(3A076A8F-336D-4BCB-ACE2-64C6E80D0E3A)>:599]
default	00:53:50.126172-0700	AnxietyWatch	A process already exists for this handle: <FBApplicationProcess: 0x106a95b00; app<com.apple.HealthPrivacyService>:599(v670)>
default	00:53:50.126230-0700	AnxietyWatch	[0x11c622880:UISceneHosting-com.groundeffectsoftware.AnxietyWatchHK:UIHostedScene-com.apple.HealthPrivacyService-161EAD0F-48E2-46F9-9D11-DF927626D717] Initialized with connection: 0x11a2a5650.
default	00:53:50.126250-0700	AnxietyWatch	[app<com.apple.HealthPrivacyService>:599] Registered new scene: <FBUIApplicationWorkspaceScene: 0x11c622880; UISceneHosting-com.groundeffectsoftware.AnxietyWatchHK:UIHostedScene-com.apple.HealthPrivacyService-161EAD0F-48E2-46F9-9D11-DF927626D717> (fromRemnant = 0)
default	00:53:50.126270-0700	AnxietyWatch	[UISceneHosting-com.groundeffectsoftware.AnxietyWatchHK:UIHostedScene-com.apple.HealthPrivacyService-161EAD0F-48E2-46F9-9D11-DF927626D717][1] Scene activated.
default	00:53:50.126296-0700	AnxietyWatch	[app<com.apple.HealthPrivacyService>:599] Workspace interruption policy did change: disconnect
default	00:53:50.126403-0700	runningboardd	Acquiring assertion targeting [app<com.apple.HealthPrivacyService(3A076A8F-336D-4BCB-ACE2-64C6E80D0E3A)>:599] from originator [app<com.groundeffectsoftware.AnxietyWatchHK(3A076A8F-336D-4BCB-ACE2-64C6E80D0E3A)>:11299] with description <RBSAssertionDescriptor| "com.apple.frontboard.after-life.interrupted" ID:34-11299-40922 target:599 attributes:[
	<RBSDomainAttribute| domain:"com.apple.frontboard" name:"AfterLife-Interrupted" sourceEnvironment:"(null)">
	]>
default	00:53:50.126461-0700	runningboardd	Assertion 34-11299-40922 (target:[app<com.apple.HealthPrivacyService(3A076A8F-336D-4BCB-ACE2-64C6E80D0E3A)>:599]) will be created as inactive as originator process has not exited
default	00:53:50.127357-0700	AnxietyWatch	[app<com.apple.HealthPrivacyService>:599] Setting process visibility to: Foreground
default	00:53:50.127533-0700	AnxietyWatch	[UISceneHosting-com.groundeffectsoftware.AnxietyWatchHK:UIHostedScene-com.apple.HealthPrivacyService-161EAD0F-48E2-46F9-9D11-DF927626D717] scene content state changed: preparing
default	00:53:50.127628-0700	AnxietyWatch	[UISceneHosting-com.groundeffectsoftware.AnxietyWatchHK:UIHostedScene-com.apple.HealthPrivacyService-161EAD0F-48E2-46F9-9D11-DF927626D717] Client process connected: [app<com.apple.HealthPrivacyService(3A076A8F-336D-4BCB-ACE2-64C6E80D0E3A)>:599]
default	00:53:50.127645-0700	AnxietyWatch	[0x11c622880:UISceneHosting-com.groundeffectsoftware.AnxietyWatchHK:UIHostedScene-com.apple.HealthPrivacyService-161EAD0F-48E2-46F9-9D11-DF927626D717] Scene lifecycle state did change: Foreground
default	00:53:50.127660-0700	AnxietyWatch	[0x11c622880:UISceneHosting-com.groundeffectsoftware.AnxietyWatchHK:UIHostedScene-com.apple.HealthPrivacyService-161EAD0F-48E2-46F9-9D11-DF927626D717] Scene state did change: FV-Focal[100].
default	00:53:50.128212-0700	runningboardd	Acquiring assertion targeting [app<com.apple.HealthPrivacyService(3A076A8F-336D-4BCB-ACE2-64C6E80D0E3A)>:599] from originator [app<com.groundeffectsoftware.AnxietyWatchHK(3A076A8F-336D-4BCB-ACE2-64C6E80D0E3A)>:11299] with description <RBSAssertionDescriptor| "FBWorkspace (FV-Focal[100])" ID:34-11299-40923 target:599 attributes:[
	<RBSDomainAttribute| domain:"com.apple.frontboard" name:"SuspendableLPRunReason-Resume" sourceEnvironment:"(null)">,
	<RBSDomainAttribute| domain:"com.apple.frontboard" name:"SuspendableRole-UIFocal" sourceEnvironment:"(null)">,
	<RBSDomainAttribute| domain:"com.apple.frontboard" name:"SuspendableJetsamPriority-Foreground" sourceEnvironment:"(null)">
	]>
default	00:53:50.128232-0700	runningboardd	Assertion 34-11299-40923 (target:[app<com.apple.HealthPrivacyService(3A076A8F-336D-4BCB-ACE2-64C6E80D0E3A)>:599]) will be created as active
default	00:53:50.129154-0700	runningboardd	Calculated state for app<com.apple.HealthPrivacyService(3A076A8F-336D-4BCB-ACE2-64C6E80D0E3A)>: running-active (role: UserInteractiveFocal) (endowments: <private>)
default	00:53:50.129235-0700	runningboardd	[app<com.apple.HealthPrivacyService(3A076A8F-336D-4BCB-ACE2-64C6E80D0E3A)>:599] Set jetsam priority to 100 [0] flag[1]
default	00:53:50.129261-0700	runningboardd	[app<com.apple.HealthPrivacyService(3A076A8F-336D-4BCB-ACE2-64C6E80D0E3A)>:599] Set darwin role to: UserInteractiveFocal
default	00:53:50.129287-0700	runningboardd	599 Set Darwin GPU to "UserInteractiveFocals" (7)
default	00:53:50.129512-0700	AnxietyWatch	[app<com.apple.HealthPrivacyService>:599] Workspace state did change: XX-None[0] --> FV-Focal[100] (assertion acquired).
default	00:53:50.129606-0700	AnxietyWatch	Updating self-assertion for unified workspace priority: BG-Opportunistic[40]
default	00:53:50.130089-0700	runningboardd	Acquiring assertion targeting [app<com.groundeffectsoftware.AnxietyWatchHK(3A076A8F-336D-4BCB-ACE2-64C6E80D0E3A)>:11299] from originator [app<com.groundeffectsoftware.AnxietyWatchHK(3A076A8F-336D-4BCB-ACE2-64C6E80D0E3A)>:11299] with description <RBSAssertionDescriptor| "FBWorkspace Self-Assert" ID:34-11299-40924 target:11299 attributes:[
	<RBSDomainAttribute| domain:"com.apple.common" name:"FinishTaskInterruptable" sourceEnvironment:"(null)">
	]>
default	00:53:50.130486-0700	runningboardd	Assertion 34-11299-40924 (target:[app<com.groundeffectsoftware.AnxietyWatchHK(3A076A8F-336D-4BCB-ACE2-64C6E80D0E3A)>:11299]) will be created as inactive as start-time-defining assertions exist
default	00:53:50.130682-0700	AnxietyWatch	[0x11c622880:UISceneHosting-com.groundeffectsoftware.AnxietyWatchHK:UIHostedScene-com.apple.HealthPrivacyService-161EAD0F-48E2-46F9-9D11-DF927626D717] Sending scene action [Logical Activate][0xaf3c] to process 0x106a95b00 (watchdog: 10.00s)
default	00:53:50.131937-0700	SpringBoard	Received state update for 599 (app<com.apple.HealthPrivacyService(3A076A8F-336D-4BCB-ACE2-64C6E80D0E3A)>, running-active-NotVisible
default	00:53:50.132606-0700	AnxietyWatch	[0x11c622880:UISceneHosting-com.groundeffectsoftware.AnxietyWatchHK:UIHostedScene-com.apple.HealthPrivacyService-161EAD0F-48E2-46F9-9D11-DF927626D717] Sending scene create.
default	00:53:50.132874-0700	CommCenter	Received state update for 599 (app<com.apple.HealthPrivacyService(3A076A8F-336D-4BCB-ACE2-64C6E80D0E3A)>, running-active-NotVisible
default	00:53:50.133224-0700	HealthPrivacyService	Received state update for 599 (app<com.apple.HealthPrivacyService(3A076A8F-336D-4BCB-ACE2-64C6E80D0E3A)>, running-active-NotVisible
default	00:53:50.133255-0700	AnxietyWatch	Received state update for 599 (app<com.apple.HealthPrivacyService(3A076A8F-336D-4BCB-ACE2-64C6E80D0E3A)>, running-active-NotVisible
default	00:53:50.133536-0700	audiomxd	Received state update for 599 (app<com.apple.HealthPrivacyService(3A076A8F-336D-4BCB-ACE2-64C6E80D0E3A)>, running-active-NotVisible
default	00:53:50.134831-0700	runningboardd	Acquiring assertion targeting [app<com.apple.HealthPrivacyService(3A076A8F-336D-4BCB-ACE2-64C6E80D0E3A)>:599] from originator [app<com.apple.HealthPrivacyService(3A076A8F-336D-4BCB-ACE2-64C6E80D0E3A)>:599] with description <RBSAssertionDescriptor| "app_launch_measurement: pageins recording enabled" ID:34-599-40925 target:599 attributes:[
	<RBSDomainAttribute| domain:"com.apple.pagein-prefetching" name:"LaunchPrefetch" sourceEnvironment:"(null)">
	]>
default	00:53:50.134864-0700	runningboardd	Assertion 34-599-40925 (target:[app<com.apple.HealthPrivacyService(3A076A8F-336D-4BCB-ACE2-64C6E80D0E3A)>:599]) will be created as active
default	00:53:50.135085-0700	kernel	ANE0: aneFirmwareCommandSend: Skip waiting for response
default	00:53:50.135114-0700	kernel	ANE0: aneFirmwareCommandSend: Skip waiting for response
default	00:53:50.135184-0700	kernel	ANE0: aneFirmwareCommandSend: Skip waiting for response
default	00:53:50.135588-0700	runningboardd	Calculated state for app<com.apple.HealthPrivacyService(3A076A8F-336D-4BCB-ACE2-64C6E80D0E3A)>: running-active (role: UserInteractiveFocal) (endowments: <private>)
default	00:53:50.135977-0700	HealthPrivacyService	alm_acquire_pageins_recording_assertion: acquired pageins recording assertion!
default	00:53:50.136079-0700	HealthPrivacyService	Should send trait collection or coordinate space update, interface style 2 -> 2, <_UIHostedWindowScene: 0x828e51680> (UIHostedScene-com.apple.HealthPrivacyService-161EAD0F-48E2-46F9-9D11-DF927626D717)
default	00:53:50.136107-0700	HealthPrivacyService	Not push traits update to screen for new style 0, <_UIHostedWindowScene: 0x828e51680> (UIHostedScene-com.apple.HealthPrivacyService-161EAD0F-48E2-46F9-9D11-DF927626D717)
default	00:53:50.136249-0700	HealthPrivacyService	Initializing: <_UIHomeAffordanceSceneNotifier: 0x828dd3410>; with scene: <_UIHostedWindowScene: 0x828e51680>
default	00:53:50.136363-0700	HealthPrivacyService	0x829838030 setDelegate:<0x829838db0 _UIBacklightEnvironment> hasDelegate:YES for environment:UIHostedScene-com.apple.HealthPrivacyService-161EAD0F-48E2-46F9-9D11-DF927626D717
default	00:53:50.136553-0700	HealthPrivacyService	Not push traits update to screen for new style 0, <_UIHostedWindowScene: 0x828e51680> (UIHostedScene-com.apple.HealthPrivacyService-161EAD0F-48E2-46F9-9D11-DF927626D717)
default	00:53:50.136590-0700	HealthPrivacyService	[0x828dd3090] Initialized with scene: <_UIHostedWindowScene: 0x828e51680>; behavior: <_UIEventDeferringBehavior_iOS: 0x829256620>; availableForProcess: 1, systemShellManagesKeyboardFocus: 1
default	00:53:50.136670-0700	HealthPrivacyService	policyStatus:<BKSHIDEventDeliveryPolicyObserver: 0x828d4aac0; process scope; status: none> was:none
default	00:53:50.136956-0700	AnxietyWatch	Received state update for 599 (app<com.apple.HealthPrivacyService(3A076A8F-336D-4BCB-ACE2-64C6E80D0E3A)>, running-active-NotVisible
default	00:53:50.137398-0700	HealthPrivacyService	Not push traits update to screen for new style 0, <_UIHostedWindowScene: 0x828e51680> (UIHostedScene-com.apple.HealthPrivacyService-161EAD0F-48E2-46F9-9D11-DF927626D717)
default	00:53:50.137625-0700	HealthPrivacyService	Not push traits update to screen for new style 0, <_UIHostedWindowScene: 0x828e51680> (UIHostedScene-com.apple.HealthPrivacyService-161EAD0F-48E2-46F9-9D11-DF927626D717)
default	00:53:50.137875-0700	HealthPrivacyService	Received state update for 599 (app<com.apple.HealthPrivacyService(3A076A8F-336D-4BCB-ACE2-64C6E80D0E3A)>, running-active-NotVisible
default	00:53:50.138202-0700	HealthPrivacyService	Not push traits update to screen for new style 0, <_UIHostedWindowScene: 0x828e51680> (UIHostedScene-com.apple.HealthPrivacyService-161EAD0F-48E2-46F9-9D11-DF927626D717)
default	00:53:50.138231-0700	HealthPrivacyService	Configuring view service scene for 11299->app<com.apple.HealthPrivacyService(3A076A8F-336D-4BCB-ACE2-64C6E80D0E3A)>/UISceneHosting-com.groundeffectsoftware.AnxietyWatchHK:UIHostedScene-com.apple.HealthPrivacyService-161EAD0F-48E2-46F9-9D11-DF927626D717:
error	00:53:50.138248-0700	kernel	7 duplicate reports for Sandbox: installcoordinationd(278) deny(1) file-read-data /Applications
error	00:53:50.138267-0700	kernel	Sandbox: HealthPrivacyService(599) deny(1) process-info-pidinfo others [AnxietyWatch(11299)]
error	00:53:50.138339-0700	HealthPrivacyService	Unable to fetch bundle record for audit token: The operation couldn’t be completed. (OSStatus error -600.)
default	00:53:50.138462-0700	HealthPrivacyService	<_UIViewServiceRootViewController: 0x8288ec400>: Set materialized view controller: <HKHealthPrivacyServiceAuthorizationViewController: 0x828d8c000>
default	00:53:50.138813-0700	audiomxd	Received state update for 599 (app<com.apple.HealthPrivacyService(3A076A8F-336D-4BCB-ACE2-64C6E80D0E3A)>, running-active-NotVisible
default	00:53:50.138972-0700	SpringBoard	Received state update for 599 (app<com.apple.HealthPrivacyService(3A076A8F-336D-4BCB-ACE2-64C6E80D0E3A)>, running-active-NotVisible
default	00:53:50.139908-0700	CommCenter	Received state update for 599 (app<com.apple.HealthPrivacyService(3A076A8F-336D-4BCB-ACE2-64C6E80D0E3A)>, running-active-NotVisible
default	00:53:50.140172-0700	useractivityd	Received state update for 599 (app<com.apple.HealthPrivacyService(3A076A8F-336D-4BCB-ACE2-64C6E80D0E3A)>, running-active-NotVisible
default	00:53:50.141127-0700	wifid	Received state update for 599 (app<com.apple.HealthPrivacyService(3A076A8F-336D-4BCB-ACE2-64C6E80D0E3A)>, running-active-NotVisible
default	00:53:50.141426-0700	PerfPowerServices	Received state update for 599 (app<com.apple.HealthPrivacyService(3A076A8F-336D-4BCB-ACE2-64C6E80D0E3A)>, running-active-NotVisible
default	00:53:50.141834-0700	HealthPrivacyService	_UIHostedWindowScene: 0x828e51680: Window became key in scene: UIWindow: 0x8288ec000; contextId: 0x1A961008: reason: _UIHostedWindowScene: 0x828e51680: Window requested to become key in scene: 0x8288ec000
default	00:53:50.141895-0700	HealthPrivacyService	Key window needs update: 1; currentKeyWindowScene: 0x0; evaluatedKeyWindowScene: 0x828e51680; currentApplicationKeyWindow: 0x0; evaluatedApplicationKeyWindow: 0x8288ec000; reason: _UIHostedWindowScene: 0x828e51680: Window requested to become key in scene: 0x8288ec000
default	00:53:50.141984-0700	HealthPrivacyService	Window did become application key: UIWindow: 0x8288ec000; contextId: 0x1A961008; scene identity: 11299->app<com.apple.HealthPrivacyService(3A076A8F-336D-4BCB-ACE2-64C6E80D0E3A)>/UISceneHosting-com.groundeffectsoftware.AnxietyWatchHK:UIHostedScene-com.apple.HealthPrivacyService-161EAD0F-48E2-46F9-9D11-DF927626D717
default	00:53:50.142482-0700	HealthPrivacyService	[0x828dd3090] Begin local event deferring requested for token: 0x828d4bc60; environments: 1; reason: _UIHostedWindowScene: 0x828e51680: Begin event deferring in keyboardFocus for window: 0x8288ec000
default	00:53:50.142983-0700	backboardd	new deferring rules for pid:599: [[599-5]; <keyboardFocus; builtin; …le.HealthPrivacyService-161EAD0F-48E2-46F9-9D11-DF927626D717>; () -> <token: 0x1A961008; pid: 599>; reason: …gin event deferring in keyboardFocus for window: 0x8288ec000]
default	00:53:50.143028-0700	backboardd	[keyboardFocus 0xb02247110] setRules:forPID(599): [[599-5]; <keyboardFocus; builtin; 11299->app<com.apple.HealthPrivacyService(3A076A8F-336D-4BCB-ACE2-64C6E80D0E3A)>/UISceneHosting-com.groundeffectsoftware.AnxietyWatchHK:UIHostedScene-com.apple.HealthPrivacyService-161EAD0F-48E2-46F9-9D11-DF927626D717>; () -> <token: 0x1A961008; pid: 599>; reason: _UIHostedWindowScene: 0x828e51680: Begin event deferring in keyboardFocus for window: 0x8288ec000]
default	00:53:50.143481-0700	HealthPrivacyService	Configured auxiliary connection for 11299->app<com.apple.HealthPrivacyService(3A076A8F-336D-4BCB-ACE2-64C6E80D0E3A)>/UISceneHosting-com.groundeffectsoftware.AnxietyWatchHK:UIHostedScene-com.apple.HealthPrivacyService-161EAD0F-48E2-46F9-9D11-DF927626D717 with exported object <HKHealthPrivacyServiceAuthorizationViewController: 0x828d8c000>
error	00:53:50.143836-0700	backboardd	cycle detected between [35-15B] -> [35-3]
default	00:53:50.144141-0700	HealthPrivacyService	<_UIHostedWindowScene: 0x828e51680> (UIHostedScene-com.apple.HealthPrivacyService-161EAD0F-48E2-46F9-9D11-DF927626D717) Scene updated orientation preferences: none -> ( Pu )
default	00:53:50.144290-0700	HealthPrivacyService	<_UIViewServiceRootViewController: 0x8288ec400>: Installed materialized view controller in hierarchy: <HKHealthPrivacyServiceAuthorizationViewController: 0x828d8c000>
default	00:53:50.145584-0700	backboardd	[system 0xb02247250] setRules:forPID(599): []
default	00:53:50.145833-0700	backboardd	[systemKeyCommandOverlay 0xb02246fd0] setRules:forPID(599): []
default	00:53:50.145886-0700	backboardd	[keyboardFocus 0xb022472a0] setRules:forPID(599): [[599-5]; <keyboardFocus; builtin; 11299->app<com.apple.HealthPrivacyService(3A076A8F-336D-4BCB-ACE2-64C6E80D0E3A)>/UISceneHosting-com.groundeffectsoftware.AnxietyWatchHK:UIHostedScene-com.apple.HealthPrivacyService-161EAD0F-48E2-46F9-9D11-DF927626D717>; () -> <token: 0x1A961008; pid: 599>; reason: _UIHostedWindowScene: 0x828e51680: Begin event deferring in keyboardFocus for window: 0x8288ec000]
default	00:53:50.146181-0700	HealthPrivacyService	sceneOfRecord: sceneID: UIHostedScene-com.apple.HealthPrivacyService-161EAD0F-48E2-46F9-9D11-DF927626D717  persistentID: UIHostedScene-com.apple.HealthPrivacyService-161EAD0F-48E2-46F9-9D11-DF927626D717
default	00:53:50.146461-0700	HealthPrivacyService	Ignoring already applied deactivation reason: 12; deactivation reasons: 6144
default	00:53:50.146503-0700	HealthPrivacyService	Deactivation reason removed: 11; deactivation reasons: 6144 -> 4096; animating application lifecycle event: 0
default	00:53:50.146543-0700	HealthPrivacyService	Deactivation reason removed: 12; deactivation reasons: 4096 -> 0; animating application lifecycle event: 0
default	00:53:50.146562-0700	HealthPrivacyService	Send setDeactivating: N (-DeactivationReason:SuspendedEventsOnly)
default	00:53:50.146575-0700	HealthPrivacyService	App transitioned to foreground, resuming HangTracing.
error	00:53:50.147043-0700	backboardd	cycle detected between [35-15B] -> [35-3]
default	00:53:50.147295-0700	HealthPrivacyService	Updating event->rollingFGTimestamp from INVALID_FOREGROUND_TIMESTAMP to 1988784662159
default	00:53:50.147550-0700	backboardd	[system 0xb02247340] setRules:forPID(599): []
default	00:53:50.147603-0700	backboardd	[systemKeyCommandOverlay 0xb022472f0] setRules:forPID(599): []
default	00:53:50.147639-0700	HealthPrivacyService	App did become active
default	00:53:50.148720-0700	HealthPrivacyService	Not push traits update to screen for new style 0, <_UIHostedWindowScene: 0x828e51680> (UIHostedScene-com.apple.HealthPrivacyService-161EAD0F-48E2-46F9-9D11-DF927626D717)
default	00:53:50.148922-0700	HealthPrivacyService	Not push traits update to screen for new style 0, <_UIHostedWindowScene: 0x828e51680> (UIHostedScene-com.apple.HealthPrivacyService-161EAD0F-48E2-46F9-9D11-DF927626D717)
default	00:53:50.150777-0700	UserEventAgent	Received state update for 599 (app<com.apple.HealthPrivacyService(3A076A8F-336D-4BCB-ACE2-64C6E80D0E3A)>, running-active-NotVisible
default	00:53:50.153759-0700	watchdogd	Received state update for 599 (app<com.apple.HealthPrivacyService(3A076A8F-336D-4BCB-ACE2-64C6E80D0E3A)>, running-active-NotVisible
default	00:53:50.154427-0700	backboardd	Received state update for 599 (app<com.apple.HealthPrivacyService(3A076A8F-336D-4BCB-ACE2-64C6E80D0E3A)>, running-active-NotVisible
default	00:53:50.155038-0700	symptomsd	Received state update for 599 (app<com.apple.HealthPrivacyService(3A076A8F-336D-4BCB-ACE2-64C6E80D0E3A)>, running-active-NotVisible
default	00:53:50.155991-0700	dasd	Received state update for 599 (app<com.apple.HealthPrivacyService(3A076A8F-336D-4BCB-ACE2-64C6E80D0E3A)>, running-active-NotVisible
default	00:53:50.156984-0700	locationd	Received state update for 599 (app<com.apple.HealthPrivacyService(3A076A8F-336D-4BCB-ACE2-64C6E80D0E3A)>, running-active-NotVisible
default	00:53:50.157516-0700	PerfPowerServices	Received state update for 599 (app<com.apple.HealthPrivacyService(3A076A8F-336D-4BCB-ACE2-64C6E80D0E3A)>, running-active-NotVisible
default	00:53:50.157757-0700	WirelessRadioManagerd	Received state update for 599 (app<com.apple.HealthPrivacyService(3A076A8F-336D-4BCB-ACE2-64C6E80D0E3A)>, running-active-NotVisible
default	00:53:50.157783-0700	wifid	Received state update for 599 (app<com.apple.HealthPrivacyService(3A076A8F-336D-4BCB-ACE2-64C6E80D0E3A)>, running-active-NotVisible
default	00:53:50.158196-0700	UserEventAgent	Received state update for 599 (app<com.apple.HealthPrivacyService(3A076A8F-336D-4BCB-ACE2-64C6E80D0E3A)>, running-active-NotVisible
default	00:53:50.158523-0700	useractivityd	Received state update for 599 (app<com.apple.HealthPrivacyService(3A076A8F-336D-4BCB-ACE2-64C6E80D0E3A)>, running-active-NotVisible
default	00:53:50.158684-0700	backboardd	  82866.04159: notify client com.apple.siri.AttentionAwareness.Touch of <AWAttentionLostEvent: 0xb04bb5600> (timestamp:   82866.04151 attentionLostTimeout       0.10000 tagIndex 0 (tag not present in server))
default	00:53:50.159383-0700	watchdogd	Received state update for 599 (app<com.apple.HealthPrivacyService(3A076A8F-336D-4BCB-ACE2-64C6E80D0E3A)>, running-active-NotVisible
default	00:53:50.159558-0700	backboardd	Received state update for 599 (app<com.apple.HealthPrivacyService(3A076A8F-336D-4BCB-ACE2-64C6E80D0E3A)>, running-active-NotVisible
default	00:53:50.159930-0700	symptomsd	Received state update for 599 (app<com.apple.HealthPrivacyService(3A076A8F-336D-4BCB-ACE2-64C6E80D0E3A)>, running-active-NotVisible
default	00:53:50.160012-0700	locationd	Received state update for 599 (app<com.apple.HealthPrivacyService(3A076A8F-336D-4BCB-ACE2-64C6E80D0E3A)>, running-active-NotVisible
default	00:53:50.160480-0700	dasd	Received state update for 599 (app<com.apple.HealthPrivacyService(3A076A8F-336D-4BCB-ACE2-64C6E80D0E3A)>, running-active-NotVisible
default	00:53:50.161501-0700	IDSCredentialsAgent	Received state update for 599 (app<com.apple.HealthPrivacyService(3A076A8F-336D-4BCB-ACE2-64C6E80D0E3A)>, running-active-NotVisible
default	00:53:50.161704-0700	WirelessRadioManagerd	Received state update for 599 (app<com.apple.HealthPrivacyService(3A076A8F-336D-4BCB-ACE2-64C6E80D0E3A)>, running-active-NotVisible
default	00:53:50.161889-0700	gamepolicyd	Received state update for 599 (app<com.apple.HealthPrivacyService(3A076A8F-336D-4BCB-ACE2-64C6E80D0E3A)>, running-active-NotVisible
default	00:53:50.162364-0700	IDSCredentialsAgent	Received state update for 599 (app<com.apple.HealthPrivacyService(3A076A8F-336D-4BCB-ACE2-64C6E80D0E3A)>, running-active-NotVisible
default	00:53:50.162442-0700	gamepolicyd	Received state update for 599 (app<com.apple.HealthPrivacyService(3A076A8F-336D-4BCB-ACE2-64C6E80D0E3A)>, running-active-NotVisible
default	00:53:50.172858-0700	HealthPrivacyService	Target list changed: <CADisplay:LCD primary>
default	00:53:50.172898-0700	AnxietyWatch	[0x11c622880:UISceneHosting-com.groundeffectsoftware.AnxietyWatchHK:UIHostedScene-com.apple.HealthPrivacyService-161EAD0F-48E2-46F9-9D11-DF927626D717] Scene action [Logical Activate][0xaf3c] completed with success: 1
default	00:53:50.173039-0700	AnxietyWatch	[UISceneHosting-com.groundeffectsoftware.AnxietyWatchHK:UIHostedScene-com.apple.HealthPrivacyService-161EAD0F-48E2-46F9-9D11-DF927626D717] scene content state changed: ready
default	00:53:50.173630-0700	HealthPrivacyService	startConnection
default	00:53:50.173824-0700	HealthPrivacyService	[0x829332300] activating connection: mach=true listener=false peer=false name=com.apple.UIKit.KeyboardManagement.hosted
default	00:53:50.177906-0700	runningboardd	Acquiring assertion targeting [app<com.groundeffectsoftware.AnxietyWatchHK(3A076A8F-336D-4BCB-ACE2-64C6E80D0E3A)>:11299] from originator [app<com.groundeffectsoftware.AnxietyWatchHK(3A076A8F-336D-4BCB-ACE2-64C6E80D0E3A)>:11299] with description <RBSAssertionDescriptor| "systemAnimationFence" ID:34-11299-40926 target:11299 attributes:[
	<RBSLegacyAttribute| requestedReason:FinishTask reason:FinishTask flags:( AllowIdleSleep PreventTaskSuspend PreventTaskThrottleDown )>,
	<RBSAcquisitionCompletionAttribute| policy:AfterValidation>
	]>
default	00:53:50.177932-0700	runningboardd	Assertion 34-11299-40926 (target:[app<com.groundeffectsoftware.AnxietyWatchHK(3A076A8F-336D-4BCB-ACE2-64C6E80D0E3A)>:11299]) will be created as inactive as start-time-defining assertions exist
default	00:53:50.181499-0700	HealthPrivacyService	sceneOfRecord: sceneID: UIHostedScene-com.apple.HealthPrivacyService-161EAD0F-48E2-46F9-9D11-DF927626D717  persistentID: UIHostedScene-com.apple.HealthPrivacyService-161EAD0F-48E2-46F9-9D11-DF927626D717
default	00:53:50.181606-0700	HealthPrivacyService	sceneOfRecord: sceneID: UIHostedScene-com.apple.HealthPrivacyService-161EAD0F-48E2-46F9-9D11-DF927626D717  persistentID: UIHostedScene-com.apple.HealthPrivacyService-161EAD0F-48E2-46F9-9D11-DF927626D717
default	00:53:50.182049-0700	HealthPrivacyService	alm_release_pageins_recording_assertion: releasing pageins recording assertion
default	00:53:50.182219-0700	SpringBoard	Updating configuration of monitor M35-12
default	00:53:50.182466-0700	SpringBoard	[0xc35b3d080] activating connection: mach=false listener=false peer=true name=com.apple.UIKit.KeyboardManagement.hosted.peer[599].0xc35b3d080
default	00:53:50.185822-0700	AnxietyWatch	Reloading input views for key-window scene responder: <(null): 0x0; > force:N
default	00:53:50.186816-0700	AnxietyWatch	_reloadInputViewsForKeyWindowSceneResponder: 0 force: 0, fromBecomeFirstResponder: 0 (automaticKeyboard: 0, reloadIdentifier: 2BC12B89-98F4-4D75-AD5D-C39914B3FF84)
default	00:53:50.186855-0700	runningboardd	Acquiring assertion targeting [app<com.apple.HealthPrivacyService(3A076A8F-336D-4BCB-ACE2-64C6E80D0E3A)>:599] from originator [app<com.apple.HealthPrivacyService(3A076A8F-336D-4BCB-ACE2-64C6E80D0E3A)>:599] with description <RBSAssertionDescriptor| "systemAnimationFence" ID:34-599-40927 target:599 attributes:[
	<RBSLegacyAttribute| requestedReason:FinishTask reason:FinishTask flags:( AllowIdleSleep PreventTaskSuspend PreventTaskThrottleDown )>,
	<RBSAcquisitionCompletionAttribute| policy:AfterValidation>
	]>
default	00:53:50.186927-0700	AnxietyWatch	_inputViewsForResponder: <(null): 0x0; >, automaticKeyboard: 0, force: 0
default	00:53:50.186954-0700	AnxietyWatch	_inputViewsForResponder, found custom inputView: <(null): 0x0>, customInputViewController: <(null): 0x0>
default	00:53:50.186978-0700	AnxietyWatch	_inputViewsForResponder, found inputAccessoryView: <(null): 0x0>
default	00:53:50.187006-0700	runningboardd	Assertion 34-599-40927 (target:[app<com.apple.HealthPrivacyService(3A076A8F-336D-4BCB-ACE2-64C6E80D0E3A)>:599]) will be created as inactive as start-time-defining assertions exist
default	00:53:50.187064-0700	SpringBoard	RX com.apple.HealthPrivacyService(599) startArbitration
    expectedState:(null)
    focusContext:<private>
    hostingPIDs:<private> usingFence:Y withSuppression:0
default	00:53:50.187796-0700	runningboardd	Invalidating assertion 34-599-40925 (target:[app<com.apple.HealthPrivacyService(3A076A8F-336D-4BCB-ACE2-64C6E80D0E3A)>:599]) from originator [app<com.apple.HealthPrivacyService(3A076A8F-336D-4BCB-ACE2-64C6E80D0E3A)>:599]
default	00:53:50.189691-0700	AnxietyWatch	_inputViewsForResponder, responderRequiresKeyboard 0 (automaticKeyboardEnabled: 0, activeInstance: <(null): 0x0>, self.isOnScreen: 0, requiresKBWhenFirstResponder: 0)
default	00:53:50.189729-0700	AnxietyWatch	_inputViewsForResponder, useKeyboard 0 (allowsSystemInputView: 1, !inputView <(null): 0x0>, responderRequiresKeyboard 0)
default	00:53:50.189768-0700	HealthPrivacyService	Updating configuration of monitor M599-7
default	00:53:50.189877-0700	AnxietyWatch	_inputViewsForResponder, configuring _responderWithoutAutomaticAppearanceEnabled: <(null): 0x0> (_automaticAppearEnabled: 1)
default	00:53:50.189899-0700	AnxietyWatch	_inputViewsForResponder, needsIVPlaceholder: 0, needsIAVPlaceholder: 0, needsInputSetWithPlaceholder: 0
default	00:53:50.189915-0700	AnxietyWatch	_inputViewsForResponder returning: <<UIInputViewSet: 0x11c621bc0>; (empty)>
default	00:53:50.190077-0700	SpringBoard	Received state update for 8760 (osservice<com.apple.InputUI>, running-suspended-NotVisible
default	00:53:50.190128-0700	SpringBoard	Received state update for 599 (app<com.apple.HealthPrivacyService(3A076A8F-336D-4BCB-ACE2-64C6E80D0E3A)>, running-active-NotVisible
default	00:53:50.190165-0700	SpringBoard	Received state update for 11299 (app<com.groundeffectsoftware.AnxietyWatchHK(3A076A8F-336D-4BCB-ACE2-64C6E80D0E3A)>, running-active-Visible
default	00:53:50.190196-0700	AnxietyWatch	endPlacementForInputViewSet: <<UIInputViewSet: 0x11c621bc0>; (empty)> windowScene: <UIWindowScene: 0x104a18b00; role: UIWindowSceneSessionRoleApplication; persistentIdentifier: 6C527490-A1D7-41A4-B49E-317360CCDAA7; activationState: UISceneActivationStateForegroundActive>
default	00:53:50.190747-0700	SpringBoard	Received state update for 270 (xpcservice<com.apple.PhotosUIPrivate.PhotosPosterProvider([osservice<com.apple.SpringBoard>:35])>{vt hash: 88073953}[uuid:00000000-0000-0000-0000-000000000001]{definition:com.apple.PhotosUIPrivate.PhotosPosterProvider[extension][client]}, running-suspended-Visible
default	00:53:50.190901-0700	SpringBoard	Received state update for 35 (osservice<com.apple.SpringBoard>, running-active-Visible
default	00:53:50.190958-0700	HealthPrivacyService	handleKeyboardChange: set currentKeyboard:N (wasKeyboard:N)
default	00:53:50.194838-0700	HealthPrivacyService	forceReloadInputViews
default	00:53:50.195036-0700	HealthPrivacyService	Reloading input views for key-window scene responder: <(null): 0x0; > force:Y
default	00:53:50.195442-0700	HealthPrivacyService	forceReloadInputViews
default	00:53:50.195528-0700	runningboardd	Acquiring assertion targeting [app<com.groundeffectsoftware.AnxietyWatchHK(3A076A8F-336D-4BCB-ACE2-64C6E80D0E3A)>:11299] from originator [osservice<com.apple.SpringBoard>:35] with description <RBSAssertionDescriptor| "com.apple.UIKit.KeyboardManagement.message" ID:34-35-40928 target:11299 attributes:[
	<RBSDomainAttribute| domain:"com.apple.UIKit.KeyboardManagement.xpc" name:"Arbiter" sourceEnvironment:"(null)">
	]>
default	00:53:50.195571-0700	runningboardd	Assertion 34-35-40928 (target:[app<com.groundeffectsoftware.AnxietyWatchHK(3A076A8F-336D-4BCB-ACE2-64C6E80D0E3A)>:11299]) will be created as active
default	00:53:50.195650-0700	HealthPrivacyService	Reloading input views for non-key-window scene responder: <(null): 0x0; > force:Y
default	00:53:50.195677-0700	HealthPrivacyService	_inputViewsForResponder: <(null): 0x0; >, automaticKeyboard: 0, force: 1
default	00:53:50.195710-0700	HealthPrivacyService	_inputViewsForResponder, found custom inputView: <(null): 0x0>, customInputViewController: <(null): 0x0>
default	00:53:50.195725-0700	HealthPrivacyService	_inputViewsForResponder, found inputAccessoryView: <(null): 0x0>
default	00:53:50.195744-0700	AnxietyWatch	-[_UIRemoteKeyboards prepareToMoveKeyboard:withIAV:isIAVRelevant:showing:notifyRemote:forScene:] position: {{0, 0}, {0, 0}} visible: 0; notifyRemote: 1; isMinimized: NO
default	00:53:50.196218-0700	SpringBoard	set focusRequestedHandle:<com.apple.HealthPrivacyService focus:<contextID:446042120 sceneID:11299->app<com.apple.HealthPrivacyService(3A076A8F-336D-4BCB-ACE2-64C6E80D0E3A)>/UISceneHosting-com.groundeffectsoftware.AnxietyWatchHK:UIHostedScene-com.apple.HealthPrivacyService-161EAD0F-48E2-46F9-9D11-DF927626D717> run:Y hosting:() level:0 active:N wantedState:Disabled #suppr:0 iavHeight:0 onScreen:N>
default	00:53:50.196242-0700	AnxietyWatch	Show keyboard with visual mode windowed (0)
default	00:53:50.196675-0700	SpringBoard	[coordinator] buffer all events for reason: background keyboard arbiter request <399>- begin
default	00:53:50.196865-0700	runningboardd	Acquiring assertion targeting [app<com.apple.HealthPrivacyService(3A076A8F-336D-4BCB-ACE2-64C6E80D0E3A)>:599] from originator [app<com.apple.HealthPrivacyService(3A076A8F-336D-4BCB-ACE2-64C6E80D0E3A)>:599] with description <RBSAssertionDescriptor| "systemAnimationFence" ID:34-599-40929 target:599 attributes:[
	<RBSLegacyAttribute| requestedReason:FinishTask reason:FinishTask flags:( AllowIdleSleep PreventTaskSuspend PreventTaskThrottleDown )>,
	<RBSAcquisitionCompletionAttribute| policy:AfterValidation>
	]>
default	00:53:50.196892-0700	runningboardd	Calculated state for app<com.groundeffectsoftware.AnxietyWatchHK(3A076A8F-336D-4BCB-ACE2-64C6E80D0E3A)>: running-active (role: UserInteractiveFocal) (endowments: <private>)
default	00:53:50.196918-0700	runningboardd	Assertion 34-599-40929 (target:[app<com.apple.HealthPrivacyService(3A076A8F-336D-4BCB-ACE2-64C6E80D0E3A)>:599]) will be created as inactive as start-time-defining assertions exist
default	00:53:50.196938-0700	HealthPrivacyService	_inputViewsForResponder, responderRequiresKeyboard 0 (automaticKeyboardEnabled: 0, activeInstance: <(null): 0x0>, self.isOnScreen: 0, requiresKBWhenFirstResponder: 0)
default	00:53:50.197091-0700	SpringBoard	[coordinator] gen:415 handling new keyboard arbiter request pid: 599 sceneIdentity: 11299->app<com.apple.HealthPrivacyService(3A076A8F-336D-4BCB-ACE2-64C6E80D0E3A)>/UISceneHosting-com.groundeffectsoftware.AnxietyWatchHK:UIHostedScene-com.apple.HealthPrivacyService-161EAD0F-48E2-46F9-9D11-DF927626D717
default	00:53:50.197266-0700	HealthPrivacyService	_inputViewsForResponder, useKeyboard 0 (allowsSystemInputView: 1, !inputView <(null): 0x0>, responderRequiresKeyboard 0)
default	00:53:50.197402-0700	HealthPrivacyService	_inputViewsForResponder, configuring _responderWithoutAutomaticAppearanceEnabled: <(null): 0x0> (_automaticAppearEnabled: 1)
default	00:53:50.197463-0700	SpringBoard	arbiter: arbiter requested pid 599 / 11299->app<com.apple.HealthPrivacyService(3A076A8F-336D-4BCB-ACE2-64C6E80D0E3A)>/UISceneHosting-com.groundeffectsoftware.AnxietyWatchHK:UIHostedScene-com.apple.HealthPrivacyService-161EAD0F-48E2-46F9-9D11-DF927626D717
default	00:53:50.197869-0700	HealthPrivacyService	_inputViewsForResponder, needsIVPlaceholder: 0, needsIAVPlaceholder: 0, needsInputSetWithPlaceholder: 0
default	00:53:50.198331-0700	SpringBoard	[coordinator] using arbiter suggested pid 599 + scene: 11299->app<com.apple.HealthPrivacyService(3A076A8F-336D-4BCB-ACE2-64C6E80D0E3A)>/UISceneHosting-com.groundeffectsoftware.AnxietyWatchHK:UIHostedScene-com.apple.HealthPrivacyService-161EAD0F-48E2-46F9-9D11-DF927626D717
default	00:53:50.198431-0700	SpringBoard	Searching the visibility graph for hosting information for 11299->app<com.apple.HealthPrivacyService(3A076A8F-336D-4BCB-ACE2-64C6E80D0E3A)>/UISceneHosting-com.groundeffectsoftware.AnxietyWatchHK:UIHostedScene-com.apple.HealthPrivacyService-161EAD0F-48E2-46F9-9D11-DF927626D717
default	00:53:50.199862-0700	SpringBoard	Received state update for 11299 (app<com.groundeffectsoftware.AnxietyWatchHK(3A076A8F-336D-4BCB-ACE2-64C6E80D0E3A)>, running-active-Visible
default	00:53:50.200016-0700	healthd	[0x9e0d23340] activating connection: mach=false listener=true peer=false name=(anonymous)
default	00:53:50.200097-0700	healthd	[0x9e0d23340] Connection returned listener port: 0x716f
default	00:53:50.200206-0700	AnxietyWatch	<UIWindowScene: 0x104a18b00> (6C527490-A1D7-41A4-B49E-317360CCDAA7) Scene updated orientation preferences: ( Pu Ll Lr ) -> ( Pu )
default	00:53:50.200289-0700	AnxietyWatch	Calling connection handler with ready view controller for <HKHealthPrivacyHostAuthorizationViewController: 0x106831e00; service: com.apple.HealthPrivacyService; implementation: scene hosting> {
    pid: 599;
    serviceViewControllerInterface: HKHealthPrivacyServiceRemoteAuthorizationViewController;
    exportedInterface: HKHealthPrivacyHostRemoteViewController;
    implementation: <_UIRemoteViewControllerSceneHostingImpl: 0x10503e040; identityToken: 11299->app<com.apple.HealthPrivacyService(3A076A8F-336D-4BCB-ACE2-64C6E80D0E3A)>/UISceneHosting-com.groundeffectsoftware.AnxietyWatchHK:UIHostedScene-com.apple.HealthPrivacyService-161EAD0F-48E2-46F9-9D11-DF927626D717> {
        session: <_UIViewServiceHostSession: 0x10615b330; service: com.apple.HealthPrivacyService; invalidated: NO> {
            pid: 599;
            assertion: <RBSAssertion:0x11a32c280| state:RBSAssertionStateValid descriptor:<<RBSAssertionDescriptor| "com.apple.viewservice.session.app" ID:34-11299-40919 target:599>>;
            legacyAssertion: <BKSProcessAssertion: 0x11eab1ae0>;
            endpoint: <BSServiceConnectionEndpoint: 0x1063fdac0; target: com.apple.uikit.viewservice.com.apple.HealthPrivacyService; service: com.apple.uikit.viewservice.session>;
            synchronizer: <FBSceneSynchronizer:0x10606c580 FBProcess:[app<com.apple.HealthPrivacyService>:599][599]>;
            connections: [
                <NSXPCConnection: 0x11a34a9e0> connection to service with pid 599 named (null)
            ];
        };
        auxiliaryConnection: <NSXPCConnection: 0x11a34a9e0> connection to service with pid 599 named (null);
    };
}
default	00:53:50.200417-0700	healthd	Received state update for 11299 (app<com.groundeffectsoftware.AnxietyWatchHK(3A076A8F-336D-4BCB-ACE2-64C6E80D0E3A)>, running-active-Visible
default	00:53:50.200856-0700	CommCenter	Received state update for 11299 (app<com.groundeffectsoftware.AnxietyWatchHK(3A076A8F-336D-4BCB-ACE2-64C6E80D0E3A)>, running-active-Visible
default	00:53:50.200884-0700	AnxietyWatch	Received state update for 11299 (app<com.groundeffectsoftware.AnxietyWatchHK(3A076A8F-336D-4BCB-ACE2-64C6E80D0E3A)>, running-active-NotVisible
default	00:53:50.201078-0700	AnxietyWatch	[UISceneHosting-com.groundeffectsoftware.AnxietyWatchHK:UIHostedScene-com.apple.HealthPrivacyService-161EAD0F-48E2-46F9-9D11-DF927626D717] Sending action(s) to "_UIViewServiceSceneExtension": _UIViewServiceHostAppearanceAction
default	00:53:50.201122-0700	audiomxd	Received state update for 11299 (app<com.groundeffectsoftware.AnxietyWatchHK(3A076A8F-336D-4BCB-ACE2-64C6E80D0E3A)>, running-active-Visible
default	00:53:50.201215-0700	HealthPrivacyService	_inputViewsForResponder returning: <<UIInputViewSet: 0x8299580c0>; (empty)>
default	00:53:50.201322-0700	runningboardd	Acquiring assertion targeting [app<com.groundeffectsoftware.AnxietyWatchHK(3A076A8F-336D-4BCB-ACE2-64C6E80D0E3A)>:11299] from originator [app<com.groundeffectsoftware.AnxietyWatchHK(3A076A8F-336D-4BCB-ACE2-64C6E80D0E3A)>:11299] with description <RBSAssertionDescriptor| "systemAnimationFence" ID:34-11299-40930 target:11299 attributes:[
	<RBSLegacyAttribute| requestedReason:FinishTask reason:FinishTask flags:( AllowIdleSleep PreventTaskSuspend PreventTaskThrottleDown )>,
	<RBSAcquisitionCompletionAttribute| policy:AfterValidation>
	]>
default	00:53:50.201340-0700	runningboardd	Assertion 34-11299-40930 (target:[app<com.groundeffectsoftware.AnxietyWatchHK(3A076A8F-336D-4BCB-ACE2-64C6E80D0E3A)>:11299]) will be created as inactive as start-time-defining assertions exist
default	00:53:50.201417-0700	HealthPrivacyService	[0x829330640] activating connection: mach=false listener=false peer=false name=(anonymous)
default	00:53:50.201433-0700	HealthPrivacyService	Ordered read: <private>
Ordered Write: <private>
default	00:53:50.201478-0700	HealthPrivacyService	sceneOfRecord: sceneID: UIHostedScene-com.apple.HealthPrivacyService-161EAD0F-48E2-46F9-9D11-DF927626D717  persistentID: UIHostedScene-com.apple.HealthPrivacyService-161EAD0F-48E2-46F9-9D11-DF927626D717
default	00:53:50.201510-0700	HealthPrivacyService	Should not send trait collection or coordinate space update, interface style 2 -> 2, <_UIHostedWindowScene: 0x828e51680> (UIHostedScene-com.apple.HealthPrivacyService-161EAD0F-48E2-46F9-9D11-DF927626D717)
default	00:53:50.201560-0700	HealthPrivacyService	[0x829330640] invalidated because the current process cancelled the connection by calling xpc_connection_cancel()
default	00:53:50.201601-0700	backboardd	new buffering predicates for pid:35: (<keyboardFocus>)
default	00:53:50.201618-0700	backboardd	pid:35 new buffering predicates: {(
    <keyboardFocus>
)}
default	00:53:50.201898-0700	AnxietyWatch	[UISceneHosting-com.groundeffectsoftware.AnxietyWatchHK:UIHostedScene-com.apple.HealthPrivacyService-161EAD0F-48E2-46F9-9D11-DF927626D717] Sending action(s): _UISceneHostingViewAppearanceActionHostToClient
default	00:53:50.201989-0700	HealthPrivacyService	sceneOfRecord: sceneID: UIHostedScene-com.apple.HealthPrivacyService-161EAD0F-48E2-46F9-9D11-DF927626D717  persistentID: UIHostedScene-com.apple.HealthPrivacyService-161EAD0F-48E2-46F9-9D11-DF927626D717
default	00:53:50.202027-0700	HealthPrivacyService	Hit the server for a process handle 2d58b8000002c23 that resolved to: [app<com.groundeffectsoftware.AnxietyWatchHK(3A076A8F-336D-4BCB-ACE2-64C6E80D0E3A)>:11299]
default	00:53:50.202050-0700	HealthPrivacyService	Received state update for 11299 (app<com.groundeffectsoftware.AnxietyWatchHK(3A076A8F-336D-4BCB-ACE2-64C6E80D0E3A)>, running-active-Visible
default	00:53:50.202210-0700	healthd	[0x9e4fff180] activating connection: mach=false listener=false peer=true name=com.apple.xpc.anonymous.0x9e0d23340.peer[599].0x9e4fff180
default	00:53:50.202555-0700	healthd	<HDAnalyticsSubmissionCoordinator: 0x9e4cb8700>: Event sent: com.apple.healthd.authorization.prompt
default	00:53:50.203336-0700	HealthPrivacyService	Received state update for 11299 (app<com.groundeffectsoftware.AnxietyWatchHK(3A076A8F-336D-4BCB-ACE2-64C6E80D0E3A)>, running-active-Visible
default	00:53:50.203372-0700	HealthPrivacyService	Should send trait collection or coordinate space update, interface style 2 -> 2, <_UIHostedWindowScene: 0x828e51680> (UIHostedScene-com.apple.HealthPrivacyService-161EAD0F-48E2-46F9-9D11-DF927626D717)
default	00:53:50.203471-0700	HealthPrivacyService	[UISceneHosting-com.groundeffectsoftware.AnxietyWatchHK:UIHostedScene-com.apple.HealthPrivacyService-161EAD0F-48E2-46F9-9D11-DF927626D717] Received action(s) for "_UIViewServiceSceneExtension": _UIViewServiceHostAppearanceAction
default	00:53:50.203608-0700	healthd	[0x9e4fff180] invalidated because the client process (pid 599) either cancelled the connection or exited
default	00:53:50.203628-0700	AnxietyWatch	<StateMachine:0x11a32f0c0> Hosting window did change to <UIWindow: 0x1051f0c00; frame = (0 0; 390 844); autoresize = W+H; gestureRecognizers = <NSArray: 0x11dd1f4e0>; layer = <UIWindowLayer: 0x1060ac140>>.
default	00:53:50.203660-0700	HealthPrivacyService	Appearance transition willAppearAnimated for 11299->app<com.apple.HealthPrivacyService(3A076A8F-336D-4BCB-ACE2-64C6E80D0E3A)>/UISceneHosting-com.groundeffectsoftware.AnxietyWatchHK:UIHostedScene-com.apple.HealthPrivacyService-161EAD0F-48E2-46F9-9D11-DF927626D717
default	00:53:50.203680-0700	AnxietyWatch	<StateMachine:0x11a32f0c0> Waiting for a hosting window.
default	00:53:50.203701-0700	HealthPrivacyService	[UISceneHosting-com.groundeffectsoftware.AnxietyWatchHK:UIHostedScene-com.apple.HealthPrivacyService-161EAD0F-48E2-46F9-9D11-DF927626D717] Component <_UIViewServiceClientSceneComponent: 0x829839b30> handled action(s): <private>
default	00:53:50.203727-0700	AnxietyWatch	<StateMachine:0x11a32f0c0> Hosting environment did change to <0x11cb50860:FBSScene:sceneID:com.groundeffectsoftware.AnxietyWatchHK-6C527490-A1D7-41A4-B49E-317360CCDAA7>.
default	00:53:50.203746-0700	AnxietyWatch	[UISceneHosting-com.groundeffectsoftware.AnxietyWatchHK:UIHostedScene-com.apple.HealthPrivacyService-161EAD0F-48E2-46F9-9D11-DF927626D717] Setting parent scene: (FBSceneManager):sceneID:com.groundeffectsoftware.AnxietyWatchHK-6C527490-A1D7-41A4-B49E-317360CCDAA7
default	00:53:50.203876-0700	AnxietyWatch	[UISceneHosting-com.groundeffectsoftware.AnxietyWatchHK:UIHostedScene-com.apple.HealthPrivacyService-161EAD0F-48E2-46F9-9D11-DF927626D717] propagating 14 settings from (FBSceneManager):sceneID:com.groundeffectsoftware.AnxietyWatchHK-6C527490-A1D7-41A4-B49E-317360CCDAA7
default	00:53:50.204191-0700	HealthPrivacyService	[UISceneHosting-com.groundeffectsoftware.AnxietyWatchHK:UIHostedScene-com.apple.HealthPrivacyService-161EAD0F-48E2-46F9-9D11-DF927626D717] Received action(s): _UISceneHostingViewAppearanceActionHostToClient
default	00:53:50.204248-0700	runningboardd	Acquiring assertion targeting [app<com.apple.HealthPrivacyService(3A076A8F-336D-4BCB-ACE2-64C6E80D0E3A)>:599](UIScene:11299->app<com.apple.HealthPrivacyService(3A076A8F-336D-4BCB-ACE2-64C6E80D0E3A)>/UISceneHosting-com.groundeffectsoftware.AnxietyWatchHK:UIHostedScene-com.apple.HealthPrivacyService-161EAD0F-48E2-46F9-9D11-DF927626D717) from originator [app<com.groundeffectsoftware.AnxietyWatchHK(3A076A8F-336D-4BCB-ACE2-64C6E80D0E3A)>:11299] with description <RBSAssertionDescriptor| "injecting  inherited from 'UIScene:com.apple.frontboard.systemappservices/FBSceneManager:sceneID%3Acom.groundeffectsoftware.AnxietyWatchHK-6C527490-A1D7-41A4-B49E-317360CCDAA7'" ID:34-11299-40931 target:599<UIScene:11299->app<com.apple.HealthPrivacyService(3A076A8F-336D-4BCB-ACE2-64C6E80D0E3A)>/UISceneHosting-com.groundeffectsoftware.AnxietyWatchHK:UIHostedScene-com.apple.HealthPrivacyService-161EAD0F-48E2-46F9-9D11-DF927626D717> attributes:[
	<RBSHereditaryGrant| endowmentNamespace:com.apple.boardservices.endpoint-injection UIScene:com.apple.frontboard.systemappservices/F<…>
default	00:53:50.204268-0700	AnxietyWatch	Finished prompting authorization request to share <private>, read <private>
default	00:53:50.204288-0700	runningboardd	Assertion 34-11299-40931 (target:[app<com.apple.HealthPrivacyService(3A076A8F-336D-4BCB-ACE2-64C6E80D0E3A)>:599](UIScene:11299->app<com.apple.HealthPrivacyService(3A076A8F-336D-4BCB-ACE2-64C6E80D0E3A)>/UISceneHosting-com.groundeffectsoftware.AnxietyWatchHK:UIHostedScene-com.apple.HealthPrivacyService-161EAD0F-48E2-46F9-9D11-DF927626D717)) will be created as active
default	00:53:50.204806-0700	AnxietyWatch	HealthKitManager: healthStore.requestAuthorization returned after 0.1127055 seconds
default	00:53:50.205066-0700	runningboardd	Calculated state for app<com.apple.HealthPrivacyService(3A076A8F-336D-4BCB-ACE2-64C6E80D0E3A)>: running-active (role: UserInteractiveFocal) (endowments: <private>)
default	00:53:50.205188-0700	backboardd	adding buffer <BKHIDEventBuffer: 0xb02277cf0; dispatchTarget: <keyboardFocus; token: SBKeyboardFocus; pid: 35>; bufferingPIDs: (35); eventCount: 0>
default	00:53:50.205255-0700	runningboardd	[app<com.apple.HealthPrivacyService(3A076A8F-336D-4BCB-ACE2-64C6E80D0E3A)>:599] visiblity is yes
default	00:53:50.205333-0700	HealthPrivacyService	sceneOfRecord: sceneID: UIHostedScene-com.apple.HealthPrivacyService-161EAD0F-48E2-46F9-9D11-DF927626D717  persistentID: UIHostedScene-com.apple.HealthPrivacyService-161EAD0F-48E2-46F9-9D11-DF927626D717
default	00:53:50.205461-0700	HealthPrivacyService	sceneOfRecord: sceneID: UIHostedScene-com.apple.HealthPrivacyService-161EAD0F-48E2-46F9-9D11-DF927626D717  persistentID: UIHostedScene-com.apple.HealthPrivacyService-161EAD0F-48E2-46F9-9D11-DF927626D717
default	00:53:50.205516-0700	HealthPrivacyService	Not push traits update to screen for new style 0, <_UIHostedWindowScene: 0x828e51680> (UIHostedScene-com.apple.HealthPrivacyService-161EAD0F-48E2-46F9-9D11-DF927626D717)
default	00:53:50.205697-0700	runningboardd	Inheritance changeset: <RBSInheritanceChangeSet| gained:{(
    <RBSInheritance| environment:UIScene:11299->app<com.apple.HealthPrivacyService(3A076A8F-336D-4BCB-ACE2-64C6E80D0E3A)>/UISceneHosting-com.groundeffectsoftware.AnxietyWatchHK:UIHostedScene-com.apple.HealthPrivacyService-161EAD0F-48E2-46F9-9D11-DF927626D717 name:com.apple.frontboard.visibility origID:34-11299-40931 payload 169199432604821726>
)} lost:{(
)}>
default	00:53:50.205847-0700	AnxietyWatch	<_UIChildRemoteContentRegistry: 0x11a2d1620; parentScene: <FBSScene: 0x105330780>; childScenes: 1; childViewServices: 0> Registry is now tracking child scene <FBScene: 0x11cb50360>
default	00:53:50.205923-0700	AnxietyWatch	<_UISceneRelationshipManagementHostComponent:0x11a32f100> Scene <FBScene: 0x11cb50360> is hosted in <UIWindowScene: 0x104a18b00>
default	00:53:50.206031-0700	SpringBoard	Received state update for 599 (app<com.apple.HealthPrivacyService(3A076A8F-336D-4BCB-ACE2-64C6E80D0E3A)>, running-active-Visible
default	00:53:50.206161-0700	HealthPrivacyService	Not push traits update to screen for new style 2, <_UIHostedWindowScene: 0x828e51680> (UIHostedScene-com.apple.HealthPrivacyService-161EAD0F-48E2-46F9-9D11-DF927626D717)
default	00:53:50.206197-0700	HealthPrivacyService	sceneOfRecord: sceneID: UIHostedScene-com.apple.HealthPrivacyService-161EAD0F-48E2-46F9-9D11-DF927626D717  persistentID: UIHostedScene-com.apple.HealthPrivacyService-161EAD0F-48E2-46F9-9D11-DF927626D717
default	00:53:50.206247-0700	SpringBoard	Visibility graph search found root scene (null) and ultimate host <none>
error	00:53:50.206279-0700	SpringBoard	Couldn't find the SB window scene hosting scene identity token: 11299->app<com.apple.HealthPrivacyService(3A076A8F-336D-4BCB-ACE2-64C6E80D0E3A)>/UISceneHosting-com.groundeffectsoftware.AnxietyWatchHK:UIHostedScene-com.apple.HealthPrivacyService-161EAD0F-48E2-46F9-9D11-DF927626D717
error	00:53:50.206298-0700	SpringBoard	[coordinator] could not find (null)
default	00:53:50.206315-0700	SpringBoard	[coordinator] S33KR3T gen:415 host not found; retrying once
default	00:53:50.206336-0700	SpringBoard	[coordinator] buffer all events for reason: background keyboard arbiter request <399> - end
default	00:53:50.206358-0700	HealthPrivacyService	Scene did update interface style to 2, <_UIHostedWindowScene: 0x828e51680> (UIHostedScene-com.apple.HealthPrivacyService-161EAD0F-48E2-46F9-9D11-DF927626D717)
default	00:53:50.206392-0700	HealthPrivacyService	Push traits update to screen for new style 2, <_UIHostedWindowScene: 0x828e51680> (UIHostedScene-com.apple.HealthPrivacyService-161EAD0F-48E2-46F9-9D11-DF927626D717)
default	00:53:50.206518-0700	HealthPrivacyService	Not push traits update to screen for new style 2, <_UIHostedWindowScene: 0x828e51680> (UIHostedScene-com.apple.HealthPrivacyService-161EAD0F-48E2-46F9-9D11-DF927626D717)
default	00:53:50.206690-0700	AnxietyWatch	Received state update for 599 (app<com.apple.HealthPrivacyService(3A076A8F-336D-4BCB-ACE2-64C6E80D0E3A)>, running-active-NotVisible
default	00:53:50.206710-0700	CommCenter	Received state update for 599 (app<com.apple.HealthPrivacyService(3A076A8F-336D-4BCB-ACE2-64C6E80D0E3A)>, running-active-Visible
default	00:53:50.206886-0700	SpringBoard	set currentFocus PID:-1 sceneIdentity:(null)
default	00:53:50.207431-0700	audiomxd	Received state update for 599 (app<com.apple.HealthPrivacyService(3A076A8F-336D-4BCB-ACE2-64C6E80D0E3A)>, running-active-Visible
default	00:53:50.207448-0700	healthd	[0x9e0d23340] invalidated because the current process cancelled the connection by calling xpc_connection_cancel()
default	00:53:50.207561-0700	HealthPrivacyService	Received state update for 599 (app<com.apple.HealthPrivacyService(3A076A8F-336D-4BCB-ACE2-64C6E80D0E3A)>, running-active-Visible
default	00:53:50.207909-0700	HealthPrivacyService	sceneOfRecord: sceneID: UIHostedScene-com.apple.HealthPrivacyService-161EAD0F-48E2-46F9-9D11-DF927626D717  persistentID: UIHostedScene-com.apple.HealthPrivacyService-161EAD0F-48E2-46F9-9D11-DF927626D717
default	00:53:50.207974-0700	runningboardd	Acquiring assertion targeting [app<com.apple.HealthPrivacyService(3A076A8F-336D-4BCB-ACE2-64C6E80D0E3A)>:599] from originator [app<com.apple.HealthPrivacyService(3A076A8F-336D-4BCB-ACE2-64C6E80D0E3A)>:599] with description <RBSAssertionDescriptor| "systemAnimationFence" ID:34-599-40932 target:599 attributes:[
	<RBSLegacyAttribute| requestedReason:FinishTask reason:FinishTask flags:( AllowIdleSleep PreventTaskSuspend PreventTaskThrottleDown )>,
	<RBSAcquisitionCompletionAttribute| policy:AfterValidation>
	]>
default	00:53:50.207994-0700	runningboardd	Assertion 34-599-40932 (target:[app<com.apple.HealthPrivacyService(3A076A8F-336D-4BCB-ACE2-64C6E80D0E3A)>:599]) will be created as inactive as start-time-defining assertions exist
default	00:53:50.208586-0700	HealthPrivacyService	sceneOfRecord: sceneID: UIHostedScene-com.apple.HealthPrivacyService-161EAD0F-48E2-46F9-9D11-DF927626D717  persistentID: UIHostedScene-com.apple.HealthPrivacyService-161EAD0F-48E2-46F9-9D11-DF927626D717
default	00:53:50.208621-0700	HealthPrivacyService	Should not send trait collection or coordinate space update, interface style 2 -> 2, <_UIHostedWindowScene: 0x828e51680> (UIHostedScene-com.apple.HealthPrivacyService-161EAD0F-48E2-46F9-9D11-DF927626D717)
default	00:53:50.208690-0700	HealthPrivacyService	sceneOfRecord: sceneID: UIHostedScene-com.apple.HealthPrivacyService-161EAD0F-48E2-46F9-9D11-DF927626D717  persistentID: UIHostedScene-com.apple.HealthPrivacyService-161EAD0F-48E2-46F9-9D11-DF927626D717
default	00:53:50.208729-0700	HealthPrivacyService	Should not send trait collection or coordinate space update, interface style 2 -> 2, <_UIHostedWindowScene: 0x828e51680> (UIHostedScene-com.apple.HealthPrivacyService-161EAD0F-48E2-46F9-9D11-DF927626D717)
default	00:53:50.208826-0700	backboardd	new buffering predicates for pid:35: ()
default	00:53:50.208847-0700	backboardd	pid:35 new buffering predicates: {(
)}
default	00:53:50.209043-0700	backboardd	removing buffer <BKHIDEventBuffer: 0xb02277cf0; dispatchTarget: <keyboardFocus; token: SBKeyboardFocus; pid: 35>; bufferingPIDs: (35); eventCount: 0>
default	00:53:50.209079-0700	backboardd	draining 1 buffers (reevaluate ((null)))
default	00:53:50.209099-0700	backboardd	BUFFER: --> 0xb02277cf0 empty
default	00:53:50.209345-0700	PerfPowerServices	Received state update for 11299 (app<com.groundeffectsoftware.AnxietyWatchHK(3A076A8F-336D-4BCB-ACE2-64C6E80D0E3A)>, running-active-Visible
default	00:53:50.209526-0700	WirelessRadioManagerd	Received state update for 11299 (app<com.groundeffectsoftware.AnxietyWatchHK(3A076A8F-336D-4BCB-ACE2-64C6E80D0E3A)>, running-active-Visible
default	00:53:50.209654-0700	useractivityd	Received state update for 11299 (app<com.groundeffectsoftware.AnxietyWatchHK(3A076A8F-336D-4BCB-ACE2-64C6E80D0E3A)>, running-active-Visible
default	00:53:50.210031-0700	dasd	Received state update for 11299 (app<com.groundeffectsoftware.AnxietyWatchHK(3A076A8F-336D-4BCB-ACE2-64C6E80D0E3A)>, running-active-Visible
default	00:53:50.210540-0700	wcd	Received state update for 11299 (app<com.groundeffectsoftware.AnxietyWatchHK(3A076A8F-336D-4BCB-ACE2-64C6E80D0E3A)>, running-active-Visible
default	00:53:50.211863-0700	bluetoothd	Received state update for 11299 (app<com.groundeffectsoftware.AnxietyWatchHK(3A076A8F-336D-4BCB-ACE2-64C6E80D0E3A)>, running-active-Visible
default	00:53:50.212099-0700	wifid	Received state update for 11299 (app<com.groundeffectsoftware.AnxietyWatchHK(3A076A8F-336D-4BCB-ACE2-64C6E80D0E3A)>, running-active-Visible
default	00:53:50.212249-0700	watchdogd	Received state update for 11299 (app<com.groundeffectsoftware.AnxietyWatchHK(3A076A8F-336D-4BCB-ACE2-64C6E80D0E3A)>, running-active-Visible
default	00:53:50.212359-0700	UserEventAgent	Received state update for 11299 (app<com.groundeffectsoftware.AnxietyWatchHK(3A076A8F-336D-4BCB-ACE2-64C6E80D0E3A)>, running-active-Visible
default	00:53:50.212433-0700	backboardd	Received state update for 11299 (app<com.groundeffectsoftware.AnxietyWatchHK(3A076A8F-336D-4BCB-ACE2-64C6E80D0E3A)>, running-active-Visible
default	00:53:50.212558-0700	symptomsd	Received state update for 11299 (app<com.groundeffectsoftware.AnxietyWatchHK(3A076A8F-336D-4BCB-ACE2-64C6E80D0E3A)>, running-active-Visible
default	00:53:50.212861-0700	locationd	Received state update for 11299 (app<com.groundeffectsoftware.AnxietyWatchHK(3A076A8F-336D-4BCB-ACE2-64C6E80D0E3A)>, running-active-Visible
default	00:53:50.213285-0700	IDSCredentialsAgent	Received state update for 11299 (app<com.groundeffectsoftware.AnxietyWatchHK(3A076A8F-336D-4BCB-ACE2-64C6E80D0E3A)>, running-active-Visible
default	00:53:50.213560-0700	gamepolicyd	Received state update for 11299 (app<com.groundeffectsoftware.AnxietyWatchHK(3A076A8F-336D-4BCB-ACE2-64C6E80D0E3A)>, running-active-NotVisible
default	00:53:50.213633-0700	backboardd	[ALS] ts=82866.079 lux=5.010<private> xy=(0.550 0.450) chs=[5 77 78 205 193] CCT1=1480.885 gain=512x mode=<private> subsamples=24 rawLux=5.010 nits=46 xTalk=[0 0 0 0 0] status=0x9B copyEvent=0
default	00:53:50.215135-0700	backboardd	Ammolite: Lux 5.010176 (delta 4.256780 / thr 10.000000)
default	00:53:50.215312-0700	PerfPowerServices	Received state update for 599 (app<com.apple.HealthPrivacyService(3A076A8F-336D-4BCB-ACE2-64C6E80D0E3A)>, running-active-Visible
default	00:53:50.215626-0700	WirelessRadioManagerd	Received state update for 599 (app<com.apple.HealthPrivacyService(3A076A8F-336D-4BCB-ACE2-64C6E80D0E3A)>, running-active-Visible
default	00:53:50.215915-0700	useractivityd	Received state update for 599 (app<com.apple.HealthPrivacyService(3A076A8F-336D-4BCB-ACE2-64C6E80D0E3A)>, running-active-Visible
default	00:53:50.217417-0700	SpringBoard	[0xc38b66100:(FBSceneManager):sceneID:com.apple.HealthPrivacyService-default] Scene state did change: XX-None[0].
default	00:53:50.217463-0700	SpringBoard	[app<com.apple.HealthPrivacyService>:599] Workspace state did change: BG-Active[40] --> XX-None[0] (assertion dropped).
default	00:53:50.217730-0700	runningboardd	Invalidating assertion 34-35-40920 (target:[app<com.apple.HealthPrivacyService(3A076A8F-336D-4BCB-ACE2-64C6E80D0E3A)>:599]) from originator [osservice<com.apple.SpringBoard>:35]
default	00:53:50.217911-0700	dasd	Received state update for 599 (app<com.apple.HealthPrivacyService(3A076A8F-336D-4BCB-ACE2-64C6E80D0E3A)>, running-active-Visible
default	00:53:50.218508-0700	locationd	Received state update for 599 (app<com.apple.HealthPrivacyService(3A076A8F-336D-4BCB-ACE2-64C6E80D0E3A)>, running-active-Visible
default	00:53:50.219106-0700	locationd	{"msg":"RBS #AppMonitor process monitor update handler invoked", "pid":599, "bundleID":"com.apple.HealthPrivacyService", "state":"RunningScheduled"}
default	00:53:50.219181-0700	locationd	{"msg":"RBS #AppMonitor Post Application State Change Notification", "notification":"ForegroundRunning", "pid":599, "bundleId":"com.apple.HealthPrivacyService"}
default	00:53:50.219911-0700	locationd	{"msg":"#Warning #ClientResolution the passed keyPath is not registered. Resolving to #nullCKP", "InputCKP":"icom.apple.HealthPrivacyService:"}
default	00:53:50.220189-0700	locationd	{"msg":"#CLIUA AppMonitor notification", "notification":"ForegroundRunning", "pid":599, "bundleId":"com.apple.HealthPrivacyService", "ClientKey":"icom.apple.HealthPrivacyService:"}
default	00:53:50.220264-0700	locationd	{"msg":"#CLIUA Marking change", "clientKey":"icom.apple.HealthPrivacyService:", "reason":"Process state from RunningBoard", "AssertionLevel":"kCLClientInUseLevelDirectUserEngagement", "coming":1}
default	00:53:50.220333-0700	locationd	{"msg":"#CLIUA updating AssertionRecord", "ClientKey":"icom.apple.HealthPrivacyService:", "AssertionLevel":"kCLClientInUseLevelNotInUse"}
default	00:53:50.220391-0700	locationd	{"msg":"#CLIUA AssertionRecord updated", "ClientKey":"icom.apple.HealthPrivacyService:", "AssertionLevel":"kCLClientInUseLevelDirectUserEngagement"}
default	00:53:50.220465-0700	locationd	{"msg":"#CLIUA in-use level changed for client", "ClientKey":"icom.apple.HealthPrivacyService:"}
default	00:53:50.220516-0700	locationd	{"msg":"#Warning #ClientResolution the passed keyPath is not registered. Resolving to #nullCKP", "InputCKP":"icom.apple.HealthPrivacyService:"}
default	00:53:50.221132-0700	wifid	Received state update for 599 (app<com.apple.HealthPrivacyService(3A076A8F-336D-4BCB-ACE2-64C6E80D0E3A)>, running-active-Visible
default	00:53:50.221283-0700	wifid	-[WiFiUserInteractionMonitor setApplicationRunningState:foregroundState:andNetworkingState:forBundleId:]: com.apple.HealthPrivacyService entered foreground
default	00:53:50.221322-0700	wifid	WifiDeviceManagerCatsUpdateEvent(): CATS Update en0: Enter deviceManager:0x66521f800  source:1 enable:1 appPolicy:0 bitmap:0x0
default	00:53:50.221394-0700	wifid	WiFiDeviceManagerCatsSetLowLatencyApp: CATSUpdate en0: fgApp:com.apple.HealthPrivacyService b=0x0 rc=0
default	00:53:50.221409-0700	wifid	WiFiDeviceManagerCatsSetForegroundApp: CATSUpdate en0: fgApp:com.apple.HealthPrivacyService hs=1 t=1 rc=0
default	00:53:50.221434-0700	wifid	WifiDeviceManagerCatsUpdateEvent: CATSUpdate en0: Exit deviceManager=0x66521f800 Source:1 stateChange:0 (P:0-->0 B:0x0-->0x0)
default	00:53:50.221448-0700	wifid	-[WiFiUsageApplicationSession applicationStateDidChange:withAttributes:]: application session resumed:<private>
default	00:53:50.221863-0700	symptomsd	Received state update for 599 (app<com.apple.HealthPrivacyService(3A076A8F-336D-4BCB-ACE2-64C6E80D0E3A)>, running-active-Visible
default	00:53:50.222242-0700	UserEventAgent	Received state update for 599 (app<com.apple.HealthPrivacyService(3A076A8F-336D-4BCB-ACE2-64C6E80D0E3A)>, running-active-Visible
default	00:53:50.222800-0700	gamepolicyd	Received state update for 599 (app<com.apple.HealthPrivacyService(3A076A8F-336D-4BCB-ACE2-64C6E80D0E3A)>, running-active-NotVisible
default	00:53:50.224772-0700	IDSCredentialsAgent	Received state update for 599 (app<com.apple.HealthPrivacyService(3A076A8F-336D-4BCB-ACE2-64C6E80D0E3A)>, running-active-Visible
default	00:53:50.225451-0700	watchdogd	Received state update for 599 (app<com.apple.HealthPrivacyService(3A076A8F-336D-4BCB-ACE2-64C6E80D0E3A)>, running-active-Visible
default	00:53:50.225476-0700	backboardd	Received state update for 599 (app<com.apple.HealthPrivacyService(3A076A8F-336D-4BCB-ACE2-64C6E80D0E3A)>, running-active-Visible
default	00:53:50.227240-0700	kernel	ANE0: aneFirmwareCommandSend: Skip waiting for response
default	00:53:50.227258-0700	kernel	ANE0: aneFirmwareCommandSend: Skip waiting for response
default	00:53:50.227309-0700	kernel	ANE0: aneFirmwareCommandSend: Skip waiting for response
default	00:53:50.227530-0700	watchdogd	82866110464500: <private>
default	00:53:50.228430-0700	symptomsd	com.apple.HealthPrivacyService: Foreground: true
default	00:53:50.229204-0700	SpringBoard	[com.apple.HealthPrivacyService] Foreground app will not request ephemeral notifications isAppClip: NO wantsEphemeral notifications: NO
default	00:53:50.229392-0700	SpringBoard	[com.apple.HealthPrivacyService] com.apple.HealthPrivacyService application state changed to <RBSProcessState| task:running-active debug:none endowmentNamespace:[
	com.apple.frontboard.visibility
	]>
default	00:53:50.229408-0700	SpringBoard	[com.apple.HealthPrivacyService] Ignore becoming foreground for application without push registration
default	00:53:50.236062-0700	kernel	wlan0:com.apple.p2p.awdl0: isInfraRealtimePacketThresholdAllowed allowed:1 option:32 threshold:50 noRegistrations:1 cachedPeerCount:0 fastDiscoveryInactive:1 fastDiscoveryOnSince:82866118
default	00:53:50.236143-0700	kernel	wlan0:com.apple.p2p.awdl0: currentInfraTrafficType:9274 checking if realtime upgrade required with inputPackets:1 outputPackets:2 packetThreshold:50
default	00:53:50.239263-0700	HealthPrivacyService	sceneOfRecord: sceneID: UIHostedScene-com.apple.HealthPrivacyService-161EAD0F-48E2-46F9-9D11-DF927626D717  persistentID: UIHostedScene-com.apple.HealthPrivacyService-161EAD0F-48E2-46F9-9D11-DF927626D717
default	00:53:50.240582-0700	AnxietyWatch	RX sceneBecameFocused:(null)
default	00:53:50.240715-0700	runningboardd	Invalidating assertion 34-35-40928 (target:[app<com.groundeffectsoftware.AnxietyWatchHK(3A076A8F-336D-4BCB-ACE2-64C6E80D0E3A)>:11299]) from originator [osservice<com.apple.SpringBoard>:35]
default	00:53:50.240750-0700	AnxietyWatch	Reloading input views for key-window scene responder: <HKHealthPrivacyHostAuthorizationViewController: 0x106831e00; > force:N
default	00:53:50.240773-0700	AnxietyWatch	_reloadInputViewsForKeyWindowSceneResponder: 1 force: 0, fromBecomeFirstResponder: 1 (automaticKeyboard: 1, reloadIdentifier: 7FE27F5C-4E8B-4E88-ABD9-67FA200BF9B8)
default	00:53:50.240813-0700	AnxietyWatch	_inputViewsForResponder: <HKHealthPrivacyHostAuthorizationViewController: 0x106831e00; >, automaticKeyboard: 1, force: 0
default	00:53:50.240839-0700	AnxietyWatch	_inputViewsForResponder, found custom inputView: <(null): 0x0>, customInputViewController: <(null): 0x0>
default	00:53:50.240860-0700	AnxietyWatch	_inputViewsForResponder, found inputAccessoryView: <(null): 0x0>
default	00:53:50.240880-0700	AnxietyWatch	_inputViewsForResponder, responderRequiresKeyboard 0 (automaticKeyboardEnabled: 1, activeInstance: <(null): 0x0>, self.isOnScreen: 0, requiresKBWhenFirstResponder: 0)
default	00:53:50.240909-0700	AnxietyWatch	_inputViewsForResponder, useKeyboard 0 (allowsSystemInputView: 1, !inputView <(null): 0x0>, responderRequiresKeyboard 0)
default	00:53:50.240926-0700	AnxietyWatch	_inputViewsForResponder, configuring _responderWithoutAutomaticAppearanceEnabled: <(null): 0x0> (_automaticAppearEnabled: 1)
default	00:53:50.240947-0700	AnxietyWatch	_inputViewsForResponder, needsIVPlaceholder: 0, needsIAVPlaceholder: 0, needsInputSetWithPlaceholder: 0
default	00:53:50.240966-0700	AnxietyWatch	_inputViewsForResponder returning: <<UIInputViewSet: 0x11c622100>; (empty)>
default	00:53:50.241403-0700	runningboardd	Invalidating assertion 34-11299-40926 (target:[app<com.groundeffectsoftware.AnxietyWatchHK(3A076A8F-336D-4BCB-ACE2-64C6E80D0E3A)>:11299]) from originator [app<com.groundeffectsoftware.AnxietyWatchHK(3A076A8F-336D-4BCB-ACE2-64C6E80D0E3A)>:11299]
default	00:53:50.241455-0700	AnxietyWatch	endPlacementForInputViewSet: <<UIInputViewSet: 0x11c622100>; (empty)> windowScene: <UIWindowScene: 0x104a18b00; role: UIWindowSceneSessionRoleApplication; persistentIdentifier: 6C527490-A1D7-41A4-B49E-317360CCDAA7; activationState: UISceneActivationStateForegroundActive>
default	00:53:50.241878-0700	runningboardd	Invalidating assertion 34-599-40929 (target:[app<com.apple.HealthPrivacyService(3A076A8F-336D-4BCB-ACE2-64C6E80D0E3A)>:599]) from originator [app<com.apple.HealthPrivacyService(3A076A8F-336D-4BCB-ACE2-64C6E80D0E3A)>:599]
default	00:53:50.242050-0700	runningboardd	Invalidating assertion 34-11299-40930 (target:[app<com.groundeffectsoftware.AnxietyWatchHK(3A076A8F-336D-4BCB-ACE2-64C6E80D0E3A)>:11299]) from originator [app<com.groundeffectsoftware.AnxietyWatchHK(3A076A8F-336D-4BCB-ACE2-64C6E80D0E3A)>:11299]
default	00:53:50.242223-0700	runningboardd	Invalidating assertion 34-599-40927 (target:[app<com.apple.HealthPrivacyService(3A076A8F-336D-4BCB-ACE2-64C6E80D0E3A)>:599]) from originator [app<com.apple.HealthPrivacyService(3A076A8F-336D-4BCB-ACE2-64C6E80D0E3A)>:599]
default	00:53:50.242306-0700	AnxietyWatch	-[_UIRemoteKeyboards prepareToMoveKeyboard:withIAV:isIAVRelevant:showing:notifyRemote:forScene:] position: {{0, 0}, {0, 0}} visible: 0; notifyRemote: 1; isMinimized: NO
default	00:53:50.242362-0700	runningboardd	Invalidating assertion 34-599-40932 (target:[app<com.apple.HealthPrivacyService(3A076A8F-336D-4BCB-ACE2-64C6E80D0E3A)>:599]) from originator [app<com.apple.HealthPrivacyService(3A076A8F-336D-4BCB-ACE2-64C6E80D0E3A)>:599]
default	00:53:50.242409-0700	AnxietyWatch	Show keyboard with visual mode windowed (0)
default	00:53:50.242583-0700	AnxietyWatch	Reloading input views for key-window scene responder: <(null): 0x0; > force:N
default	00:53:50.242614-0700	AnxietyWatch	_reloadInputViewsForKeyWindowSceneResponder: 0 force: 0, fromBecomeFirstResponder: 1 (automaticKeyboard: 0, reloadIdentifier: 9705877D-D0EF-42C2-93DC-7583D52A3272)
default	00:53:50.242683-0700	AnxietyWatch	_inputViewsForResponder: <(null): 0x0; >, automaticKeyboard: 0, force: 0
default	00:53:50.242711-0700	AnxietyWatch	_inputViewsForResponder, found custom inputView: <(null): 0x0>, customInputViewController: <(null): 0x0>
default	00:53:50.242737-0700	AnxietyWatch	_inputViewsForResponder, found inputAccessoryView: <(null): 0x0>
default	00:53:50.242764-0700	AnxietyWatch	_inputViewsForResponder, responderRequiresKeyboard 0 (automaticKeyboardEnabled: 0, activeInstance: <(null): 0x0>, self.isOnScreen: 0, requiresKBWhenFirstResponder: 0)
default	00:53:50.242788-0700	AnxietyWatch	_inputViewsForResponder, useKeyboard 0 (allowsSystemInputView: 1, !inputView <(null): 0x0>, responderRequiresKeyboard 0)
default	00:53:50.242811-0700	AnxietyWatch	_inputViewsForResponder, configuring _responderWithoutAutomaticAppearanceEnabled: <(null): 0x0> (_automaticAppearEnabled: 1)
default	00:53:50.242835-0700	AnxietyWatch	_inputViewsForResponder, needsIVPlaceholder: 0, needsIAVPlaceholder: 0, needsInputSetWithPlaceholder: 0
default	00:53:50.242861-0700	AnxietyWatch	_inputViewsForResponder returning: <<UIInputViewSet: 0x11c621f80>; (empty)>
default	00:53:50.242883-0700	AnxietyWatch	Reloading input views for key-window scene responder: <_TtC12AnxietyWatchP33_B65C44C185D5D3D753390DC83209258930_ShakeRespondingViewController: 0x1051f3000; > force:N
default	00:53:50.242913-0700	AnxietyWatch	_reloadInputViewsForKeyWindowSceneResponder: 1 force: 0, fromBecomeFirstResponder: 1 (automaticKeyboard: 1, reloadIdentifier: D0399EEE-19AF-41FC-8236-75D568480B9B)
default	00:53:50.242959-0700	AnxietyWatch	_inputViewsForResponder: <_TtC12AnxietyWatchP33_B65C44C185D5D3D753390DC83209258930_ShakeRespondingViewController: 0x1051f3000; >, automaticKeyboard: 1, force: 0
default	00:53:50.242980-0700	AnxietyWatch	_inputViewsForResponder, found custom inputView: <(null): 0x0>, customInputViewController: <(null): 0x0>
default	00:53:50.242995-0700	AnxietyWatch	_inputViewsForResponder, found inputAccessoryView: <(null): 0x0>
default	00:53:50.243014-0700	AnxietyWatch	_inputViewsForResponder, responderRequiresKeyboard 0 (automaticKeyboardEnabled: 1, activeInstance: <(null): 0x0>, self.isOnScreen: 0, requiresKBWhenFirstResponder: 0)
default	00:53:50.243032-0700	AnxietyWatch	_inputViewsForResponder, useKeyboard 0 (allowsSystemInputView: 1, !inputView <(null): 0x0>, responderRequiresKeyboard 0)
default	00:53:50.243048-0700	AnxietyWatch	_inputViewsForResponder, configuring _responderWithoutAutomaticAppearanceEnabled: <(null): 0x0> (_automaticAppearEnabled: 1)
default	00:53:50.243066-0700	AnxietyWatch	_inputViewsForResponder, needsIVPlaceholder: 0, needsIAVPlaceholder: 0, needsInputSetWithPlaceholder: 0
default	00:53:50.243087-0700	AnxietyWatch	_inputViewsForResponder returning: <<UIInputViewSet: 0x11c621f80>; (empty)>
default	00:53:50.243113-0700	AnxietyWatch	endPlacementForInputViewSet: <<UIInputViewSet: 0x11c621f80>; (empty)> windowScene: <UIWindowScene: 0x104a18b00; role: UIWindowSceneSessionRoleApplication; persistentIdentifier: 6C527490-A1D7-41A4-B49E-317360CCDAA7; activationState: UISceneActivationStateForegroundActive>
default	00:53:50.243221-0700	AnxietyWatch	-[_UIRemoteKeyboards prepareToMoveKeyboard:withIAV:isIAVRelevant:showing:notifyRemote:forScene:] position: {{0, 0}, {0, 0}} visible: 0; notifyRemote: 1; isMinimized: NO
default	00:53:50.243275-0700	AnxietyWatch	Show keyboard with visual mode windowed (0)
default	00:53:50.243387-0700	AnxietyWatch	100787.2ms (+ 165.4ms) HealthKitAccessBanner: requestAuthorization returned
default	00:53:50.245167-0700	AnxietyWatch	authorizationNeedsRequest: statusForAuthorizationRequest = shouldRequest(never-requested) → needsRequest=true
default	00:53:50.245913-0700	AnxietyWatch	authorizationNeedsRequest: statusForAuthorizationRequest = shouldRequest(never-requested) → needsRequest=true
default	00:53:50.246006-0700	AnxietyWatch	100789.8ms (+   2.6ms) HealthKitAccessBanner.refresh → state=notRequested steps=false rhr=false hr=false sleep=false showsBanner=true
default	00:53:50.246033-0700	AnxietyWatch	100789.8ms (+   0.0ms) HealthKitAccessBanner: refresh done (state=notRequested)
default	00:53:50.288292-0700	runningboardd	Calculated state for app<com.groundeffectsoftware.AnxietyWatchHK(3A076A8F-336D-4BCB-ACE2-64C6E80D0E3A)>: running-active (role: UserInteractiveFocal) (endowments: <private>)
default	00:53:50.288382-0700	runningboardd	end_scenario: Called with bundleid "com.apple.HealthPrivacyService" scenario "Launch"
default	00:53:50.289309-0700	runningboardd	Calculated state for app<com.apple.HealthPrivacyService(3A076A8F-336D-4BCB-ACE2-64C6E80D0E3A)>: running-active (role: UserInteractiveFocal) (endowments: <private>)
default	00:53:50.289510-0700	CommCenter	Received state update for 11299 (app<com.groundeffectsoftware.AnxietyWatchHK(3A076A8F-336D-4BCB-ACE2-64C6E80D0E3A)>, running-active-Visible
default	00:53:50.289861-0700	SpringBoard	Received state update for 11299 (app<com.groundeffectsoftware.AnxietyWatchHK(3A076A8F-336D-4BCB-ACE2-64C6E80D0E3A)>, running-active-Visible
default	00:53:50.289885-0700	AnxietyWatch	Received state update for 11299 (app<com.groundeffectsoftware.AnxietyWatchHK(3A076A8F-336D-4BCB-ACE2-64C6E80D0E3A)>, running-active-NotVisible
default	00:53:50.290015-0700	healthd	Received state update for 11299 (app<com.groundeffectsoftware.AnxietyWatchHK(3A076A8F-336D-4BCB-ACE2-64C6E80D0E3A)>, running-active-Visible
default	00:53:50.290040-0700	audiomxd	Received state update for 11299 (app<com.groundeffectsoftware.AnxietyWatchHK(3A076A8F-336D-4BCB-ACE2-64C6E80D0E3A)>, running-active-Visible
default	00:53:50.290066-0700	HealthPrivacyService	Received state update for 11299 (app<com.groundeffectsoftware.AnxietyWatchHK(3A076A8F-336D-4BCB-ACE2-64C6E80D0E3A)>, running-active-Visible
default	00:53:50.290426-0700	PerfPowerServices	Received state update for 11299 (app<com.groundeffectsoftware.AnxietyWatchHK(3A076A8F-336D-4BCB-ACE2-64C6E80D0E3A)>, running-active-Visible
default	00:53:50.290992-0700	wcd	Received state update for 11299 (app<com.groundeffectsoftware.AnxietyWatchHK(3A076A8F-336D-4BCB-ACE2-64C6E80D0E3A)>, running-active-Visible
default	00:53:50.291357-0700	WirelessRadioManagerd	Received state update for 11299 (app<com.groundeffectsoftware.AnxietyWatchHK(3A076A8F-336D-4BCB-ACE2-64C6E80D0E3A)>, running-active-Visible
default	00:53:50.291479-0700	useractivityd	Received state update for 11299 (app<com.groundeffectsoftware.AnxietyWatchHK(3A076A8F-336D-4BCB-ACE2-64C6E80D0E3A)>, running-active-Visible
default	00:53:50.291906-0700	dasd	Received state update for 11299 (app<com.groundeffectsoftware.AnxietyWatchHK(3A076A8F-336D-4BCB-ACE2-64C6E80D0E3A)>, running-active-Visible
default	00:53:50.292396-0700	bluetoothd	Received state update for 11299 (app<com.groundeffectsoftware.AnxietyWatchHK(3A076A8F-336D-4BCB-ACE2-64C6E80D0E3A)>, running-active-Visible
default	00:53:50.292714-0700	backboardd	Received state update for 11299 (app<com.groundeffectsoftware.AnxietyWatchHK(3A076A8F-336D-4BCB-ACE2-64C6E80D0E3A)>, running-active-Visible
default	00:53:50.293241-0700	watchdogd	Received state update for 11299 (app<com.groundeffectsoftware.AnxietyWatchHK(3A076A8F-336D-4BCB-ACE2-64C6E80D0E3A)>, running-active-Visible
default	00:53:50.293299-0700	wifid	Received state update for 11299 (app<com.groundeffectsoftware.AnxietyWatchHK(3A076A8F-336D-4BCB-ACE2-64C6E80D0E3A)>, running-active-Visible
default	00:53:50.293672-0700	UserEventAgent	Received state update for 11299 (app<com.groundeffectsoftware.AnxietyWatchHK(3A076A8F-336D-4BCB-ACE2-64C6E80D0E3A)>, running-active-Visible
default	00:53:50.294612-0700	symptomsd	Received state update for 11299 (app<com.groundeffectsoftware.AnxietyWatchHK(3A076A8F-336D-4BCB-ACE2-64C6E80D0E3A)>, running-active-Visible
default	00:53:50.295073-0700	locationd	Received state update for 11299 (app<com.groundeffectsoftware.AnxietyWatchHK(3A076A8F-336D-4BCB-ACE2-64C6E80D0E3A)>, running-active-Visible
default	00:53:50.296050-0700	SpringBoard	Received state update for 599 (app<com.apple.HealthPrivacyService(3A076A8F-336D-4BCB-ACE2-64C6E80D0E3A)>, running-active-Visible
default	00:53:50.296261-0700	CommCenter	Received state update for 599 (app<com.apple.HealthPrivacyService(3A076A8F-336D-4BCB-ACE2-64C6E80D0E3A)>, running-active-Visible
default	00:53:50.296586-0700	AnxietyWatch	Received state update for 599 (app<com.apple.HealthPrivacyService(3A076A8F-336D-4BCB-ACE2-64C6E80D0E3A)>, running-active-NotVisible
default	00:53:50.296835-0700	HealthPrivacyService	Received state update for 599 (app<com.apple.HealthPrivacyService(3A076A8F-336D-4BCB-ACE2-64C6E80D0E3A)>, running-active-Visible
default	00:53:50.296881-0700	audiomxd	Received state update for 599 (app<com.apple.HealthPrivacyService(3A076A8F-336D-4BCB-ACE2-64C6E80D0E3A)>, running-active-Visible
default	00:53:50.296946-0700	gamepolicyd	Received state update for 11299 (app<com.groundeffectsoftware.AnxietyWatchHK(3A076A8F-336D-4BCB-ACE2-64C6E80D0E3A)>, running-active-NotVisible
default	00:53:50.297013-0700	IDSCredentialsAgent	Received state update for 11299 (app<com.groundeffectsoftware.AnxietyWatchHK(3A076A8F-336D-4BCB-ACE2-64C6E80D0E3A)>, running-active-Visible
default	00:53:50.298446-0700	PerfPowerServices	Received state update for 599 (app<com.apple.HealthPrivacyService(3A076A8F-336D-4BCB-ACE2-64C6E80D0E3A)>, running-active-Visible
default	00:53:50.298544-0700	WirelessRadioManagerd	Received state update for 599 (app<com.apple.HealthPrivacyService(3A076A8F-336D-4BCB-ACE2-64C6E80D0E3A)>, running-active-Visible
default	00:53:50.299026-0700	useractivityd	Received state update for 599 (app<com.apple.HealthPrivacyService(3A076A8F-336D-4BCB-ACE2-64C6E80D0E3A)>, running-active-Visible
default	00:53:50.299268-0700	backboardd	Received state update for 599 (app<com.apple.HealthPrivacyService(3A076A8F-336D-4BCB-ACE2-64C6E80D0E3A)>, running-active-Visible
default	00:53:50.299319-0700	wifid	Received state update for 599 (app<com.apple.HealthPrivacyService(3A076A8F-336D-4BCB-ACE2-64C6E80D0E3A)>, running-active-Visible
default	00:53:50.299582-0700	dasd	Received state update for 599 (app<com.apple.HealthPrivacyService(3A076A8F-336D-4BCB-ACE2-64C6E80D0E3A)>, running-active-Visible
default	00:53:50.299861-0700	UserEventAgent	Received state update for 599 (app<com.apple.HealthPrivacyService(3A076A8F-336D-4BCB-ACE2-64C6E80D0E3A)>, running-active-Visible
default	00:53:50.300364-0700	watchdogd	Received state update for 599 (app<com.apple.HealthPrivacyService(3A076A8F-336D-4BCB-ACE2-64C6E80D0E3A)>, running-active-Visible
default	00:53:50.300388-0700	symptomsd	Received state update for 599 (app<com.apple.HealthPrivacyService(3A076A8F-336D-4BCB-ACE2-64C6E80D0E3A)>, running-active-Visible
default	00:53:50.300947-0700	IDSCredentialsAgent	Received state update for 599 (app<com.apple.HealthPrivacyService(3A076A8F-336D-4BCB-ACE2-64C6E80D0E3A)>, running-active-Visible
default	00:53:50.300980-0700	locationd	Received state update for 599 (app<com.apple.HealthPrivacyService(3A076A8F-336D-4BCB-ACE2-64C6E80D0E3A)>, running-active-Visible
default	00:53:50.301294-0700	gamepolicyd	Received state update for 599 (app<com.apple.HealthPrivacyService(3A076A8F-336D-4BCB-ACE2-64C6E80D0E3A)>, running-active-NotVisible
default	00:53:50.326551-0700	kernel	ANE0: aneFirmwareCommandSend: Skip waiting for response
default	00:53:50.326566-0700	kernel	ANE0: aneFirmwareCommandSend: Skip waiting for response
default	00:53:50.326782-0700	kernel	ANE0: aneFirmwareCommandSend: Skip waiting for response
default	00:53:50.394098-0700	SpringBoard	[coordinator] S33KR3T gen:415 begin host retry
default	00:53:50.394361-0700	SpringBoard	[coordinator] gen:416 handling new keyboard arbiter request pid: 599 sceneIdentity: 11299->app<com.apple.HealthPrivacyService(3A076A8F-336D-4BCB-ACE2-64C6E80D0E3A)>/UISceneHosting-com.groundeffectsoftware.AnxietyWatchHK:UIHostedScene-com.apple.HealthPrivacyService-161EAD0F-48E2-46F9-9D11-DF927626D717
default	00:53:50.394421-0700	SpringBoard	arbiter: arbiter requested pid 599 / 11299->app<com.apple.HealthPrivacyService(3A076A8F-336D-4BCB-ACE2-64C6E80D0E3A)>/UISceneHosting-com.groundeffectsoftware.AnxietyWatchHK:UIHostedScene-com.apple.HealthPrivacyService-161EAD0F-48E2-46F9-9D11-DF927626D717
default	00:53:50.394447-0700	SpringBoard	[coordinator] using arbiter suggested pid 599 + scene: 11299->app<com.apple.HealthPrivacyService(3A076A8F-336D-4BCB-ACE2-64C6E80D0E3A)>/UISceneHosting-com.groundeffectsoftware.AnxietyWatchHK:UIHostedScene-com.apple.HealthPrivacyService-161EAD0F-48E2-46F9-9D11-DF927626D717
default	00:53:50.394468-0700	SpringBoard	Searching the visibility graph for hosting information for 11299->app<com.apple.HealthPrivacyService(3A076A8F-336D-4BCB-ACE2-64C6E80D0E3A)>/UISceneHosting-com.groundeffectsoftware.AnxietyWatchHK:UIHostedScene-com.apple.HealthPrivacyService-161EAD0F-48E2-46F9-9D11-DF927626D717
default	00:53:50.407531-0700	SpringBoard	Visibility graph search found root scene com.apple.frontboard.systemappservices/FBSceneManager:com.apple.springboard and ultimate host <com.apple.frontboard.systemappservices/FBSceneManager:sceneID%3Acom.groundeffectsoftware.AnxietyWatchHK-6C527490-A1D7-41A4-B49E-317360CCDAA7 pid:11299>
default	00:53:50.407594-0700	SpringBoard	[coordinator] S33KR3T target <11299->app<com.apple.HealthPrivacyService(3A076A8F-336D-4BCB-ACE2-64C6E80D0E3A)>/UISceneHosting-com.groundeffectsoftware.AnxietyWatchHK:UIHostedScene-com.apple.HealthPrivacyService-161EAD0F-48E2-46F9-9D11-DF927626D717 pid:599> has an ultimate host <com.apple.frontboard.systemappservices/FBSceneManager:sceneID%3Acom.groundeffectsoftware.AnxietyWatchHK-6C527490-A1D7-41A4-B49E-317360CCDAA7 pid:11299>
default	00:53:50.407648-0700	SpringBoard	[coordinator] informing scene controller 'com.apple.springboard' of focusTarget: <com.apple.frontboard.systemappservices/FBSceneManager:sceneID%3Acom.groundeffectsoftware.AnxietyWatchHK-6C527490-A1D7-41A4-B49E-317360CCDAA7 pid:11299>
default	00:53:50.407789-0700	SpringBoard	[embedded coalition] _abritrateForReason: <keyboardArbiterSuggestion> - new policy is unchanged
default	00:53:50.407845-0700	SpringBoard	[coordinator] keyboard arbiter suggested <pid: 599; sceneIdentity: 11299->app<com.apple.HealthPrivacyService(3A076A8F-336D-4BCB-ACE2-64C6E80D0E3A)>/UISceneHosting-com.groundeffectsoftware.AnxietyWatchHK:UIHostedScene-com.apple.HealthPrivacyService-161EAD0F-48E2-46F9-9D11-DF927626D717> and we replied <com.apple.frontboard.systemappservices/FBSceneManager:sceneID%3Acom.groundeffectsoftware.AnxietyWatchHK-6C527490-A1D7-41A4-B49E-317360CCDAA7 pid:11299>
default	00:53:50.408382-0700	SpringBoard	set currentFocus PID:11299 sceneIdentity:com.groundeffectsoftware.AnxietyWatchHK-6C527490-A1D7-41A4-B49E-317360CCDAA7
default	00:53:50.426429-0700	kernel	ANE0: aneFirmwareCommandSend: Skip waiting for response
default	00:53:50.426475-0700	kernel	ANE0: aneFirmwareCommandSend: Skip waiting for response
default	00:53:50.426727-0700	kernel	ANE0: aneFirmwareCommandSend: Skip waiting for response
default	00:53:50.463876-0700	backboardd	[ALS] ts=82866.329 lux=5.461<private> xy=(0.541 0.459) chs=[0 98 78 226 207] CCT1=1376.167 gain=512x mode=<private> subsamples=24 rawLux=5.461 nits=46 xTalk=[0 0 0 0 0] status=0x9B copyEvent=0
default	00:53:50.465099-0700	backboardd	Ammolite: Lux 5.461073 (delta 4.707677 / thr 10.000000)
default	00:53:50.526257-0700	kernel	ANE0: aneFirmwareCommandSend: Skip waiting for response
default	00:53:50.526277-0700	kernel	ANE0: aneFirmwareCommandSend: Skip waiting for response
default	00:53:50.526566-0700	kernel	ANE0: aneFirmwareCommandSend: Skip waiting for response
default	00:53:50.539860-0700	kernel	memorystatus_perform_idle_demotion() timed out stuck process 207 [networkserviceproxy], moving to idle band
default	00:53:50.626092-0700	kernel	ANE0: aneFirmwareCommandSend: Skip waiting for response
default	00:53:50.626198-0700	kernel	ANE0: aneFirmwareCommandSend: Skip waiting for response
default	00:53:50.626435-0700	kernel	ANE0: aneFirmwareCommandSend: Skip waiting for response
default	00:53:50.713807-0700	backboardd	[ALS] ts=82866.579 lux=5.761<private> xy=(0.535 0.465) chs=[0 98 92 226 193] CCT1=1463.159 gain=512x mode=<private> subsamples=24 rawLux=5.761 nits=46 xTalk=[0 0 0 0 0] status=0x9B copyEvent=0
default	00:53:50.715141-0700	backboardd	Ammolite: Lux 5.761281 (delta 5.007885 / thr 10.000000)
default	00:53:50.726030-0700	kernel	ANE0: aneFirmwareCommandSend: Skip waiting for response
default	00:53:50.726047-0700	kernel	ANE0: aneFirmwareCommandSend: Skip waiting for response
default	00:53:50.726308-0700	kernel	ANE0: aneFirmwareCommandSend: Skip waiting for response
default	00:53:50.742809-0700	AnxietyWatch	<UIWindowScene: 0x104a18b00> (6C527490-A1D7-41A4-B49E-317360CCDAA7) Scene updated orientation preferences: ( Pu ) -> ( Pu Ll Lr )
default	00:53:50.743949-0700	AnxietyWatch	[UISceneHosting-com.groundeffectsoftware.AnxietyWatchHK:UIHostedScene-com.apple.HealthPrivacyService-161EAD0F-48E2-46F9-9D11-DF927626D717] Sending action(s) to "_UIViewServiceSceneExtension": _UIViewServiceHostAppearanceAction
default	00:53:50.744714-0700	HealthPrivacyService	[UISceneHosting-com.groundeffectsoftware.AnxietyWatchHK:UIHostedScene-com.apple.HealthPrivacyService-161EAD0F-48E2-46F9-9D11-DF927626D717] Received action(s) for "_UIViewServiceSceneExtension": _UIViewServiceHostAppearanceAction
default	00:53:50.744762-0700	HealthPrivacyService	Appearance transition didAppear for 11299->app<com.apple.HealthPrivacyService(3A076A8F-336D-4BCB-ACE2-64C6E80D0E3A)>/UISceneHosting-com.groundeffectsoftware.AnxietyWatchHK:UIHostedScene-com.apple.HealthPrivacyService-161EAD0F-48E2-46F9-9D11-DF927626D717
default	00:53:50.744822-0700	HealthPrivacyService	[UISceneHosting-com.groundeffectsoftware.AnxietyWatchHK:UIHostedScene-com.apple.HealthPrivacyService-161EAD0F-48E2-46F9-9D11-DF927626D717] Component <_UIViewServiceClientSceneComponent: 0x829839b30> handled action(s): <private>
default	00:53:50.744879-0700	AnxietyWatch	<UIWindowScene: 0x104a18b00> (6C527490-A1D7-41A4-B49E-317360CCDAA7) Scene updated orientation preferences: ( Pu Ll Lr ) -> ( Pu )
default	00:53:50.745512-0700	AnxietyWatch	_inputViewsForResponder: <_TtC12AnxietyWatchP33_B65C44C185D5D3D753390DC83209258930_ShakeRespondingViewController: 0x1051f3000; >, automaticKeyboard: 1, force: 0
default	00:53:50.745558-0700	AnxietyWatch	_inputViewsForResponder, found custom inputView: <(null): 0x0>, customInputViewController: <(null): 0x0>
default	00:53:50.745623-0700	AnxietyWatch	_inputViewsForResponder, found inputAccessoryView: <(null): 0x0>
default	00:53:50.745678-0700	AnxietyWatch	_inputViewsForResponder, responderRequiresKeyboard 0 (automaticKeyboardEnabled: 1, activeInstance: <(null): 0x0>, self.isOnScreen: 0, requiresKBWhenFirstResponder: 0)
default	00:53:50.745721-0700	AnxietyWatch	_inputViewsForResponder, useKeyboard 0 (allowsSystemInputView: 1, !inputView <(null): 0x0>, responderRequiresKeyboard 0)
default	00:53:50.745739-0700	AnxietyWatch	_inputViewsForResponder, configuring _responderWithoutAutomaticAppearanceEnabled: <(null): 0x0> (_automaticAppearEnabled: 1)
default	00:53:50.745774-0700	AnxietyWatch	_inputViewsForResponder, needsIVPlaceholder: 0, needsIAVPlaceholder: 0, needsInputSetWithPlaceholder: 0
default	00:53:50.745791-0700	AnxietyWatch	_inputViewsForResponder returning: <<UIInputViewSet: 0x11c621f80>; (empty)>
default	00:53:50.745810-0700	AnxietyWatch	Reloading input views for key-window scene responder: <_TtC12AnxietyWatchP33_B65C44C185D5D3D753390DC83209258930_ShakeRespondingViewController: 0x1051f3000; > force:N
default	00:53:50.745836-0700	AnxietyWatch	_reloadInputViewsForKeyWindowSceneResponder: 1 force: 0, fromBecomeFirstResponder: 0 (automaticKeyboard: 1, reloadIdentifier: F6F598D3-9F8D-4EE5-ACB5-81C088D2E16C)
default	00:53:50.745887-0700	AnxietyWatch	_inputViewsForResponder: <_TtC12AnxietyWatchP33_B65C44C185D5D3D753390DC83209258930_ShakeRespondingViewController: 0x1051f3000; >, automaticKeyboard: 1, force: 0
default	00:53:50.746025-0700	AnxietyWatch	_inputViewsForResponder, found custom inputView: <(null): 0x0>, customInputViewController: <(null): 0x0>
default	00:53:50.746085-0700	AnxietyWatch	_inputViewsForResponder, found inputAccessoryView: <(null): 0x0>
default	00:53:50.746108-0700	AnxietyWatch	_inputViewsForResponder, responderRequiresKeyboard 0 (automaticKeyboardEnabled: 1, activeInstance: <(null): 0x0>, self.isOnScreen: 0, requiresKBWhenFirstResponder: 0)
default	00:53:50.746134-0700	AnxietyWatch	_inputViewsForResponder, useKeyboard 0 (allowsSystemInputView: 1, !inputView <(null): 0x0>, responderRequiresKeyboard 0)
default	00:53:50.746151-0700	AnxietyWatch	_inputViewsForResponder, configuring _responderWithoutAutomaticAppearanceEnabled: <(null): 0x0> (_automaticAppearEnabled: 1)
default	00:53:50.746169-0700	AnxietyWatch	_inputViewsForResponder, needsIVPlaceholder: 0, needsIAVPlaceholder: 0, needsInputSetWithPlaceholder: 0
default	00:53:50.746202-0700	AnxietyWatch	_inputViewsForResponder returning: <<UIInputViewSet: 0x11c621f80>; (empty)>
default	00:53:50.746767-0700	AnxietyWatch	endPlacementForInputViewSet: <<UIInputViewSet: 0x11c621f80>; (empty)> windowScene: <UIWindowScene: 0x104a18b00; role: UIWindowSceneSessionRoleApplication; persistentIdentifier: 6C527490-A1D7-41A4-B49E-317360CCDAA7; activationState: UISceneActivationStateForegroundActive>
default	00:53:50.747047-0700	AnxietyWatch	-[_UIRemoteKeyboards prepareToMoveKeyboard:withIAV:isIAVRelevant:showing:notifyRemote:forScene:] position: {{0, 0}, {0, 0}} visible: 0; notifyRemote: 1; isMinimized: NO
default	00:53:50.747101-0700	AnxietyWatch	Show keyboard with visual mode windowed (0)
default	00:53:50.757028-0700	AnxietyWatch	[UISceneHosting-com.groundeffectsoftware.AnxietyWatchHK:UIHostedScene-com.apple.HealthPrivacyService-161EAD0F-48E2-46F9-9D11-DF927626D717] Sending action(s) to "_UIViewServiceSceneExtension": _UIViewServiceHostAppearanceAction
default	00:53:50.757066-0700	HealthPrivacyService	[UISceneHosting-com.groundeffectsoftware.AnxietyWatchHK:UIHostedScene-com.apple.HealthPrivacyService-161EAD0F-48E2-46F9-9D11-DF927626D717] Received action(s) for "_UIViewServiceSceneExtension": _UIViewServiceHostAppearanceAction
default	00:53:50.757225-0700	HealthPrivacyService	Appearance transition willDisappearAnimated for 11299->app<com.apple.HealthPrivacyService(3A076A8F-336D-4BCB-ACE2-64C6E80D0E3A)>/UISceneHosting-com.groundeffectsoftware.AnxietyWatchHK:UIHostedScene-com.apple.HealthPrivacyService-161EAD0F-48E2-46F9-9D11-DF927626D717
default	00:53:50.757257-0700	HealthPrivacyService	[UISceneHosting-com.groundeffectsoftware.AnxietyWatchHK:UIHostedScene-com.apple.HealthPrivacyService-161EAD0F-48E2-46F9-9D11-DF927626D717] Component <_UIViewServiceClientSceneComponent: 0x829839b30> handled action(s): <private>
default	00:53:50.757293-0700	HealthPrivacyService	[UISceneHosting-com.groundeffectsoftware.AnxietyWatchHK:UIHostedScene-com.apple.HealthPrivacyService-161EAD0F-48E2-46F9-9D11-DF927626D717] Received action(s): _UISceneHostingViewAppearanceActionHostToClient
default	00:53:50.757388-0700	AnxietyWatch	[UISceneHosting-com.groundeffectsoftware.AnxietyWatchHK:UIHostedScene-com.apple.HealthPrivacyService-161EAD0F-48E2-46F9-9D11-DF927626D717] Sending action(s): _UISceneHostingViewAppearanceActionHostToClient
default	00:53:50.757548-0700	HealthPrivacyService	sceneOfRecord: sceneID: UIHostedScene-com.apple.HealthPrivacyService-161EAD0F-48E2-46F9-9D11-DF927626D717  persistentID: UIHostedScene-com.apple.HealthPrivacyService-161EAD0F-48E2-46F9-9D11-DF927626D717
default	00:53:50.757607-0700	HealthPrivacyService	sceneOfRecord: sceneID: UIHostedScene-com.apple.HealthPrivacyService-161EAD0F-48E2-46F9-9D11-DF927626D717  persistentID: UIHostedScene-com.apple.HealthPrivacyService-161EAD0F-48E2-46F9-9D11-DF927626D717
default	00:53:50.757719-0700	HealthPrivacyService	sceneOfRecord: sceneID: UIHostedScene-com.apple.HealthPrivacyService-161EAD0F-48E2-46F9-9D11-DF927626D717  persistentID: UIHostedScene-com.apple.HealthPrivacyService-161EAD0F-48E2-46F9-9D11-DF927626D717
default	00:53:50.757766-0700	HealthPrivacyService	Should not send trait collection or coordinate space update, interface style 2 -> 2, <_UIHostedWindowScene: 0x828e51680> (UIHostedScene-com.apple.HealthPrivacyService-161EAD0F-48E2-46F9-9D11-DF927626D717)
default	00:53:50.781034-0700	locationd	visitKFFilteredPressure,nowAP,806140430.780740,nowAOP,84196930613,filteredPressure,100918.937500,pressureTimestamp,84195337311,kfElevation,62.777843,wallTimePressureCorrected,806140429.180339,wallTimeKFCorrected,806140429.775584,temperatureDerivative,0.000000,absAltUnc,22.207603
default	00:53:50.825802-0700	kernel	ANE0: aneFirmwareCommandSend: Skip waiting for response
default	00:53:50.825850-0700	kernel	ANE0: aneFirmwareCommandSend: Skip waiting for response
default	00:53:50.826205-0700	kernel	ANE0: aneFirmwareCommandSend: Skip waiting for response
default	00:53:50.857383-0700	locationd	os_transaction created: (<private>) <private>
default	00:53:50.857472-0700	locationd	os_transaction released: (<private>) <private>
default	00:53:50.871416-0700	backboardd	  82866.75435: 3 Digitizer since   82629.19008 (Sun Jul 19 00:49:53 2026)
default	00:53:50.925450-0700	kernel	ANE0: aneFirmwareCommandSend: Skip waiting for response
default	00:53:50.925493-0700	kernel	ANE0: aneFirmwareCommandSend: Skip waiting for response
default	00:53:50.925786-0700	kernel	ANE0: aneFirmwareCommandSend: Skip waiting for response
default	00:53:50.963983-0700	backboardd	[ALS] ts=82866.828 lux=5.667<private> xy=(0.554 0.446) chs=[0 77 92 240 179] CCT1=1000.867 gain=512x mode=<private> subsamples=24 rawLux=5.667 nits=46 xTalk=[0 0 0 0 0] status=0x9B copyEvent=0
default	00:53:50.965859-0700	backboardd	Ammolite: Lux 5.667151 (delta 4.913755 / thr 10.000000)
default	00:53:51.025249-0700	kernel	ANE0: aneFirmwareCommandSend: Skip waiting for response
default	00:53:51.025333-0700	kernel	ANE0: aneFirmwareCommandSend: Skip waiting for response
default	00:53:51.025593-0700	kernel	ANE0: aneFirmwareCommandSend: Skip waiting for response
default	00:53:51.058353-0700	backboardd	  82866.94119: notify client com.apple.SpringBoard.HomeGrabberView-1 of <AWAttentionLostEvent: 0xb04bb4b80> (timestamp:   82866.94110 attentionLostTimeout       1.00000 tagIndex 0 (tag not present in server))
error	00:53:51.058604-0700	SpringBoard	attention client lost event tag is not a number: (null)
default	00:53:51.058746-0700	backboardd	  82866.94174: notify client com.apple.SpringBoard.HomeGrabberView-3 of <AWAttentionLostEvent: 0xb04bb5280> (timestamp:   82866.94110 attentionLostTimeout       1.00000 tagIndex 0 (tag not present in server))
default	00:53:51.059261-0700	backboardd	  82866.94190: notify client com.apple.SpringBoard.HomeGrabberView-4 of <AWAttentionLostEvent: 0xb04bb5400> (timestamp:   82866.94110 attentionLostTimeout       1.00000 tagIndex 0 (tag not present in server))
default	00:53:51.059369-0700	backboardd	  82866.94204: notify client com.apple.SpringBoard.HomeGrabberView-5 of <AWAttentionLostEvent: 0xb04bb4680> (timestamp:   82866.94110 attentionLostTimeout       1.00000 tagIndex 0 (tag not present in server))
error	00:53:51.059437-0700	SpringBoard	attention client lost event tag is not a number: (null)
error	00:53:51.059640-0700	SpringBoard	attention client lost event tag is not a number: (null)
default	00:53:51.059689-0700	backboardd	  82866.94212: notify client com.apple.SpringBoard.HomeGrabberView-6 of <AWAttentionLostEvent: 0xb04bb4c00> (timestamp:   82866.94110 attentionLostTimeout       1.00000 tagIndex 0 (tag not present in server))
error	00:53:51.059727-0700	SpringBoard	attention client lost event tag is not a number: (null)
default	00:53:51.060504-0700	backboardd	  82866.94307: notify client com.apple.SpringBoard.HomeGrabberView-44 of <AWAttentionLostEvent: 0xb04bb4600> (timestamp:   82866.94110 attentionLostTimeout       1.00000 tagIndex 0 (tag not present in server))
default	00:53:51.060719-0700	backboardd	  82866.94322: notify client com.apple.SpringBoard.HomeGrabberView-84 of <AWAttentionLostEvent: 0xb04bb4780> (timestamp:   82866.94110 attentionLostTimeout       1.00000 tagIndex 0 (tag not present in server))
error	00:53:51.060858-0700	SpringBoard	attention client lost event tag is not a number: (null)
error	00:53:51.060883-0700	SpringBoard	attention client lost event tag is not a number: (null)
error	00:53:51.060898-0700	SpringBoard	attention client lost event tag is not a number: (null)
default	00:53:51.125103-0700	kernel	ANE0: aneFirmwareCommandSend: Skip waiting for response
default	00:53:51.125139-0700	kernel	ANE0: aneFirmwareCommandSend: Skip waiting for response
default	00:53:51.125365-0700	kernel	ANE0: aneFirmwareCommandSend: Skip waiting for response
default	00:53:51.176789-0700	sharingd	Activity level changed 7 (Screen) -> 11 (User)
default	00:53:51.178719-0700	sharingd	[Prox] Clearing duplicate cache
default	00:53:51.178756-0700	sharingd	ProximityPairing clear duplicate cache
default	00:53:51.178836-0700	audiomxd	-FigRouteDiscoveryManager- FigRouteDiscoveryManagerActivityMonitorEnsureStarted_block_invoke: Activity level changed 7 (Screen) -> 11 (User)
default	00:53:51.178868-0700	bluetoothd	clear dup filter cache for process sharingd (79) with scan request of type 7, blob: {length = 0, bytes = 0x}, mask {length = 0, bytes = 0x}, active: 0, duplicates: 0, screen on: No Scan, screen off: No Scan, locked: 1,  rssi: -90, peers: (
) nearby scan mode: 10, advbuf: 0, priority critical: 0, range: 0, retain duplicates: 0, usecases:
default	00:53:51.178910-0700	bluetoothd	About to clearDuplicateFilterCache for type: 7
default	00:53:51.178980-0700	bluetoothd	Received XPC message "CBMsgIdClearDuplicateFilterCache" from session "com.apple.bluetoothd-central-102-10"
default	00:53:51.179018-0700	sharingd	Nearby stop advertising of type: 16
default	00:53:51.179049-0700	sharingd	Nearby start advertising with data: advertising request of type 16, priority 3, UseFG 432 (270.00 ms), data {length = 7, bytes = 0x761f3b12527948}, connectable 1, addr change 1, options {
}, advertisementRequestedAt 0, randomData (null) priority 0 mode 432 options (null)
default	00:53:51.180067-0700	bluetoothd	Stop advertising for process sharingd (79) of type 16
default	00:53:51.180198-0700	bluetoothd	[Privacy] removeAdvertisingRequest: 16, {(
)}
default	00:53:51.180217-0700	bluetoothd	Nothing left to advertise, stopping
default	00:53:51.180284-0700	bluetoothd	Invalidate: CID: 0xA0F001C, enableEPA: 0, Rate: 270 ms
default	00:53:51.180305-0700	bluetoothd	Start advertising for process sharingd (79) of type 16 with advertising interval 432 (270.00 ms)
default	00:53:51.180342-0700	sharingd	Nearby advertising stopped of type: 16 with error: (null)
default	00:53:51.180428-0700	bluetoothd	Adding data of type: 16, advData: {length = 7, bytes = 0x761f3b12527948} advInterval: 432 EPA:0
default	00:53:51.180475-0700	bluetoothd	Current advertisement packet: {length = 9, bytes = 0x1007761f3b12527948} advertRate: 432 EPA:0
default	00:53:51.180527-0700	bluetoothd	[Privacy] AdvertisingRulesiOS: current connectable advertisers: {(
    16
)}, current clients for address change notification: {(
    16
)}
default	00:53:51.180547-0700	bluetoothd	[Privacy] AdvertisingRulesiOS: remaining connectable advertisers: {(
)}, notification clients: {(
    16
)}
default	00:53:51.180565-0700	bluetoothd	[Privacy] AdvertisingRulesiOS: current non-connectable advertisers: {(
)}, current clients for address change notification: {(
    16
)}
default	00:53:51.180581-0700	bluetoothd	[Privacy] AdvertisingRulesiOS: remaining non-connectable advertisers: {(
)}, notification clients: {(
    16
)}
default	00:53:51.180603-0700	bluetoothd	AdvertisingRulesiOS - current advertisers: 16
default	00:53:51.181267-0700	bluetoothd	[Privacy] AdvertisingRulesiOS: AddrChangeNotificationNeeded adv packet:  {
    kCBAdvDataAppleMfgData = {length = 13, bytes = 0x0cff4c001007761f3b12527948};
    kCBAdvDataIsConnectable = 1;
    kCBAdvOptionAdvertisingInterval = 432;
    kCBAdvOptionStopOnAdvertisingAddressChange = 1;
    kCBMsgArgIsPrivilegedDaemon = 1;
}
default	00:53:51.181294-0700	bluetoothd	AdvertisingRulesiOS - advertising packets: (
        {
        kCBAdvDataAppleMfgData = {length = 13, bytes = 0x0cff4c001007761f3b12527948};
        kCBAdvDataIsConnectable = 1;
        kCBAdvOptionAdvertisingInterval = 432;
        kCBAdvOptionStopOnAdvertisingAddressChange = 1;
        kCBManagerListOfClients =         (
            "com.apple.sharingd"
        );
        kCBMsgArgIsPrivilegedDaemon = 1;
    }
)
default	00:53:51.181317-0700	bluetoothd	Requesting to start advertising for clients 16  with (
        {
        kCBAdvDataAppleMfgData = {length = 13, bytes = 0x0cff4c001007761f3b12527948};
        kCBAdvDataIsConnectable = 1;
        kCBAdvOptionAdvertisingInterval = 432;
        kCBAdvOptionStopOnAdvertisingAddressChange = 1;
        kCBManagerListOfClients =         (
            "com.apple.sharingd"
        );
        kCBMsgArgIsPrivilegedDaemon = 1;
    }
)
default	00:53:51.181416-0700	bluetoothd	Activate: CID: 0xA0F001C, enableEPA: 0, Rate: 270 ms, wpDaemonData <instance: 0x1 < Connectable >, interval: 270.00 ms, mfgData: 0cff4c001007761f3b12527948, clients: [ "com.apple.sharingd" ], stop on address change: 1>
default	00:53:51.181735-0700	audioaccessoryd	Activity level changed 7 (Screen) -> 11 (User)
default	00:53:51.181756-0700	audioaccessoryd	Activity critical timer start: 5 seconds
default	00:53:51.181771-0700	audioaccessoryd	NearbyInfoActivityChanged: AL 11, current score is 2 (Low)
default	00:53:51.181787-0700	audioaccessoryd	NearbyInfoActivityChanged: activity evaluation ALDS 3m 55s, AL 11
default	00:53:51.181845-0700	audioaccessoryd	NearbyInfoActivityChanged: audio routing score has changed 2 (Low) -> 7 (Max)
default	00:53:51.181905-0700	audioaccessoryd	NearbyInfo set audio routing score: 7
default	00:53:51.182236-0700	sharingd	DeviceDiscoveryUpdate: SFDeviceDiscovery (SmartRouting), 0x2 < Prox >, cflags 0x9 < AdvData Attrs >, ScanRate High, ScreenOff, RSSI >= -70
default	00:53:51.182425-0700	audioaccessoryd	[0x6dcd888c0] activating connection: mach=true listener=false peer=false name=com.apple.SharingServices
default	00:53:51.182836-0700	sharingd	[Prox] Starting scan: RSSI threshold -70, ScanRate High, Dups no, useCases <SharingDefault>, Force no, Stop no
default	00:53:51.183010-0700	sharingd	ProximityPairing start scanning with data: scan request of type 7, blob: {length = 0, bytes = 0x}, mask {length = 0, bytes = 0x}, active: 0, duplicates: 0, screen on: 60, screen off: 60, locked: 1,  rssi: -70, peers: (
) nearby scan mode: 10, advbuf: 0, priority critical: 0, range: 0, retain duplicates: 0, usecases:
default	00:53:51.183077-0700	sharingd	[0xd2c42d200] activating connection: mach=false listener=false peer=true name=com.apple.SharingServices.peer[85].0xd2c42d200
default	00:53:51.183685-0700	sharingd	Audio routing score changed: Low -> Max
default	00:53:51.183715-0700	audioaccessoryd	Invalidating
default	00:53:51.183732-0700	audioaccessoryd	[0x6dcd888c0] invalidated because the current process cancelled the connection by calling xpc_connection_cancel()
default	00:53:51.184010-0700	sharingd	Updated audio routing score: Max <b1>
default	00:53:51.184139-0700	sharingd	[0xd2c42d200] invalidated because the client process (pid 85) either cancelled the connection or exited
default	00:53:51.184546-0700	sharingd	Nearby stop advertising of type: 16
default	00:53:51.184576-0700	sharingd	Nearby start advertising with data: advertising request of type 16, priority 3, UseFG 432 (270.00 ms), data {length = 7, bytes = 0x761f3b12527918}, connectable 1, addr change 1, options {
}, advertisementRequestedAt 0, randomData (null) priority 0 mode 432 options (null)
default	00:53:51.185039-0700	bluetoothd	clearDuplicateFilterCache for session "com.apple.bluetoothd" type 7
default	00:53:51.185127-0700	bluetoothd	Received 'stop advertising' request from session "CBStackAdvertiserCA-0xA0F001C"
default	00:53:51.185441-0700	bluetoothd	Detach session: 0x920e2f700, session handle: 0x639d0000
default	00:53:51.185458-0700	bluetoothd	Sending 'session detached' event for session "CBStackAdvertiserCA-0xA0F001C"
default	00:53:51.185473-0700	bluetoothd	Erasing session 0x920e2f700 from SessionMap for "CBStackAdvertiserCA-0xA0F001C"
default	00:53:51.185506-0700	bluetoothd	Sending 'session attached' event for session "CBStackAdvertiserCA-0xA0F001C"
default	00:53:51.185540-0700	bluetoothd	Attached session for "CBStackAdvertiserCA-0xA0F001C" with session: 0x920e2f700, session handle: 0x63a00000
default	00:53:51.185559-0700	bluetoothd	Received 'start advertising' request from session "CBStackAdvertiserCA-0xA0F001C", with manufacturer data [ 0C FF 4C 00 10 07 76 1F 3B 12 52 79 48 ], interval 1B0, no namefor client: { com.apple.sharingd, }
default	00:53:51.185643-0700	bluetoothd	Calling updateAdvertisement
default	00:53:51.185784-0700	bluetoothd	background advertising sessions:AppleMFG:0 Extended:0
default	00:53:51.186427-0700	bluetoothd	Resuming timer
default	00:53:51.186443-0700	bluetoothd	Setting gAssertionsOffloader timeout to 500
default	00:53:51.186494-0700	bluetoothd	PowerAssertionHistory push time:806140431.19 source:LE_BROADCASTER event:Create com.apple.bluetooth.LeBroadcaster.AdvertisingConfigAssertion ID:806C0000
default	00:53:51.186510-0700	bluetoothd	Creating com.apple.bluetooth.LeBroadcaster.AdvertisingConfigAssertion
default	00:53:51.186527-0700	bluetoothd	 StopAdvertising tech=1
default	00:53:51.186542-0700	bluetoothd	 Address rotation in progress:NO
default	00:53:51.186779-0700	bluetoothd	Advertising state change:  Advertising(2) --> Stopping(3) stack:ON
default	00:53:51.186873-0700	bluetoothd	[Privacy] Did stop advertising with error: (null)
default	00:53:51.186906-0700	bluetoothd	Started to advertise for type 16 with error (null)
default	00:53:51.186923-0700	bluetoothd	Advertising started for client sharingd (79) of type 16
default	00:53:51.186999-0700	bluetoothd	Start scanning for process sharingd (79) with scan request of type 7, blob: {length = 0, bytes = 0x}, mask {length = 0, bytes = 0x}, active: 0, duplicates: 0, screen on: 60, screen off: 60, locked: 1,  rssi: -70, peers: (
) nearby scan mode: 10, advbuf: 0, priority critical: 0, range: 0, retain duplicates: 0, usecases:
default	00:53:51.187017-0700	bluetoothd	Adding scan request called
default	00:53:51.187277-0700	bluetoothd	Adding scan request scan request of type 7, blob: {length = 22, bytes = 0x00000000000000000000000000000000000000000000}, mask {length = 22, bytes = 0x00000000000000000000000000000000000000000000}, active: 0, duplicates: 0, screen on: 60, screen off: 60, locked: 1,  rssi: -70, peers: (
) nearby scan mode: 10, advbuf: 0, priority critical: 0, range: 0, retain duplicates: 0, usecases:  for client 15C2088B-CB21-4EE9-B693-BA67540AC25D
default	00:53:51.187737-0700	bluetoothd	Passively scanning for devices of types: 7 12 15 16 (Window: 30/Interval: 60)
default	00:53:51.187769-0700	bluetoothd	About to scan for type: 7 - rssi: -70 - range: 0 - payload: {length = 22, bytes = 0x00000000000000000000000000000000000000000000} - mask: {length = 22, bytes = 0x00000000000000000000000000000000000000000000} - peers: 0, bundleID: (
    "com.apple.sharingd"
)
default	00:53:51.187796-0700	bluetoothd	About to scan for type: 12 - rssi: -90 - range: 0 - payload: {length = 22, bytes = 0x00000000000000000000000000000000000000000000} - mask: {length = 22, bytes = 0x00000000000000000000000000000000000000000000} - peers: 3, bundleID: (
    "com.apple.identityservicesd"
)
default	00:53:51.187814-0700	bluetoothd	About to scan for type: 15 - rssi: -80 - range: 0 - payload: {length = 22, bytes = 0x00000000000000000000000000000000000000000000} - mask: {length = 22, bytes = 0x00000000000000000000000000000000000000000000} - peers: 0, bundleID: (
    "com.apple.sharingd"
)
default	00:53:51.187833-0700	bluetoothd	About to scan for type: 16 - rssi: -75 - range: 0 - payload: {length = 22, bytes = 0x00000000000000000000000000000000000000000000} - mask: {length = 22, bytes = 0x00000000000000000000000000000000000000000000} - peers: 3, bundleID: (
    "com.apple.sharingd"
)
default	00:53:51.188069-0700	bluetoothd	Scan options changed: 1
default	00:53:51.188890-0700	bluetoothd	BT Stats for metric 'com.apple.Bluetooth.LEAdvSession' sent to CoreAnalytics with result 0
default	00:53:51.189569-0700	bluetoothd	Received XPC message "CBMsgIdScan" from session "com.apple.bluetoothd-central-102-10"
default	00:53:51.189663-0700	bluetoothd	Stop advertising for process sharingd (79) of type 16
default	00:53:51.189694-0700	bluetoothd	[Privacy] removeAdvertisingRequest: 16, {(
)}
default	00:53:51.189734-0700	bluetoothd	Nothing left to advertise, stopping
default	00:53:51.189793-0700	bluetoothd	Invalidate: CID: 0xA0F001C, enableEPA: 0, Rate: 270 ms
default	00:53:51.189824-0700	bluetoothd	Setting client list to {(
    "com.apple.bluetoothd"
)}
default	00:53:51.189851-0700	bluetoothd	Received 'stop advertising' request from session "CBStackAdvertiserCA-0xA0F001C"
default	00:53:51.189874-0700	bluetoothd	Start advertising for process sharingd (79) of type 16 with advertising interval 432 (270.00 ms)
default	00:53:51.190197-0700	bluetoothd	Detach session: 0x920e2f700, session handle: 0x63a00000
default	00:53:51.190231-0700	bluetoothd	Sending 'session detached' event for session "CBStackAdvertiserCA-0xA0F001C"
default	00:53:51.190279-0700	bluetoothd	Adding data of type: 16, advData: {length = 7, bytes = 0x761f3b12527918} advInterval: 432 EPA:0
default	00:53:51.190304-0700	bluetoothd	Current advertisement packet: {length = 9, bytes = 0x1007761f3b12527918} advertRate: 432 EPA:0
default	00:53:51.190354-0700	bluetoothd	Erasing session 0x920e2f700 from SessionMap for "CBStackAdvertiserCA-0xA0F001C"
default	00:53:51.190407-0700	bluetoothd	[Privacy] AdvertisingRulesiOS: current connectable advertisers: {(
    16
)}, current clients for address change notification: {(
    16
)}
default	00:53:51.190426-0700	bluetoothd	[Privacy] AdvertisingRulesiOS: remaining connectable advertisers: {(
)}, notification clients: {(
    16
)}
default	00:53:51.190675-0700	bluetoothd	[Privacy] AdvertisingRulesiOS: current non-connectable advertisers: {(
)}, current clients for address change notification: {(
    16
)}
default	00:53:51.190726-0700	bluetoothd	[Privacy] AdvertisingRulesiOS: remaining non-connectable advertisers: {(
)}, notification clients: {(
    16
)}
default	00:53:51.190761-0700	bluetoothd	AdvertisingRulesiOS - current advertisers: 16
default	00:53:51.190856-0700	bluetoothd	Session com.apple.bluetoothd-central-102-10(Wiprox) Unspecified already scanning, stopping first
default	00:53:51.191066-0700	bluetoothd	[Privacy] AdvertisingRulesiOS: AddrChangeNotificationNeeded adv packet:  {
    kCBAdvDataAppleMfgData = {length = 13, bytes = 0x0cff4c001007761f3b12527918};
    kCBAdvDataIsConnectable = 1;
    kCBAdvOptionAdvertisingInterval = 432;
    kCBAdvOptionStopOnAdvertisingAddressChange = 1;
    kCBMsgArgIsPrivilegedDaemon = 1;
}
default	00:53:51.191184-0700	bluetoothd	Received 'stop scan' request from session "com.apple.bluetoothd-central-102-10" (Wiprox) updateScanParams:NO shouldUpdateState:NO
default	00:53:51.191242-0700	bluetoothd	Not updating state
default	00:53:51.191391-0700	bluetoothd	fShouldRetainDupsNextUpdate 0, screen? 1, retaindup? 0, EN scans? 0, created[EN]=0
default	00:53:51.191418-0700	bluetoothd	AdvertisingRulesiOS - advertising packets: (
        {
        kCBAdvDataAppleMfgData = {length = 13, bytes = 0x0cff4c001007761f3b12527918};
        kCBAdvDataIsConnectable = 1;
        kCBAdvOptionAdvertisingInterval = 432;
        kCBAdvOptionStopOnAdvertisingAddressChange = 1;
        kCBManagerListOfClients =         (
            "com.apple.sharingd"
        );
        kCBMsgArgIsPrivilegedDaemon = 1;
    }
)
default	00:53:51.191436-0700	bluetoothd	EN is not active - new retain dups value 0
default	00:53:51.191508-0700	bluetoothd	Requesting to start advertising for clients 16  with (
        {
        kCBAdvDataAppleMfgData = {length = 13, bytes = 0x0cff4c001007761f3b12527918};
        kCBAdvDataIsConnectable = 1;
        kCBAdvOptionAdvertisingInterval = 432;
        kCBAdvOptionStopOnAdvertisingAddressChange = 1;
        kCBManagerListOfClients =         (
            "com.apple.sharingd"
        );
        kCBMsgArgIsPrivilegedDaemon = 1;
    }
)
default	00:53:51.191535-0700	bluetoothd	Received 'start Unspecified scan' request  , without duplicates, duration:unlimited, on 1M PHY scan timing 30/60  scanLevel=1 from session "com.apple.bluetoothd-central-102-10"
default	00:53:51.191612-0700	bluetoothd	ShouldScan=1 AnyValidScanRequests=1 anyValidScanRequestInPaused=0 fObserverState=Active ClientScanPowerAssertRequired=0 fScanFiltersNeedUpdagint=1
default	00:53:51.191631-0700	bluetoothd	Activate: CID: 0xA0F001C, enableEPA: 0, Rate: 270 ms, wpDaemonData <instance: 0x1 < Connectable >, interval: 270.00 ms, mfgData: 0cff4c001007761f3b12527918, clients: [ "com.apple.sharingd" ], stop on address change: 1>
default	00:53:51.191648-0700	bluetoothd	bomEnabled:1 chipset:22 usecase:FindMyNotOptedIn fScreenState:1
default	00:53:51.191939-0700	bluetoothd	bomEnabled:1 chipset:22 usecase:FindMyNotOptedInBeepOnMoveWaking fScreenState:1
default	00:53:51.192006-0700	sharingd	Nearby advertising stopped of type: 16 with error: (null)
default	00:53:51.192050-0700	runningboardd	PERF: Received lookupHandleForPredicate request from [osservice<com.apple.bluetoothd>:102] (euid 501, auid 501) (persona (null))
default	00:53:51.192168-0700	bluetoothd	bomEnabled:1 chipset:22 usecase:FindMyNotOptedIn fScreenState:1
default	00:53:51.192544-0700	bluetoothd	ObjectDiscovery Client (com.apple.locationd-central-81-36) HWADVBufferIntervalMs:300.000000 HWADVBufferWindowMs:30.000000 _interval:300 _window:30 _active:0 specifiedParams:1
default	00:53:51.192570-0700	bluetoothd	 Address rotation in progress:NO
default	00:53:51.192611-0700	bluetoothd	ObjectDiscovery Client (com.apple.locationd-central-81-45) HWADVBufferIntervalMs:300.000000 HWADVBufferWindowMs:30.000000 _interval:300 _window:30 _active:0 specifiedParams:1
default	00:53:51.192651-0700	bluetoothd	ObjectDiscovery Client (com.apple.locationd-central-81-46) HWADVBufferIntervalMs:300.000000 HWADVBufferWindowMs:30.000000 _interval:300 _window:30 _active:0 specifiedParams:1
default	00:53:51.192707-0700	bluetoothd	ObjectDiscovery Client (com.apple.locationd-central-81-67) HWADVBufferIntervalMs:300.000000 HWADVBufferWindowMs:30.000000 _interval:300 _window:30 _active:0 specifiedParams:1
default	00:53:51.192749-0700	bluetoothd	ObjectDiscovery Client (com.apple.locationd-central-81-408) HWADVBufferIntervalMs:300.000000 HWADVBufferWindowMs:30.000000 _interval:300 _window:30 _active:0 specifiedParams:1
default	00:53:51.192806-0700	bluetoothd	ScanParams: numScanAgents 9, combined params AD:1 RD:0 AS:0 PHYS:1 MSL:4 (30/60) PSV:0 Rg:0 Cri:0 pBT:0 pWiFi:0 pCfg:0 type:0
default	00:53:51.192823-0700	bluetoothd	ScanParams: [com.apple.bluetoothd-central-102-10] AP:0 AD:0(30/60) AS:0 RAS:0 DMN:1 FG:0 ADVBF:0(0/0) Rg:0 Cri:0 pBT:0 pwrAsrt:0 CT:0 type:0 level:1 MRC:0|[com.apple.bluetoothd-central-102-14] AP:0 AD:0(30/966) AS:0 RAS:0 DMN:1 FG:0 ADVBF:0(0/0) Rg:0 Cri:0 pBT:0 pwrAsrt:0 CT:0 type:0 level:3 MRC:0|[com.apple.locationd-central-81-36] AP:0 AD:1(0/0) AS:0 RAS:0 DMN:1 FG:0 ADVBF:1(30/300) Rg:0 Cri:0 pBT:0 pwrAsrt:0 CT:0 type:0 level:3 MRC:0
default	00:53:51.192841-0700	bluetoothd	ScanParams: [com.apple.locationd-central-81-45] AP:0 AD:1(0/0) AS:0 RAS:0 DMN:1 FG:0 ADVBF:1(30/300) Rg:0 Cri:0 pBT:0 pwrAsrt:0 CT:0 type:0 level:3 MRC:0|[com.apple.locationd-central-81-46] AP:0 AD:1(0/0) AS:0 RAS:0 DMN:1 FG:0 ADVBF:1(30/300) Rg:0 Cri:0 pBT:0 pwrAsrt:0 CT:0 type:0 level:3 MRC:0|[CBDaemon-0xA0F003D] AP:0 AD:0(30/300) AS:0 RAS:0 DMN:1 FG:0 ADVBF:0(0/0) Rg:0 Cri:0 pBT:0 pwrAsrt:0 CT:0 type:0 level:1 MRC:0
default	00:53:51.192876-0700	bluetoothd	ScanParams: [com.apple.locationd-central-81-67] AP:0 AD:1(0/0) AS:0 RAS:0 DMN:1 FG:0 ADVBF:1(30/300) Rg:0 Cri:0 pBT:0 pwrAsrt:0 CT:0 type:0 level:3 MRC:0|[com.apple.locationd-central-81-408] AP:0 AD:1(0/0) AS:0 RAS:0 DMN:1 FG:0 ADVBF:1(30/300) Rg:0 Cri:0 pBT:0 pwrAsrt:0 CT:0 type:0 level:3 MRC:0|[com.apple.sharingd-central-79-433] AP:0 AD:0(30/300) AS:0 RAS:0 DMN:1 FG:0 ADVBF:0(0/0) Rg:0 Cri:0 pBT:0 pwrAsrt:0 CT:0 type:0 level:3 MRC:0
default	00:53:51.192935-0700	bluetoothd	Returning scan parameters: Main:30.00ms/60.00ms LP:0.00ms/60.00ms(supported) SC:0.00ms/0.00ms/non-concurrent(supported) Dm:(m:30/60) Cond:0:1:0:0:0 Sc:1 (passive) Dupfilter:Enabled minScanLevel:4 HD:Yes Comp:No(0,1) Pri:0/0 PS:2 UUIDPerRuleDup:supported mrc:N
default	00:53:51.192959-0700	bluetoothd	needToRestart=1
default	00:53:51.193123-0700	bluetoothd	Sending 'session attached' event for session "CBStackAdvertiserCA-0xA0F001C"
default	00:53:51.193140-0700	bluetoothd	Attached session for "CBStackAdvertiserCA-0xA0F001C" with session: 0x920e2f700, session handle: 0x63a10000
default	00:53:51.193213-0700	bluetoothd	Received 'start advertising' request from session "CBStackAdvertiserCA-0xA0F001C", with manufacturer data [ 0C FF 4C 00 10 07 76 1F 3B 12 52 79 18 ], interval 1B0, no namefor client: { com.apple.sharingd, }
default	00:53:51.193383-0700	bluetoothd	Calling updateAdvertisement
default	00:53:51.193411-0700	bluetoothd	Stopped advertising successfully status=0
default	00:53:51.193429-0700	bluetoothd	Advertising state change:  Stopping(3) --> Idle(0) stack:ON
default	00:53:51.193711-0700	bluetoothd	background advertising sessions:AppleMFG:0 Extended:0
default	00:53:51.194802-0700	bluetoothd	 StartAdvertising tech=1 handle=0
default	00:53:51.194822-0700	bluetoothd	 Address rotation in progress:NO
default	00:53:51.194839-0700	bluetoothd	Advertising state change:  Idle(0) --> Starting(1) stack:ON
default	00:53:51.194868-0700	bluetoothd	[Privacy] Did stop advertising with error: (null)
default	00:53:51.194909-0700	bluetoothd	Started to advertise for type 16 with error (null)
default	00:53:51.194936-0700	bluetoothd	Advertising started for client sharingd (79) of type 16
default	00:53:51.195663-0700	bluetoothd	BT Stats for metric 'com.apple.Bluetooth.LEAdvSession' sent to CoreAnalytics with result 0
default	00:53:51.202393-0700	bluetoothd	Scanning stopped successfully.  7 Advertising Events, 0 dropped pkts
default	00:53:51.202471-0700	bluetoothd	Trying to remove scan filters with forceRemove=NO fHaveZoneFilters:YES fZoneScansHaveChanged:NO fHaveUUIDFilters:YES fHaveRuleFilters:YES
error	00:53:51.213520-0700	thermalmonitord	<Error> could not find `cpu-avg-limiter-input-w2r property
error	00:53:51.213567-0700	thermalmonitord	<Error> Failed to read `cpu-avg-limiter-input-w2r
default	00:53:51.213650-0700	backboardd	[ALS] ts=82867.078 lux=5.760<private> xy=(0.537 0.463) chs=[0 112 78 240 214] CCT1=1427.464 gain=512x mode=<private> subsamples=24 rawLux=5.760 nits=46 xTalk=[0 0 0 0 0] status=0x9B copyEvent=0
default	00:53:51.215533-0700	bluetoothd	 Address rotation in progress:NO
default	00:53:51.215564-0700	bluetoothd	 StartAdvertising tech=1 handle=3
default	00:53:51.215643-0700	bluetoothd	 Address rotation in progress:NO
default	00:53:51.215949-0700	backboardd	Ammolite: Lux 5.760120 (delta 5.006724 / thr 10.000000)
default	00:53:51.225102-0700	kernel	ANE0: aneFirmwareCommandSend: Skip waiting for response
default	00:53:51.225183-0700	kernel	ANE0: aneFirmwareCommandSend: Skip waiting for response
default	00:53:51.225447-0700	kernel	ANE0: aneFirmwareCommandSend: Skip waiting for response
default	00:53:51.231873-0700	bluetoothd	Scan state change:  Stopping(4) --> Idle(1)
default	00:53:51.231991-0700	bluetoothd	handleScanStoppedEvent state=Idle observerState=Active
default	00:53:51.232142-0700	bluetoothd	ShouldScan=1 AnyValidScanRequests=1 anyValidScanRequestInPaused=0 fObserverState=Active ClientScanPowerAssertRequired=0 fScanFiltersNeedUpdagint=1
default	00:53:51.232168-0700	bluetoothd	bomEnabled:1 chipset:22 usecase:FindMyNotOptedIn fScreenState:1
default	00:53:51.232306-0700	bluetoothd	bomEnabled:1 chipset:22 usecase:FindMyNotOptedInBeepOnMoveWaking fScreenState:1
default	00:53:51.232345-0700	bluetoothd	bomEnabled:1 chipset:22 usecase:FindMyNotOptedIn fScreenState:1
default	00:53:51.232543-0700	bluetoothd	ObjectDiscovery Client (com.apple.locationd-central-81-36) HWADVBufferIntervalMs:300.000000 HWADVBufferWindowMs:30.000000 _interval:300 _window:30 _active:0 specifiedParams:1
default	00:53:51.232599-0700	bluetoothd	ObjectDiscovery Client (com.apple.locationd-central-81-45) HWADVBufferIntervalMs:300.000000 HWADVBufferWindowMs:30.000000 _interval:300 _window:30 _active:0 specifiedParams:1
default	00:53:51.232852-0700	bluetoothd	ObjectDiscovery Client (com.apple.locationd-central-81-46) HWADVBufferIntervalMs:300.000000 HWADVBufferWindowMs:30.000000 _interval:300 _window:30 _active:0 specifiedParams:1
default	00:53:51.232948-0700	bluetoothd	ObjectDiscovery Client (com.apple.locationd-central-81-67) HWADVBufferIntervalMs:300.000000 HWADVBufferWindowMs:30.000000 _interval:300 _window:30 _active:0 specifiedParams:1
default	00:53:51.233304-0700	bluetoothd	ObjectDiscovery Client (com.apple.locationd-central-81-408) HWADVBufferIntervalMs:300.000000 HWADVBufferWindowMs:30.000000 _interval:300 _window:30 _active:0 specifiedParams:1
default	00:53:51.233484-0700	bluetoothd	ScanParams: numScanAgents 9, combined params AD:1 RD:0 AS:0 PHYS:1 MSL:4 (30/60) PSV:0 Rg:0 Cri:0 pBT:0 pWiFi:0 pCfg:0 type:0
default	00:53:51.233537-0700	bluetoothd	ScanParams: [com.apple.bluetoothd-central-102-10] AP:0 AD:0(30/60) AS:0 RAS:0 DMN:1 FG:0 ADVBF:0(0/0) Rg:0 Cri:0 pBT:0 pwrAsrt:0 CT:0 type:0 level:1 MRC:0|[com.apple.bluetoothd-central-102-14] AP:0 AD:0(30/966) AS:0 RAS:0 DMN:1 FG:0 ADVBF:0(0/0) Rg:0 Cri:0 pBT:0 pwrAsrt:0 CT:0 type:0 level:3 MRC:0|[com.apple.locationd-central-81-36] AP:0 AD:1(0/0) AS:0 RAS:0 DMN:1 FG:0 ADVBF:1(30/300) Rg:0 Cri:0 pBT:0 pwrAsrt:0 CT:0 type:0 level:3 MRC:0
default	00:53:51.233565-0700	bluetoothd	ScanParams: [com.apple.locationd-central-81-45] AP:0 AD:1(0/0) AS:0 RAS:0 DMN:1 FG:0 ADVBF:1(30/300) Rg:0 Cri:0 pBT:0 pwrAsrt:0 CT:0 type:0 level:3 MRC:0|[com.apple.locationd-central-81-46] AP:0 AD:1(0/0) AS:0 RAS:0 DMN:1 FG:0 ADVBF:1(30/300) Rg:0 Cri:0 pBT:0 pwrAsrt:0 CT:0 type:0 level:3 MRC:0|[CBDaemon-0xA0F003D] AP:0 AD:0(30/300) AS:0 RAS:0 DMN:1 FG:0 ADVBF:0(0/0) Rg:0 Cri:0 pBT:0 pwrAsrt:0 CT:0 type:0 level:1 MRC:0
default	00:53:51.233606-0700	bluetoothd	ScanParams: [com.apple.locationd-central-81-67] AP:0 AD:1(0/0) AS:0 RAS:0 DMN:1 FG:0 ADVBF:1(30/300) Rg:0 Cri:0 pBT:0 pwrAsrt:0 CT:0 type:0 level:3 MRC:0|[com.apple.locationd-central-81-408] AP:0 AD:1(0/0) AS:0 RAS:0 DMN:1 FG:0 ADVBF:1(30/300) Rg:0 Cri:0 pBT:0 pwrAsrt:0 CT:0 type:0 level:3 MRC:0|[com.apple.sharingd-central-79-433] AP:0 AD:0(30/300) AS:0 RAS:0 DMN:1 FG:0 ADVBF:0(0/0) Rg:0 Cri:0 pBT:0 pwrAsrt:0 CT:0 type:0 level:3 MRC:0
default	00:53:51.233690-0700	bluetoothd	Returning scan parameters: Main:30.00ms/60.00ms LP:0.00ms/60.00ms(supported) SC:0.00ms/0.00ms/non-concurrent(supported) Dm:(m:30/60) Cond:0:1:0:0:0 Sc:1 (passive) Dupfilter:Enabled minScanLevel:4 HD:Yes Comp:No(0,1) Pri:0/0 PS:2 UUIDPerRuleDup:supported mrc:N
default	00:53:51.233728-0700	bluetoothd	needToRestart=1
default	00:53:51.233757-0700	bluetoothd	Starting passive scan (60.00ms/30.00ms) with duplicate filter enabled scNeed=1 stateO=0, retainDups=0 fScanFiltersNeedUpdating=YES
default	00:53:51.233824-0700	bluetoothd	updateADVBufferConfig current:03 new:03 configChanged:00
default	00:53:51.236602-0700	bluetoothd	 Address rotation in progress:NO
default	00:53:51.238116-0700	bluetoothd	Started advertising successfully status=0
default	00:53:51.238149-0700	bluetoothd	Advertising state change:  Starting(1) --> Advertising(2) stack:ON
default	00:53:51.238241-0700	bluetoothd	background advertising sessions:AppleMFG:0 Extended:0
default	00:53:51.238414-0700	bluetoothd	Destroying com.apple.bluetooth.LeBroadcaster.AdvertisingConfigAssertion
default	00:53:51.238478-0700	bluetoothd	PowerAssertionHistory push time:806140431.24 source:LE_BROADCASTER event:Destroy com.apple.bluetooth.LeBroadcaster.AdvertisingConfigAssertion ID:806C0000
default	00:53:51.265191-0700	kernel	wlan0:com.apple.p2p.awdl0: isInfraRealtimePacketThresholdAllowed allowed:1 option:32 threshold:50 noRegistrations:1 cachedPeerCount:0 fastDiscoveryInactive:1 fastDiscoveryOnSince:82867148
default	00:53:51.265431-0700	kernel	wlan0:com.apple.p2p.awdl0: currentInfraTrafficType:9274 checking if realtime upgrade required with inputPackets:0 outputPackets:1 packetThreshold:50
default	00:53:51.276573-0700	audioaccessoryd	anySmartRouting yes _powerMonitor.firstUnlocked yes _sleeping no, _powerMonitor.screenOn yes, _powerMonitor.screenState ActiveOn, _powerMonitor.screenActive yes, _powerMonitor.screenLocked no, _screenLockedLingerTimer no
default	00:53:51.276815-0700	audioaccessoryd	EvaluateNearbyDevicesForConnection paired 10 connectedWx 0 nearbyWx 0 srDisDeviceCount 0 nearbySource 0 btState PoweredOn audioRoute Speaker tipiScore Max sourceSRcapable yes audioCategory 100 callStarted no OD Invalid
default	00:53:51.298810-0700	bluetoothd	ShouldScan=1 AnyValidScanRequests=1 anyValidScanRequestInPaused=0 fObserverState=Active ClientScanPowerAssertRequired=0 fScanFiltersNeedUpdagint=0
default	00:53:51.298962-0700	bluetoothd	bomEnabled:1 chipset:22 usecase:FindMyNotOptedIn fScreenState:1
default	00:53:51.299454-0700	bluetoothd	bomEnabled:1 chipset:22 usecase:FindMyNotOptedInBeepOnMoveWaking fScreenState:1
default	00:53:51.299566-0700	bluetoothd	bomEnabled:1 chipset:22 usecase:FindMyNotOptedIn fScreenState:1
default	00:53:51.300451-0700	bluetoothd	ObjectDiscovery Client (com.apple.locationd-central-81-36) HWADVBufferIntervalMs:300.000000 HWADVBufferWindowMs:30.000000 _interval:300 _window:30 _active:0 specifiedParams:1
default	00:53:51.300539-0700	bluetoothd	ObjectDiscovery Client (com.apple.locationd-central-81-45) HWADVBufferIntervalMs:300.000000 HWADVBufferWindowMs:30.000000 _interval:300 _window:30 _active:0 specifiedParams:1
default	00:53:51.300601-0700	bluetoothd	ObjectDiscovery Client (com.apple.locationd-central-81-46) HWADVBufferIntervalMs:300.000000 HWADVBufferWindowMs:30.000000 _interval:300 _window:30 _active:0 specifiedParams:1
default	00:53:51.300755-0700	bluetoothd	ObjectDiscovery Client (com.apple.locationd-central-81-67) HWADVBufferIntervalMs:300.000000 HWADVBufferWindowMs:30.000000 _interval:300 _window:30 _active:0 specifiedParams:1
default	00:53:51.300802-0700	bluetoothd	ObjectDiscovery Client (com.apple.locationd-central-81-408) HWADVBufferIntervalMs:300.000000 HWADVBufferWindowMs:30.000000 _interval:300 _window:30 _active:0 specifiedParams:1
default	00:53:51.300843-0700	bluetoothd	ScanParams: numScanAgents 9, combined params AD:1 RD:0 AS:0 PHYS:1 MSL:4 (30/60) PSV:0 Rg:0 Cri:0 pBT:0 pWiFi:0 pCfg:0 type:0
default	00:53:51.300862-0700	bluetoothd	ScanParams: [com.apple.bluetoothd-central-102-10] AP:0 AD:0(30/60) AS:0 RAS:0 DMN:1 FG:0 ADVBF:0(0/0) Rg:0 Cri:0 pBT:0 pwrAsrt:0 CT:0 type:0 level:1 MRC:0|[com.apple.bluetoothd-central-102-14] AP:0 AD:0(30/966) AS:0 RAS:0 DMN:1 FG:0 ADVBF:0(0/0) Rg:0 Cri:0 pBT:0 pwrAsrt:0 CT:0 type:0 level:3 MRC:0|[com.apple.locationd-central-81-36] AP:0 AD:1(0/0) AS:0 RAS:0 DMN:1 FG:0 ADVBF:1(30/300) Rg:0 Cri:0 pBT:0 pwrAsrt:0 CT:0 type:0 level:3 MRC:0
default	00:53:51.300878-0700	bluetoothd	ScanParams: [com.apple.locationd-central-81-45] AP:0 AD:1(0/0) AS:0 RAS:0 DMN:1 FG:0 ADVBF:1(30/300) Rg:0 Cri:0 pBT:0 pwrAsrt:0 CT:0 type:0 level:3 MRC:0|[com.apple.locationd-central-81-46] AP:0 AD:1(0/0) AS:0 RAS:0 DMN:1 FG:0 ADVBF:1(30/300) Rg:0 Cri:0 pBT:0 pwrAsrt:0 CT:0 type:0 level:3 MRC:0|[CBDaemon-0xA0F003D] AP:0 AD:0(30/300) AS:0 RAS:0 DMN:1 FG:0 ADVBF:0(0/0) Rg:0 Cri:0 pBT:0 pwrAsrt:0 CT:0 type:0 level:1 MRC:0
default	00:53:51.301181-0700	bluetoothd	ScanParams: [com.apple.locationd-central-81-67] AP:0 AD:1(0/0) AS:0 RAS:0 DMN:1 FG:0 ADVBF:1(30/300) Rg:0 Cri:0 pBT:0 pwrAsrt:0 CT:0 type:0 level:3 MRC:0|[com.apple.locationd-central-81-408] AP:0 AD:1(0/0) AS:0 RAS:0 DMN:1 FG:0 ADVBF:1(30/300) Rg:0 Cri:0 pBT:0 pwrAsrt:0 CT:0 type:0 level:3 MRC:0|[com.apple.sharingd-central-79-433] AP:0 AD:0(30/300) AS:0 RAS:0 DMN:1 FG:0 ADVBF:0(0/0) Rg:0 Cri:0 pBT:0 pwrAsrt:0 CT:0 type:0 level:3 MRC:0
default	00:53:51.301723-0700	bluetoothd	Returning scan parameters: Main:30.00ms/60.00ms LP:0.00ms/60.00ms(supported) SC:0.00ms/0.00ms/non-concurrent(supported) Dm:(m:30/60) Cond:0:1:0:0:0 Sc:1 (passive) Dupfilter:Enabled minScanLevel:4 HD:Yes Comp:No(0,1) Pri:0/0 PS:2 UUIDPerRuleDup:supported mrc:N
default	00:53:51.301837-0700	bluetoothd	needToRestart=1
default	00:53:51.301898-0700	bluetoothd	Starting passive scan (60.00ms/30.00ms) with duplicate filter enabled scNeed=0 stateO=0, retainDups=0 fScanFiltersNeedUpdating=NO
default	00:53:51.302331-0700	bluetoothd	overrideEnableGlobalDupFilter:1
default	00:53:51.302683-0700	AnxietyWatch	<UIWindowScene: 0x104a18b00> (6C527490-A1D7-41A4-B49E-317360CCDAA7) Scene updated orientation preferences: ( Pu ) -> ( Pu Ll Lr )
default	00:53:51.302860-0700	AnxietyWatch	<StateMachine:0x11a32f0c0> Hosting window did change to (null).
default	00:53:51.302948-0700	AnxietyWatch	<StateMachine:0x11a32f0c0> Hosting environment did change to <0x0:(null)>.
default	00:53:51.306406-0700	AnxietyWatch	[UISceneHosting-com.groundeffectsoftware.AnxietyWatchHK:UIHostedScene-com.apple.HealthPrivacyService-161EAD0F-48E2-46F9-9D11-DF927626D717] Removing parent scene.
default	00:53:51.306725-0700	AnxietyWatch	<_UIChildRemoteContentRegistry: 0x11a2d1620; parentScene: <FBSScene: 0x105330780>; childScenes: 0; childViewServices: 0> Registry is no longer tracking child scene <FBScene: 0x11cb50360>
default	00:53:51.309483-0700	runningboardd	Invalidating assertion 34-11299-40931 (target:[app<com.apple.HealthPrivacyService(3A076A8F-336D-4BCB-ACE2-64C6E80D0E3A)>:599](UIScene:11299->app<com.apple.HealthPrivacyService(3A076A8F-336D-4BCB-ACE2-64C6E80D0E3A)>/UISceneHosting-com.groundeffectsoftware.AnxietyWatchHK:UIHostedScene-com.apple.HealthPrivacyService-161EAD0F-48E2-46F9-9D11-DF927626D717)) from originator [app<com.groundeffectsoftware.AnxietyWatchHK(3A076A8F-336D-4BCB-ACE2-64C6E80D0E3A)>:11299]
default	00:53:51.317563-0700	AnxietyWatch	[UISceneHosting-com.groundeffectsoftware.AnxietyWatchHK:UIHostedScene-com.apple.HealthPrivacyService-161EAD0F-48E2-46F9-9D11-DF927626D717] scene content state changed: notReady
default	00:53:51.317653-0700	AnxietyWatch	[0x11c622880:UISceneHosting-com.groundeffectsoftware.AnxietyWatchHK:UIHostedScene-com.apple.HealthPrivacyService-161EAD0F-48E2-46F9-9D11-DF927626D717] Scene lifecycle state did change: Background
default	00:53:51.317691-0700	AnxietyWatch	<_UISceneRelationshipManagementHostComponent:0x11a32f100> Scene <FBScene: 0x11cb50360> is hosted in (nil)
default	00:53:51.317790-0700	AnxietyWatch	[0x11c622880:UISceneHosting-com.groundeffectsoftware.AnxietyWatchHK:UIHostedScene-com.apple.HealthPrivacyService-161EAD0F-48E2-46F9-9D11-DF927626D717] Scene state did change: FG-Active[90].
default	00:53:51.317909-0700	runningboardd	Acquiring assertion targeting [app<com.apple.HealthPrivacyService(3A076A8F-336D-4BCB-ACE2-64C6E80D0E3A)>:599] from originator [app<com.groundeffectsoftware.AnxietyWatchHK(3A076A8F-336D-4BCB-ACE2-64C6E80D0E3A)>:11299] with description <RBSAssertionDescriptor| "FBWorkspace (FG-Active[90])" ID:34-11299-40933 target:599 attributes:[
	<RBSDomainAttribute| domain:"com.apple.frontboard" name:"SuspendableLPRunReason-Resume" sourceEnvironment:"(null)">,
	<RBSDomainAttribute| domain:"com.apple.frontboard" name:"SuspendableRole-NonUI" sourceEnvironment:"(null)">,
	<RBSDomainAttribute| domain:"com.apple.frontboard" name:"SuspendableJetsamPriority-ForegroundSupport" sourceEnvironment:"(null)">
	]>
default	00:53:51.317945-0700	runningboardd	Assertion 34-11299-40933 (target:[app<com.apple.HealthPrivacyService(3A076A8F-336D-4BCB-ACE2-64C6E80D0E3A)>:599]) will be created as active
default	00:53:51.318120-0700	AnxietyWatch	[UISceneHosting-com.groundeffectsoftware.AnxietyWatchHK:UIHostedScene-com.apple.HealthPrivacyService-161EAD0F-48E2-46F9-9D11-DF927626D717] Sending action(s) to "_UIViewServiceSceneExtension": _UIViewServiceHostAppearanceAction
default	00:53:51.318243-0700	runningboardd	Calculated state for app<com.apple.HealthPrivacyService(3A076A8F-336D-4BCB-ACE2-64C6E80D0E3A)>: running-active (role: UserInteractiveFocal) (endowments: <private>)
default	00:53:51.318325-0700	AnxietyWatch	[UISceneHosting-com.groundeffectsoftware.AnxietyWatchHK:UIHostedScene-com.apple.HealthPrivacyService-161EAD0F-48E2-46F9-9D11-DF927626D717] Sending action(s): _UISceneHostingViewAppearanceActionHostToClient
default	00:53:51.318474-0700	AnxietyWatch	View service session ended with error 'com.apple.HealthPrivacyService' : Error Domain=_UIViewServiceHostSessionErrorDomain Code=4 "(null)" UserInfo={Message=Invalidation requested}
default	00:53:51.318715-0700	AnxietyWatch	Invalidating scene: UISceneHosting-com.groundeffectsoftware.AnxietyWatchHK:UIHostedScene-com.apple.HealthPrivacyService-161EAD0F-48E2-46F9-9D11-DF927626D717
default	00:53:51.318998-0700	AnxietyWatch	[app<com.apple.HealthPrivacyService>:599] Unregistering scene: <FBUIApplicationWorkspaceScene: 0x11c622880; UISceneHosting-com.groundeffectsoftware.AnxietyWatchHK:UIHostedScene-com.apple.HealthPrivacyService-161EAD0F-48E2-46F9-9D11-DF927626D717>
default	00:53:51.319189-0700	runningboardd	Invalidating assertion 34-11299-40919 (target:[app<com.apple.HealthPrivacyService(3A076A8F-336D-4BCB-ACE2-64C6E80D0E3A)>:599]) from originator [app<com.groundeffectsoftware.AnxietyWatchHK(3A076A8F-336D-4BCB-ACE2-64C6E80D0E3A)>:11299]
default	00:53:51.319628-0700	AnxietyWatch	[app<com.apple.HealthPrivacyService>:599] Workspace state did change: FV-Focal[100] --> FG-Active[90] (assertion acquired).
default	00:53:51.319674-0700	AnxietyWatch	<StateMachine:0x11a32f0c0> Presentation environment invalidated: <_UISceneKeyboardProxyLayerForwardingPresentationScene: 0x11dd1cf00> Tracking scene: <FBScene: 0x11a021200; UISceneHosting-com.groundeffectsoftware.AnxietyWatchHK((null)):UIHostedScene-com.apple.HealthPrivacyService-161EAD0F-48E2-46F9-9D11-DF927626D717>
default	00:53:51.319726-0700	AnxietyWatch	[0x11c622880:UISceneHosting-com.groundeffectsoftware.AnxietyWatchHK:UIHostedScene-com.apple.HealthPrivacyService-161EAD0F-48E2-46F9-9D11-DF927626D717] Sending scene action [Logical Deactivate][0xbf58] to process 0x106a95b00 (watchdog: 10.00s)
default	00:53:51.320040-0700	AnxietyWatch	<ForwardingPresentationScene:0x11dd1cf00> Prioritized presenter: (null).
default	00:53:51.320137-0700	AnxietyWatch	[0x11c622880:UISceneHosting-com.groundeffectsoftware.AnxietyWatchHK:UIHostedScene-com.apple.HealthPrivacyService-161EAD0F-48E2-46F9-9D11-DF927626D717] Sending scene destroy.
default	00:53:51.320154-0700	AnxietyWatch	[app<com.apple.HealthPrivacyService>:599] Workspace interruption policy did change: default
default	00:53:51.320171-0700	AnxietyWatch	[app<com.apple.HealthPrivacyService>:599] Setting process visibility to: Unknown
default	00:53:51.320466-0700	runningboardd	Invalidating assertion 34-11299-40921 (target:[app<com.apple.HealthPrivacyService(3A076A8F-336D-4BCB-ACE2-64C6E80D0E3A)>:599]) from originator [app<com.groundeffectsoftware.AnxietyWatchHK(3A076A8F-336D-4BCB-ACE2-64C6E80D0E3A)>:11299]
default	00:53:51.320549-0700	runningboardd	Invalidating assertion 34-11299-40923 (target:[app<com.apple.HealthPrivacyService(3A076A8F-336D-4BCB-ACE2-64C6E80D0E3A)>:599]) from originator [app<com.groundeffectsoftware.AnxietyWatchHK(3A076A8F-336D-4BCB-ACE2-64C6E80D0E3A)>:11299]
default	00:53:51.320682-0700	SpringBoard	Received state update for 599 (app<com.apple.HealthPrivacyService(3A076A8F-336D-4BCB-ACE2-64C6E80D0E3A)>, running-active-Visible
default	00:53:51.320822-0700	HealthPrivacyService	Received state update for 599 (app<com.apple.HealthPrivacyService(3A076A8F-336D-4BCB-ACE2-64C6E80D0E3A)>, running-active-Visible
default	00:53:51.320841-0700	HealthPrivacyService	Not push traits update to screen for new style 2, <_UIHostedWindowScene: 0x828e51680> (UIHostedScene-com.apple.HealthPrivacyService-161EAD0F-48E2-46F9-9D11-DF927626D717)
default	00:53:51.320857-0700	HealthPrivacyService	sceneOfRecord: sceneID: sceneID:com.apple.HealthPrivacyService-default  persistentID: 54B62F55-FBDF-44B8-895C-5616C205B224
default	00:53:51.320875-0700	HealthPrivacyService	Deactivation reason added: 12; deactivation reasons: 0 -> 4096; animating application lifecycle event: 0
default	00:53:51.320890-0700	HealthPrivacyService	App transitioned to background, suspending HangTracing.
default	00:53:51.320945-0700	HealthPrivacyService	App with bundleID:com.apple.HealthPrivacyService is no longer foreground at time=1988812628975, attempting to emit telemetry with emission type: HTFGUpdateAppBackgrounded
default	00:53:51.321614-0700	bluetoothd	Scan state change:  Idle(1) --> Starting(2)
default	00:53:51.321798-0700	bluetoothd	Discovery scans enabled passive with No duplicates 30/0/0/0//60 usecases:FindMyNotOptedIn,FindMyOptedIn,FindMyNotOptedInBeepOnMoveWaking,
default	00:53:51.321822-0700	bluetoothd	Scanning started successfully
default	00:53:51.321847-0700	bluetoothd	Scan state change:  Starting(2) --> Scanning(3)
default	00:53:51.321897-0700	bluetoothd	ShouldScan=1 AnyValidScanRequests=1 anyValidScanRequestInPaused=0 fObserverState=Active ClientScanPowerAssertRequired=0 fScanFiltersNeedUpdagint=0
default	00:53:51.321919-0700	bluetoothd	bomEnabled:1 chipset:22 usecase:FindMyNotOptedIn fScreenState:1
default	00:53:51.322057-0700	runningboardd	Invalidating assertion 34-11299-40922 (target:[app<com.apple.HealthPrivacyService(3A076A8F-336D-4BCB-ACE2-64C6E80D0E3A)>:599]) from originator [app<com.groundeffectsoftware.AnxietyWatchHK(3A076A8F-336D-4BCB-ACE2-64C6E80D0E3A)>:11299]
default	00:53:51.322076-0700	HealthPrivacyService	App will resign active
default	00:53:51.322097-0700	HealthPrivacyService	Deactivation reason added: 11; deactivation reasons: 4096 -> 6144; animating application lifecycle event: 0
default	00:53:51.322113-0700	HealthPrivacyService	Will add backgroundTask with taskName: <private>, expirationHandler: (null)
default	00:53:51.322148-0700	HealthPrivacyService	Creating new assertion because there is no existing background assertion.
default	00:53:51.322163-0700	HealthPrivacyService	Creating new background assertion
default	00:53:51.322179-0700	HealthPrivacyService	Created new background assertion <BKSProcessAssertion: 0x828f11400>
default	00:53:51.322243-0700	HealthPrivacyService	Incrementing reference count for background assertion <private>
default	00:53:51.322257-0700	HealthPrivacyService	Created background task <private>.
default	00:53:51.322274-0700	HealthPrivacyService	com.apple.HealthPrivacyService(599) invalidateConnection (appDidSuspend)
default	00:53:51.322295-0700	HealthPrivacyService	[0x829332300] invalidated because the current process cancelled the connection by calling xpc_connection_cancel()
default	00:53:51.322324-0700	HealthPrivacyService	Will add backgroundTask with taskName: <private>, expirationHandler: <__NSMallocBlock__: 0x829391920>
default	00:53:51.322339-0700	HealthPrivacyService	Reusing background assertion <BKSProcessAssertion: 0x828f11400>
default	00:53:51.322392-0700	SpringBoard	[0xc35b3d080] invalidated because the client process (pid 599) either cancelled the connection or exited
default	00:53:51.322469-0700	SpringBoard	com.apple.HealthPrivacyService(599) lostConnection (invalidation)
default	00:53:51.322489-0700	SpringBoard	Updating configuration of monitor M35-12
default	00:53:51.322536-0700	HealthPrivacyService	Incrementing reference count for background assertion <private>
default	00:53:51.322551-0700	HealthPrivacyService	Created background task <private>.
default	00:53:51.322567-0700	HealthPrivacyService	Ending background task with UIBackgroundTaskIdentifier: 28
default	00:53:51.322585-0700	HealthPrivacyService	Ending task with identifier 28 and description: <private>, _expireHandler: <__NSMallocBlock__: 0x829391920>
default	00:53:51.322685-0700	HealthPrivacyService	Decrementing reference count for assertion <private> (used by background task with identifier 28: <private>)
default	00:53:51.322751-0700	HealthPrivacyService	Will add backgroundTask with taskName: <private>, expirationHandler: <__NSMallocBlock__: 0x829391920>
default	00:53:51.322859-0700	HealthPrivacyService	Reusing background assertion <BKSProcessAssertion: 0x828f11400>
default	00:53:51.323016-0700	AnxietyWatch	Received state update for 599 (app<com.apple.HealthPrivacyService(3A076A8F-336D-4BCB-ACE2-64C6E80D0E3A)>, running-active-NotVisible
default	00:53:51.323059-0700	AnxietyWatch	<StateMachine:0x11a32f0c0> Dealloc.
default	00:53:51.323076-0700	HealthPrivacyService	Incrementing reference count for background assertion <private>
default	00:53:51.323091-0700	HealthPrivacyService	Created background task <private>.
default	00:53:51.323107-0700	HealthPrivacyService	Ending background task with UIBackgroundTaskIdentifier: 29
default	00:53:51.323124-0700	HealthPrivacyService	Ending task with identifier 29 and description: <private>, _expireHandler: <__NSMallocBlock__: 0x829391920>
default	00:53:51.323141-0700	HealthPrivacyService	Decrementing reference count for assertion <private> (used by background task with identifier 29: <private>)
default	00:53:51.323158-0700	HealthPrivacyService	Will add backgroundTask with taskName: <private>, expirationHandler: <__NSMallocBlock__: 0x829391920>
default	00:53:51.323174-0700	HealthPrivacyService	Reusing background assertion <BKSProcessAssertion: 0x828f11400>
default	00:53:51.323188-0700	HealthPrivacyService	Incrementing reference count for background assertion <private>
default	00:53:51.323205-0700	HealthPrivacyService	Created background task <private>.
default	00:53:51.323221-0700	HealthPrivacyService	Ending background task with UIBackgroundTaskIdentifier: 30
default	00:53:51.323241-0700	HealthPrivacyService	Ending task with identifier 30 and description: <private>, _expireHandler: <__NSMallocBlock__: 0x829391920>
default	00:53:51.323257-0700	HealthPrivacyService	Decrementing reference count for assertion <private> (used by background task with identifier 30: <private>)
default	00:53:51.323333-0700	bluetoothd	bomEnabled:1 chipset:22 usecase:FindMyNotOptedInBeepOnMoveWaking fScreenState:1
default	00:53:51.323368-0700	bluetoothd	bomEnabled:1 chipset:22 usecase:FindMyNotOptedIn fScreenState:1
default	00:53:51.323402-0700	HealthPrivacyService	Will add backgroundTask with taskName: <private>, expirationHandler: <__NSMallocBlock__: 0x829391920>
default	00:53:51.323472-0700	HealthPrivacyService	Reusing background assertion <BKSProcessAssertion: 0x828f11400>
default	00:53:51.323487-0700	HealthPrivacyService	Incrementing reference count for background assertion <private>
default	00:53:51.323501-0700	HealthPrivacyService	Created background task <private>.
default	00:53:51.323515-0700	HealthPrivacyService	Ending background task with UIBackgroundTaskIdentifier: 31
default	00:53:51.323534-0700	HealthPrivacyService	Ending task with identifier 31 and description: <private>, _expireHandler: <__NSMallocBlock__: 0x829391920>
default	00:53:51.323550-0700	HealthPrivacyService	Decrementing reference count for assertion <private> (used by background task with identifier 31: <private>)
default	00:53:51.323566-0700	HealthPrivacyService	Will add backgroundTask with taskName: <private>, expirationHandler: <__NSMallocBlock__: 0x829391920>
default	00:53:51.323683-0700	SpringBoard	set focusRequestedHandle:(null) (connectionInvalidated)
default	00:53:51.323730-0700	SpringBoard	[coordinator] buffer all events for reason: background keyboard arbiter request <400>- begin
default	00:53:51.323745-0700	HealthPrivacyService	Reusing background assertion <BKSProcessAssertion: 0x828f11400>
default	00:53:51.323760-0700	HealthPrivacyService	Incrementing reference count for background assertion <private>
default	00:53:51.323796-0700	runningboardd	Acquiring assertion targeting [app<com.apple.HealthPrivacyService(3A076A8F-336D-4BCB-ACE2-64C6E80D0E3A)>:599] from originator [app<com.apple.HealthPrivacyService(3A076A8F-336D-4BCB-ACE2-64C6E80D0E3A)>:599] with description <RBSAssertionDescriptor| "Shared Background Assertion 5 for com.apple.HealthPrivacyService" ID:34-599-40934 target:599 attributes:[
	<RBSLegacyAttribute| requestedReason:FinishTask reason:FinishTask flags:( PreventTaskSuspend )>,
	<RBSAcquisitionCompletionAttribute| policy:AfterValidation>
	]>
default	00:53:51.323813-0700	runningboardd	Assertion 34-599-40934 (target:[app<com.apple.HealthPrivacyService(3A076A8F-336D-4BCB-ACE2-64C6E80D0E3A)>:599]) will be created as inactive as start-time-defining assertions exist
default	00:53:51.323947-0700	HealthPrivacyService	Created background task <private>.
default	00:53:51.324114-0700	SpringBoard	RX com.apple.HealthPrivacyService(599) setWindowContextID:0 windowState:Disabled level:0.0
    focusContext:(null)
default	00:53:51.324136-0700	HealthPrivacyService	Ending background task with UIBackgroundTaskIdentifier: 32
default	00:53:51.324254-0700	HealthPrivacyService	Ending task with identifier 32 and description: <private>, _expireHandler: <__NSMallocBlock__: 0x829391920>
default	00:53:51.324278-0700	HealthPrivacyService	Decrementing reference count for assertion <private> (used by background task with identifier 32: <private>)
default	00:53:51.324421-0700	bluetoothd	ObjectDiscovery Client (com.apple.locationd-central-81-36) HWADVBufferIntervalMs:300.000000 HWADVBufferWindowMs:30.000000 _interval:300 _window:30 _active:0 specifiedParams:1
default	00:53:51.324753-0700	bluetoothd	ObjectDiscovery Client (com.apple.locationd-central-81-45) HWADVBufferIntervalMs:300.000000 HWADVBufferWindowMs:30.000000 _interval:300 _window:30 _active:0 specifiedParams:1
default	00:53:51.324805-0700	bluetoothd	ObjectDiscovery Client (com.apple.locationd-central-81-46) HWADVBufferIntervalMs:300.000000 HWADVBufferWindowMs:30.000000 _interval:300 _window:30 _active:0 specifiedParams:1
default	00:53:51.324980-0700	HealthPrivacyService	[UISceneHosting-com.groundeffectsoftware.AnxietyWatchHK:UIHostedScene-com.apple.HealthPrivacyService-161EAD0F-48E2-46F9-9D11-DF927626D717] Received action(s) for "_UIViewServiceSceneExtension": _UIViewServiceHostAppearanceAction
default	00:53:51.325017-0700	HealthPrivacyService	Appearance transition didDisappear for 11299->app<com.apple.HealthPrivacyService(3A076A8F-336D-4BCB-ACE2-64C6E80D0E3A)>/UISceneHosting-com.groundeffectsoftware.AnxietyWatchHK:UIHostedScene-com.apple.HealthPrivacyService-161EAD0F-48E2-46F9-9D11-DF927626D717
default	00:53:51.325103-0700	HealthPrivacyService	[UISceneHosting-com.groundeffectsoftware.AnxietyWatchHK:UIHostedScene-com.apple.HealthPrivacyService-161EAD0F-48E2-46F9-9D11-DF927626D717] Component <_UIViewServiceClientSceneComponent: 0x829839b30> handled action(s): <private>
default	00:53:51.325120-0700	HealthPrivacyService	Target list changed:
default	00:53:51.325462-0700	SpringBoard	[coordinator] gen:417 handling new keyboard arbiter request pid: 0 sceneIdentity: (null)
default	00:53:51.325706-0700	SpringBoard	arbiter: arbiter requested nothing
default	00:53:51.325728-0700	SpringBoard	[coordinator] using MRU target <com.apple.frontboard.systemappservices/FBSceneManager:sceneID%3Acom.groundeffectsoftware.AnxietyWatchHK-6C527490-A1D7-41A4-B49E-317360CCDAA7 pid:11299>
default	00:53:51.325825-0700	SpringBoard	[coordinator] informing scene controller 'com.apple.springboard' of focusTarget: <com.apple.frontboard.systemappservices/FBSceneManager:sceneID%3Acom.groundeffectsoftware.AnxietyWatchHK-6C527490-A1D7-41A4-B49E-317360CCDAA7 pid:11299>
default	00:53:51.325938-0700	HealthPrivacyService	[UISceneHosting-com.groundeffectsoftware.AnxietyWatchHK:UIHostedScene-com.apple.HealthPrivacyService-161EAD0F-48E2-46F9-9D11-DF927626D717] Received action(s): _UISceneHostingViewAppearanceActionHostToClient
default	00:53:51.326172-0700	SpringBoard	[embedded coalition] _abritrateForReason: <keyboardArbiterSuggestion> - new policy is unchanged
default	00:53:51.326224-0700	SpringBoard	Received state update for 8760 (osservice<com.apple.InputUI>, running-suspended-NotVisible
default	00:53:51.326245-0700	SpringBoard	[coordinator] keyboard arbiter suggested <nothing> and we replied <com.apple.frontboard.systemappservices/FBSceneManager:sceneID%3Acom.groundeffectsoftware.AnxietyWatchHK-6C527490-A1D7-41A4-B49E-317360CCDAA7 pid:11299>
default	00:53:51.326443-0700	SpringBoard	[coordinator] buffer all events for reason: background keyboard arbiter request <400> - end
default	00:53:51.326528-0700	HealthPrivacyService	sceneOfRecord: sceneID: sceneID:com.apple.HealthPrivacyService-default  persistentID: 54B62F55-FBDF-44B8-895C-5616C205B224
default	00:53:51.326674-0700	SpringBoard	Focused scene identity did change to: (null)
default	00:53:51.326721-0700	HealthPrivacyService	[0x828dd3090] End local event deferring requested for token: 0x828d4bc60; environments: 1; reason: _UIHostedWindowScene: 0x828e51680: end event deferring for scene invalidation
default	00:53:51.326782-0700	bluetoothd	ObjectDiscovery Client (com.apple.locationd-central-81-67) HWADVBufferIntervalMs:300.000000 HWADVBufferWindowMs:30.000000 _interval:300 _window:30 _active:0 specifiedParams:1
default	00:53:51.326862-0700	bluetoothd	ObjectDiscovery Client (com.apple.locationd-central-81-408) HWADVBufferIntervalMs:300.000000 HWADVBufferWindowMs:30.000000 _interval:300 _window:30 _active:0 specifiedParams:1
default	00:53:51.326965-0700	HealthPrivacyService	Scene will invalidate: _UIHostedWindowScene: 0x828e51680; scene identity: 11299->app<com.apple.HealthPrivacyService(3A076A8F-336D-4BCB-ACE2-64C6E80D0E3A)>/UISceneHosting-com.groundeffectsoftware.AnxietyWatchHK:UIHostedScene-com.apple.HealthPrivacyService-161EAD0F-48E2-46F9-9D11-DF927626D717
default	00:53:51.326982-0700	bluetoothd	ScanParams: numScanAgents 9, combined params AD:1 RD:0 AS:0 PHYS:1 MSL:4 (30/60) PSV:0 Rg:0 Cri:0 pBT:0 pWiFi:0 pCfg:0 type:0
default	00:53:51.327002-0700	bluetoothd	ScanParams: [com.apple.bluetoothd-central-102-10] AP:0 AD:0(30/60) AS:0 RAS:0 DMN:1 FG:0 ADVBF:0(0/0) Rg:0 Cri:0 pBT:0 pwrAsrt:0 CT:0 type:0 level:1 MRC:0|[com.apple.bluetoothd-central-102-14] AP:0 AD:0(30/966) AS:0 RAS:0 DMN:1 FG:0 ADVBF:0(0/0) Rg:0 Cri:0 pBT:0 pwrAsrt:0 CT:0 type:0 level:3 MRC:0|[com.apple.locationd-central-81-36] AP:0 AD:1(0/0) AS:0 RAS:0 DMN:1 FG:0 ADVBF:1(30/300) Rg:0 Cri:0 pBT:0 pwrAsrt:0 CT:0 type:0 level:3 MRC:0
default	00:53:51.327018-0700	bluetoothd	ScanParams: [com.apple.locationd-central-81-45] AP:0 AD:1(0/0) AS:0 RAS:0 DMN:1 FG:0 ADVBF:1(30/300) Rg:0 Cri:0 pBT:0 pwrAsrt:0 CT:0 type:0 level:3 MRC:0|[com.apple.locationd-central-81-46] AP:0 AD:1(0/0) AS:0 RAS:0 DMN:1 FG:0 ADVBF:1(30/300) Rg:0 Cri:0 pBT:0 pwrAsrt:0 CT:0 type:0 level:3 MRC:0|[CBDaemon-0xA0F003D] AP:0 AD:0(30/300) AS:0 RAS:0 DMN:1 FG:0 ADVBF:0(0/0) Rg:0 Cri:0 pBT:0 pwrAsrt:0 CT:0 type:0 level:1 MRC:0
default	00:53:51.327195-0700	backboardd	new buffering predicates for pid:35: (<keyboardFocus>)
default	00:53:51.327214-0700	backboardd	pid:35 new buffering predicates: {(
    <keyboardFocus>
)}
default	00:53:51.327253-0700	SpringBoard	set currentFocus PID:11299 sceneIdentity:com.groundeffectsoftware.AnxietyWatchHK-6C527490-A1D7-41A4-B49E-317360CCDAA7
default	00:53:51.327327-0700	HealthPrivacyService	Key window needs update: 1; currentKeyWindowScene: 0x828e51680; evaluatedKeyWindowScene: 0x0; currentApplicationKeyWindow: 0x8288ec000; evaluatedApplicationKeyWindow: 0x0; reason: _UIHostedWindowScene: 0x828e51680: Window scene was invalidated
default	00:53:51.327344-0700	SpringBoard	Received state update for 11299 (app<com.groundeffectsoftware.AnxietyWatchHK(3A076A8F-336D-4BCB-ACE2-64C6E80D0E3A)>, running-active-Visible
default	00:53:51.327369-0700	HealthPrivacyService	Window did become application key: (nil): 0x0; contextId: 0x0; scene identity: (nil)
default	00:53:51.327387-0700	HealthPrivacyService	Resetting home affordance notifier: <_UIHomeAffordanceSceneNotifier: 0x828dd3410; observers.count: 0>; for invalidating scene: <_UIHostedWindowScene: 0x828e51680>
default	00:53:51.327404-0700	HealthPrivacyService	[0x828dd3090] Removing all event deferring rules for reason: _UIEventDeferringManager: 0x828dd3090: removing all deferring rules due to scene invalidation: 0x828e51680
default	00:53:51.327426-0700	SpringBoard	Received state update for 270 (xpcservice<com.apple.PhotosUIPrivate.PhotosPosterProvider([osservice<com.apple.SpringBoard>:35])>{vt hash: 88073953}[uuid:00000000-0000-0000-0000-000000000001]{definition:com.apple.PhotosUIPrivate.PhotosPosterProvider[extension][client]}, running-suspended-Visible
default	00:53:51.327450-0700	SpringBoard	Received state update for 35 (osservice<com.apple.SpringBoard>, running-active-Visible
default	00:53:51.327502-0700	HealthPrivacyService	Enqueuing clear events of window: <UIWindow: 0x8288ec000>; contextId: 0x1A961008
default	00:53:51.327536-0700	backboardd	new deferring rules for pid:599: []
default	00:53:51.327554-0700	backboardd	[system 0xb02247250] setRules:forPID(599): []
default	00:53:51.327572-0700	backboardd	[systemKeyCommandOverlay 0xb02246fd0] setRules:forPID(599): []
default	00:53:51.327665-0700	backboardd	[keyboardFocus 0xb02247110] setRules:forPID(599): []
default	00:53:51.327830-0700	backboardd	[system 0xb02247340] setRules:forPID(599): []
default	00:53:51.327862-0700	backboardd	[keyboardFocus 0xb022472a0] setRules:forPID(599): []
default	00:53:51.327971-0700	backboardd	[systemKeyCommandOverlay 0xb022472f0] setRules:forPID(599): []
default	00:53:51.328630-0700	AnxietyWatch	[0x11c622880:UISceneHosting-com.groundeffectsoftware.AnxietyWatchHK:UIHostedScene-com.apple.HealthPrivacyService-161EAD0F-48E2-46F9-9D11-DF927626D717] Scene action [Logical Deactivate][0xbf58] completed with success: 1
default	00:53:51.328800-0700	HealthPrivacyService	Performing clear events of window: <UIWindow: 0x8288ec000>; contextId: 0x1A961008
default	00:53:51.328828-0700	HealthPrivacyService	[0x828dd2220] Initialized with scene: <_UIHostedWindowScene: 0x828e51680>; behavior: <_UIEventDeferringBehavior_iOS: 0x8299bd9a0>; availableForProcess: 1, systemShellManagesKeyboardFocus: 1
default	00:53:51.328845-0700	HealthPrivacyService	Ending background task with UIBackgroundTaskIdentifier: 27
default	00:53:51.328861-0700	HealthPrivacyService	Ending task with identifier 27 and description: <private>, _expireHandler: (null)
default	00:53:51.328881-0700	HealthPrivacyService	Decrementing reference count for assertion <private> (used by background task with identifier 27: <private>)
default	00:53:51.329093-0700	HealthPrivacyService	Will invalidate assertion: <BKSProcessAssertion: 0x828f11400> for task identifier: 27
default	00:53:51.329258-0700	kernel	ANE0: aneFirmwareCommandSend: Skip waiting for response
default	00:53:51.329278-0700	kernel	ANE0: aneFirmwareCommandSend: Skip waiting for response
default	00:53:51.329292-0700	kernel	ANE0: aneFirmwareCommandSend: Skip waiting for response
default	00:53:51.329346-0700	runningboardd	Invalidating assertion 34-599-40934 (target:[app<com.apple.HealthPrivacyService(3A076A8F-336D-4BCB-ACE2-64C6E80D0E3A)>:599]) from originator [app<com.apple.HealthPrivacyService(3A076A8F-336D-4BCB-ACE2-64C6E80D0E3A)>:599]
default	00:53:51.329679-0700	AnxietyWatch	[UISceneHosting-com.groundeffectsoftware.AnxietyWatchHK:UIHostedScene-com.apple.HealthPrivacyService-161EAD0F-48E2-46F9-9D11-DF927626D717][1] Scene invalidated.
default	00:53:51.329714-0700	AnxietyWatch	[0x11c622880:UISceneHosting-com.groundeffectsoftware.AnxietyWatchHK:UIHostedScene-com.apple.HealthPrivacyService-161EAD0F-48E2-46F9-9D11-DF927626D717] Invalidated for connection: 0x11a2a5650.
default	00:53:51.329729-0700	backboardd	adding buffer <BKHIDEventBuffer: 0xb017c1da0; dispatchTarget: <keyboardFocus; token: SBKeyboardFocus; pid: 35>; bufferingPIDs: (35); eventCount: 0>
default	00:53:51.329746-0700	AnxietyWatch	[app<com.apple.HealthPrivacyService>:599] Workspace state did change: FG-Active[90] --> XX-None[0] (assertion dropped).
default	00:53:51.329762-0700	backboardd	new buffering predicates for pid:35: ()
default	00:53:51.329777-0700	AnxietyWatch	Updating self-assertion for unified workspace priority: XX-None[0]
default	00:53:51.329793-0700	backboardd	pid:35 new buffering predicates: {(
)}
default	00:53:51.330024-0700	audiomxd	Received state update for 599 (app<com.apple.HealthPrivacyService(3A076A8F-336D-4BCB-ACE2-64C6E80D0E3A)>, running-active-Visible
default	00:53:51.330041-0700	bluetoothd	ScanParams: [com.apple.locationd-central-81-67] AP:0 AD:1(0/0) AS:0 RAS:0 DMN:1 FG:0 ADVBF:1(30/300) Rg:0 Cri:0 pBT:0 pwrAsrt:0 CT:0 type:0 level:3 MRC:0|[com.apple.locationd-central-81-408] AP:0 AD:1(0/0) AS:0 RAS:0 DMN:1 FG:0 ADVBF:1(30/300) Rg:0 Cri:0 pBT:0 pwrAsrt:0 CT:0 type:0 level:3 MRC:0|[com.apple.sharingd-central-79-433] AP:0 AD:0(30/300) AS:0 RAS:0 DMN:1 FG:0 ADVBF:0(0/0) Rg:0 Cri:0 pBT:0 pwrAsrt:0 CT:0 type:0 level:3 MRC:0
default	00:53:51.330163-0700	bluetoothd	Returning scan parameters: Main:30.00ms/60.00ms LP:0.00ms/60.00ms(supported) SC:0.00ms/0.00ms/non-concurrent(supported) Dm:(m:30/60) Cond:0:1:0:0:0 Sc:1 (passive) Dupfilter:Enabled minScanLevel:4 HD:Yes Comp:No(0,1) Pri:0/0 PS:2 UUIDPerRuleDup:supported mrc:N
default	00:53:51.330213-0700	bluetoothd	needToRestart=0
default	00:53:51.330368-0700	CommCenter	Received state update for 599 (app<com.apple.HealthPrivacyService(3A076A8F-336D-4BCB-ACE2-64C6E80D0E3A)>, running-active-Visible
default	00:53:51.330548-0700	runningboardd	Invalidating assertion 34-11299-40933 (target:[app<com.apple.HealthPrivacyService(3A076A8F-336D-4BCB-ACE2-64C6E80D0E3A)>:599]) from originator [app<com.groundeffectsoftware.AnxietyWatchHK(3A076A8F-336D-4BCB-ACE2-64C6E80D0E3A)>:11299]
default	00:53:51.330800-0700	HealthPrivacyService	unsubscribing configuration of monitor M599-7
default	00:53:51.330816-0700	runningboardd	Invalidating assertion 34-11299-40924 (target:[app<com.groundeffectsoftware.AnxietyWatchHK(3A076A8F-336D-4BCB-ACE2-64C6E80D0E3A)>:11299]) from originator [app<com.groundeffectsoftware.AnxietyWatchHK(3A076A8F-336D-4BCB-ACE2-64C6E80D0E3A)>:11299]
default	00:53:51.330894-0700	backboardd	removing buffer <BKHIDEventBuffer: 0xb017c1da0; dispatchTarget: <keyboardFocus; token: SBKeyboardFocus; pid: 35>; bufferingPIDs: (35); eventCount: 0>
default	00:53:51.330925-0700	backboardd	draining 1 buffers (reevaluate ((null)))
default	00:53:51.330940-0700	backboardd	BUFFER: --> 0xb017c1da0 empty
default	00:53:51.332750-0700	WirelessRadioManagerd	Received state update for 599 (app<com.apple.HealthPrivacyService(3A076A8F-336D-4BCB-ACE2-64C6E80D0E3A)>, running-active-Visible
default	00:53:51.333251-0700	PerfPowerServices	Received state update for 599 (app<com.apple.HealthPrivacyService(3A076A8F-336D-4BCB-ACE2-64C6E80D0E3A)>, running-active-Visible
default	00:53:51.333679-0700	useractivityd	Received state update for 599 (app<com.apple.HealthPrivacyService(3A076A8F-336D-4BCB-ACE2-64C6E80D0E3A)>, running-active-Visible
default	00:53:51.334388-0700	dasd	Received state update for 599 (app<com.apple.HealthPrivacyService(3A076A8F-336D-4BCB-ACE2-64C6E80D0E3A)>, running-active-Visible
default	00:53:51.334471-0700	backboardd	Received state update for 599 (app<com.apple.HealthPrivacyService(3A076A8F-336D-4BCB-ACE2-64C6E80D0E3A)>, running-active-Visible
default	00:53:51.335189-0700	wifid	Received state update for 599 (app<com.apple.HealthPrivacyService(3A076A8F-336D-4BCB-ACE2-64C6E80D0E3A)>, running-active-Visible
default	00:53:51.335653-0700	UserEventAgent	Received state update for 599 (app<com.apple.HealthPrivacyService(3A076A8F-336D-4BCB-ACE2-64C6E80D0E3A)>, running-active-Visible
default	00:53:51.335911-0700	symptomsd	Received state update for 599 (app<com.apple.HealthPrivacyService(3A076A8F-336D-4BCB-ACE2-64C6E80D0E3A)>, running-active-Visible
default	00:53:51.336421-0700	locationd	Received state update for 599 (app<com.apple.HealthPrivacyService(3A076A8F-336D-4BCB-ACE2-64C6E80D0E3A)>, running-active-Visible
default	00:53:51.337352-0700	watchdogd	Received state update for 599 (app<com.apple.HealthPrivacyService(3A076A8F-336D-4BCB-ACE2-64C6E80D0E3A)>, running-active-Visible
default	00:53:51.338340-0700	IDSCredentialsAgent	Received state update for 599 (app<com.apple.HealthPrivacyService(3A076A8F-336D-4BCB-ACE2-64C6E80D0E3A)>, running-active-Visible
default	00:53:51.338413-0700	gamepolicyd	Received state update for 599 (app<com.apple.HealthPrivacyService(3A076A8F-336D-4BCB-ACE2-64C6E80D0E3A)>, running-active-NotVisible
default	00:53:51.393363-0700	bluetoothd	background advertising sessions:AppleMFG:0 Extended:0
default	00:53:51.407465-0700	runningboardd	Removed last relative-start-date-defining assertion for process app<com.apple.HealthPrivacyService(3A076A8F-336D-4BCB-ACE2-64C6E80D0E3A)>
default	00:53:51.414284-0700	runningboardd	Calculated state for app<com.apple.HealthPrivacyService(3A076A8F-336D-4BCB-ACE2-64C6E80D0E3A)>: running-active (role: NonUserInteractive) (endowments: <private>)
default	00:53:51.414374-0700	runningboardd	Inheritance changeset: <RBSInheritanceChangeSet| gained:{(
)} lost:{(
    <RBSInheritance| environment:UIScene:11299->app<com.apple.HealthPrivacyService(3A076A8F-336D-4BCB-ACE2-64C6E80D0E3A)>/UISceneHosting-com.groundeffectsoftware.AnxietyWatchHK:UIHostedScene-com.apple.HealthPrivacyService-161EAD0F-48E2-46F9-9D11-DF927626D717 name:com.apple.frontboard.visibility origID:34-11299-40931 payload 169199432604821726>
)}>
default	00:53:51.414407-0700	runningboardd	[app<com.apple.HealthPrivacyService(3A076A8F-336D-4BCB-ACE2-64C6E80D0E3A)>:599] Set jetsam priority to 40 [0] flag[1]
default	00:53:51.414452-0700	runningboardd	[app<com.apple.HealthPrivacyService(3A076A8F-336D-4BCB-ACE2-64C6E80D0E3A)>:599] Set darwin role to: NonUserInteractive
default	00:53:51.414504-0700	runningboardd	599 Set Darwin GPU to "Backgrounds" (3)
default	00:53:51.414622-0700	runningboardd	[app<com.apple.HealthPrivacyService(3A076A8F-336D-4BCB-ACE2-64C6E80D0E3A)>:599] visiblity is no
default	00:53:51.414932-0700	CommCenter	Received state update for 599 (app<com.apple.HealthPrivacyService(3A076A8F-336D-4BCB-ACE2-64C6E80D0E3A)>, running-active-NotVisible
default	00:53:51.415385-0700	audiomxd	Received state update for 599 (app<com.apple.HealthPrivacyService(3A076A8F-336D-4BCB-ACE2-64C6E80D0E3A)>, running-active-NotVisible
default	00:53:51.415520-0700	HealthPrivacyService	Received state update for 599 (app<com.apple.HealthPrivacyService(3A076A8F-336D-4BCB-ACE2-64C6E80D0E3A)>, running-active-NotVisible
default	00:53:51.415673-0700	AnxietyWatch	Received state update for 599 (app<com.apple.HealthPrivacyService(3A076A8F-336D-4BCB-ACE2-64C6E80D0E3A)>, running-active-NotVisible
default	00:53:51.415730-0700	SpringBoard	Received state update for 599 (app<com.apple.HealthPrivacyService(3A076A8F-336D-4BCB-ACE2-64C6E80D0E3A)>, running-active-NotVisible
default	00:53:51.415924-0700	SpringBoard	[com.apple.HealthPrivacyService] com.apple.HealthPrivacyService application state changed to <RBSProcessState| task:running-active debug:none>
default	00:53:51.415961-0700	SpringBoard	[com.apple.HealthPrivacyService] Ignore becoming background for application without push registration
default	00:53:51.416071-0700	PerfPowerServices	Received state update for 599 (app<com.apple.HealthPrivacyService(3A076A8F-336D-4BCB-ACE2-64C6E80D0E3A)>, running-active-NotVisible
default	00:53:51.416712-0700	WirelessRadioManagerd	Received state update for 599 (app<com.apple.HealthPrivacyService(3A076A8F-336D-4BCB-ACE2-64C6E80D0E3A)>, running-active-NotVisible
default	00:53:51.417501-0700	useractivityd	Received state update for 599 (app<com.apple.HealthPrivacyService(3A076A8F-336D-4BCB-ACE2-64C6E80D0E3A)>, running-active-NotVisible
default	00:53:51.417684-0700	dasd	Received state update for 599 (app<com.apple.HealthPrivacyService(3A076A8F-336D-4BCB-ACE2-64C6E80D0E3A)>, running-active-NotVisible
default	00:53:51.420243-0700	UserEventAgent	Received state update for 599 (app<com.apple.HealthPrivacyService(3A076A8F-336D-4BCB-ACE2-64C6E80D0E3A)>, running-active-NotVisible
default	00:53:51.420372-0700	watchdogd	Received state update for 599 (app<com.apple.HealthPrivacyService(3A076A8F-336D-4BCB-ACE2-64C6E80D0E3A)>, running-active-NotVisible
default	00:53:51.420734-0700	wifid	Received state update for 599 (app<com.apple.HealthPrivacyService(3A076A8F-336D-4BCB-ACE2-64C6E80D0E3A)>, running-active-NotVisible
default	00:53:51.421305-0700	symptomsd	Received state update for 599 (app<com.apple.HealthPrivacyService(3A076A8F-336D-4BCB-ACE2-64C6E80D0E3A)>, running-active-NotVisible
default	00:53:51.422508-0700	backboardd	Received state update for 599 (app<com.apple.HealthPrivacyService(3A076A8F-336D-4BCB-ACE2-64C6E80D0E3A)>, running-active-NotVisible
default	00:53:51.422760-0700	wifid	-[WiFiUserInteractionMonitor setApplicationRunningState:foregroundState:andNetworkingState:forBundleId:]: com.apple.HealthPrivacyService entered background
default	00:53:51.422830-0700	locationd	Received state update for 599 (app<com.apple.HealthPrivacyService(3A076A8F-336D-4BCB-ACE2-64C6E80D0E3A)>, running-active-NotVisible
default	00:53:51.423283-0700	locationd	{"msg":"RBS #AppMonitor process monitor update handler invoked", "pid":599, "bundleID":"com.apple.HealthPrivacyService", "state":"RunningScheduled"}
default	00:53:51.423572-0700	locationd	{"msg":"RBS #AppMonitor Post Application State Change Notification", "notification":"BackgroundRunning", "pid":599, "bundleId":"com.apple.HealthPrivacyService"}
default	00:53:51.424652-0700	locationd	{"msg":"#Warning #ClientResolution the passed keyPath is not registered. Resolving to #nullCKP", "InputCKP":"icom.apple.HealthPrivacyService:"}
default	00:53:51.424765-0700	wifid	WifiDeviceManagerCatsUpdateEvent(): CATS Update en0: Enter deviceManager:0x66521f800  source:1 enable:1 appPolicy:0 bitmap:0x0
default	00:53:51.425108-0700	locationd	{"msg":"#CLIUA AppMonitor notification", "notification":"BackgroundRunning", "pid":599, "bundleId":"com.apple.HealthPrivacyService", "ClientKey":"icom.apple.HealthPrivacyService:"}
default	00:53:51.425203-0700	locationd	{"msg":"#CLIUA Marking change", "clientKey":"icom.apple.HealthPrivacyService:", "reason":"Decaying in-use status from process state", "AssertionLevel":"kCLClientInUseLevelDecayingUserEngagement", "coming":1}
default	00:53:51.425295-0700	locationd	{"msg":"#CLIUA updating AssertionRecord", "ClientKey":"icom.apple.HealthPrivacyService:", "AssertionLevel":"kCLClientInUseLevelDirectUserEngagement"}
default	00:53:51.425379-0700	locationd	{"msg":"#CLIUA AssertionRecord updated", "ClientKey":"icom.apple.HealthPrivacyService:", "AssertionLevel":"kCLClientInUseLevelDirectUserEngagement"}
default	00:53:51.425436-0700	locationd	{"msg":"#CLIUA Marking change", "clientKey":"icom.apple.HealthPrivacyService:", "reason":"Process state from RunningBoard", "AssertionLevel":"kCLClientInUseLevelDirectUserEngagement", "coming":0}
default	00:53:51.425479-0700	locationd	{"msg":"#CLIUA updating AssertionRecord", "ClientKey":"icom.apple.HealthPrivacyService:", "AssertionLevel":"kCLClientInUseLevelDirectUserEngagement"}
default	00:53:51.425524-0700	locationd	{"msg":"#CLIUA AssertionRecord updated", "ClientKey":"icom.apple.HealthPrivacyService:", "AssertionLevel":"kCLClientInUseLevelDecayingUserEngagement"}
default	00:53:51.425563-0700	locationd	{"msg":"#CLIUA in-use level changed for client", "ClientKey":"icom.apple.HealthPrivacyService:"}
default	00:53:51.425595-0700	locationd	{"msg":"#Warning #ClientResolution the passed keyPath is not registered. Resolving to #nullCKP", "InputCKP":"icom.apple.HealthPrivacyService:"}
default	00:53:51.425623-0700	wifid	WiFiDeviceManagerCatsSetLowLatencyApp: CATSUpdate en0: fgApp:com.groundeffectsoftware.AnxietyWatchHK b=0x0 rc=0
default	00:53:51.425640-0700	wifid	WiFiDeviceManagerCatsSetForegroundApp: CATSUpdate en0: fgApp:com.groundeffectsoftware.AnxietyWatchHK hs=1 t=1 rc=0
default	00:53:51.425656-0700	wifid	WifiDeviceManagerCatsUpdateEvent: CATSUpdate en0: Exit deviceManager=0x66521f800 Source:1 stateChange:0 (P:0-->0 B:0x0-->0x0)
default	00:53:51.425757-0700	kernel	ANE0: aneFirmwareCommandSend: Skip waiting for response
default	00:53:51.425770-0700	kernel	ANE0: aneFirmwareCommandSend: Skip waiting for response
default	00:53:51.425781-0700	kernel	ANE0: aneFirmwareCommandSend: Skip waiting for response
default	00:53:51.425918-0700	IDSCredentialsAgent	Received state update for 599 (app<com.apple.HealthPrivacyService(3A076A8F-336D-4BCB-ACE2-64C6E80D0E3A)>, running-active-NotVisible
default	00:53:51.426706-0700	wifid	-[WiFiUsageApplicationSession applicationStateDidChange:withAttributes:]: application session resumed:<private>
default	00:53:51.427469-0700	gamepolicyd	Received state update for 599 (app<com.apple.HealthPrivacyService(3A076A8F-336D-4BCB-ACE2-64C6E80D0E3A)>, running-active-NotVisible
default	00:53:51.427728-0700	watchdogd	82867310506666: <private>
default	00:53:51.429155-0700	symptomsd	com.apple.HealthPrivacyService: Foreground: false
default	00:53:51.463536-0700	backboardd	[ALS] ts=82867.328 lux=5.991<private> xy=(0.550 0.450) chs=[0 91 92 254 207] CCT1=1122.261 gain=512x mode=<private> subsamples=24 rawLux=5.991 nits=46 xTalk=[0 0 0 0 0] status=0x9B copyEvent=0
default	00:53:51.465636-0700	backboardd	Ammolite: Lux 5.990705 (delta 5.237309 / thr 10.000000)
default	00:53:51.524208-0700	kernel	ANE0: aneFirmwareCommandSend: Skip waiting for response
default	00:53:51.524281-0700	kernel	ANE0: aneFirmwareCommandSend: Skip waiting for response
default	00:53:51.524528-0700	kernel	ANE0: aneFirmwareCommandSend: Skip waiting for response
default	00:53:51.624031-0700	kernel	ANE0: aneFirmwareCommandSend: Skip waiting for response
default	00:53:51.624043-0700	kernel	ANE0: aneFirmwareCommandSend: Skip waiting for response
default	00:53:51.624326-0700	kernel	ANE0: aneFirmwareCommandSend: Skip waiting for response
default	00:53:51.714040-0700	backboardd	[ALS] ts=82867.579 lux=5.350<private> xy=(0.542 0.458) chs=[0 84 85 212 221] CCT1=1421.091 gain=512x mode=<private> subsamples=24 rawLux=5.350 nits=46 xTalk=[0 0 0 0 0] status=0x9B copyEvent=0
default	00:53:51.715512-0700	backboardd	Ammolite: Lux 5.350366 (delta 4.596970 / thr 10.000000)
default	00:53:51.723810-0700	kernel	ANE0: aneFirmwareCommandSend: Skip waiting for response
default	00:53:51.723861-0700	kernel	ANE0: aneFirmwareCommandSend: Skip waiting for response
default	00:53:51.724107-0700	kernel	ANE0: aneFirmwareCommandSend: Skip waiting for response
default	00:53:51.823622-0700	kernel	ANE0: aneFirmwareCommandSend: Skip waiting for response
default	00:53:51.823672-0700	kernel	ANE0: aneFirmwareCommandSend: Skip waiting for response
default	00:53:51.823904-0700	kernel	ANE0: aneFirmwareCommandSend: Skip waiting for response
default	00:53:51.923424-0700	kernel	ANE0: aneFirmwareCommandSend: Skip waiting for response
default	00:53:51.923470-0700	kernel	ANE0: aneFirmwareCommandSend: Skip waiting for response
default	00:53:51.923729-0700	kernel	ANE0: aneFirmwareCommandSend: Skip waiting for response
default	00:53:51.964128-0700	backboardd	[ALS] ts=82867.829 lux=4.617<private> xy=(0.547 0.453) chs=[0 64 78 185 166] CCT1=1241.304 gain=512x mode=<private> subsamples=24 rawLux=4.617 nits=46 xTalk=[0 0 0 0 0] status=0x9B copyEvent=0
default	00:53:51.965406-0700	backboardd	Ammolite: Lux 4.616973 (delta 3.863577 / thr 10.000000)
default	00:53:52.023345-0700	kernel	ANE0: aneFirmwareCommandSend: Skip waiting for response
default	00:53:52.023360-0700	kernel	ANE0: aneFirmwareCommandSend: Skip waiting for response
default	00:53:52.023611-0700	kernel	ANE0: aneFirmwareCommandSend: Skip waiting for response
default	00:53:52.122997-0700	kernel	ANE0: aneFirmwareCommandSend: Skip waiting for response
default	00:53:52.123012-0700	kernel	ANE0: aneFirmwareCommandSend: Skip waiting for response
default	00:53:52.123295-0700	kernel	ANE0: aneFirmwareCommandSend: Skip waiting for response
default	00:53:52.214823-0700	backboardd	[ALS] ts=82868.079 lux=6.119<private> xy=(0.529 0.471) chs=[0 84 119 212 200] CCT1=1662.070 gain=512x mode=<private> subsamples=24 rawLux=6.119 nits=46 xTalk=[0 0 0 0 0] status=0x9B copyEvent=0
default	00:53:52.216212-0700	backboardd	Ammolite: Lux 6.118811 (delta 5.365415 / thr 10.000000)
default	00:53:52.222853-0700	kernel	ANE0: aneFirmwareCommandSend: Skip waiting for response
default	00:53:52.222875-0700	kernel	ANE0: aneFirmwareCommandSend: Skip waiting for response
default	00:53:52.223146-0700	kernel	ANE0: aneFirmwareCommandSend: Skip waiting for response
default	00:53:52.294763-0700	kernel	wlan0:com.apple.p2p.awdl0: isInfraRealtimePacketThresholdAllowed allowed:1 option:32 threshold:50 noRegistrations:1 cachedPeerCount:0 fastDiscoveryInactive:1 fastDiscoveryOnSince:82868177
default	00:53:52.294817-0700	kernel	wlan0:com.apple.p2p.awdl0: currentInfraTrafficType:9274 checking if realtime upgrade required with inputPackets:1 outputPackets:0 packetThreshold:50
default	00:53:52.303908-0700	locationd	{"msg":"#CLGNSSStateQueryAssertion,daemon,sendGnssStatusUpdateToClient", "timeSinceLastUpdate":"20.005", "isMinTimeLapsedBetween2UpdatesToClient":1, "isLastSessionStopped":1, "didLastSessionYield":0, "didSessionYieldDuringLastUpdateToClient":0, "isStatusChangedFromPreviousUpdateToClient":0, "sendUpdateToCLient":1}
default	00:53:52.303931-0700	locationd	#CLGNSSStateQueryAssertion,daemon,sendGnssStatusUpdateToClient sent to client
default	00:53:52.304491-0700	locationd	{"msg":"#CLGNSSStateQueryAssertion,daemon,sendGnssStatusUpdateToClient", "timeSinceLastUpdate":"20.006", "isMinTimeLapsedBetween2UpdatesToClient":1, "isLastSessionStopped":1, "didLastSessionYield":0, "didSessionYieldDuringLastUpdateToClient":0, "isStatusChangedFromPreviousUpdateToClient":0, "sendUpdateToCLient":1}
default	00:53:52.304508-0700	locationd	#CLGNSSStateQueryAssertion,daemon,sendGnssStatusUpdateToClient sent to client
default	00:53:52.322694-0700	kernel	ANE0: aneFirmwareCommandSend: Skip waiting for response
default	00:53:52.322725-0700	kernel	ANE0: aneFirmwareCommandSend: Skip waiting for response
default	00:53:52.322989-0700	kernel	ANE0: aneFirmwareCommandSend: Skip waiting for response
default	00:53:52.380296-0700	kernel	memorystatus_perform_idle_demotion() timed out stuck process 134 [contactsd], moving to idle band
default	00:53:52.422451-0700	kernel	ANE0: aneFirmwareCommandSend: Skip waiting for response
default	00:53:52.422550-0700	kernel	ANE0: aneFirmwareCommandSend: Skip waiting for response
default	00:53:52.422749-0700	kernel	ANE0: aneFirmwareCommandSend: Skip waiting for response
error	00:53:52.435987-0700	wifid	WiFiLQAMgrLinkRecommendationNotify: channel score: chq=5, tx-lat=5, rx-lat=5, tx-loss=5, rx-loss=5, txPer=0.0%, p95-lat=4, RT=0x0, link-recommendation=0x0
default	00:53:52.457947-0700	kernel	I [dk] <private>@28868: DTIM missed count: p2p(230), iovar(0), scan(355), roam(29), homechan(170077), sleep(61955), misc(0)
default	00:53:52.464975-0700	backboardd	[ALS] ts=82868.330 lux=5.400<private> xy=(0.548 0.452) chs=[0 98 71 233 228] CCT1=1290.309 gain=512x mode=<private> subsamples=24 rawLux=5.400 nits=46 xTalk=[0 0 0 0 0] status=0x9B copyEvent=0
default	00:53:52.466552-0700	backboardd	Ammolite: Lux 5.399966 (delta 4.646570 / thr 10.000000)
default	00:53:52.522258-0700	kernel	ANE0: aneFirmwareCommandSend: Skip waiting for response
default	00:53:52.522309-0700	kernel	ANE0: aneFirmwareCommandSend: Skip waiting for response
default	00:53:52.522620-0700	kernel	ANE0: aneFirmwareCommandSend: Skip waiting for response
default	00:53:52.622076-0700	kernel	ANE0: aneFirmwareCommandSend: Skip waiting for response
default	00:53:52.622118-0700	kernel	ANE0: aneFirmwareCommandSend: Skip waiting for response
default	00:53:52.622374-0700	kernel	ANE0: aneFirmwareCommandSend: Skip waiting for response
default	00:53:52.715442-0700	backboardd	[ALS] ts=82868.580 lux=5.457<private> xy=(0.547 0.453) chs=[0 84 85 226 193] CCT1=1215.701 gain=512x mode=<private> subsamples=24 rawLux=5.457 nits=46 xTalk=[0 0 0 0 0] status=0x9B copyEvent=0
default	00:53:52.717169-0700	backboardd	Ammolite: Lux 5.456652 (delta 4.703256 / thr 10.000000)
default	00:53:52.721926-0700	kernel	ANE0: aneFirmwareCommandSend: Skip waiting for response
default	00:53:52.721951-0700	kernel	ANE0: aneFirmwareCommandSend: Skip waiting for response
default	00:53:52.722284-0700	kernel	ANE0: aneFirmwareCommandSend: Skip waiting for response
default	00:53:52.753345-0700	AccessibilityUIServer	Attempting to emit telemetry for rolling foreground case with HTForegroundUpdateType: HTFGUpdatePersistentForegroundness with data from the past 900.000114 seconds
default	00:53:52.777343-0700	locationd	absolute altitude sent to clients <private>, accuracy <private>, precision <private>, status <private>, altitude source <private>, timestamp, <private>, bias uncertainty, <private>
default	00:53:52.821722-0700	kernel	ANE0: aneFirmwareCommandSend: Skip waiting for response
default	00:53:52.821760-0700	kernel	ANE0: aneFirmwareCommandSend: Skip waiting for response
default	00:53:52.821991-0700	kernel	ANE0: aneFirmwareCommandSend: Skip waiting for response
default	00:53:52.866488-0700	kernel	ApplePPMCPMS::getClientCurrentPowerConsumption:Client 19 is not registered
default	00:53:52.866549-0700	audiomxd	AggregateDevice_CommonBase.cpp:2471  CPMS: Getting Speaker ThermalBudget
default	00:53:52.887990-0700	wifid	-[WiFiUserInteractionMonitor runPeriodicTasks]: cellular data did 0 bytes (0 packets) over 9.986 seconds
default	00:53:52.888060-0700	wifid	-[WiFiUserInteractionMonitor runPeriodicTasks]: WiFi data did 2424(input:1632 output:792) bytes, 25(input:15 output:10) packets over 9.986 seconds
default	00:53:52.921479-0700	kernel	ANE0: aneFirmwareCommandSend: Skip waiting for response
default	00:53:52.921493-0700	kernel	ANE0: aneFirmwareCommandSend: Skip waiting for response
default	00:53:52.921703-0700	kernel	ANE0: aneFirmwareCommandSend: Skip waiting for response
default	00:53:52.965753-0700	backboardd	[ALS] ts=82868.830 lux=5.944<private> xy=(0.547 0.453) chs=[0 84 99 240 214] CCT1=1237.462 gain=512x mode=<private> subsamples=24 rawLux=5.944 nits=46 xTalk=[0 0 0 0 0] status=0x9B copyEvent=0
default	00:53:52.967181-0700	backboardd	Ammolite: Lux 5.943815 (delta 5.190419 / thr 10.000000)
default	00:53:53.020437-0700	dasd	Rescoring all 927 pending activities [<private>]
default	00:53:53.021209-0700	kernel	ANE0: aneFirmwareCommandSend: Skip waiting for response
default	00:53:53.021285-0700	kernel	ANE0: aneFirmwareCommandSend: Skip waiting for response
default	00:53:53.021503-0700	kernel	ANE0: aneFirmwareCommandSend: Skip waiting for response
default	00:53:53.031872-0700	dasd	Evaluating 35 activities (initial candidates: 927, passenger candidates: 370)
default	00:53:53.035717-0700	dasd	com.apple.healthd.sync.cloud.initial-restore.fastpass:B8F5AF:[
	{name: Result Dependency Policy, policyWeight: 0.001, response: {100, 0.00, [{dependencySatisfaction == 0}]}}
 ], Decision: AMNP}
default	00:53:53.036765-0700	dasd	com.apple.anomalydetectiond.CSFolderMonitor.fba_holding.cleanup.protodata:5F4C8C:[
	{name: File Protection Policy, policyWeight: 0.010, response: {100, 0.00, [{classALocked == 0 AND activityFileProtection == ClassB AND timeUntilDeadline == 1008.428768634796}]}}
 ], Decision: AMNP}
default	00:53:53.037626-0700	dasd	com.apple.locationd.Mobility.CompanionSync:02DFD7:[
	{name: Default Paired Nearby Policy, policyWeight: 1.000, response: {33, 0.00, [{defaultPairedIsNearby == 0}]}}
	{name: Battery Level Policy, policyWeight: 1.000, response: {33, 0.00, [{(batteryLevel == 95 AND pluggedIn == 1) AND watchBatteryLevel == 6}]}}
 ], Decision: MNP}
default	00:53:53.038579-0700	dasd	com.apple.locationd.Mobility.ProcessBouts:30359C:[
	{name: File Protection Policy, policyWeight: 0.010, response: {100, 0.00, [{classALocked == 0 AND activityFileProtection == ClassB AND timeUntilDeadline == 391.0507136583328}]}}
 ], Decision: AMNP}
default	00:53:53.039381-0700	dasd	com.apple.spotlightknowledged.pipelines.lssr5identificationdocumentsbackground.journal-processing:5B4328:[
	{name: Device Activity Policy, policyWeight: 20.000, response: {33, 0.00, [{deviceActivity == 1}]}}
 ], Decision: MNP}
default	00:53:53.040227-0700	dasd	com.apple.spotlightknowledged.pipelines.lssr5eventsandordersbackground.journal-processing:6E0557:[
	{name: Device Activity Policy, policyWeight: 20.000, response: {33, 0.00, [{deviceActivity == 1}]}}
 ], Decision: MNP}
default	00:53:53.041441-0700	dasd	com.apple.photoanalysisd.highlightenrichment:FA6D9F:[
	{name: Result Dependency Policy, policyWeight: 0.001, response: {100, 0.00, [{dependencySatisfaction == 0}]}}
	{name: Device Activity Policy, policyWeight: 20.000, response: {33, 0.00, [{deviceActivity == 1}]}}
 ], Decision: AMNP}
default	00:53:53.042208-0700	dasd	com.apple.mediaanalysisd.photos.face:DDD484:[
	{name: Device Activity Policy, policyWeight: 20.000, response: {33, 0.00, [{deviceActivity == 1}]}}
 ], Decision: MNP}
default	00:53:53.043039-0700	dasd	com.apple.mediaanalysisd.photos.ocr:D35767:[
	{name: Device Activity Policy, policyWeight: 20.000, response: {33, 0.00, [{deviceActivity == 1}]}}
 ], Decision: MNP}
default	00:53:53.043826-0700	dasd	com.apple.mediaanalysisd.photos.visualsearch:1C1424:[
	{name: Device Activity Policy, policyWeight: 20.000, response: {33, 0.00, [{deviceActivity == 1}]}}
 ], Decision: MNP}
default	00:53:53.044794-0700	dasd	com.apple.spotlightknowledged.task.keyphrases:2209FB:[
	{name: Device Activity Policy, policyWeight: 20.000, response: {33, 0.00, [{deviceActivity == 1}]}}
 ], Decision: MNP}
default	00:53:53.045839-0700	dasd	com.apple.mediaanalysisd.photos.scene:B2B6F8:[
	{name: Device Activity Policy, policyWeight: 20.000, response: {33, 0.00, [{deviceActivity == 1}]}}
 ], Decision: MNP}
default	00:53:53.046654-0700	dasd	com.apple.mediaanalysisd.photos.full.cluster:7F7820:[
	{name: Device Activity Policy, policyWeight: 20.000, response: {33, 0.00, [{deviceActivity == 1}]}}
 ], Decision: MNP}
default	00:53:53.047553-0700	dasd	com.apple.mediaanalysisd.photos.full:CADEB7:[
	{name: Device Activity Policy, policyWeight: 20.000, response: {33, 0.00, [{deviceActivity == 1}]}}
 ], Decision: MNP}
default	00:53:53.048327-0700	dasd	com.apple.photoanalysisd.backgroundanalysis:83AC00:[
	{name: Device Activity Policy, policyWeight: 20.000, response: {33, 0.00, [{deviceActivity == 1}]}}
 ], Decision: MNP}
default	00:53:53.049154-0700	dasd	com.apple.mediaanalysisd.photos.person:D76E79:[
	{name: Device Activity Policy, policyWeight: 20.000, response: {33, 0.00, [{deviceActivity == 1}]}}
 ], Decision: MNP}
default	00:53:53.050115-0700	dasd	com.apple.widget.com.apple.ScreenTimeWidgetApplication.ScreenTimeWidgetExtension::com.apple.ScreenTimeWidgetApplication::7227504733474769685:DDAC7E:[
	{name: Widget Refresh Policy, policyWeight: 0.010, response: {33, 0.00, [{IndividualBalance == -2147483648}]}}
 ], Decision: MNP}
default	00:53:53.051501-0700	dasd	com.apple.eventkitsync.retrysync:7BDCBA:[
	{name: Default Paired Nearby Policy, policyWeight: 1.000, response: {33, 0.00, [{defaultPairedIsNearby == 0}]}}
	{name: Battery Level Policy, policyWeight: 1.000, response: {33, 0.00, [{(batteryLevel == 95 AND pluggedIn == 1) AND watchBatteryLevel == 6}]}}
 ], Decision: MNP}
default	00:53:53.052448-0700	dasd	com.apple.widget.com.apple.Batteries.BatteriesAvocadoWidgetExtension::BatteriesAvocadoWidget:646815:[
	{name: Widget Refresh Policy, policyWeight: 0.010, response: {33, 0.00, [{IndividualBalance == -1}]}}
 ], Decision: MNP}
default	00:53:53.053432-0700	dasd	com.apple.widget.com.pointabout.washingtonpost.ModernWidget::FusionWidgetKind::6977413514836774420:96B864:[
	{name: Widget Refresh Policy, policyWeight: 0.010, response: {33, 0.00, [{IndividualBalance == -1}]}}
 ], Decision: MNP}
default	00:53:53.054506-0700	dasd	Processing query request for <private>
default	00:53:53.055702-0700	dasd	bgRefresh-com.nytimes.NYTimes.appRefresh:7E191B:[
	{name: Application Policy, policyWeight: 50.000, response: {33, 0.00}}
 ], Decision: MNP}
default	00:53:53.056097-0700	dasd	Processing query request for <private>
default	00:53:53.057080-0700	dasd	bgRefresh-com.google.calendar.bgtask.fetch:3DF1C8:[
	{name: Application Policy, policyWeight: 50.000, response: {33, 0.00}}
 ], Decision: MNP}
default	00:53:53.057734-0700	dasd	Processing query request for <private>
default	00:53:53.058783-0700	dasd	bgRefresh-JudgmentBackgroundUpload:455816:[
	{name: Application Policy, policyWeight: 50.000, response: {33, 0.00}}
 ], Decision: MNP}
default	00:53:53.059429-0700	dasd	Processing query request for <private>
default	00:53:53.060575-0700	dasd	bgRefresh-com.pointabout.washingtonpost.refresh:DACCFF:[
	{name: Application Policy, policyWeight: 50.000, response: {33, 0.00}}
 ], Decision: MNP}
default	00:53:53.061722-0700	dasd	Processing query request for com.atebits.Tweetie2
default	00:53:53.062830-0700	dasd	bgRefresh-com.twitter.notifications.updateNotificationAuthorizationStatus:322DC0:[
	{name: Application Policy, policyWeight: 50.000, response: {33, 0.00}}
 ], Decision: MNP}
default	00:53:53.063544-0700	dasd	Processing query request for <private>
default	00:53:53.064414-0700	dasd	bgRefresh-com.google.hub.bgtask.refresh:FE843E:[
	{name: Application Policy, policyWeight: 50.000, response: {33, 0.00}}
 ], Decision: MNP}
default	00:53:53.065299-0700	dasd	Processing query request for <private>
default	00:53:53.066215-0700	dasd	bgRefresh-com.google.photos.bgtask.refresh:2E68E5:[
	{name: Application Policy, policyWeight: 50.000, response: {33, 0.00}}
 ], Decision: MNP}
default	00:53:53.066867-0700	runningboardd	PERF: Received lookupHandleForPredicate request from [osservice<com.apple.dasd>:88] (euid 501, auid 501) (persona (null))
error	00:53:53.068270-0700	dasd	Error obtaining RBS process handle: Error Domain=RBSRequestErrorDomain Code=3 UserInfo={NSLocalizedFailureReason=<private>}
default	00:53:53.068938-0700	dasd	com.apple.pushLaunch.com.burbn.instagram:01CD9D:[
	{name: Application Policy, policyWeight: 50.000, response: {100, 0.00, [{[pushDisallowed]: Required:0.00, Observed:1.00},]}}
 ], Decision: AMNP}
default	00:53:53.069314-0700	runningboardd	PERF: Received lookupHandleForPredicate request from [osservice<com.apple.dasd>:88] (euid 501, auid 501) (persona (null))
error	00:53:53.069917-0700	dasd	Error obtaining RBS process handle: Error Domain=RBSRequestErrorDomain Code=3 UserInfo={NSLocalizedFailureReason=<private>}
default	00:53:53.070636-0700	dasd	com.apple.pushLaunch.com.statefarm.mobile.iphone:92AC23:[
	{name: Application Policy, policyWeight: 50.000, response: {100, 0.00, [{[pushDisallowed]: Required:0.00, Observed:1.00},]}}
 ], Decision: AMNP}
default	00:53:53.071003-0700	runningboardd	PERF: Received lookupHandleForPredicate request from [osservice<com.apple.dasd>:88] (euid 501, auid 501) (persona (null))
error	00:53:53.071626-0700	dasd	Error obtaining RBS process handle: Error Domain=RBSRequestErrorDomain Code=3 UserInfo={NSLocalizedFailureReason=<private>}
default	00:53:53.072254-0700	dasd	com.apple.pushLaunch.com.google.GoogleMobile:B7C4F1:[
	{name: Application Policy, policyWeight: 50.000, response: {100, 0.00, [{[pushDisallowed]: Required:0.00, Observed:1.00},]}}
 ], Decision: AMNP}
default	00:53:53.072747-0700	dasd	com.apple.knowledgestore.sync:EA21A2:[
	{name: Device Activity Policy, policyWeight: 20.000, response: {33, 0.00, [{deviceActivity == 1}]}}
 ], Decision: MNP}
default	00:53:53.073400-0700	dasd	com.apple.sensorkit.syncCompanionStateToGizmo:B870E7:[
	{name: Default Paired Nearby Policy, policyWeight: 1.000, response: {33, 0.00, [{defaultPairedIsNearby == 0}]}}
	{name: Battery Level Policy, policyWeight: 1.000, response: {33, 0.00, [{(batteryLevel == 95 AND pluggedIn == 1) AND watchBatteryLevel == 6}]}}
 ], Decision: MNP}
default	00:53:53.074023-0700	dasd	com.apple.sensorkit.syncCompanionStateToGizmoLocked:C2A79B:[
	{name: Default Paired Nearby Policy, policyWeight: 1.000, response: {33, 0.00, [{defaultPairedIsNearby == 0}]}}
	{name: Battery Level Policy, policyWeight: 1.000, response: {33, 0.00, [{(batteryLevel == 95 AND pluggedIn == 1) AND watchBatteryLevel == 6}]}}
 ], Decision: MNP}
default	00:53:53.074461-0700	dasd	com.apple.siri.car.PnRCarPlayOnDeviceWorker.hourly:196D22:[
	{name: Device Activity Policy, policyWeight: 20.000, response: {33, 0.00, [{deviceActivity == 1}]}}
 ], Decision: MNP}
default	00:53:53.074958-0700	dasd	com.apple.lighthouse.pnrondeviceworker.hourly:A4D383:[
	{name: Device Activity Policy, policyWeight: 20.000, response: {33, 0.00, [{deviceActivity == 1}]}}
 ], Decision: MNP}
default	00:53:53.089412-0700	dasd	Setting timer (isWaking=1, activityRequiresWaking=0) between <private> and <private> for <private>
default	00:54:19.024009-0700	kernel	wlan0:com.apple.p2p.awdl0: isInfraRealtimePacketThresholdAllowed allowed:1 option:32 threshold:50 noRegistrations:1 cachedPeerCount:0 fastDiscoveryInactive:1 fastDiscoveryOnSince:82894893
default	00:54:19.024116-0700	kernel	wlan0:com.apple.p2p.awdl0: currentInfraTrafficType:9274 checking if realtime upgrade required with inputPackets:3 outputPackets:2 packetThreshold:50
default	00:54:19.070935-0700	kernel	ANE0: aneFirmwareCommandSend: Skip waiting for response
default	00:54:19.070947-0700	kernel	ANE0: aneFirmwareCommandSend: Skip waiting for response
default	00:54:19.070954-0700	kernel	ANE0: aneFirmwareCommandSend: Skip waiting for response
default	00:54:19.169538-0700	kernel	ANE0: aneFirmwareCommandSend: Skip waiting for response
default	00:54:19.169548-0700	kernel	ANE0: aneFirmwareCommandSend: Skip waiting for response
default	00:54:19.169976-0700	kernel	ANE0: aneFirmwareCommandSend: Skip waiting for response
default	00:54:19.240737-0700	UserEventAgent	performEisMeasurement performEisMeasurement entry wrapper = 0x8eec9c460
default	00:54:19.240755-0700	identityservicesd	calling continuityDidDiscoverType:Activity withData:<private> fromPeer:<private>
default	00:54:19.240847-0700	UserEventAgent	Setting gAssertionsOffloader timeout to 500
default	00:54:19.241442-0700	kernel	readRegs: 0xc: 1, a3
default	00:54:19.241456-0700	kernel	AppleCBTL1614::getConDet: connected
default	00:54:19.241466-0700	kernel	readRegs: 0x1: 1, 81
default	00:54:19.241625-0700	kernel	readRegs: 0x2: 1, 0
default	00:54:19.241748-0700	kernel	readRegs: 0x3: 1, 0
default	00:54:19.242007-0700	kernel	readRegs: 0x5: 1, 0
default	00:54:19.242171-0700	kernel	readRegs: 0x6: 1, 10
default	00:54:19.242424-0700	kernel	readRegs: 0x7: 1, 1
default	00:54:19.242582-0700	kernel	readRegs: 0xa: 1, 0
default	00:54:19.242783-0700	kernel	readRegs: 0x1e: 1, 70
default	00:54:19.242794-0700	kernel	AppleCBTL1614::selectEisPin: Port-Lightning: LDCM State before precal: DX_CTL:0x81, ACC_CTL:0x0, DCP_CTRL:0x0, MISC_CTRL:0x0, DIG_ID:0x10, HYDRA_CTRL:0x1, EVENT1:0x0, CON_DET:0x70, error:0x0
default	00:54:19.243697-0700	kernel	+ Codec AppleCS42L7xLdcmBypassRequestARMFunction callFunction:5631 param1=<decode: bad range for [%p] got [offs:13 len:0 within:0]> _codec=<decode: bad range for [%p] got [offs:13 len:0 within:0]>
default	00:54:19.243710-0700	kernel	Codec AppleCS42L7xLdcmBypassRequestARMFunction callFunction:5638 enable=0 Success
default	00:54:19.243717-0700	kernel	- Codec AppleCS42L7xLdcmBypassRequestARMFunction callFunction:5645 param1=<decode: bad range for [%p] got [offs:13 len:0 within:0]> _codec=<decode: bad range for [%p] got [offs:13 len:0 within:0]> ret=0
default	00:54:19.243724-0700	kernel	readRegs: 0x7: 1, 1
default	00:54:19.244435-0700	audiomxd	             AQIONode.cpp:344   AQIONodeClient 0xc5a8c5238: can record: 1
default	00:54:19.244688-0700	UserEventAgent	[0x8ee466800] activating connection: mach=true listener=false peer=false name=com.apple.tccd
default	00:54:19.245718-0700	tccd	[0xc60c7fc00] activating connection: mach=false listener=false peer=true name=com.apple.tccd.peer[32].0xc60c7fc00
default	00:54:19.245779-0700	tccd	REQUEST: tccd_uid=501, sender_pid=32, sender_uid=0, sender_auid=-1, function=TCCAccessRequest, msgID=32.1645
default	00:54:19.246408-0700	tccd	AUTHREQ_CTX: msgID=32.1645, function=TCCAccessRequest, service=kTCCServiceMicrophone, preflight=yes, query=1, client_dict=(null), daemon_dict=<private>
default	00:54:19.246443-0700	tccd	AUTHREQ_ATTRIBUTION: msgID=32.1645, attribution={requesting={TCCDProcess: identifier=com.apple.UserEventAgent, pid=32, auid=0, euid=0, binary_path=/usr/libexec/UserEventAgent}, },
default	00:54:19.248872-0700	tccd	BUNDLE_ATTRIBUTION: attributed bundle file:///usr/libexec/ has no identifier and is not valid.
error	00:54:19.249073-0700	tccd	IDENTITY_ATTRIBUTION: Refusing executable path (/usr/libexec/UserEventAgent) which is not a bundle
error	00:54:19.249089-0700	tccd	Unable to construct an identity to kTCCServiceMicrophone, Resp:{TCCDProcess: identifier=com.apple.UserEventAgent, pid=32, auid=0, euid=0, binary_path=/usr/libexec/UserEventAgent}
default	00:54:19.249106-0700	tccd	AUTHREQ_RESULT: msgID=32.1645, authValue=0, authReason=1, authVersion=1, desired_auth=0, error=Error Domain=kTCCErrorDomain Code=2 "Unable to construct an identity to kTCCServiceMicrophone, Resp:{TCCDProcess: identifier=com.apple.UserEventAgent, pid=32, auid=0, euid=0, binary_path=/usr/libexec/UserEventAgent}" UserInfo={NSLocalizedDescription=Unable to construct an identity to kTCCServiceMicrophone, Resp:{TCCDProcess: identifier=com.apple.UserEventAgent, pid=32, auid=0, euid=0, binary_path=/usr/libexec/UserEventAgent}},
default	00:54:19.249174-0700	tccd	REPLY: (501) function=TCCAccessRequest, msgID=32.1645
error	00:54:19.249293-0700	UserEventAgent	Created Error: Error Domain=kTCCErrorDomain Code=2 "server error: Unable to construct an identity to kTCCServiceMicrophone, Resp:{TCCDProcess: identifier=com.apple.UserEventAgent, pid=32, auid=0, euid=0, binary_path=/usr/libexec/UserEventAgent}" UserInfo={NSDescription=server error: Unable to construct an identity to kTCCServiceMicrophone, Resp:{TCCDProcess: identifier=com.apple.UserEventAgent, pid=32, auid=0, euid=0, binary_path=/usr/libexec/UserEventAgent}}
error	00:54:19.249337-0700	UserEventAgent	              TCCUtils.mm:70    tcc_server_message_request_authorization(kTCCServiceMicrophone) failed: Error Domain=kTCCErrorDomain Code=2 "server error: Unable to construct an identity to kTCCServiceMicrophone, Resp:{TCCDProcess: identifier=com.apple.UserEventAgent, pid=32, auid=0, euid=0, binary_path=/usr/libexec/UserEventAgent}" UserInfo={NSDescription=server error: Unable to construct an identity to kTCCServiceMicrophone, Resp:{TCCDProcess: identifier=com.apple.UserEventAgent, pid=32, auid=0, euid=0, binary_path=/usr/libexec/UserEventAgent}}
default	00:54:19.249471-0700	UserEventAgent	[0x8ee466800] invalidated after the last release of the connection object
default	00:54:19.249985-0700	backboardd	[ALS] ts=82895.114 lux=5.912<private> xy=(0.541 0.459) chs=[0 98 92 240 200] CCT1=1333.234 gain=512x mode=<private> subsamples=24 rawLux=5.912 nits=46 xTalk=[0 0 0 0 0] status=0x9B copyEvent=0
default	00:54:19.250422-0700	UserEventAgent	           AURemoteIO.cpp:1130  AURemoteIO@0x8ef0ce440: set kAudioOutputUnitProperty_OutputChannelLayout.  Layout = tag=0x0, 0 channel descriptions [], err = 0
default	00:54:19.250531-0700	audiomxd	         RemoteIOServer.h:101   rio@0xc5a8c5200 Got output layout from io node or spatialized client: tag=0x0, 1 channel description [Mono]
default	00:54:19.251007-0700	audiomxd	         RemoteIOServer.h:101   rio@0xc5a8c5200 Got input layout from io node or spatialized client: tag=0x0, 2 channel descriptions [L, R]
default	00:54:19.251135-0700	audiomxd	       RemoteIOServer.cpp:1597  SetLoudnessFromLM(): ->
default	00:54:19.251153-0700	audiomxd	       RemoteIOServer.cpp:1636  SetLoudnessFromLM(): is CoreAudioServices/LoudnessManager enabled? yes
default	00:54:19.251159-0700	audiomxd	       RemoteIOServer.cpp:1639  SetLoudnessFromLM(): is CoreAudioServices/LoudnessManagerV2 enabled? yes
default	00:54:19.251171-0700	audiomxd	       RemoteIOServer.cpp:1642  SetLoudnessFromLM(): is CoreAudioServices/lm-disable-hardware-check on? no
default	00:54:19.251183-0700	audiomxd	       RemoteIOServer.cpp:1645  SetLoudnessFromLM(): is hardware supported? no
default	00:54:19.251225-0700	backboardd	Display 1 commitBrightness sdr: -1, headroom: -1, potential headroom: -1, ambient lux: 5.33333, filtered ambient: -1, brightness limit: -1, indicator brightness: -1 low ambient strength: -1, high ambient strength: -1, contrast preservation: -1, contrast enhancer: -1 brightness ctl disabled -1, unlogged brightness transactions:0
default	00:54:19.251355-0700	audiomxd	       RemoteIOServer.cpp:1657  SetLoudnessFromLM(): hardware not supported, Loudness Manager disabled
default	00:54:19.251636-0700	backboardd	Ammolite: Lux 5.912384 (delta 5.158988 / thr 10.000000)
default	00:54:19.252032-0700	UserEventAgent	       AudioConverter.cpp:1077  Created a new in process converter -> 0x8eef07c60, from  1 ch,  48000 Hz, Int16 to  1 ch,  48000 Hz, Float32 (actually:  1 ch,  48000 Hz, Float32)
default	00:54:19.252042-0700	UserEventAgent	       AudioConverter.cpp:1327  AudioConverter -> 0x8eef07c60: The in-process GetProperty call returned 1886547824 for property 1936876385 with size 4.
default	00:54:19.252051-0700	UserEventAgent	       AudioConverter.cpp:1327  AudioConverter -> 0x8eef07c60: The in-process GetProperty call returned 1886547824 for property 1936876401 with size 4.
default	00:54:19.252090-0700	UserEventAgent	AudioConverter -> 0x8eef07c60: The in-process SetProperty call returned 1886547824 for property 1886547309 with size 4.
default	00:54:19.252101-0700	UserEventAgent	       AudioConverter.cpp:1327  AudioConverter -> 0x8eef07c60: The in-process GetProperty call returned 1886547824 for property 1886546285 with size 8.
default	00:54:19.252176-0700	tccd	[0xc60c7fc00] invalidated because the client process (pid 32) either cancelled the connection or exited
default	00:54:19.252201-0700	UserEventAgent	       AudioConverter.cpp:1077  Created a new in process converter -> 0x8eef063d0, from  2 ch,  48000 Hz, Float32, deinterleaved to  2 ch,  48000 Hz, Int16, interleaved
default	00:54:19.252280-0700	UserEventAgent	       AudioConverter.cpp:1327  AudioConverter -> 0x8eef063d0: The in-process GetProperty call returned 1886547824 for property 1936876385 with size 4.
default	00:54:19.252290-0700	UserEventAgent	       AudioConverter.cpp:1327  AudioConverter -> 0x8eef063d0: The in-process GetProperty call returned 1886547824 for property 1936876401 with size 4.
default	00:54:19.252298-0700	UserEventAgent	AudioConverter -> 0x8eef063d0: The in-process SetProperty call returned 1886547824 for property 1886547309 with size 4.
default	00:54:19.252305-0700	UserEventAgent	       AudioConverter.cpp:1327  AudioConverter -> 0x8eef063d0: The in-process GetProperty call returned 1886547824 for property 1886546285 with size 8.
default	00:54:19.252445-0700	UserEventAgent	           AURemoteIO.cpp:1666  Starting AURemoteIO(0x8ef0ce440)
output client:  1 ch,  48000 Hz, Int16, output HW:  1 ch,  48000 Hz, Float32
input client:   2 ch,  48000 Hz, Int16, interleaved, input HW:   2 ch,  48000 Hz, Float32, deinterleaved
default	00:54:19.252504-0700	audiomxd	       AUOOPWorkgroups.mm:30    AUOOPWorkgroupManager: AddRemoteIOWorkgroup called with token 478455.
default	00:54:19.252511-0700	audiomxd	       AUOOPWorkgroups.mm:66    AUOOPWorkgroupManager: mutating workgroups.
default	00:54:19.252537-0700	audiomxd	       AUOOPWorkgroups.mm:308   AUOOPWorkgroupManager: propagating workgroups.
default	00:54:19.252557-0700	audiomxd	       AUOOPWorkgroups.mm:343   AUOOPWorkgroupManager: notifying workgroup listeners. Added :2, removed: 0
default	00:54:19.252566-0700	audiomxd	    AudioConverterOOP.cpp:250   AudioConverterOOP -> Received a workgroup update notification. Notifying the service to synchronize workgroups. ValidConverter? 1
default	00:54:19.253432-0700	AudioConverterService	 RemoteAudioConverter.cpp:243   AudioConverterOOP -> Received workgroup synchronization notice in the service.
default	00:54:19.253448-0700	AudioConverterService	       AUOOPWorkgroups.mm:356   AUOOPWorkgroupManager: Updating workgroups
default	00:54:19.253505-0700	UserEventAgent	           AURemoteIO.cpp:1727  workgroup port 0xade87
default	00:54:19.253611-0700	UserEventAgent	       AUOOPWorkgroups.mm:30    AUOOPWorkgroupManager: AddRemoteIOWorkgroup called with token 136004.
default	00:54:19.253633-0700	UserEventAgent	       AUOOPWorkgroups.mm:66    AUOOPWorkgroupManager: mutating workgroups.
error	00:54:19.253866-0700	audiomxd	             AQIONode.cpp:603   client <RemoteIOClient@0xc5a8c5200(@0xc5a8c5440); output; CMSession(UserEventAgent[32], 0xffffffff)>: could not fetch audio session category (err = 1768843583)
error	00:54:19.253876-0700	audiomxd	       MEMixerChannel.cpp:4683  GetParameters unimplemented for param 14
default	00:54:19.253884-0700	audiomxd	             AQIONode.cpp:744   client <RemoteIOClient@0xc5a8c5200(@0xc5a8c5440); output; CMSession(UserEventAgent[32], 0xffffffff)> is NOT Now Playing eligible
default	00:54:19.254129-0700	audiomxd	           AQMEIO_HAL.cpp:1563  User-selected BT device category is 0
default	00:54:19.254281-0700	audiomxd	SpatializationManager.cpp:184   Spatial info for session ID = 0xffffffff: {
	App bundle ID = (null)
	Route = built-in speakers
	contentType = 'soun'
	isRunning = 1
	overrideSpatialMode = 0
	preferencesVersion = 1

	Spatial preferences: {
		prefersHeadTrackedSpatialization = 0
		prefersLossyAudioSources = 0
		maxSpatializableChannels = 16
		alwaysSpatialize = 0
		spatialAudioSourceCount = 1
		spatialAudioSources = [ 'mlti' ]
	}
}
error	00:54:19.254460-0700	audiomxd	             AQIONode.cpp:603   client <RemoteIOClient@0xc5a8c5200(@0xc5a8c5440); output; CMSession(UserEventAgent[32], 0xffffffff)>: could not fetch audio session category (err = 1768843583)
error	00:54:19.254503-0700	audiomxd	       MEMixerChannel.cpp:4683  GetParameters unimplemented for param 14
default	00:54:19.254514-0700	audiomxd	 MEDeviceStreamClient.cpp:245   AQME Device-VirtualAudioDevice_LDCM: client starting: <RemoteIOClient@0xc5a8c5200(@0xc5a8c5440); output; CMSession(UserEventAgent[32], 0xffffffff)>; running count now 1
default	00:54:19.254523-0700	audiomxd	           AQMEIO_HAL.cpp:2857  FetchAndLogFrameSize starting IO deviceID=176, frame size is 1024
default	00:54:19.254754-0700	audiomxd	HP_HardwarePlugInInterface.cpp:599   Client request to start IO proc ID 0xc5b288000 on VAD: '[ type: vlqd; id: 176; addr: 0xc5a8f1c00; context id: 0; hidden: 0; VA strms: { i/181/0xc5b045b80, o/182/0xc5b045c20 }; agg dev: [ id: 153; addr: 0xc5b740500; uid: "VAD [vlqd] AggDev 4"; virt strms: { i/0xc5b454400, o/0xc5b454800 }; phys devs: { { [ id: 89; addr: 0xc5b399198; uid: "Halogen"; streams: { i/91/0xc5af96bd8, o/90/0xc5af96cb8 } ] } } ] ]'.
default	00:54:19.254801-0700	audiomxd	      VirtualAudioQueue.h:171   :635:: IOProc (AggregateDevice 153, IO type NonNullIOProc) running state is now running (2).
default	00:54:19.254861-0700	audiomxd	AggregateDevice_Common.cpp:1099  Current HAL IOProc format is [ 32/48000/2; flags: 0x9; bpp: 8; fpp: 1; Bpf: 8 ]
default	00:54:19.254988-0700	audiomxd	AggregateDevice_Common.cpp:1099  Current HAL IOProc format is [ 32/48000/1; flags: 0x9; bpp: 4; fpp: 1; Bpf: 4 ]
default	00:54:19.255074-0700	audiomxd	AggregateDevice_Common.cpp:1220  Updated IOProcCache for VAD 'vlqd'. NumStreams: 1 SampleRate: 48000.000000
default	00:54:19.255093-0700	audiomxd	      AggregateDevice.cpp:577   Disabling HAL data taps, Setting kAudioDevicePropertyEnableCaptureFile to 0
default	00:54:19.255157-0700	audiomxd	AggregateDevice_Common.cpp:423   Starting IO type 0 on AggregateDevice 153.
default	00:54:19.255167-0700	audiomxd	HALS_IOContext_Legacy_Impl.cpp:369    HALS_IOContext_Legacy_Impl::Server_Internal_StartIOProcID: 157 Halogen (VAD [vlqd] AggDev 4):
default	00:54:19.255204-0700	audiomxd	HALS_IOContext_Legacy_Impl.cpp:375    				starting ProcID 0x21 state: Prewarm: 0 Play: 0 State: Stopped IOProc 0x21: no
default	00:54:19.255458-0700	audiomxd	HALS_IOContext_Legacy_Impl.cpp:1720   HALS_IOContext_Legacy_Impl::IOWorkLoopInit: 157 Halogen (VAD [vlqd] AggDev 4): starting
default	00:54:19.255491-0700	audiomxd	       HALS_IOEngine2.cpp:2259   HALS_IOEngine2::StartIO: starting IO on device <private>
default	00:54:19.255690-0700	kernel	messageClients(0xe3ff8109)
default	00:54:19.256073-0700	audiomxd	  HALB_PowerAssertion.cpp:127    HALB_PowerAssertion::Take: taking power assertion ID 32781 of type 'PreventUserIdleSystemSleep' with name: 'com.apple.audio.VAD [vlqd] AggDev 4.context.preventuseridlesleep'
default	00:54:19.256155-0700	kernel	messageClients(0xe3ff8109)
default	00:54:19.256171-0700	kernel	AppleCS42L77Audio::_enableHalogen enable=1, _halogenEnabled=0
default	00:54:19.256181-0700	kernel	AppleCS42L77Audio::_configureMCLKForClient(inClient=3, inEnable=1) START [_audioClientsEnabled=0x1, clientRefCount=0, _rcoEn=1, _externalMCLKInEn=0, _primaryMCLKRefCount=0, _secondaryMCLKRefCount=0 _mclkOutEnabled=0]
default	00:54:19.256190-0700	kernel	AppleCS42L77Audio::_enableMCLK(inMCLK=1, inEnable=1, inBypassRefCount=0) START [_primaryMCLKRefCount:0, _secondaryMCLKRefCount:0, _rcoEnabled:1]
default	00:54:19.257422-0700	kernel	AppleCS42L77Audio::_enableMCLK(inMCLK=1, inEnable=1) END [_primaryMCLKRefCount:1, _secondaryMCLKRefCount:0, _rcoEnabled:1, errorCode: 0x0]
default	00:54:19.257451-0700	kernel	AppleCS42L77Audio::_configureMCLKForClient(inClient=3, inEnable=1) END [_audioClientsEnabled=0x9, clientRefCount=1, _rcoEn=0, _externalMCLKInEn=1, _primaryMCLKRefCount=1, _secondaryMCLKRefCount=0 _mclkOutEnabled=0, forceSwitchToRCO =0]
default	00:54:19.257472-0700	kernel	_getADCGain result:0 adc:20 gain:40
default	00:54:19.258078-0700	kernel	_getADCGain result:0 adc:21 gain:40
default	00:54:19.258753-0700	kernel	AppleCS42L77Audio::_ldcmPower :1 bypass:0
default	00:54:19.264324-0700	backboardd	Display 1 swap brightness: nan, limit: nan, indicator brightness: nan, ambient lux: nan, low ambient strength: nan, high ambient strength: nan, contrast preservation: nan, contrast enhancer: nan
default	00:54:19.269395-0700	kernel	ANE0: aneFirmwareCommandSend: Skip waiting for response
default	00:54:19.269644-0700	kernel	ANE0: aneFirmwareCommandSend: Skip waiting for response
default	00:54:19.269690-0700	kernel	ANE0: aneFirmwareCommandSend: Skip waiting for response
default	00:54:19.326972-0700	kernel	+ Halogen::startIOEngineGated()
default	00:54:19.327027-0700	kernel	+ Halogen startTransport
default	00:54:19.327542-0700	kernel	- Halogen startTransport ret=success(0)
default	00:54:19.327557-0700	kernel	- Halogen::startIOEngineGated() ret=success(0)
default	00:54:19.327650-0700	kernel	Halogen: streaming audio
default	00:54:19.327663-0700	audiomxd	      HALS_IOA2Device.cpp:2272   HALS_IOA2Device::IOAudio2DeviceNotificationPortMessageHandler: <private>|89 +++++++++------>
default	00:54:19.327673-0700	audiomxd	      HALS_IOA2Device.cpp:2349   HALS_IOA2Device::IOAudio2DeviceNotificationPortMessageHandler: <private>|89 <------+++++++++
default	00:54:19.327713-0700	audiomxd	       AudioConverter.cpp:1077  Created a new in process converter -> 0xc57589860, from  1 ch,  48000 Hz, Float32 to  1 ch,  48000 Hz, Int16
default	00:54:19.327900-0700	audiomxd	       AudioConverter.cpp:1077  Created a new in process converter -> 0xc57588510, from  2 ch,  48000 Hz, Int16, interleaved to  2 ch,  48000 Hz, Float32, interleaved
default	00:54:19.328124-0700	audiomxd	              HALS_IOEngine2.cpp:2625  		HALS_IOEngine2::_StartIO(96) succeeded on Context 157  new state: Prewarm: 0 Play: 1 State: Running
default	00:54:19.333338-0700	audiomxd	           AQMEIO_HAL.cpp:2826  aqmeio@0xc5a8c1800, device 176 (VirtualAudioDevice_LDCM), AudioDeviceStart (err 0)
default	00:54:19.333533-0700	audiomxd	VirtualAudio_IONotificationManager.cpp:185   UpdateAndNotify() - need to notify I/O state = 1 new I/O running state = 1 previous I/O running state = 0
default	00:54:19.333554-0700	audiomxd	VirtualAudio_IONotificationManager.cpp:193   Sending notification "com.apple.coreaudio.IORunning" of I/O running state 1 forced notification = 0
default	00:54:19.334603-0700	powerexperienced	Audio playback started current_state 1. Creating a resource hint
default	00:54:19.334748-0700	powerexperienced	ResourceConnection:updateResourceHint <private> with state 1
default	00:54:19.335134-0700	powerexperienced	updating resource state for <private>:AudioPlayback from 0 to 1
default	00:54:19.335197-0700	powerexperienced	evaluatePowerMode: <private>: 0 display 1, carPlaySession 0, nFCSession 0, audioSession 1, sleepInProgress 0, wakeInProgress 0, onenessSession 0, siriAudio 0, fitnessIntelligence 0, dataMigrationInProgress 0, pluggedIn 1 (allowOnCharger: 0)
default	00:54:19.335402-0700	powerexperienced	inUse displayOn 1, carPlaySession 0, cameraActive 0, hotspotActive 0, audioSession 0, phoneCall 0, onenessActive 0, siriAudio 0
default	00:54:19.335483-0700	powerexperienced	inUse displayOn 1, carPlaySession 0, cameraActive 0, hotspotActive 0, audioSession 0, phoneCall 0, onenessActive 0, siriAudio 0
default	00:54:19.335494-0700	powerexperienced	inUse displayOn 1, carPlaySession 0, cameraActive 0, hotspotActive 0, audioSession 0, phoneCall 0, onenessActive 0, siriAudio 0
default	00:54:19.335501-0700	powerexperienced	inUse displayOn 1, carPlaySession 0, cameraActive 0, hotspotActive 0, audioSession 0, phoneCall 0, onenessActive 0, siriAudio 0
default	00:54:19.335510-0700	powerexperienced	inUse displayOn 1, carPlaySession 0, cameraActive 0, hotspotActive 0, audioSession 0, phoneCall 0, onenessActive 0, siriAudio 0
default	00:54:19.335516-0700	powerexperienced	inUse displayOn 1, carPlaySession 0, cameraActive 0, hotspotActive 0, audioSession 0, phoneCall 0, onenessActive 0, siriAudio 0
default	00:54:19.335524-0700	powerexperienced	inUse displayOn 1, carPlaySession 0, cameraActive 0, hotspotActive 0, audioSession 0, phoneCall 0, onenessActive 0, siriAudio 0
default	00:54:19.335532-0700	powerexperienced	Updated CLPC with power target for workload 1 value 65.000000
default	00:54:19.335540-0700	powerexperienced	Updated CLPC with power target for workload 2 value 65.000000
default	00:54:19.335549-0700	powerexperienced	Resetting Background and Utility Power Budgets
default	00:54:19.335556-0700	powerexperienced	Updated CLPC with power target for workload 1 value 65.000000
default	00:54:19.335562-0700	powerexperienced	Updated CLPC with power target for workload 2 value 65.000000
default	00:54:19.335567-0700	powerexperienced	Clearing state
default	00:54:19.335575-0700	powerexperienced	Updated CLPC with power target for workload 1 value 65.000000
default	00:54:19.335592-0700	powerexperienced	Updated CLPC with power target for workload 2 value 65.000000
default	00:54:19.335599-0700	powerexperienced	Resetting Background and Utility Power Budgets
default	00:54:19.335607-0700	powerexperienced	Updated CLPC with power target for workload 1 value 65.000000
default	00:54:19.335627-0700	powerexperienced	Updated CLPC with power target for workload 2 value 65.000000
default	00:54:19.335822-0700	powerexperienced	No active mitigations
default	00:54:19.338131-0700	powerexperienced	Updating SMC with debug mode ActiveWarmWorkload:0
error	00:54:19.338932-0700	powerexperienced	Write failed for key '<private>' (0x0, 0x84)
error	00:54:19.339004-0700	powerexperienced	Key not found
default	00:54:19.339020-0700	powerexperienced	Updating SMC with debug mode ActiveLowPowerMode:0
error	00:54:19.339379-0700	powerexperienced	Write failed for key '<private>' (0x0, 0x84)
error	00:54:19.339410-0700	powerexperienced	Key not found
default	00:54:19.339566-0700	powerexperienced	Updating SMC with debug mode ActiveWarmWorkload:0
error	00:54:19.340060-0700	powerexperienced	Write failed for key '<private>' (0x0, 0x84)
error	00:54:19.340075-0700	powerexperienced	Key not found
default	00:54:19.340234-0700	powerexperienced	Updating SMC with debug mode ActiveLowPowerMode:0
error	00:54:19.340670-0700	powerexperienced	Write failed for key '<private>' (0x0, 0x84)
error	00:54:19.340679-0700	powerexperienced	Key not found
default	00:54:19.355802-0700	audiomxd	 MEDeviceStreamClient.cpp:245   AQME Device-VirtualAudioDevice_LDCM: client starting: <RemoteIOClient@0xc5a8c5200(@0xc5a8c5238); input; CMSession(UserEventAgent[32], 0xffffffff)>; running count now 1
default	00:54:19.355870-0700	audiomxd	           AQMEIO_HAL.cpp:1753  Could not get active ports for audioDeviceID 0xb0
default	00:54:19.369313-0700	kernel	ANE0: aneFirmwareCommandSend: Skip waiting for response
default	00:54:19.369354-0700	kernel	ANE0: aneFirmwareCommandSend: Skip waiting for response
default	00:54:19.369748-0700	kernel	ANE0: aneFirmwareCommandSend: Skip waiting for response
default	00:54:19.468997-0700	kernel	ANE0: aneFirmwareCommandSend: Skip waiting for response
default	00:54:19.469048-0700	kernel	ANE0: aneFirmwareCommandSend: Skip waiting for response
default	00:54:19.469269-0700	kernel	ANE0: aneFirmwareCommandSend: Skip waiting for response
default	00:54:19.499867-0700	backboardd	[ALS] ts=82895.365 lux=6.385<private> xy=(0.538 0.462) chs=[5 112 99 254 221] CCT1=1620.548 gain=512x mode=<private> subsamples=24 rawLux=6.385 nits=46 xTalk=[0 0 0 0 0] status=0x9B copyEvent=0
default	00:54:19.500957-0700	backboardd	Ammolite: Lux 6.384621 (delta 5.631225 / thr 10.000000)
default	00:54:19.505115-0700	kernel	readRegs: 0xc: 1, a3
default	00:54:19.505127-0700	kernel	AppleCBTL1614::getConDet: connected
default	00:54:19.505281-0700	kernel	readRegs: 0x7: 1, 1
default	00:54:19.505461-0700	kernel	writeRegs: 0x7: 1, 81
default	00:54:19.505558-0700	kernel	readRegs: 0x1: 1, 81
default	00:54:19.505811-0700	kernel	readRegs: 0x2: 1, 0
default	00:54:19.506035-0700	kernel	readRegs: 0x3: 1, 0
default	00:54:19.506206-0700	kernel	readRegs: 0x5: 1, 0
default	00:54:19.506468-0700	kernel	readRegs: 0x6: 1, 10
default	00:54:19.506659-0700	kernel	readRegs: 0x7: 1, 81
default	00:54:19.506892-0700	kernel	readRegs: 0xa: 1, 0
default	00:54:19.507117-0700	kernel	readRegs: 0x1e: 1, 70
default	00:54:19.507129-0700	kernel	AppleCBTL1614::selectEisPin: Port-Lightning: LDCM State before measurement: DX_CTL:0x81, ACC_CTL:0x0, DCP_CTRL:0x0, MISC_CTRL:0x0, DIG_ID:0x10, HYDRA_CTRL:0x81, EVENT1:0x0, CON_DET:0x70, error:0x0
default	00:54:19.566281-0700	nsurlsessiond	Triggering periodic update to powerlog for client <private>
default	00:54:19.568788-0700	kernel	ANE0: aneFirmwareCommandSend: Skip waiting for response
default	00:54:19.568829-0700	kernel	ANE0: aneFirmwareCommandSend: Skip waiting for response
default	00:54:19.569092-0700	kernel	ANE0: aneFirmwareCommandSend: Skip waiting for response
default	00:54:19.589382-0700	identityservicesd	Cleanup timer fired.
default	00:54:19.589400-0700	identityservicesd	Closing our SD database.
default	00:54:19.595418-0700	WirelessRadioManagerd	<private>
default	00:54:19.596139-0700	wifid	Copy current network requested by "WirelessRadioManagerd"
default	00:54:19.597008-0700	wifid	__WiFiDeviceManagerEvaluateAPEnvironment: WiFiRoam : BSS List info for network : snorper : chanCount5GHz: [6] chanCount24GHz: [3] chanCount6GHz: [0]
default	00:54:19.597033-0700	wifid	__WiFiDeviceManagerEvaluateAPEnvironment: WiFiRoam : AP environment is Multi AP for snorper(c2:a7:31:94:c7:a3). Last applied environment is Multi AP. Early exit ? : [0]. augmented from scan results ? : [1]
default	00:54:19.599246-0700	wifid	Copy current network requested by "WirelessRadioManagerd"
default	00:54:19.599476-0700	wifid	__WiFiDeviceManagerEvaluateAPEnvironment: WiFiRoam : BSS List info for network : snorper : chanCount5GHz: [6] chanCount24GHz: [3] chanCount6GHz: [0]
default	00:54:19.599492-0700	wifid	__WiFiDeviceManagerEvaluateAPEnvironment: WiFiRoam : AP environment is Multi AP for snorper(c2:a7:31:94:c7:a3). Last applied environment is Multi AP. Early exit ? : [0]. augmented from scan results ? : [1]
default	00:54:19.611617-0700	UserEventAgent	           AURemoteIO.cpp:1741  Stopping AURemoteIO(0x8ef0ce440)
default	00:54:19.611903-0700	audiomxd	           AQMEIO_HAL.cpp:2857  FetchAndLogFrameSize GetCurrentIOBufferFrameSize deviceID=176, frame size is 1024
default	00:54:19.632987-0700	audiomxd	             AQIONode.cpp:744   client <RemoteIOClient@0xc5a8c5200(@0xc5a8c5440); output; CMSession(UserEventAgent[32], 0xffffffff)> is NOT Now Playing eligible
default	00:54:19.633091-0700	audiomxd	 MEDeviceStreamClient.cpp:459   AQME Device-VirtualAudioDevice_LDCM: client stopping: <RemoteIOClient@0xc5a8c5200(@0xc5a8c5440); output; CMSession(UserEventAgent[32], 0xffffffff)>; running count now 0
default	00:54:19.633131-0700	audiomxd	 MEDeviceStreamClient.cpp:459   AQME Device-VirtualAudioDevice_LDCM: client stopping: <RemoteIOClient@0xc5a8c5200(@0xc5a8c5238); input; CMSession(UserEventAgent[32], 0xffffffff)>; running count now 0
default	00:54:19.633152-0700	audiomxd	           AQMEIO_HAL.cpp:2857  FetchAndLogFrameSize GetCurrentIOBufferFrameSize deviceID=176, frame size is 1024
default	00:54:19.654464-0700	audiomxd	aqmeio@0xc5a8c1800 Stop id=176
default	00:54:19.654500-0700	audiomxd	      VirtualAudioQueue.h:171   :679:: Client request to stop IO proc ID 0xc5b288000 on VAD: '[ type: vlqd; id: 176; addr: 0xc5a8f1c00; context id: 0; hidden: 0; VA strms: { i/181/0xc5b045b80, o/182/0xc5b045c20 }; agg dev: [ id: 153; addr: 0xc5b740500; uid: "VAD [vlqd] AggDev 4"; virt strms: {
default	00:54:19.654519-0700	audiomxd	HALS_IOContext_Legacy_Impl.cpp:489    HALS_IOContext_Legacy_Impl::Server_Internal_StopIOProcID: 157 Halogen (VAD [vlqd] AggDev 4):
default	00:54:19.654531-0700	audiomxd	       AUOOPWorkgroups.mm:38    AUOOPWorkgroupManager: RemoveRemoteIOWorkgroup called with token 478455.
default	00:54:19.654541-0700	audiomxd	HALS_IOContext_Legacy_Impl.cpp:495    HALS_IOContext_Legacy_Impl::Server_Internal_StopIOProcID: stopping 0x21 state: Prewarm: 0 Play: 1 State: Running IOProc 0x21: yes
default	00:54:19.654570-0700	kernel	AppleCS42L77Audio::_enableHalogen enable=0, _halogenEnabled=1
default	00:54:19.654784-0700	audiomxd	       AUOOPWorkgroups.mm:66    AUOOPWorkgroupManager: mutating workgroups.
default	00:54:19.654803-0700	audiomxd	       HALS_IOEngine2.cpp:2293   HALS_IOEngine2::StopIO: stopping IO on device <private>
default	00:54:19.654812-0700	audiomxd	       AUOOPWorkgroups.mm:308   AUOOPWorkgroupManager: propagating workgroups.
default	00:54:19.654819-0700	audiomxd	       AUOOPWorkgroups.mm:343   AUOOPWorkgroupManager: notifying workgroup listeners. Added :0, removed: 1
default	00:54:19.654834-0700	audiomxd	    AudioConverterOOP.cpp:250   AudioConverterOOP -> Received a workgroup update notification. Notifying the service to synchronize workgroups. ValidConverter? 1
default	00:54:19.654844-0700	audiomxd	      VirtualAudioQueue.h:171   :635:: IOProc (AggregateDevice 153, IO type NonNullIOProc) running state is now not running (0).
default	00:54:19.654859-0700	audiomxd	      VirtualAudioQueue.h:171   :616:: Stopping IO type 0 on AggregateDevice 153.
default	00:54:19.654867-0700	AudioConverterService	 RemoteAudioConverter.cpp:243   AudioConverterOOP -> Received workgroup synchronization notice in the service.
default	00:54:19.654875-0700	AudioConverterService	       AUOOPWorkgroups.mm:356   AUOOPWorkgroupManager: Updating workgroups
default	00:54:19.654918-0700	audiomxd	VirtualAudio_IONotificationManager.cpp:185   UpdateAndNotify() - need to notify I/O state = 1 new I/O running state = 0 previous I/O running state = 1
default	00:54:19.654930-0700	audiomxd	VirtualAudio_IONotificationManager.cpp:193   Sending notification "com.apple.coreaudio.IORunning" of I/O running state 0 forced notification = 0
default	00:54:19.655138-0700	UserEventAgent	       AUOOPWorkgroups.mm:38    AUOOPWorkgroupManager: RemoveRemoteIOWorkgroup called with token 136004.
default	00:54:19.655145-0700	UserEventAgent	       AUOOPWorkgroups.mm:66    AUOOPWorkgroupManager: mutating workgroups.
default	00:54:19.655569-0700	kernel	readRegs: 0xc: 1, a3
default	00:54:19.655580-0700	kernel	AppleCBTL1614::getConDet: connected
default	00:54:19.655694-0700	audiomxd	              HALS_IOEngine2.cpp:2687  HALS_IOEngine2::_StopIO(96) called on Context 157  current state: Prewarm: 0 Play: 1 State: Running
default	00:54:19.655800-0700	kernel	readRegs: 0x7: 1, 81
default	00:54:19.655829-0700	powerexperienced	Audio playback stopped. Dropping a resource hint
default	00:54:19.656014-0700	kernel	writeRegs: 0x7: 1, 1
default	00:54:19.656049-0700	powerexperienced	ResourceConnection:updateResourceHint <private> with state 0
default	00:54:19.656284-0700	kernel	readRegs: 0x1: 1, 81
default	00:54:19.656548-0700	powerexperienced	updating resource state for <private>:AudioPlayback from 1 to 0
default	00:54:19.656565-0700	powerexperienced	evaluatePowerMode: <private>: 0 display 1, carPlaySession 0, nFCSession 0, audioSession 0, sleepInProgress 0, wakeInProgress 0, onenessSession 0, siriAudio 0, fitnessIntelligence 0, dataMigrationInProgress 0, pluggedIn 1 (allowOnCharger: 0)
default	00:54:19.656608-0700	kernel	readRegs: 0x2: 1, 0
default	00:54:19.656618-0700	powerexperienced	inUse displayOn 1, carPlaySession 0, cameraActive 0, hotspotActive 0, audioSession 0, phoneCall 0, onenessActive 0, siriAudio 0
default	00:54:19.656625-0700	powerexperienced	inUse displayOn 1, carPlaySession 0, cameraActive 0, hotspotActive 0, audioSession 0, phoneCall 0, onenessActive 0, siriAudio 0
default	00:54:19.656702-0700	powerexperienced	inUse displayOn 1, carPlaySession 0, cameraActive 0, hotspotActive 0, audioSession 0, phoneCall 0, onenessActive 0, siriAudio 0
default	00:54:19.656713-0700	powerexperienced	inUse displayOn 1, carPlaySession 0, cameraActive 0, hotspotActive 0, audioSession 0, phoneCall 0, onenessActive 0, siriAudio 0
default	00:54:19.656721-0700	powerexperienced	inUse displayOn 1, carPlaySession 0, cameraActive 0, hotspotActive 0, audioSession 0, phoneCall 0, onenessActive 0, siriAudio 0
default	00:54:19.656728-0700	powerexperienced	inUse displayOn 1, carPlaySession 0, cameraActive 0, hotspotActive 0, audioSession 0, phoneCall 0, onenessActive 0, siriAudio 0
default	00:54:19.656734-0700	powerexperienced	inUse displayOn 1, carPlaySession 0, cameraActive 0, hotspotActive 0, audioSession 0, phoneCall 0, onenessActive 0, siriAudio 0
default	00:54:19.656743-0700	powerexperienced	Updated CLPC with power target for workload 1 value 65.000000
default	00:54:19.656749-0700	powerexperienced	Updated CLPC with power target for workload 2 value 65.000000
default	00:54:19.656856-0700	powerexperienced	Resetting Background and Utility Power Budgets
default	00:54:19.656863-0700	powerexperienced	Updated CLPC with power target for workload 1 value 65.000000
default	00:54:19.656871-0700	powerexperienced	Updated CLPC with power target for workload 2 value 65.000000
default	00:54:19.656876-0700	powerexperienced	Clearing state
default	00:54:19.656882-0700	powerexperienced	Updated CLPC with power target for workload 1 value 65.000000
default	00:54:19.656888-0700	powerexperienced	Updated CLPC with power target for workload 2 value 65.000000
default	00:54:19.656893-0700	powerexperienced	Resetting Background and Utility Power Budgets
default	00:54:19.656909-0700	powerexperienced	Updated CLPC with power target for workload 1 value 65.000000
default	00:54:19.656917-0700	powerexperienced	Updated CLPC with power target for workload 2 value 65.000000
default	00:54:19.656924-0700	kernel	readRegs: 0x3: 1, 0
default	00:54:19.657043-0700	powerexperienced	No active mitigations
default	00:54:19.657074-0700	kernel	readRegs: 0x5: 1, 0
default	00:54:19.657392-0700	kernel	AppleCS42L77Audio::_ldcmPower :0 bypass:0
default	00:54:19.657401-0700	kernel	readRegs: 0x6: 1, 10
default	00:54:19.657694-0700	kernel	readRegs: 0x7: 1, 1
default	00:54:19.658088-0700	kernel	readRegs: 0xa: 1, 0
default	00:54:19.658106-0700	kernel	AppleCS42L77Audio::_configureMCLKForClient(inClient=3, inEnable=0) START [_audioClientsEnabled=0x9, clientRefCount=1, _rcoEn=0, _externalMCLKInEn=1, _primaryMCLKRefCount=1, _secondaryMCLKRefCount=0 _mclkOutEnabled=0]
default	00:54:19.658114-0700	kernel	AppleCS42L77Audio::_enableMCLK(inMCLK=1, inEnable=0, inBypassRefCount=0) START [_primaryMCLKRefCount:1, _secondaryMCLKRefCount:0, _rcoEnabled:1]
default	00:54:19.658205-0700	kernel	readRegs: 0x1e: 1, 70
default	00:54:19.658216-0700	kernel	AppleCBTL1614::selectEisPin: Port-Lightning: LDCM State after measurement: DX_CTL:0x81, ACC_CTL:0x0, DCP_CTRL:0x0, MISC_CTRL:0x0, DIG_ID:0x10, HYDRA_CTRL:0x1, EVENT1:0x0, CON_DET:0x70, error:0x0
default	00:54:19.659126-0700	kernel	AppleCS42L77Audio::_enableMCLK(inMCLK=1, inEnable=0) END [_primaryMCLKRefCount:0, _secondaryMCLKRefCount:0, _rcoEnabled:1, errorCode: 0x0]
default	00:54:19.659140-0700	kernel	AppleCS42L77Audio::_configureMCLKForClient(inClient=3, inEnable=0) END [_audioClientsEnabled=0x1, clientRefCount=0, _rcoEn=1, _externalMCLKInEn=0, _primaryMCLKRefCount=0, _secondaryMCLKRefCount=0 _mclkOutEnabled=0, forceSwitchToRCO =0]
default	00:54:19.659146-0700	kernel	messageClients(0xe3ff810a)
default	00:54:19.659192-0700	kernel	messageClients(0xe3ff810a)
default	00:54:19.659250-0700	kernel	+ Halogen::stopIOEngineGated()
default	00:54:19.659264-0700	kernel	+ Halogen stopTransport
default	00:54:19.659687-0700	powerexperienced	Updating SMC with debug mode ActiveWarmWorkload:0
default	00:54:19.659960-0700	kernel	- Halogen stopTransport ret=success(0)
default	00:54:19.659966-0700	kernel	- Halogen::stopIOEngineGated() ret=success(0)
default	00:54:19.660006-0700	kernel	Halogen: off
default	00:54:19.660053-0700	audiomxd	      HALS_IOA2Device.cpp:2272   HALS_IOA2Device::IOAudio2DeviceNotificationPortMessageHandler: <private>|89 +++++++++------>
default	00:54:19.660062-0700	audiomxd	      HALS_IOA2Device.cpp:2349   HALS_IOA2Device::IOAudio2DeviceNotificationPortMessageHandler: <private>|89 <------+++++++++
error	00:54:19.660108-0700	powerexperienced	Write failed for key '<private>' (0x0, 0x84)
error	00:54:19.660118-0700	powerexperienced	Key not found
default	00:54:19.660504-0700	audiomxd	HALS_IOContext_Legacy_Impl.cpp:2056   IO Stopped Context 157 after 15360 frames.
default	00:54:19.660522-0700	audiomxd	HALS_IOContext_Legacy_Impl.cpp:2081   HALS_IOContext_Legacy_Impl::IOWorkLoopDeinit: 157 Halogen (VAD [vlqd] AggDev 4): stopping with error 0
default	00:54:19.660542-0700	audiomxd	  HALB_PowerAssertion.cpp:165    HALB_PowerAssertion::Release: releasing power assertion ID 32781 of type 'PreventUserIdleSystemSleep' with name: 'com.apple.audio.VAD [vlqd] AggDev 4.context.preventuseridlesleep' taken at <private> for 0.404565 seconds
default	00:54:19.660582-0700	powerexperienced	Updating SMC with debug mode ActiveLowPowerMode:0
default	00:54:19.660620-0700	audiomxd	    DeviceTimeObserver.mm:813   stopping BT presentation time poller for device ID: 176)
error	00:54:19.660979-0700	powerexperienced	Write failed for key '<private>' (0x0, 0x84)
error	00:54:19.660988-0700	powerexperienced	Key not found
default	00:54:19.661056-0700	powerexperienced	Updating SMC with debug mode ActiveWarmWorkload:0
error	00:54:19.661545-0700	powerexperienced	Write failed for key '<private>' (0x0, 0x84)
error	00:54:19.661555-0700	powerexperienced	Key not found
default	00:54:19.661634-0700	powerexperienced	Updating SMC with debug mode ActiveLowPowerMode:0
error	00:54:19.662019-0700	powerexperienced	Write failed for key '<private>' (0x0, 0x84)
error	00:54:19.662026-0700	powerexperienced	Key not found
default	00:54:19.662838-0700	UserEventAgent	           AURemoteIO.cpp:1741  Stopping AURemoteIO(0x8ef0ce440)
default	00:54:19.663130-0700	UserEventAgent	           AURemoteIO.cpp:1741  Stopping AURemoteIO(0x8ef0ce440)
default	00:54:19.663208-0700	audiomxd	       AUOOPWorkgroups.mm:38    AUOOPWorkgroupManager: RemoveRemoteIOWorkgroup called with token 0.
default	00:54:19.663218-0700	audiomxd	       AUOOPWorkgroups.mm:66    AUOOPWorkgroupManager: mutating workgroups.
default	00:54:19.663224-0700	audiomxd	       AUOOPWorkgroups.mm:308   AUOOPWorkgroupManager: propagating workgroups.
default	00:54:19.663393-0700	UserEventAgent	(1) EIS measurement #0 on 3 (DN2) returned 0 (DefaultDry)
default	00:54:19.663448-0700	UserEventAgent	(1) halogen measurement = [1.0010698570036, 0.9989324272967, -0.0123701371335, 886388.0569129823707, -359.0213321416100, 10543082.6145906839520, 164.7355102600616, 0.6358129792042, -10933362.9199812766165, -0.0360991394634]
default	00:54:19.663469-0700	UserEventAgent	(1) halogen SNR = [precal: 32.7233130173789, 32.7368134692420 cal: 33.0014358461941, 33.0137953705988 measurement: 32.8821064401465, 6.7081642137692 condet: 0.0000000000000]
default	00:54:19.663510-0700	UserEventAgent	Logging aggd key: com.apple.ioaccessorymanager.ldcm.eis.capacitance.histogram_100908000000_1 value: -0.036099
default	00:54:19.663517-0700	UserEventAgent	Logging aggd key: com.apple.ioaccessorymanager.ldcm.eis.impedance.histogram_100908000000_1 value: 886.388057
default	00:54:19.663553-0700	UserEventAgent	Logging aggd key: com.apple.ioaccessorymanager.ldcm.eis.phase.histogram_100908000000_1 value: -359.021332
default	00:54:19.663561-0700	UserEventAgent	Incrementing aggd key: com.apple.ioaccessorymanager.ldcm.eis.impedance.high_100908000000_1
default	00:54:19.663594-0700	UserEventAgent	Incrementing aggd key: com.apple.ioaccessorymanager.ldcm.eis.phase.low_100908000000_1
default	00:54:19.663786-0700	UserEventAgent	performEisMeasurement start measurement timer: 30000 ms
default	00:54:19.668601-0700	kernel	ANE0: aneFirmwareCommandSend: Skip waiting for response
default	00:54:19.668669-0700	kernel	ANE0: aneFirmwareCommandSend: Skip waiting for response
default	00:54:19.668920-0700	kernel	ANE0: aneFirmwareCommandSend: Skip waiting for response
default	00:54:19.719021-0700	liveactivitiesd	Device activity state may have changed to false
default	00:54:19.719033-0700	liveactivitiesd	Device is inactive; scheduling check after grace period
default	00:54:19.719189-0700	liveactivitiesd	Device is inactive; scheduling activity check at 2026-07-19 08:09:14 +0000
default	00:54:19.719201-0700	liveactivitiesd	No precise wake tasks scheduled
default	00:54:19.719258-0700	liveactivitiesd	Earliest nonwaking date from task "DeviceInactiveCheck": 2026-07-19T01:09:14-07:00, finalWakeTarget: 2026-07-19T01:09:14-07:00 894.748579
default	00:54:19.719274-0700	liveactivitiesd	No wake tasks scheduled
default	00:54:19.719304-0700	liveactivitiesd	Cancelling precise waking task
default	00:54:19.719408-0700	liveactivitiesd	Scheduling nonwaking task for: 2026-07-19T01:09:14-07:00 in 894.748403s
default	00:54:19.719489-0700	liveactivitiesd	Cancelling waking task
default	00:54:19.719501-0700	liveactivitiesd	Acquiring keep-alive with reason: wake scheduling
default	00:54:19.719683-0700	liveactivitiesd	Keep-alive reasons: ["wake scheduling": 1]
default	00:54:19.719726-0700	liveactivitiesd	Skipping next scheduled wake task - next date is nil
default	00:54:19.719743-0700	liveactivitiesd	Releasing keep-alive with reason: wake scheduling
default	00:54:19.719757-0700	liveactivitiesd	Keep-alive reasons: [:]
default	00:54:19.750308-0700	backboardd	[ALS] ts=82895.615 lux=4.910<private> xy=(0.544 0.456) chs=[0 84 71 205 179] CCT1=1287.906 gain=512x mode=<private> subsamples=24 rawLux=4.910 nits=46 xTalk=[0 0 0 0 0] status=0x9B copyEvent=0
default	00:54:19.751308-0700	backboardd	Ammolite: Lux 4.909765 (delta 4.156369 / thr 10.000000)
default	00:54:19.768351-0700	kernel	ANE0: aneFirmwareCommandSend: Skip waiting for response
default	00:54:19.768416-0700	kernel	ANE0: aneFirmwareCommandSend: Skip waiting for response
default	00:54:19.768642-0700	kernel	ANE0: aneFirmwareCommandSend: Skip waiting for response
default	00:54:19.788995-0700	sharingd	[NearbyInfo] Clearing duplicate cache
default	00:54:19.789136-0700	sharingd	Nearby clear duplicate filter cache type 1
default	00:54:19.789815-0700	bluetoothd	clear dup filter cache for process sharingd (79) with scan request of type 16, blob: {length = 0, bytes = 0x}, mask {length = 0, bytes = 0x}, active: 0, duplicates: 0, screen on: No Scan, screen off: No Scan, locked: 1,  rssi: -90, peers: (
) nearby scan mode: 10, advbuf: 0, priority critical: 0, range: 0, retain duplicates: 0, usecases:
default	00:54:19.789843-0700	bluetoothd	About to clearDuplicateFilterCache for type: 16
default	00:54:19.789897-0700	bluetoothd	Received XPC message "CBMsgIdClearDuplicateFilterCache" from session "com.apple.bluetoothd-central-102-10"
default	00:54:19.793457-0700	bluetoothd	clearDuplicateFilterCache for session "com.apple.bluetoothd" type 16
default	00:54:19.822530-0700	identityservicesd	calling continuityDidDiscoverType:Activity withData:<private> fromPeer:<private>
default	00:54:19.868164-0700	kernel	ANE0: aneFirmwareCommandSend: Skip waiting for response
default	00:54:19.868222-0700	kernel	ANE0: aneFirmwareCommandSend: Skip waiting for response
default	00:54:19.868479-0700	kernel	ANE0: aneFirmwareCommandSend: Skip waiting for response
default	00:54:19.967959-0700	kernel	ANE0: aneFirmwareCommandSend: Skip waiting for response
default	00:54:19.967998-0700	kernel	ANE0: aneFirmwareCommandSend: Skip waiting for response
default	00:54:19.968256-0700	kernel	ANE0: aneFirmwareCommandSend: Skip waiting for response
default	00:54:20.000099-0700	kernel	IO80211PeerMonitor::checkForDPS()  Enter
default	00:54:20.000157-0700	kernel	wlan0:com.apple.p2p.en0: MonitorTimer en0/5000: packet counts: I5 Q0 O5
default	00:54:20.000168-0700	kernel	wlan0:com.apple.p2p.en0: postMessageOnInfraInterface:3463 posting msgId:169 on skywalk infraInterface
default	00:54:20.000174-0700	kernel	LQM-WiFi: BE : Count: 4 avgLatencyMs:2 maxLatencyMs:4
default	00:54:20.000179-0700	kernel	LQM-WiFi: BK : Count: 0 avgLatencyMs:0 maxLatencyMs:0
default	00:54:20.000184-0700	kernel	LQM-WiFi: VI : Count: 0 avgLatencyMs:0 maxLatencyMs:0
default	00:54:20.000188-0700	kernel	LQM-WiFi: VO : Count: 1 avgLatencyMs:4 maxLatencyMs:4
default	00:54:20.000191-0700	kernel	InfraPeers: ---------- BEGIN ----------
default	00:54:20.000196-0700	kernel	InfraPeers: Gateway (28:87:BA:95:5B:00, 192.168.0.1) - Tx [S:0 (BE:0 BK:0 VI:0 VO:0), F:0 (BE:0 BK:0 VI:0 VO:0), PER:0.0%], TxRe [0 (0%)], Rx [0 (BE:0 BK:0 VI:0 VO:0)], RxRe [0 (0%)], RxUc [0], RxMc [0 (B:0 O:0)]
default	00:54:20.000200-0700	kernel	InfraPeers: Bonjour MC (33:33:00:00:00:00) - Tx [S:0, F:0, PER: 0.0%]
default	00:54:20.000205-0700	kernel	InfraPeers: Other MC (01:00:00:00:00:00) - Tx [S:0, F:0, PER: 0.0%]
default	00:54:20.000207-0700	kernel	InfraPeers: BC (FF:FF:FF:FF:FF:FF) - Tx [S:0, F:0, PER: 0.0%]
default	00:54:20.000211-0700	kernel	InfraPeers: Total unicast peers: 4
default	00:54:20.000216-0700	kernel	InfraPeers: UC (EC:71:DB:87:18:7C, ?) - RxMc [1 (B:0 O:1)]
default	00:54:20.000220-0700	kernel	InfraPeers: UC (B6:D7:3B:97:5F:DF, 192.168.1.7) - Tx [S:5 (BE:4 BK:0 VI:0 VO:1), F:0 (BE:0 BK:0 VI:0 VO:0), PER:0.0%], TxRe [0 (0%)], Rx [5 (BE:5 BK:0 VI:0 VO:0)], RxRe [0 (0%)], RxUc [5], RxMc [0 (B:0 O:0)]
default	00:54:20.000224-0700	kernel	InfraPeers: UC (88:AE:DD:02:00:AB, 192.168.1.47) - Tx [S:0 (BE:0 BK:0 VI:0 VO:0), F:0 (BE:0 BK:0 VI:0 VO:0), PER:0.0%], TxRe [0 (0%)], Rx [2 (BE:2 BK:0 VI:0 VO:0)], RxRe [0 (0%)], RxUc [0], RxMc [2 (B:0 O:2)]
default	00:54:20.000228-0700	kernel	InfraPeers: UC (D8:EB:46:34:0D:55, ?) - RxMc [0 (B:0 O:0)]
default	00:54:20.000231-0700	kernel	InfraPeers: ----------- END -----------
default	00:54:20.000643-0700	wifid	LQM-TX: Success:5(100.0%) FwFail:0(0.0%) FwMaxRetries:0(0.0%) NoACK:0(0.0%) MiscDrops:0(0.0%) NoBuf:0(0.0%) FwNoRes:0(0.0%) ChipErr:0(0.0%) Exp:0(0.0%) FwFcdExpiry:0(0.0%) FwFree:0(0.0%)
default	00:54:20.000684-0700	backboardd	[ALS] ts=82895.866 lux=5.452<private> xy=(0.541 0.459) chs=[0 98 78 226 200] CCT1=1362.396 gain=512x mode=<private> subsamples=24 rawLux=5.452 nits=46 xTalk=[0 0 0 0 0] status=0x9B copyEvent=0
default	00:54:20.001702-0700	backboardd	Ammolite: Lux 5.452110 (delta 4.698714 / thr 10.000000)
default	00:54:20.040697-0700	kernel	wlan0:com.apple.p2p.awdl0: isInfraRealtimePacketThresholdAllowed allowed:1 option:32 threshold:50 noRegistrations:1 cachedPeerCount:0 fastDiscoveryInactive:1 fastDiscoveryOnSince:82895923
default	00:54:20.040744-0700	kernel	wlan0:com.apple.p2p.awdl0: currentInfraTrafficType:9274 checking if realtime upgrade required with inputPackets:2 outputPackets:0 packetThreshold:50
default	00:54:20.056960-0700	backboardd	[TS] Dispatching digitizer event with 2 children, _eventMask=0x23 _childEventMask=0x3 Cancel=0 Touching=1 inRange=1
default	00:54:20.057719-0700	backboardd	contact 5 presence: touching
default	00:54:20.057749-0700	backboardd	Touch entered (insideExclusive) <BKSHitTestRegion: 0xb016a9d50; {{0, 0}, {390, 844}}; exclusive: {{0, 0}, {390, 844}}>
default	00:54:20.057940-0700	liveactivitiesd	Device activity state may have changed to true
default	00:54:20.057946-0700	liveactivitiesd	No precise wake tasks scheduled
default	00:54:20.057951-0700	liveactivitiesd	No wake tasks scheduled
default	00:54:20.057956-0700	liveactivitiesd	No wake tasks scheduled
default	00:54:20.058054-0700	liveactivitiesd	Cancelling precise waking task
default	00:54:20.058089-0700	liveactivitiesd	Cancelling nonwaking task
default	00:54:20.058157-0700	liveactivitiesd	Cancelling waking task
default	00:54:20.058715-0700	liveactivitiesd	Acquiring keep-alive with reason: wake scheduling
default	00:54:20.058785-0700	liveactivitiesd	Keep-alive reasons: ["wake scheduling": 1]
default	00:54:20.058855-0700	liveactivitiesd	Skipping next scheduled wake task - next date is nil
default	00:54:20.058866-0700	liveactivitiesd	Device is active; publishing budget level change event
default	00:54:20.058887-0700	liveactivitiesd	Releasing keep-alive with reason: wake scheduling
default	00:54:20.058963-0700	liveactivitiesd	Keep-alive reasons: [:]
default	00:54:20.059005-0700	liveactivitiesd	Budget level resolver published a change
default	00:54:20.059247-0700	backboardd	  82895.94211: notify client com.apple.siri.AttentionAwareness.Touch of <AWDigitizerButtonKeyboardAttentionEvent: 0xb04bb43c0> (timestamp:   82895.93651 sender 47279988864 displayUUID (null) tagIndex 0 (tag not present in server))
default	00:54:20.059310-0700	backboardd	  82895.94229: notify client com.apple.SpringBoard.HomeGrabberView-1 of <AWDigitizerButtonKeyboardAttentionEvent: 0xb04bb4780> (timestamp:   82895.93651 sender 47279988864 displayUUID (null) tagIndex 0 (tag not present in server))
default	00:54:20.059329-0700	backboardd	  82895.94237: notify client com.apple.SpringBoard.HomeGrabberView-3 of <AWDigitizerButtonKeyboardAttentionEvent: 0xb04bb4380> (timestamp:   82895.93651 sender 47279988864 displayUUID (null) tagIndex 0 (tag not present in server))
default	00:54:20.059467-0700	backboardd	  82895.94246: notify client com.apple.SpringBoard.HomeGrabberView-4 of <AWDigitizerButtonKeyboardAttentionEvent: 0xb04bb5600> (timestamp:   82895.93651 sender 47279988864 displayUUID (null) tagIndex 0 (tag not present in server))
default	00:54:20.059555-0700	backboardd	  82895.94256: notify client com.apple.SpringBoard.HomeGrabberView-5 of <AWDigitizerButtonKeyboardAttentionEvent: 0xb04bb4b80> (timestamp:   82895.93651 sender 47279988864 displayUUID (null) tagIndex 0 (tag not present in server))
default	00:54:20.059988-0700	backboardd	  82895.94283: notify client com.apple.SpringBoard.HomeGrabberView-6 of <AWDigitizerButtonKeyboardAttentionEvent: 0xb04bb5280> (timestamp:   82895.93651 sender 47279988864 displayUUID (null) tagIndex 0 (tag not present in server))
default	00:54:20.060252-0700	backboardd	  82895.94291: notify client com.apple.SpringBoard.HomeGrabberView-44 of <AWDigitizerButtonKeyboardAttentionEvent: 0xb04bb5400> (timestamp:   82895.93651 sender 47279988864 displayUUID (null) tagIndex 0 (tag not present in server))
default	00:54:20.060355-0700	backboardd	  82895.94316: notify client com.apple.SpringBoard.HomeGrabberView-84 of <AWDigitizerButtonKeyboardAttentionEvent: 0xb04bb4680> (timestamp:   82895.93651 sender 47279988864 displayUUID (null) tagIndex 0 (tag not present in server))
default	00:54:20.061961-0700	SpringBoard	Evaluating dispatch of UIEvent: 0xc30e7c800; type: 0; subtype: 0; backing type: 11; shouldSend: 1; ignoreInteractionEvents: 0, systemGestureStateChange: 0
default	00:54:20.061992-0700	SpringBoard	Sending UIEvent type: 0; subtype: 0; to windows: 1
default	00:54:20.062011-0700	SpringBoard	Sending UIEvent type: 0; subtype: 0; to window: <_UISystemGestureWindow: 0xc32e89400>; contextId: 0x49AE3F00
default	00:54:20.062618-0700	AnxietyWatch	TX focusApplication (peekAppEvent) stealKB:Y scene:com.groundeffectsoftware.AnxietyWatchHK-6C527490-A1D7-41A4-B49E-317360CCDAA7
default	00:54:20.063746-0700	AnxietyWatch	Evaluating dispatch of UIEvent: 0x105183e00; type: 0; subtype: 0; backing type: 11; shouldSend: 1; ignoreInteractionEvents: 0, systemGestureStateChange: 0
default	00:54:20.063781-0700	AnxietyWatch	Sending UIEvent type: 0; subtype: 0; to windows: 1
default	00:54:20.063796-0700	AnxietyWatch	Sending UIEvent type: 0; subtype: 0; to window: <UIWindow: 0x1051f0c00>; contextId: 0x9D386332
default	00:54:20.063817-0700	SpringBoard	RX com.groundeffectsoftware.AnxietyWatchHK(11299) focusApplicationWithPID:11299 stealKeyboard:Y
    context:<contextID:2637718322 sceneID:com.groundeffectsoftware.AnxietyWatchHK-6C527490-A1D7-41A4-B49E-317360CCDAA7>
default	00:54:20.064871-0700	SpringBoard	Focused scene identity did change to: (null)
default	00:54:20.067883-0700	kernel	ANE0: aneFirmwareCommandSend: Skip waiting for response
default	00:54:20.067907-0700	kernel	ANE0: aneFirmwareCommandSend: Skip waiting for response
default	00:54:20.068146-0700	kernel	ANE0: aneFirmwareCommandSend: Skip waiting for response
default	00:54:20.076987-0700	SpringBoard	Evaluating dispatch of UIEvent: 0xc30e7c800; type: 0; subtype: 0; backing type: 11; shouldSend: 1; ignoreInteractionEvents: 0, systemGestureStateChange: 0
default	00:54:20.077063-0700	SpringBoard	Sending UIEvent type: 0; subtype: 0; to windows: 1
default	00:54:20.077083-0700	SpringBoard	Sending UIEvent type: 0; subtype: 0; to window: <_UISystemGestureWindow: 0xc32e89400>; contextId: 0x49AE3F00
default	00:54:20.077096-0700	AnxietyWatch	Evaluating dispatch of UIEvent: 0x105183e00; type: 0; subtype: 0; backing type: 11; shouldSend: 1; ignoreInteractionEvents: 0, systemGestureStateChange: 0
default	00:54:20.077111-0700	AnxietyWatch	Sending UIEvent type: 0; subtype: 0; to windows: 1
default	00:54:20.077121-0700	AnxietyWatch	Sending UIEvent type: 0; subtype: 0; to window: <UIWindow: 0x1051f0c00>; contextId: 0x9D386332
default	00:54:20.093745-0700	SpringBoard	Evaluating dispatch of UIEvent: 0xc30e7c800; type: 0; subtype: 0; backing type: 11; shouldSend: 1; ignoreInteractionEvents: 0, systemGestureStateChange: 0
default	00:54:20.093832-0700	SpringBoard	Sending UIEvent type: 0; subtype: 0; to windows: 1
default	00:54:20.093859-0700	SpringBoard	Sending UIEvent type: 0; subtype: 0; to window: <_UISystemGestureWindow: 0xc32e89400>; contextId: 0x49AE3F00
default	00:54:20.093888-0700	AnxietyWatch	Evaluating dispatch of UIEvent: 0x105183e00; type: 0; subtype: 0; backing type: 11; shouldSend: 1; ignoreInteractionEvents: 0, systemGestureStateChange: 0
default	00:54:20.093903-0700	AnxietyWatch	Sending UIEvent type: 0; subtype: 0; to windows: 1
default	00:54:20.093966-0700	AnxietyWatch	Sending UIEvent type: 0; subtype: 0; to window: <UIWindow: 0x1051f0c00>; contextId: 0x9D386332
default	00:54:20.094322-0700	SpringBoard	UIKit magic hysteresis reached with no gestures still recognizing. Moving to send/process.
default	00:54:20.110205-0700	SpringBoard	Evaluating dispatch of UIEvent: 0xc30e7c800; type: 0; subtype: 0; backing type: 11; shouldSend: 0; ignoreInteractionEvents: 0, systemGestureStateChange: 1
default	00:54:20.110243-0700	AnxietyWatch	Evaluating dispatch of UIEvent: 0x105183e00; type: 0; subtype: 0; backing type: 11; shouldSend: 0; ignoreInteractionEvents: 0, systemGestureStateChange: 1
default	00:54:20.110304-0700	SpringBoard	Evaluating dispatch of UIEvent: 0xc30e7c800; type: 0; subtype: 0; backing type: 11; shouldSend: 1; ignoreInteractionEvents: 0, systemGestureStateChange: 0
default	00:54:20.110313-0700	SpringBoard	Sending UIEvent type: 0; subtype: 0; to windows: 1
default	00:54:20.110325-0700	SpringBoard	Sending UIEvent type: 0; subtype: 0; to window: <_UISystemGestureWindow: 0xc32e89400>; contextId: 0x49AE3F00
default	00:54:20.110373-0700	AnxietyWatch	Evaluating dispatch of UIEvent: 0x105183e00; type: 0; subtype: 0; backing type: 11; shouldSend: 1; ignoreInteractionEvents: 0, systemGestureStateChange: 0
default	00:54:20.110380-0700	AnxietyWatch	Sending UIEvent type: 0; subtype: 0; to windows: 1
default	00:54:20.110389-0700	AnxietyWatch	Sending UIEvent type: 0; subtype: 0; to window: <UIWindow: 0x1051f0c00>; contextId: 0x9D386332
default	00:54:20.127254-0700	SpringBoard	Evaluating dispatch of UIEvent: 0xc30e7c800; type: 0; subtype: 0; backing type: 11; shouldSend: 1; ignoreInteractionEvents: 0, systemGestureStateChange: 0
default	00:54:20.127336-0700	SpringBoard	Sending UIEvent type: 0; subtype: 0; to windows: 1
default	00:54:20.127348-0700	SpringBoard	Sending UIEvent type: 0; subtype: 0; to window: <_UISystemGestureWindow: 0xc32e89400>; contextId: 0x49AE3F00
default	00:54:20.127363-0700	AnxietyWatch	Evaluating dispatch of UIEvent: 0x105183e00; type: 0; subtype: 0; backing type: 11; shouldSend: 1; ignoreInteractionEvents: 0, systemGestureStateChange: 0
default	00:54:20.127398-0700	AnxietyWatch	Sending UIEvent type: 0; subtype: 0; to windows: 1
default	00:54:20.127417-0700	AnxietyWatch	Sending UIEvent type: 0; subtype: 0; to window: <UIWindow: 0x1051f0c00>; contextId: 0x9D386332
default	00:54:20.145587-0700	AnxietyWatch	Evaluating dispatch of UIEvent: 0x105183e00; type: 0; subtype: 0; backing type: 11; shouldSend: 0; ignoreInteractionEvents: 0, systemGestureStateChange: 0
default	00:54:20.145644-0700	SpringBoard	Evaluating dispatch of UIEvent: 0xc30e7c800; type: 0; subtype: 0; backing type: 11; shouldSend: 0; ignoreInteractionEvents: 0, systemGestureStateChange: 0
default	00:54:20.167588-0700	kernel	ANE0: aneFirmwareCommandSend: Skip waiting for response
default	00:54:20.167654-0700	kernel	ANE0: aneFirmwareCommandSend: Skip waiting for response
default	00:54:20.167898-0700	kernel	ANE0: aneFirmwareCommandSend: Skip waiting for response
default	00:54:20.193834-0700	SpringBoard	Evaluating dispatch of UIEvent: 0xc30e7c800; type: 0; subtype: 0; backing type: 11; shouldSend: 1; ignoreInteractionEvents: 0, systemGestureStateChange: 0
default	00:54:20.193860-0700	SpringBoard	Sending UIEvent type: 0; subtype: 0; to windows: 1
default	00:54:20.193877-0700	SpringBoard	Sending UIEvent type: 0; subtype: 0; to window: <_UISystemGestureWindow: 0xc32e89400>; contextId: 0x49AE3F00
default	00:54:20.193892-0700	AnxietyWatch	Evaluating dispatch of UIEvent: 0x105183e00; type: 0; subtype: 0; backing type: 11; shouldSend: 1; ignoreInteractionEvents: 0, systemGestureStateChange: 0
default	00:54:20.193903-0700	AnxietyWatch	Sending UIEvent type: 0; subtype: 0; to windows: 1
default	00:54:20.193912-0700	AnxietyWatch	Sending UIEvent type: 0; subtype: 0; to window: <UIWindow: 0x1051f0c00>; contextId: 0x9D386332
default	00:54:20.210663-0700	SpringBoard	Evaluating dispatch of UIEvent: 0xc30e7c800; type: 0; subtype: 0; backing type: 11; shouldSend: 1; ignoreInteractionEvents: 0, systemGestureStateChange: 0
default	00:54:20.210700-0700	SpringBoard	Sending UIEvent type: 0; subtype: 0; to windows: 1
default	00:54:20.210712-0700	SpringBoard	Sending UIEvent type: 0; subtype: 0; to window: <_UISystemGestureWindow: 0xc32e89400>; contextId: 0x49AE3F00
default	00:54:20.210771-0700	AnxietyWatch	Evaluating dispatch of UIEvent: 0x105183e00; type: 0; subtype: 0; backing type: 11; shouldSend: 1; ignoreInteractionEvents: 0, systemGestureStateChange: 0
default	00:54:20.210797-0700	AnxietyWatch	Sending UIEvent type: 0; subtype: 0; to windows: 1
default	00:54:20.210807-0700	AnxietyWatch	Sending UIEvent type: 0; subtype: 0; to window: <UIWindow: 0x1051f0c00>; contextId: 0x9D386332
default	00:54:20.227327-0700	SpringBoard	Evaluating dispatch of UIEvent: 0xc30e7c800; type: 0; subtype: 0; backing type: 11; shouldSend: 1; ignoreInteractionEvents: 0, systemGestureStateChange: 0
default	00:54:20.227349-0700	SpringBoard	Sending UIEvent type: 0; subtype: 0; to windows: 1
default	00:54:20.227360-0700	SpringBoard	Sending UIEvent type: 0; subtype: 0; to window: <_UISystemGestureWindow: 0xc32e89400>; contextId: 0x49AE3F00
default	00:54:20.227433-0700	AnxietyWatch	Evaluating dispatch of UIEvent: 0x105183e00; type: 0; subtype: 0; backing type: 11; shouldSend: 1; ignoreInteractionEvents: 0, systemGestureStateChange: 0
default	00:54:20.227444-0700	AnxietyWatch	Sending UIEvent type: 0; subtype: 0; to windows: 1
default	00:54:20.227452-0700	AnxietyWatch	Sending UIEvent type: 0; subtype: 0; to window: <UIWindow: 0x1051f0c00>; contextId: 0x9D386332
default	00:54:20.240575-0700	backboardd	[TS] Dispatching digitizer event with 2 children, _eventMask=0x23 _childEventMask=0x3 Cancel=0 Touching=0 inRange=0
default	00:54:20.240839-0700	backboardd	contact 5 presence: none
default	00:54:20.241242-0700	backboardd	not removing destination (external): <BKTouchDestination: 0xb022482d0; (touchStream|filterDetachedTouches); contextID: 0x49AE3F00; clientPort: 0x2303; externalReferences: 1>
default	00:54:20.243899-0700	SpringBoard	Evaluating dispatch of UIEvent: 0xc30e7c800; type: 0; subtype: 0; backing type: 11; shouldSend: 1; ignoreInteractionEvents: 0, systemGestureStateChange: 0
default	00:54:20.243927-0700	SpringBoard	Sending UIEvent type: 0; subtype: 0; to windows: 1
default	00:54:20.243938-0700	SpringBoard	Sending UIEvent type: 0; subtype: 0; to window: <_UISystemGestureWindow: 0xc32e89400>; contextId: 0x49AE3F00
default	00:54:20.244098-0700	AnxietyWatch	Evaluating dispatch of UIEvent: 0x105183e00; type: 0; subtype: 0; backing type: 11; shouldSend: 1; ignoreInteractionEvents: 0, systemGestureStateChange: 0
default	00:54:20.244115-0700	SpringBoard	Evaluating dispatch of UIEvent: 0xc30e7c800; type: 0; subtype: 0; backing type: 11; shouldSend: 1; ignoreInteractionEvents: 0, systemGestureStateChange: 0
default	00:54:20.244124-0700	AnxietyWatch	Sending UIEvent type: 0; subtype: 0; to windows: 1
default	00:54:20.244152-0700	SpringBoard	Sending UIEvent type: 0; subtype: 0; to windows: 1
default	00:54:20.244165-0700	AnxietyWatch	Sending UIEvent type: 0; subtype: 0; to window: <UIWindow: 0x1051f0c00>; contextId: 0x9D386332
default	00:54:20.244174-0700	SpringBoard	Sending UIEvent type: 0; subtype: 0; to window: <_UISystemGestureWindow: 0xc32e89400>; contextId: 0x49AE3F00
default	00:54:20.244641-0700	AnxietyWatch	Ignoring beginScrollingWithRegion: <UIPointerRegion: 0x10633b250; rect = (0 0; 390 844); identifier = UIScrollView.scrollingPointerRegion> because pointer state is disabled
default	00:54:20.244853-0700	AnxietyWatch	Evaluating dispatch of UIEvent: 0x105183e00; type: 0; subtype: 0; backing type: 11; shouldSend: 1; ignoreInteractionEvents: 0, systemGestureStateChange: 0
default	00:54:20.244894-0700	AnxietyWatch	Sending UIEvent type: 0; subtype: 0; to windows: 1
default	00:54:20.244911-0700	AnxietyWatch	Sending UIEvent type: 0; subtype: 0; to window: <UIWindow: 0x1051f0c00>; contextId: 0x9D386332
default	00:54:20.245242-0700	AnxietyWatch	Ignoring endScrollingWithRegion: <UIPointerRegion: 0x10633b250; rect = (0 0; 390 844); identifier = UIScrollView.scrollingPointerRegion> because scrollingRegion does not match: (null)
default	00:54:20.250935-0700	backboardd	[ALS] ts=82896.116 lux=6.402<private> xy=(0.542 0.458) chs=[0 98 106 254 221] CCT1=1345.942 gain=512x mode=<private> subsamples=24 rawLux=6.402 nits=46 xTalk=[0 0 0 0 0] status=0x9B copyEvent=0
default	00:54:20.252325-0700	backboardd	Ammolite: Lux 6.401928 (delta 5.648532 / thr 10.000000)
default	00:54:20.267415-0700	kernel	ANE0: aneFirmwareCommandSend: Skip waiting for response
default	00:54:20.267421-0700	kernel	ANE0: aneFirmwareCommandSend: Skip waiting for response
default	00:54:20.267657-0700	kernel	ANE0: aneFirmwareCommandSend: Skip waiting for response
default	00:54:20.338320-0700	backboardd	  82896.22123: notify client com.apple.siri.AttentionAwareness.Touch of <AWAttentionLostEvent: 0xb04bb4c00> (timestamp:   82896.22108 attentionLostTimeout       0.10000 tagIndex 0 (tag not present in server))
default	00:54:20.367280-0700	kernel	ANE0: aneFirmwareCommandSend: Skip waiting for response
default	00:54:20.367316-0700	kernel	ANE0: aneFirmwareCommandSend: Skip waiting for response
default	00:54:20.367604-0700	kernel	ANE0: aneFirmwareCommandSend: Skip waiting for response
default	00:54:20.466968-0700	kernel	ANE0: aneFirmwareCommandSend: Skip waiting for response
default	00:54:20.467015-0700	kernel	ANE0: aneFirmwareCommandSend: Skip waiting for response
default	00:54:20.467293-0700	kernel	ANE0: aneFirmwareCommandSend: Skip waiting for response
default	00:54:20.501662-0700	backboardd	[ALS] ts=82896.366 lux=6.555<private> xy=(0.529 0.439) chs=[12 98 112 254 221] CCT1=1765.562 gain=512x mode=<private> subsamples=24 rawLux=6.555 nits=46 xTalk=[0 0 0 0 0] status=0x9B copyEvent=0
default	00:54:20.502854-0700	backboardd	Ammolite: Lux 6.555338 (delta 5.801942 / thr 10.000000)
default	00:54:20.566818-0700	kernel	ANE0: aneFirmwareCommandSend: Skip waiting for response
default	00:54:20.566874-0700	kernel	ANE0: aneFirmwareCommandSend: Skip waiting for response
default	00:54:20.567126-0700	kernel	ANE0: aneFirmwareCommandSend: Skip waiting for response
default	00:54:20.666599-0700	kernel	ANE0: aneFirmwareCommandSend: Skip waiting for response
default	00:54:20.666634-0700	kernel	ANE0: aneFirmwareCommandSend: Skip waiting for response
default	00:54:20.666881-0700	kernel	ANE0: aneFirmwareCommandSend: Skip waiting for response
default	00:54:20.716057-0700	backboardd	[TS] Dispatching digitizer event with 2 children, _eventMask=0x23 _childEventMask=0x3 Cancel=0 Touching=1 inRange=1
default	00:54:20.716487-0700	backboardd	contact 6 presence: touching
default	00:54:20.716501-0700	backboardd	Touch entered (insideExclusive) <BKSHitTestRegion: 0xb016a9d50; {{0, 0}, {390, 844}}; exclusive: {{0, 0}, {390, 844}}>
default	00:54:20.717983-0700	backboardd	  82896.60090: notify client com.apple.siri.AttentionAwareness.Touch of <AWDigitizerButtonKeyboardAttentionEvent: 0xb04bb4600> (timestamp:   82896.59557 sender 47279988864 displayUUID (null) tagIndex 0 (tag not present in server))
default	00:54:20.729512-0700	SpringBoard	Evaluating dispatch of UIEvent: 0xc30e7c800; type: 0; subtype: 0; backing type: 11; shouldSend: 1; ignoreInteractionEvents: 0, systemGestureStateChange: 0
default	00:54:20.729602-0700	SpringBoard	Sending UIEvent type: 0; subtype: 0; to windows: 1
default	00:54:20.729634-0700	SpringBoard	Sending UIEvent type: 0; subtype: 0; to window: <_UISystemGestureWindow: 0xc32e89400>; contextId: 0x49AE3F00
default	00:54:20.731796-0700	AnxietyWatch	TX focusApplication (peekAppEvent) stealKB:Y scene:com.groundeffectsoftware.AnxietyWatchHK-6C527490-A1D7-41A4-B49E-317360CCDAA7
default	00:54:20.732409-0700	SpringBoard	RX com.groundeffectsoftware.AnxietyWatchHK(11299) focusApplicationWithPID:11299 stealKeyboard:Y
    context:<contextID:2637718322 sceneID:com.groundeffectsoftware.AnxietyWatchHK-6C527490-A1D7-41A4-B49E-317360CCDAA7>
default	00:54:20.732471-0700	AnxietyWatch	Evaluating dispatch of UIEvent: 0x105183e00; type: 0; subtype: 0; backing type: 11; shouldSend: 1; ignoreInteractionEvents: 0, systemGestureStateChange: 0
default	00:54:20.732678-0700	AnxietyWatch	Sending UIEvent type: 0; subtype: 0; to windows: 1
default	00:54:20.732697-0700	AnxietyWatch	Sending UIEvent type: 0; subtype: 0; to window: <UIWindow: 0x1051f0c00>; contextId: 0x9D386332
default	00:54:20.732783-0700	SpringBoard	Evaluating dispatch of UIEvent: 0xc30e7c800; type: 0; subtype: 0; backing type: 11; shouldSend: 0; ignoreInteractionEvents: 0, systemGestureStateChange: 0
default	00:54:20.732795-0700	SpringBoard	Focused scene identity did change to: (null)
default	00:54:20.736010-0700	AnxietyWatch	Evaluating dispatch of UIEvent: 0x105183e00; type: 0; subtype: 0; backing type: 11; shouldSend: 0; ignoreInteractionEvents: 0, systemGestureStateChange: 0
default	00:54:20.736145-0700	identityservicesd	calling continuityDidDiscoverType:Activity withData:<private> fromPeer:<private>
default	00:54:20.751545-0700	backboardd	[ALS] ts=82896.617 lux=5.500<private> xy=(0.539 0.461) chs=[0 84 92 212 214] CCT1=1465.082 gain=512x mode=<private> subsamples=24 rawLux=5.500 nits=46 xTalk=[0 0 0 0 0] status=0x9B copyEvent=0
default	00:54:20.752507-0700	backboardd	Ammolite: Lux 5.500470 (delta 4.747074 / thr 10.000000)
default	00:54:20.766469-0700	kernel	ANE0: aneFirmwareCommandSend: Skip waiting for response
default	00:54:20.766494-0700	kernel	ANE0: aneFirmwareCommandSend: Skip waiting for response
default	00:54:20.766746-0700	kernel	ANE0: aneFirmwareCommandSend: Skip waiting for response
default	00:54:20.811925-0700	SpringBoard	Evaluating dispatch of UIEvent: 0xc30e7c800; type: 0; subtype: 0; backing type: 11; shouldSend: 0; ignoreInteractionEvents: 0, systemGestureStateChange: 1
default	00:54:20.811959-0700	AnxietyWatch	Evaluating dispatch of UIEvent: 0x105183e00; type: 0; subtype: 0; backing type: 11; shouldSend: 0; ignoreInteractionEvents: 0, systemGestureStateChange: 1
default	00:54:20.822109-0700	backboardd	  82896.70503: notify client com.apple.siri.AttentionAwareness.Touch of <AWAttentionLostEvent: 0xb04bb4c00> (timestamp:   82896.70496 attentionLostTimeout       0.10000 tagIndex 0 (tag not present in server))
default	00:54:20.866270-0700	kernel	ANE0: aneFirmwareCommandSend: Skip waiting for response
default	00:54:20.866295-0700	kernel	ANE0: aneFirmwareCommandSend: Skip waiting for response
default	00:54:20.866615-0700	kernel	ANE0: aneFirmwareCommandSend: Skip waiting for response
default	00:54:20.866642-0700	backboardd	[TS] Dispatching digitizer event with 2 children, _eventMask=0x23 _childEventMask=0x3 Cancel=0 Touching=0 inRange=0
default	00:54:20.866760-0700	backboardd	contact 6 presence: none
default	00:54:20.867196-0700	backboardd	not removing destination (external): <BKTouchDestination: 0xb022482d0; (touchStream|filterDetachedTouches); contextID: 0x49AE3F00; clientPort: 0x2303; externalReferences: 1>
default	00:54:20.867856-0700	backboardd	  82896.75088: notify client com.apple.siri.AttentionAwareness.Touch of <AWDigitizerButtonKeyboardAttentionEvent: 0xb04bb43c0> (timestamp:   82896.74580 sender 47279988864 displayUUID (null) tagIndex 0 (tag not present in server))
default	00:54:20.880275-0700	SpringBoard	Evaluating dispatch of UIEvent: 0xc30e7c800; type: 0; subtype: 0; backing type: 11; shouldSend: 1; ignoreInteractionEvents: 0, systemGestureStateChange: 0
default	00:54:20.880409-0700	SpringBoard	Sending UIEvent type: 0; subtype: 0; to windows: 1
default	00:54:20.880424-0700	SpringBoard	Sending UIEvent type: 0; subtype: 0; to window: <_UISystemGestureWindow: 0xc32e89400>; contextId: 0x49AE3F00
default	00:54:20.880436-0700	AnxietyWatch	Evaluating dispatch of UIEvent: 0x105183e00; type: 0; subtype: 0; backing type: 11; shouldSend: 1; ignoreInteractionEvents: 0, systemGestureStateChange: 0
default	00:54:20.880449-0700	AnxietyWatch	Sending UIEvent type: 0; subtype: 0; to windows: 1
default	00:54:20.880458-0700	AnxietyWatch	Sending UIEvent type: 0; subtype: 0; to window: <UIWindow: 0x1051f0c00>; contextId: 0x9D386332
default	00:54:20.883310-0700	AnxietyWatch	131427.1ms (+30637.3ms) HealthKitAccessBanner.handleTap begin (state=notRequested)
default	00:54:20.883548-0700	AnxietyWatch	131427.3ms (+   0.2ms) HealthKitAccessBanner: requestAuthorization begin
default	00:54:20.883599-0700	AnxietyWatch	HealthKitManager: calling healthStore.requestAuthorization (presents system sheet) — 28 read types
default	00:54:20.883795-0700	AnxietyWatch	Requesting prompting authorization to share <private>, read <private>
default	00:54:20.885925-0700	healthd	<HDAnalyticsSubmissionCoordinator: 0x9e4cb8700>: Event sent: com.apple.healthd.authorization.request
default	00:54:20.886820-0700	AnxietyWatch	Note: no default visual style class registered as fallback for stylable class UIActivityIndicatorView
default	00:54:20.886826-0700	AnxietyWatch	Note: no default visual style class registered as fallback for stylable class UIActivityIndicatorView
default	00:54:20.888613-0700	healthd	Enqueuing authorization request for <private>
default	00:54:20.888958-0700	healthd	Added authorization request 0E08C89F-CA46-45A1-99DB-B4BE9660D3CE to group for com.groundeffectsoftware.AnxietyWatchHK. Request count: 1
default	00:54:20.893595-0700	AnxietyWatch	<HKHealthPrivacyHostAuthorizationViewController: 0x106831e00>: Requesting remote view controller HKHealthPrivacyServiceAuthorizationViewController from service com.apple.HealthPrivacyService using <_UIRemoteViewControllerSceneHostingImpl: 0x10538c960>
default	00:54:20.894124-0700	AnxietyWatch	Asking defaultShell to open app viewservice com.apple.HealthPrivacyService
default	00:54:20.894167-0700	AnxietyWatch	[FBSSystemService][0xe140] Sending request to open "com.apple.HealthPrivacyService"
default	00:54:20.895270-0700	SpringBoard	[FBSystemService][0xe140] Received request to open "com.apple.HealthPrivacyService" from AnxietyWatch:11299.
default	00:54:20.895292-0700	SpringBoard	[FBSystemService][0xe140] Trusting allow-listed background activation from AnxietyWatch:11299.
default	00:54:20.895339-0700	SpringBoard	Received trusted open application request for "com.apple.HealthPrivacyService" from <FBApplicationProcess: 0xc3d004780; app<com.groundeffectsoftware.AnxietyWatchHK>:11299(v80F4)>.
default	00:54:20.895958-0700	SpringBoard	Executing request: <SBMainWorkspaceTransitionRequest: 0xc36fc4000; eventLabel: OpenApplication(sceneID:com.apple.HealthPrivacyService-default)ForRequester(AnxietyWatch.11299); display: Main; source: FBSystemService>
default	00:54:20.896317-0700	SpringBoard	Executing suspended-activation immediately: OpenApplication(sceneID:com.apple.HealthPrivacyService-default)ForRequester(AnxietyWatch.11299)
default	00:54:20.896325-0700	SpringBoard	[FBWorkspaceEvent] Executing: <FBWorkspaceEvent: 0xc315c1720; OpenApplication(sceneID:com.apple.HealthPrivacyService-default)ForRequester(AnxietyWatch.11299)>
default	00:54:20.896331-0700	SpringBoard	[FBWorkspaceEvent] Executing: <FBWorkspaceEvent: 0xc315c3ea0; OpenApplication(sceneID:com.apple.HealthPrivacyService-default)ForRequester(AnxietyWatch.11299)>
default	00:54:20.899379-0700	SpringBoard	[92869424] unlockedEnvironmentMode: application
default	00:54:20.899461-0700	SpringBoard	[SwitcherOrientation] transition source: FBSystemService
default	00:54:20.899518-0700	SpringBoard	[SwitcherOrientation] switcherPolicy[Follow Primary Element primaryOverlaysPolicy[Device Orientation]
default	00:54:20.904444-0700	SpringBoard	[SwitcherOrientation] _updateParticipantsAndPoliciesWithSwitcherPolicy:[Follow Primary Element] nonPrimaryOverlayPolicy:[Device Orientation]
default	00:54:20.904460-0700	SpringBoard	[SwitcherOrientation] animation duration set to 0.00
default	00:54:20.904484-0700	SpringBoard	[SwitcherOrientation] outSwitcherOrientation: portrait (1), outElementsOrientations: {
    "sceneID:com.groundeffectsoftware.AnxietyWatchHK-6C527490-A1D7-41A4-B49E-317360CCDAA7" = 1;
}
default	00:54:20.905049-0700	SpringBoard	[FBSystemService][0xe140] Request complete; no error reported.
default	00:54:20.906320-0700	SpringBoard	No capture application found for the com.apple.HealthPrivacyService, launchCameraCapture: NO, isCaptureApplication: NO
error	00:54:20.906346-0700	SpringBoard	[(FBSceneManager):sceneID:com.apple.HealthPrivacyService-default] updated settings were not derived from the scene's previous settings
default	00:54:20.906411-0700	AnxietyWatch	[FBSSystemService][0xe140] Request successful: <BSProcessHandle: 0x11a2a68e0; HealthPrivacySe:599; valid: YES>
default	00:54:20.906709-0700	SpringBoard	[0xc38b66100:(FBSceneManager):sceneID:com.apple.HealthPrivacyService-default] Scene state did change: BG-Active[40].
default	00:54:20.907073-0700	runningboardd	Acquiring assertion targeting [app<com.apple.HealthPrivacyService(3A076A8F-336D-4BCB-ACE2-64C6E80D0E3A)>:599] from originator [app<com.groundeffectsoftware.AnxietyWatchHK(3A076A8F-336D-4BCB-ACE2-64C6E80D0E3A)>:11299] with description <RBSAssertionDescriptor| "com.apple.viewservice.session.app" ID:34-11299-40947 target:599 attributes:[
	<RBSDomainAttribute| domain:"com.apple.uikit" name:"ViewService-AppSession" sourceEnvironment:"(null)">
	]>
default	00:54:20.907623-0700	runningboardd	Assertion 34-11299-40947 (target:[app<com.apple.HealthPrivacyService(3A076A8F-336D-4BCB-ACE2-64C6E80D0E3A)>:599]) will be created as active
default	00:54:20.912118-0700	runningboardd	Acquiring assertion targeting [app<com.apple.HealthPrivacyService(3A076A8F-336D-4BCB-ACE2-64C6E80D0E3A)>:599] from originator [osservice<com.apple.SpringBoard>:35] with description <RBSAssertionDescriptor| "FBWorkspace (BG-Active[40])" ID:34-35-40948 target:599 attributes:[
	<RBSDomainAttribute| domain:"com.apple.frontboard" name:"SuspendableLPRunReason-Suspend" sourceEnvironment:"(null)">,
	<RBSDomainAttribute| domain:"com.apple.frontboard" name:"SuspendableRole-NonUI" sourceEnvironment:"(null)">,
	<RBSDomainAttribute| domain:"com.apple.frontboard" name:"SuspendableJetsamPriority-Active" sourceEnvironment:"(null)">
	]>
default	00:54:20.912175-0700	runningboardd	Calculated state for app<com.apple.HealthPrivacyService(3A076A8F-336D-4BCB-ACE2-64C6E80D0E3A)>: running-active (role: UserInteractiveNonFocal) (endowments: <private>)
default	00:54:20.912209-0700	runningboardd	[app<com.apple.HealthPrivacyService(3A076A8F-336D-4BCB-ACE2-64C6E80D0E3A)>:599] Set jetsam priority to 80 [0] flag[1]
default	00:54:20.912220-0700	runningboardd	Assertion 34-35-40948 (target:[app<com.apple.HealthPrivacyService(3A076A8F-336D-4BCB-ACE2-64C6E80D0E3A)>:599]) will be created as active
default	00:54:20.912426-0700	runningboardd	PERF: Received lookupHandleForPredicate request from [app<com.groundeffectsoftware.AnxietyWatchHK(3A076A8F-336D-4BCB-ACE2-64C6E80D0E3A)>:11299] (euid 501, auid 501) (persona (null))
default	00:54:20.916205-0700	runningboardd	[app<com.apple.HealthPrivacyService(3A076A8F-336D-4BCB-ACE2-64C6E80D0E3A)>:599] Set darwin role to: UserInteractiveNonFocal
default	00:54:20.916420-0700	runningboardd	Acquiring assertion targeting [app<com.apple.HealthPrivacyService(3A076A8F-336D-4BCB-ACE2-64C6E80D0E3A)>:599] from originator [app<com.groundeffectsoftware.AnxietyWatchHK(3A076A8F-336D-4BCB-ACE2-64C6E80D0E3A)>:11299] with description <RBSAssertionDescriptor| "com.apple.viewservice.session" ID:34-11299-40949 target:app<com.apple.HealthPrivacyService((null))> attributes:[
	<RBSLegacyAttribute| requestedReason:ViewService reason:ViewService flags:( AllowIdleSleep PreventTaskSuspend PreventTaskThrottleDown WantsForegroundResourcePriority )>,
	<RBSAcquisitionCompletionAttribute| policy:AfterValidation>
	]>
default	00:54:20.916450-0700	runningboardd	Assertion 34-11299-40949 (target:[app<com.apple.HealthPrivacyService(3A076A8F-336D-4BCB-ACE2-64C6E80D0E3A)>:599]) will be created as active
default	00:54:20.916500-0700	runningboardd	Calculated state for app<com.apple.HealthPrivacyService(3A076A8F-336D-4BCB-ACE2-64C6E80D0E3A)>: running-active (role: UserInteractiveNonFocal) (endowments: <private>)
default	00:54:20.916580-0700	AnxietyWatch	Asked to bootstrap a new process for handle: [app<com.apple.HealthPrivacyService(3A076A8F-336D-4BCB-ACE2-64C6E80D0E3A)>:599]
default	00:54:20.916743-0700	AnxietyWatch	A process already exists for this handle: <FBApplicationProcess: 0x106a95b00; app<com.apple.HealthPrivacyService>:599(v670)>
default	00:54:20.916781-0700	runningboardd	Calculated state for app<com.apple.HealthPrivacyService(3A076A8F-336D-4BCB-ACE2-64C6E80D0E3A)>: running-active (role: UserInteractiveNonFocal) (endowments: <private>)
default	00:54:20.917445-0700	SpringBoard	[app<com.apple.HealthPrivacyService>:599] Workspace state did change: XX-None[0] --> BG-Active[40] (assertion acquired).
default	00:54:20.917855-0700	SpringBoard	[0xc38b66100:(FBSceneManager):sceneID:com.apple.HealthPrivacyService-default] Sending scene action [Forward Event][0xeab9] to process 0xc33361f80 (watchdog: 30.00s)
default	00:54:20.917946-0700	HealthPrivacyService	sceneOfRecord: sceneID: sceneID:com.apple.HealthPrivacyService-default  persistentID: 54B62F55-FBDF-44B8-895C-5616C205B224
default	00:54:20.918147-0700	SpringBoard	[0xc38b66100:(FBSceneManager):sceneID:com.apple.HealthPrivacyService-default] Scene action [Forward Event][0xeab9] completed with success: 1
default	00:54:20.918364-0700	AnxietyWatch	<StateMachine:0x11a32ed40> Created with presentation environment: <0x11a2d3bd0:<_UISceneKeyboardProxyLayerForwardingPresentationScene: 0x11a2d3bd0> Tracking scene: <FBScene: 0x11a021200; UISceneHosting-com.groundeffectsoftware.AnxietyWatchHK:UIHostedScene-com.apple.HealthPrivacyService-193F9F5F-05A8-469D-BB2D-F0A440A86D8D>>
default	00:54:20.918698-0700	AnxietyWatch	Received state update for 599 (app<com.apple.HealthPrivacyService(3A076A8F-336D-4BCB-ACE2-64C6E80D0E3A)>, running-active-NotVisible
default	00:54:20.918720-0700	AnxietyWatch	<ForwardingPresentationScene:0x11a2d3bd0> Prioritized presenter: <_UIScenePresenter: 0x106158070; identifier: UISceneHostingView-UIHostedScene-com.apple.HealthPrivacyService-193F9F5F-05A8-469D-BB2D-F0A440A86D8D; sortContext: 0>.
default	00:54:20.918848-0700	audiomxd	Received state update for 599 (app<com.apple.HealthPrivacyService(3A076A8F-336D-4BCB-ACE2-64C6E80D0E3A)>, running-active-NotVisible
default	00:54:20.919610-0700	CommCenter	Received state update for 599 (app<com.apple.HealthPrivacyService(3A076A8F-336D-4BCB-ACE2-64C6E80D0E3A)>, running-active-NotVisible
default	00:54:20.919652-0700	HealthPrivacyService	Received state update for 599 (app<com.apple.HealthPrivacyService(3A076A8F-336D-4BCB-ACE2-64C6E80D0E3A)>, running-active-NotVisible
default	00:54:20.919680-0700	AnxietyWatch	<_UIRemoteViewControllerSceneHostingImpl: 0x10538c960>: Created scene 11299->app<com.apple.HealthPrivacyService(3A076A8F-336D-4BCB-ACE2-64C6E80D0E3A)>/UISceneHosting-com.groundeffectsoftware.AnxietyWatchHK:UIHostedScene-com.apple.HealthPrivacyService-193F9F5F-05A8-469D-BB2D-F0A440A86D8D
default	00:54:20.919689-0700	AnxietyWatch	Configuring viewservice connection with synchronizer : <FBSceneSynchronizer:0x10606c580 FBProcess:[app<com.apple.HealthPrivacyService>:599][599]>
default	00:54:20.919702-0700	AnxietyWatch	Configured auxiliary connection for <_UIRemoteViewControllerSceneHostingImpl: 0x10538c960; identityToken: 11299->app<com.apple.HealthPrivacyService(3A076A8F-336D-4BCB-ACE2-64C6E80D0E3A)>/UISceneHosting-com.groundeffectsoftware.AnxietyWatchHK:UIHostedScene-com.apple.HealthPrivacyService-193F9F5F-05A8-469D-BB2D-F0A440A86D8D> with exported interface <NSXPCInterface: 0x11a32ef00>, remote object interface <NSXPCInterface: 0x11a32f0c0>
default	00:54:20.919774-0700	HealthPrivacyService	Auxiliary connection [<NSXPCConnection: 0x8288b99a0> connection to service with pid 11299 named (null)] activated targeting scene 11299->app<com.apple.HealthPrivacyService(3A076A8F-336D-4BCB-ACE2-64C6E80D0E3A)>/UISceneHosting-com.groundeffectsoftware.AnxietyWatchHK:UIHostedScene-com.apple.HealthPrivacyService-193F9F5F-05A8-469D-BB2D-F0A440A86D8D
default	00:54:20.919787-0700	AnxietyWatch	Activating scene for <_UIRemoteViewControllerSceneHostingImpl: 0x10538c960; identityToken: 11299->app<com.apple.HealthPrivacyService(3A076A8F-336D-4BCB-ACE2-64C6E80D0E3A)>/UISceneHosting-com.groundeffectsoftware.AnxietyWatchHK:UIHostedScene-com.apple.HealthPrivacyService-193F9F5F-05A8-469D-BB2D-F0A440A86D8D>
default	00:54:20.919991-0700	SpringBoard	Received state update for 599 (app<com.apple.HealthPrivacyService(3A076A8F-336D-4BCB-ACE2-64C6E80D0E3A)>, running-active-NotVisible
default	00:54:20.921538-0700	AnxietyWatch	Activation suppressed: <BSSimpleAssertion: 0x11a2d1ce0; querying endpoint for settings modification; identifier: activationSuppressionAssertion::11299->app<com.apple.HealthPrivacyService(3A076A8F-336D-4BCB-ACE2-64C6E80D0E3A)>/UISceneHosting-com.groundeffectsoftware.AnxietyWatchHK:UIHostedScene-com.apple.HealthPrivacyService-193F9F5F-05A8-469D-BB2D-F0A440A86D8D; state: active>
default	00:54:20.921606-0700	AnxietyWatch	<_UISceneExternalSettingsModifierHostComponent: 0x11a2d2130>: Requesting settings modifiers for 11299->app<com.apple.HealthPrivacyService(3A076A8F-336D-4BCB-ACE2-64C6E80D0E3A)>/UISceneHosting-com.groundeffectsoftware.AnxietyWatchHK:UIHostedScene-com.apple.HealthPrivacyService-193F9F5F-05A8-469D-BB2D-F0A440A86D8D from endpoint <BSServiceConnectionEndpoint: 0x11ea980e0; target: com.apple.frontboard.systemappservices; service: com.apple.uis.scene-hosting-external-settings-modifier-service>
default	00:54:20.923300-0700	AnxietyWatch	<_UISceneExternalSettingsModifierHostComponent: 0x11a2d2130>: Using settings modifiers: (null)
default	00:54:20.923316-0700	AnxietyWatch	Activation suppression relinquished: <BSSimpleAssertion: 0x11a2d1ce0; querying endpoint for settings modification; identifier: activationSuppressionAssertion::11299->app<com.apple.HealthPrivacyService(3A076A8F-336D-4BCB-ACE2-64C6E80D0E3A)>/UISceneHosting-com.groundeffectsoftware.AnxietyWatchHK:UIHostedScene-com.apple.HealthPrivacyService-193F9F5F-05A8-469D-BB2D-F0A440A86D8D; state: invalidated>, current count: 0
default	00:54:20.923333-0700	AnxietyWatch	Asked to bootstrap a new process for handle: [app<com.apple.HealthPrivacyService(3A076A8F-336D-4BCB-ACE2-64C6E80D0E3A)>:599]
default	00:54:20.923341-0700	AnxietyWatch	A process already exists for this handle: <FBApplicationProcess: 0x106a95b00; app<com.apple.HealthPrivacyService>:599(v670)>
default	00:54:20.923350-0700	AnxietyWatch	[0x11c621a40:UISceneHosting-com.groundeffectsoftware.AnxietyWatchHK:UIHostedScene-com.apple.HealthPrivacyService-193F9F5F-05A8-469D-BB2D-F0A440A86D8D] Initialized with connection: 0x11a2a5650.
default	00:54:20.923361-0700	AnxietyWatch	[app<com.apple.HealthPrivacyService>:599] Registered new scene: <FBUIApplicationWorkspaceScene: 0x11c621a40; UISceneHosting-com.groundeffectsoftware.AnxietyWatchHK:UIHostedScene-com.apple.HealthPrivacyService-193F9F5F-05A8-469D-BB2D-F0A440A86D8D> (fromRemnant = 0)
default	00:54:20.923374-0700	AnxietyWatch	[UISceneHosting-com.groundeffectsoftware.AnxietyWatchHK:UIHostedScene-com.apple.HealthPrivacyService-193F9F5F-05A8-469D-BB2D-F0A440A86D8D][1] Scene activated.
default	00:54:20.923384-0700	AnxietyWatch	[app<com.apple.HealthPrivacyService>:599] Workspace interruption policy did change: disconnect
default	00:54:20.923496-0700	WirelessRadioManagerd	Received state update for 599 (app<com.apple.HealthPrivacyService(3A076A8F-336D-4BCB-ACE2-64C6E80D0E3A)>, running-active-NotVisible
default	00:54:20.923621-0700	runningboardd	Acquiring assertion targeting [app<com.apple.HealthPrivacyService(3A076A8F-336D-4BCB-ACE2-64C6E80D0E3A)>:599] from originator [app<com.groundeffectsoftware.AnxietyWatchHK(3A076A8F-336D-4BCB-ACE2-64C6E80D0E3A)>:11299] with description <RBSAssertionDescriptor| "com.apple.frontboard.after-life.interrupted" ID:34-11299-40950 target:599 attributes:[
	<RBSDomainAttribute| domain:"com.apple.frontboard" name:"AfterLife-Interrupted" sourceEnvironment:"(null)">
	]>
default	00:54:20.923877-0700	runningboardd	Assertion 34-11299-40950 (target:[app<com.apple.HealthPrivacyService(3A076A8F-336D-4BCB-ACE2-64C6E80D0E3A)>:599]) will be created as inactive as originator process has not exited
default	00:54:20.924139-0700	AnxietyWatch	[app<com.apple.HealthPrivacyService>:599] Setting process visibility to: Foreground
default	00:54:20.924256-0700	AnxietyWatch	[UISceneHosting-com.groundeffectsoftware.AnxietyWatchHK:UIHostedScene-com.apple.HealthPrivacyService-193F9F5F-05A8-469D-BB2D-F0A440A86D8D] scene content state changed: preparing
default	00:54:20.924297-0700	AnxietyWatch	[UISceneHosting-com.groundeffectsoftware.AnxietyWatchHK:UIHostedScene-com.apple.HealthPrivacyService-193F9F5F-05A8-469D-BB2D-F0A440A86D8D] Client process connected: [app<com.apple.HealthPrivacyService(3A076A8F-336D-4BCB-ACE2-64C6E80D0E3A)>:599]
default	00:54:20.924339-0700	AnxietyWatch	[0x11c621a40:UISceneHosting-com.groundeffectsoftware.AnxietyWatchHK:UIHostedScene-com.apple.HealthPrivacyService-193F9F5F-05A8-469D-BB2D-F0A440A86D8D] Scene lifecycle state did change: Foreground
default	00:54:20.924367-0700	AnxietyWatch	[0x11c621a40:UISceneHosting-com.groundeffectsoftware.AnxietyWatchHK:UIHostedScene-com.apple.HealthPrivacyService-193F9F5F-05A8-469D-BB2D-F0A440A86D8D] Scene state did change: FV-Focal[100].
default	00:54:20.924947-0700	runningboardd	Acquiring assertion targeting [app<com.apple.HealthPrivacyService(3A076A8F-336D-4BCB-ACE2-64C6E80D0E3A)>:599] from originator [app<com.groundeffectsoftware.AnxietyWatchHK(3A076A8F-336D-4BCB-ACE2-64C6E80D0E3A)>:11299] with description <RBSAssertionDescriptor| "FBWorkspace (FV-Focal[100])" ID:34-11299-40951 target:599 attributes:[
	<RBSDomainAttribute| domain:"com.apple.frontboard" name:"SuspendableLPRunReason-Resume" sourceEnvironment:"(null)">,
	<RBSDomainAttribute| domain:"com.apple.frontboard" name:"SuspendableRole-UIFocal" sourceEnvironment:"(null)">,
	<RBSDomainAttribute| domain:"com.apple.frontboard" name:"SuspendableJetsamPriority-Foreground" sourceEnvironment:"(null)">
	]>
default	00:54:20.924999-0700	runningboardd	Assertion 34-11299-40951 (target:[app<com.apple.HealthPrivacyService(3A076A8F-336D-4BCB-ACE2-64C6E80D0E3A)>:599]) will be created as active
default	00:54:20.925810-0700	runningboardd	Calculated state for app<com.apple.HealthPrivacyService(3A076A8F-336D-4BCB-ACE2-64C6E80D0E3A)>: running-active (role: UserInteractiveFocal) (endowments: <private>)
default	00:54:20.925827-0700	runningboardd	[app<com.apple.HealthPrivacyService(3A076A8F-336D-4BCB-ACE2-64C6E80D0E3A)>:599] Set jetsam priority to 100 [0] flag[1]
default	00:54:20.925837-0700	runningboardd	[app<com.apple.HealthPrivacyService(3A076A8F-336D-4BCB-ACE2-64C6E80D0E3A)>:599] Set darwin role to: UserInteractiveFocal
default	00:54:20.925909-0700	runningboardd	599 Set Darwin GPU to "UserInteractiveFocals" (7)
default	00:54:20.926219-0700	AnxietyWatch	[app<com.apple.HealthPrivacyService>:599] Workspace state did change: XX-None[0] --> FV-Focal[100] (assertion acquired).
default	00:54:20.927519-0700	AnxietyWatch	Updating self-assertion for unified workspace priority: BG-Opportunistic[40]
default	00:54:20.927625-0700	AnxietyWatch	[0x11c621a40:UISceneHosting-com.groundeffectsoftware.AnxietyWatchHK:UIHostedScene-com.apple.HealthPrivacyService-193F9F5F-05A8-469D-BB2D-F0A440A86D8D] Sending scene action [Logical Activate][0x8a42] to process 0x106a95b00 (watchdog: 10.00s)
default	00:54:20.927634-0700	runningboardd	Acquiring assertion targeting [app<com.groundeffectsoftware.AnxietyWatchHK(3A076A8F-336D-4BCB-ACE2-64C6E80D0E3A)>:11299] from originator [app<com.groundeffectsoftware.AnxietyWatchHK(3A076A8F-336D-4BCB-ACE2-64C6E80D0E3A)>:11299] with description <RBSAssertionDescriptor| "FBWorkspace Self-Assert" ID:34-11299-40952 target:11299 attributes:[
	<RBSDomainAttribute| domain:"com.apple.common" name:"FinishTaskInterruptable" sourceEnvironment:"(null)">
	]>
default	00:54:20.927644-0700	AnxietyWatch	[0x11c621a40:UISceneHosting-com.groundeffectsoftware.AnxietyWatchHK:UIHostedScene-com.apple.HealthPrivacyService-193F9F5F-05A8-469D-BB2D-F0A440A86D8D] Sending scene create.
default	00:54:20.927650-0700	runningboardd	Assertion 34-11299-40952 (target:[app<com.groundeffectsoftware.AnxietyWatchHK(3A076A8F-336D-4BCB-ACE2-64C6E80D0E3A)>:11299]) will be created as inactive as start-time-defining assertions exist
default	00:54:20.927954-0700	CommCenter	Received state update for 599 (app<com.apple.HealthPrivacyService(3A076A8F-336D-4BCB-ACE2-64C6E80D0E3A)>, running-active-NotVisible
default	00:54:20.928020-0700	SpringBoard	Received state update for 599 (app<com.apple.HealthPrivacyService(3A076A8F-336D-4BCB-ACE2-64C6E80D0E3A)>, running-active-NotVisible
default	00:54:20.928047-0700	AnxietyWatch	Received state update for 599 (app<com.apple.HealthPrivacyService(3A076A8F-336D-4BCB-ACE2-64C6E80D0E3A)>, running-active-NotVisible
default	00:54:20.928208-0700	HealthPrivacyService	Received state update for 599 (app<com.apple.HealthPrivacyService(3A076A8F-336D-4BCB-ACE2-64C6E80D0E3A)>, running-active-NotVisible
default	00:54:20.928237-0700	audiomxd	Received state update for 599 (app<com.apple.HealthPrivacyService(3A076A8F-336D-4BCB-ACE2-64C6E80D0E3A)>, running-active-NotVisible
default	00:54:20.928601-0700	wifid	Received state update for 599 (app<com.apple.HealthPrivacyService(3A076A8F-336D-4BCB-ACE2-64C6E80D0E3A)>, running-active-NotVisible
default	00:54:20.929409-0700	UserEventAgent	Received state update for 599 (app<com.apple.HealthPrivacyService(3A076A8F-336D-4BCB-ACE2-64C6E80D0E3A)>, running-active-NotVisible
default	00:54:20.931258-0700	PerfPowerServices	Received state update for 599 (app<com.apple.HealthPrivacyService(3A076A8F-336D-4BCB-ACE2-64C6E80D0E3A)>, running-active-NotVisible
default	00:54:20.933943-0700	runningboardd	Acquiring assertion targeting [app<com.apple.HealthPrivacyService(3A076A8F-336D-4BCB-ACE2-64C6E80D0E3A)>:599] from originator [app<com.apple.HealthPrivacyService(3A076A8F-336D-4BCB-ACE2-64C6E80D0E3A)>:599] with description <RBSAssertionDescriptor| "app_launch_measurement: pageins recording enabled" ID:34-599-40953 target:599 attributes:[
	<RBSDomainAttribute| domain:"com.apple.pagein-prefetching" name:"LaunchPrefetch" sourceEnvironment:"(null)">
	]>
default	00:54:20.934169-0700	runningboardd	Assertion 34-599-40953 (target:[app<com.apple.HealthPrivacyService(3A076A8F-336D-4BCB-ACE2-64C6E80D0E3A)>:599]) will be created as active
default	00:54:20.934385-0700	runningboardd	Calculated state for app<com.apple.HealthPrivacyService(3A076A8F-336D-4BCB-ACE2-64C6E80D0E3A)>: running-active (role: UserInteractiveFocal) (endowments: <private>)
default	00:54:20.934612-0700	HealthPrivacyService	alm_acquire_pageins_recording_assertion: acquired pageins recording assertion!
default	00:54:20.934624-0700	HealthPrivacyService	Should send trait collection or coordinate space update, interface style 2 -> 2, <_UIHostedWindowScene: 0x828e50280> (UIHostedScene-com.apple.HealthPrivacyService-193F9F5F-05A8-469D-BB2D-F0A440A86D8D)
default	00:54:20.934633-0700	HealthPrivacyService	Not push traits update to screen for new style 0, <_UIHostedWindowScene: 0x828e50280> (UIHostedScene-com.apple.HealthPrivacyService-193F9F5F-05A8-469D-BB2D-F0A440A86D8D)
default	00:54:20.935830-0700	HealthPrivacyService	Received state update for 599 (app<com.apple.HealthPrivacyService(3A076A8F-336D-4BCB-ACE2-64C6E80D0E3A)>, running-active-NotVisible
default	00:54:20.935867-0700	HealthPrivacyService	Initializing: <_UIHomeAffordanceSceneNotifier: 0x828dd2990>; with scene: <_UIHostedWindowScene: 0x828e50280>
default	00:54:20.935900-0700	HealthPrivacyService	0x8298396b0 setDelegate:<0x829839a40 _UIBacklightEnvironment> hasDelegate:YES for environment:UIHostedScene-com.apple.HealthPrivacyService-193F9F5F-05A8-469D-BB2D-F0A440A86D8D
default	00:54:20.935970-0700	SpringBoard	Received state update for 599 (app<com.apple.HealthPrivacyService(3A076A8F-336D-4BCB-ACE2-64C6E80D0E3A)>, running-active-NotVisible
default	00:54:20.935992-0700	AnxietyWatch	Received state update for 599 (app<com.apple.HealthPrivacyService(3A076A8F-336D-4BCB-ACE2-64C6E80D0E3A)>, running-active-NotVisible
default	00:54:20.936223-0700	CommCenter	Received state update for 599 (app<com.apple.HealthPrivacyService(3A076A8F-336D-4BCB-ACE2-64C6E80D0E3A)>, running-active-NotVisible
default	00:54:20.936275-0700	audiomxd	Received state update for 599 (app<com.apple.HealthPrivacyService(3A076A8F-336D-4BCB-ACE2-64C6E80D0E3A)>, running-active-NotVisible
default	00:54:20.936358-0700	HealthPrivacyService	Not push traits update to screen for new style 0, <_UIHostedWindowScene: 0x828e50280> (UIHostedScene-com.apple.HealthPrivacyService-193F9F5F-05A8-469D-BB2D-F0A440A86D8D)
default	00:54:20.936367-0700	HealthPrivacyService	[0x828dd0690] Initialized with scene: <_UIHostedWindowScene: 0x828e50280>; behavior: <_UIEventDeferringBehavior_iOS: 0x8299bf8e0>; availableForProcess: 1, systemShellManagesKeyboardFocus: 1
default	00:54:20.936510-0700	HealthPrivacyService	policyStatus:<BKSHIDEventDeliveryPolicyObserver: 0x828c4d0e0; process scope; status: none> was:none
default	00:54:20.937081-0700	HealthPrivacyService	Not push traits update to screen for new style 0, <_UIHostedWindowScene: 0x828e50280> (UIHostedScene-com.apple.HealthPrivacyService-193F9F5F-05A8-469D-BB2D-F0A440A86D8D)
default	00:54:20.937230-0700	HealthPrivacyService	Not push traits update to screen for new style 0, <_UIHostedWindowScene: 0x828e50280> (UIHostedScene-com.apple.HealthPrivacyService-193F9F5F-05A8-469D-BB2D-F0A440A86D8D)
default	00:54:20.937688-0700	HealthPrivacyService	Not push traits update to screen for new style 0, <_UIHostedWindowScene: 0x828e50280> (UIHostedScene-com.apple.HealthPrivacyService-193F9F5F-05A8-469D-BB2D-F0A440A86D8D)
default	00:54:20.937724-0700	HealthPrivacyService	Configuring view service scene for 11299->app<com.apple.HealthPrivacyService(3A076A8F-336D-4BCB-ACE2-64C6E80D0E3A)>/UISceneHosting-com.groundeffectsoftware.AnxietyWatchHK:UIHostedScene-com.apple.HealthPrivacyService-193F9F5F-05A8-469D-BB2D-F0A440A86D8D:
default	00:54:20.937889-0700	locationd	Received state update for 599 (app<com.apple.HealthPrivacyService(3A076A8F-336D-4BCB-ACE2-64C6E80D0E3A)>, running-active-NotVisible
default	00:54:20.938087-0700	backboardd	Received state update for 599 (app<com.apple.HealthPrivacyService(3A076A8F-336D-4BCB-ACE2-64C6E80D0E3A)>, running-active-NotVisible
error	00:54:20.938211-0700	HealthPrivacyService	Unable to fetch bundle record for audit token: The operation couldn’t be completed. (OSStatus error -600.)
default	00:54:20.938808-0700	HealthPrivacyService	<_UIViewServiceRootViewController: 0x8288ec400>: Set materialized view controller: <HKHealthPrivacyServiceAuthorizationViewController: 0x828d8c000>
default	00:54:20.940217-0700	symptomsd	Received state update for 599 (app<com.apple.HealthPrivacyService(3A076A8F-336D-4BCB-ACE2-64C6E80D0E3A)>, running-active-NotVisible
default	00:54:20.940757-0700	symptomsd	Received state update for 599 (app<com.apple.HealthPrivacyService(3A076A8F-336D-4BCB-ACE2-64C6E80D0E3A)>, running-active-NotVisible
default	00:54:20.941817-0700	locationd	Received state update for 599 (app<com.apple.HealthPrivacyService(3A076A8F-336D-4BCB-ACE2-64C6E80D0E3A)>, running-active-NotVisible
default	00:54:20.942226-0700	WirelessRadioManagerd	Received state update for 599 (app<com.apple.HealthPrivacyService(3A076A8F-336D-4BCB-ACE2-64C6E80D0E3A)>, running-active-NotVisible
default	00:54:20.942934-0700	gamepolicyd	Received state update for 599 (app<com.apple.HealthPrivacyService(3A076A8F-336D-4BCB-ACE2-64C6E80D0E3A)>, running-active-NotVisible
default	00:54:20.943181-0700	PerfPowerServices	Received state update for 599 (app<com.apple.HealthPrivacyService(3A076A8F-336D-4BCB-ACE2-64C6E80D0E3A)>, running-active-NotVisible
default	00:54:20.943900-0700	useractivityd	Received state update for 599 (app<com.apple.HealthPrivacyService(3A076A8F-336D-4BCB-ACE2-64C6E80D0E3A)>, running-active-NotVisible
default	00:54:20.944586-0700	watchdogd	Received state update for 599 (app<com.apple.HealthPrivacyService(3A076A8F-336D-4BCB-ACE2-64C6E80D0E3A)>, running-active-NotVisible
default	00:54:20.945034-0700	HealthPrivacyService	_UIHostedWindowScene: 0x828e50280: Window became key in scene: UIWindow: 0x8288ec000; contextId: 0xACA77803: reason: _UIHostedWindowScene: 0x828e50280: Window requested to become key in scene: 0x8288ec000
default	00:54:20.945077-0700	HealthPrivacyService	Key window needs update: 1; currentKeyWindowScene: 0x0; evaluatedKeyWindowScene: 0x828e50280; currentApplicationKeyWindow: 0x0; evaluatedApplicationKeyWindow: 0x8288ec000; reason: _UIHostedWindowScene: 0x828e50280: Window requested to become key in scene: 0x8288ec000
default	00:54:20.945107-0700	HealthPrivacyService	Window did become application key: UIWindow: 0x8288ec000; contextId: 0xACA77803; scene identity: 11299->app<com.apple.HealthPrivacyService(3A076A8F-336D-4BCB-ACE2-64C6E80D0E3A)>/UISceneHosting-com.groundeffectsoftware.AnxietyWatchHK:UIHostedScene-com.apple.HealthPrivacyService-193F9F5F-05A8-469D-BB2D-F0A440A86D8D
default	00:54:20.945146-0700	HealthPrivacyService	[0x828dd0690] Begin local event deferring requested for token: 0x828c4e760; environments: 1; reason: _UIHostedWindowScene: 0x828e50280: Begin event deferring in keyboardFocus for window: 0x8288ec000
default	00:54:20.945254-0700	dasd	Received state update for 599 (app<com.apple.HealthPrivacyService(3A076A8F-336D-4BCB-ACE2-64C6E80D0E3A)>, running-active-NotVisible
default	00:54:20.946180-0700	HealthPrivacyService	Configured auxiliary connection for 11299->app<com.apple.HealthPrivacyService(3A076A8F-336D-4BCB-ACE2-64C6E80D0E3A)>/UISceneHosting-com.groundeffectsoftware.AnxietyWatchHK:UIHostedScene-com.apple.HealthPrivacyService-193F9F5F-05A8-469D-BB2D-F0A440A86D8D with exported object <HKHealthPrivacyServiceAuthorizationViewController: 0x828d8c000>
default	00:54:20.946214-0700	backboardd	new deferring rules for pid:599: [[599-6]; <keyboardFocus; builtin; …le.HealthPrivacyService-193F9F5F-05A8-469D-BB2D-F0A440A86D8D>; () -> <token: 0xACA77803; pid: 599>; reason: …gin event deferring in keyboardFocus for window: 0x8288ec000]
default	00:54:20.946232-0700	backboardd	[keyboardFocus 0xb02247110] setRules:forPID(599): [[599-6]; <keyboardFocus; builtin; 11299->app<com.apple.HealthPrivacyService(3A076A8F-336D-4BCB-ACE2-64C6E80D0E3A)>/UISceneHosting-com.groundeffectsoftware.AnxietyWatchHK:UIHostedScene-com.apple.HealthPrivacyService-193F9F5F-05A8-469D-BB2D-F0A440A86D8D>; () -> <token: 0xACA77803; pid: 599>; reason: _UIHostedWindowScene: 0x828e50280: Begin event deferring in keyboardFocus for window: 0x8288ec000]
error	00:54:20.946603-0700	backboardd	cycle detected between [35-15B] -> [35-3]
default	00:54:20.946736-0700	backboardd	[system 0xb02247250] setRules:forPID(599): []
default	00:54:20.946768-0700	backboardd	[systemKeyCommandOverlay 0xb02246fd0] setRules:forPID(599): []
default	00:54:20.946841-0700	backboardd	[keyboardFocus 0xb022472a0] setRules:forPID(599): [[599-6]; <keyboardFocus; builtin; 11299->app<com.apple.HealthPrivacyService(3A076A8F-336D-4BCB-ACE2-64C6E80D0E3A)>/UISceneHosting-com.groundeffectsoftware.AnxietyWatchHK:UIHostedScene-com.apple.HealthPrivacyService-193F9F5F-05A8-469D-BB2D-F0A440A86D8D>; () -> <token: 0xACA77803; pid: 599>; reason: _UIHostedWindowScene: 0x828e50280: Begin event deferring in keyboardFocus for window: 0x8288ec000]
default	00:54:20.946897-0700	HealthPrivacyService	<_UIHostedWindowScene: 0x828e50280> (UIHostedScene-com.apple.HealthPrivacyService-193F9F5F-05A8-469D-BB2D-F0A440A86D8D) Scene updated orientation preferences: none -> ( Pu )
error	00:54:20.947546-0700	backboardd	cycle detected between [35-15B] -> [35-3]
default	00:54:20.947666-0700	backboardd	[system 0xb02247340] setRules:forPID(599): []
default	00:54:20.947679-0700	backboardd	[systemKeyCommandOverlay 0xb022472f0] setRules:forPID(599): []
default	00:54:20.947750-0700	HealthPrivacyService	<_UIViewServiceRootViewController: 0x8288ec400>: Installed materialized view controller in hierarchy: <HKHealthPrivacyServiceAuthorizationViewController: 0x828d8c000>
default	00:54:20.947757-0700	HealthPrivacyService	sceneOfRecord: sceneID: UIHostedScene-com.apple.HealthPrivacyService-193F9F5F-05A8-469D-BB2D-F0A440A86D8D  persistentID: UIHostedScene-com.apple.HealthPrivacyService-193F9F5F-05A8-469D-BB2D-F0A440A86D8D
default	00:54:20.947787-0700	HealthPrivacyService	Ignoring already applied deactivation reason: 12; deactivation reasons: 6144
default	00:54:20.947796-0700	HealthPrivacyService	Deactivation reason removed: 11; deactivation reasons: 6144 -> 4096; animating application lifecycle event: 0
default	00:54:20.947810-0700	HealthPrivacyService	Deactivation reason removed: 12; deactivation reasons: 4096 -> 0; animating application lifecycle event: 0
default	00:54:20.947817-0700	HealthPrivacyService	Send setDeactivating: N (-DeactivationReason:SuspendedEventsOnly)
default	00:54:20.947822-0700	HealthPrivacyService	App transitioned to foreground, resuming HangTracing.
default	00:54:20.947829-0700	HealthPrivacyService	Updating event->rollingFGTimestamp from INVALID_FOREGROUND_TIMESTAMP to 1989523940416
default	00:54:20.950406-0700	HealthPrivacyService	App did become active
default	00:54:20.950495-0700	HealthPrivacyService	Not push traits update to screen for new style 0, <_UIHostedWindowScene: 0x828e50280> (UIHostedScene-com.apple.HealthPrivacyService-193F9F5F-05A8-469D-BB2D-F0A440A86D8D)
default	00:54:20.950515-0700	HealthPrivacyService	Not push traits update to screen for new style 0, <_UIHostedWindowScene: 0x828e50280> (UIHostedScene-com.apple.HealthPrivacyService-193F9F5F-05A8-469D-BB2D-F0A440A86D8D)
default	00:54:20.951199-0700	wifid	Received state update for 599 (app<com.apple.HealthPrivacyService(3A076A8F-336D-4BCB-ACE2-64C6E80D0E3A)>, running-active-NotVisible
default	00:54:20.951447-0700	UserEventAgent	Received state update for 599 (app<com.apple.HealthPrivacyService(3A076A8F-336D-4BCB-ACE2-64C6E80D0E3A)>, running-active-NotVisible
default	00:54:20.952316-0700	backboardd	Received state update for 599 (app<com.apple.HealthPrivacyService(3A076A8F-336D-4BCB-ACE2-64C6E80D0E3A)>, running-active-NotVisible
default	00:54:20.953145-0700	IDSCredentialsAgent	Received state update for 599 (app<com.apple.HealthPrivacyService(3A076A8F-336D-4BCB-ACE2-64C6E80D0E3A)>, running-active-NotVisible
default	00:54:20.954389-0700	gamepolicyd	Received state update for 599 (app<com.apple.HealthPrivacyService(3A076A8F-336D-4BCB-ACE2-64C6E80D0E3A)>, running-active-NotVisible
default	00:54:20.954406-0700	WirelessRadioManagerd	Received state update for 599 (app<com.apple.HealthPrivacyService(3A076A8F-336D-4BCB-ACE2-64C6E80D0E3A)>, running-active-NotVisible
default	00:54:20.954839-0700	useractivityd	Received state update for 599 (app<com.apple.HealthPrivacyService(3A076A8F-336D-4BCB-ACE2-64C6E80D0E3A)>, running-active-NotVisible
default	00:54:20.955199-0700	watchdogd	Received state update for 599 (app<com.apple.HealthPrivacyService(3A076A8F-336D-4BCB-ACE2-64C6E80D0E3A)>, running-active-NotVisible
default	00:54:20.956130-0700	dasd	Received state update for 599 (app<com.apple.HealthPrivacyService(3A076A8F-336D-4BCB-ACE2-64C6E80D0E3A)>, running-active-NotVisible
default	00:54:20.956144-0700	wifid	Received state update for 599 (app<com.apple.HealthPrivacyService(3A076A8F-336D-4BCB-ACE2-64C6E80D0E3A)>, running-active-NotVisible
default	00:54:20.956458-0700	UserEventAgent	Received state update for 599 (app<com.apple.HealthPrivacyService(3A076A8F-336D-4BCB-ACE2-64C6E80D0E3A)>, running-active-NotVisible
default	00:54:20.957381-0700	IDSCredentialsAgent	Received state update for 599 (app<com.apple.HealthPrivacyService(3A076A8F-336D-4BCB-ACE2-64C6E80D0E3A)>, running-active-NotVisible
default	00:54:20.963439-0700	backboardd	  82896.84640: notify client com.apple.siri.AttentionAwareness.Touch of <AWAttentionLostEvent: 0xb04bb54c0> (timestamp:   82896.84630 attentionLostTimeout       0.10000 tagIndex 0 (tag not present in server))
default	00:54:20.966161-0700	kernel	ANE0: aneFirmwareCommandSend: Skip waiting for response
default	00:54:20.966223-0700	kernel	ANE0: aneFirmwareCommandSend: Skip waiting for response
default	00:54:20.966564-0700	kernel	ANE0: aneFirmwareCommandSend: Skip waiting for response
default	00:54:20.973647-0700	HealthPrivacyService	Target list changed: <CADisplay:LCD primary>
default	00:54:20.973707-0700	AnxietyWatch	[0x11c621a40:UISceneHosting-com.groundeffectsoftware.AnxietyWatchHK:UIHostedScene-com.apple.HealthPrivacyService-193F9F5F-05A8-469D-BB2D-F0A440A86D8D] Scene action [Logical Activate][0x8a42] completed with success: 1
default	00:54:20.973808-0700	AnxietyWatch	[UISceneHosting-com.groundeffectsoftware.AnxietyWatchHK:UIHostedScene-com.apple.HealthPrivacyService-193F9F5F-05A8-469D-BB2D-F0A440A86D8D] scene content state changed: ready
default	00:54:20.974728-0700	HealthPrivacyService	startConnection
default	00:54:20.974792-0700	HealthPrivacyService	[0x8299b5180] activating connection: mach=true listener=false peer=false name=com.apple.UIKit.KeyboardManagement.hosted
default	00:54:20.976852-0700	HealthPrivacyService	sceneOfRecord: sceneID: UIHostedScene-com.apple.HealthPrivacyService-193F9F5F-05A8-469D-BB2D-F0A440A86D8D  persistentID: UIHostedScene-com.apple.HealthPrivacyService-193F9F5F-05A8-469D-BB2D-F0A440A86D8D
default	00:54:20.976984-0700	HealthPrivacyService	sceneOfRecord: sceneID: UIHostedScene-com.apple.HealthPrivacyService-193F9F5F-05A8-469D-BB2D-F0A440A86D8D  persistentID: UIHostedScene-com.apple.HealthPrivacyService-193F9F5F-05A8-469D-BB2D-F0A440A86D8D
default	00:54:20.977025-0700	runningboardd	Acquiring assertion targeting [app<com.groundeffectsoftware.AnxietyWatchHK(3A076A8F-336D-4BCB-ACE2-64C6E80D0E3A)>:11299] from originator [app<com.groundeffectsoftware.AnxietyWatchHK(3A076A8F-336D-4BCB-ACE2-64C6E80D0E3A)>:11299] with description <RBSAssertionDescriptor| "systemAnimationFence" ID:34-11299-40954 target:11299 attributes:[
	<RBSLegacyAttribute| requestedReason:FinishTask reason:FinishTask flags:( AllowIdleSleep PreventTaskSuspend PreventTaskThrottleDown )>,
	<RBSAcquisitionCompletionAttribute| policy:AfterValidation>
	]>
default	00:54:20.980854-0700	runningboardd	Assertion 34-11299-40954 (target:[app<com.groundeffectsoftware.AnxietyWatchHK(3A076A8F-336D-4BCB-ACE2-64C6E80D0E3A)>:11299]) will be created as inactive as start-time-defining assertions exist
default	00:54:20.984021-0700	AnxietyWatch	Reloading input views for key-window scene responder: <(null): 0x0; > force:N
default	00:54:20.984034-0700	AnxietyWatch	_reloadInputViewsForKeyWindowSceneResponder: 0 force: 0, fromBecomeFirstResponder: 0 (automaticKeyboard: 0, reloadIdentifier: 1D9F6D54-74B2-4173-9597-BB3242989656)
default	00:54:20.984065-0700	AnxietyWatch	_inputViewsForResponder: <(null): 0x0; >, automaticKeyboard: 0, force: 0
default	00:54:20.984106-0700	AnxietyWatch	_inputViewsForResponder, found custom inputView: <(null): 0x0>, customInputViewController: <(null): 0x0>
default	00:54:20.984131-0700	AnxietyWatch	_inputViewsForResponder, found inputAccessoryView: <(null): 0x0>
default	00:54:20.984153-0700	AnxietyWatch	_inputViewsForResponder, responderRequiresKeyboard 0 (automaticKeyboardEnabled: 0, activeInstance: <(null): 0x0>, self.isOnScreen: 0, requiresKBWhenFirstResponder: 0)
default	00:54:20.984179-0700	AnxietyWatch	_inputViewsForResponder, useKeyboard 0 (allowsSystemInputView: 1, !inputView <(null): 0x0>, responderRequiresKeyboard 0)
default	00:54:20.984204-0700	AnxietyWatch	_inputViewsForResponder, configuring _responderWithoutAutomaticAppearanceEnabled: <(null): 0x0> (_automaticAppearEnabled: 1)
default	00:54:20.984251-0700	SpringBoard	Updating configuration of monitor M35-12
default	00:54:20.984586-0700	AnxietyWatch	_inputViewsForResponder, needsIVPlaceholder: 0, needsIAVPlaceholder: 0, needsInputSetWithPlaceholder: 0
default	00:54:20.985063-0700	AnxietyWatch	_inputViewsForResponder returning: <<UIInputViewSet: 0x11c622c40>; (empty)>
default	00:54:20.985090-0700	HealthPrivacyService	Updating configuration of monitor M599-8
default	00:54:20.985097-0700	AnxietyWatch	endPlacementForInputViewSet: <<UIInputViewSet: 0x11c622c40>; (empty)> windowScene: <UIWindowScene: 0x104a18b00; role: UIWindowSceneSessionRoleApplication; persistentIdentifier: 6C527490-A1D7-41A4-B49E-317360CCDAA7; activationState: UISceneActivationStateForegroundActive>
default	00:54:20.985157-0700	SpringBoard	[0xc35b3c480] activating connection: mach=false listener=false peer=true name=com.apple.UIKit.KeyboardManagement.hosted.peer[599].0xc35b3c480
default	00:54:20.985223-0700	runningboardd	Acquiring assertion targeting [app<com.apple.HealthPrivacyService(3A076A8F-336D-4BCB-ACE2-64C6E80D0E3A)>:599] from originator [app<com.apple.HealthPrivacyService(3A076A8F-336D-4BCB-ACE2-64C6E80D0E3A)>:599] with description <RBSAssertionDescriptor| "systemAnimationFence" ID:34-599-40955 target:599 attributes:[
	<RBSLegacyAttribute| requestedReason:FinishTask reason:FinishTask flags:( AllowIdleSleep PreventTaskSuspend PreventTaskThrottleDown )>,
	<RBSAcquisitionCompletionAttribute| policy:AfterValidation>
	]>
default	00:54:20.985239-0700	AnxietyWatch	-[_UIRemoteKeyboards prepareToMoveKeyboard:withIAV:isIAVRelevant:showing:notifyRemote:forScene:] position: {{0, 0}, {0, 0}} visible: 0; notifyRemote: 1; isMinimized: NO
default	00:54:20.986104-0700	runningboardd	Assertion 34-599-40955 (target:[app<com.apple.HealthPrivacyService(3A076A8F-336D-4BCB-ACE2-64C6E80D0E3A)>:599]) will be created as inactive as start-time-defining assertions exist
default	00:54:20.986287-0700	AnxietyWatch	Show keyboard with visual mode windowed (0)
default	00:54:20.986337-0700	SpringBoard	RX com.apple.HealthPrivacyService(599) startArbitration
    expectedState:(null)
    focusContext:<private>
    hostingPIDs:<private> usingFence:Y withSuppression:0
default	00:54:20.986845-0700	SpringBoard	Received state update for 8760 (osservice<com.apple.InputUI>, running-suspended-NotVisible
default	00:54:20.986867-0700	SpringBoard	Received state update for 599 (app<com.apple.HealthPrivacyService(3A076A8F-336D-4BCB-ACE2-64C6E80D0E3A)>, running-active-NotVisible
default	00:54:20.986897-0700	SpringBoard	Received state update for 11299 (app<com.groundeffectsoftware.AnxietyWatchHK(3A076A8F-336D-4BCB-ACE2-64C6E80D0E3A)>, running-active-Visible
default	00:54:20.986916-0700	SpringBoard	Received state update for 270 (xpcservice<com.apple.PhotosUIPrivate.PhotosPosterProvider([osservice<com.apple.SpringBoard>:35])>{vt hash: 88073953}[uuid:00000000-0000-0000-0000-000000000001]{definition:com.apple.PhotosUIPrivate.PhotosPosterProvider[extension][client]}, running-suspended-Visible
default	00:54:20.986936-0700	SpringBoard	Received state update for 35 (osservice<com.apple.SpringBoard>, running-active-Visible
default	00:54:20.987143-0700	HealthPrivacyService	alm_release_pageins_recording_assertion: releasing pageins recording assertion
default	00:54:20.987157-0700	HealthPrivacyService	handleKeyboardChange: set currentKeyboard:N (wasKeyboard:N)
default	00:54:20.987175-0700	HealthPrivacyService	forceReloadInputViews
default	00:54:20.987368-0700	HealthPrivacyService	Reloading input views for key-window scene responder: <(null): 0x0; > force:Y
default	00:54:20.987389-0700	runningboardd	Acquiring assertion targeting [app<com.groundeffectsoftware.AnxietyWatchHK(3A076A8F-336D-4BCB-ACE2-64C6E80D0E3A)>:11299] from originator [osservice<com.apple.SpringBoard>:35] with description <RBSAssertionDescriptor| "com.apple.UIKit.KeyboardManagement.message" ID:34-35-40956 target:11299 attributes:[
	<RBSDomainAttribute| domain:"com.apple.UIKit.KeyboardManagement.xpc" name:"Arbiter" sourceEnvironment:"(null)">
	]>
default	00:54:20.987631-0700	HealthPrivacyService	forceReloadInputViews
default	00:54:20.987682-0700	HealthPrivacyService	Reloading input views for non-key-window scene responder: <(null): 0x0; > force:Y
default	00:54:20.987695-0700	HealthPrivacyService	_inputViewsForResponder: <(null): 0x0; >, automaticKeyboard: 0, force: 1
default	00:54:20.987706-0700	HealthPrivacyService	_inputViewsForResponder, found custom inputView: <(null): 0x0>, customInputViewController: <(null): 0x0>
default	00:54:20.987728-0700	HealthPrivacyService	_inputViewsForResponder, found inputAccessoryView: <(null): 0x0>
default	00:54:20.987752-0700	runningboardd	Assertion 34-35-40956 (target:[app<com.groundeffectsoftware.AnxietyWatchHK(3A076A8F-336D-4BCB-ACE2-64C6E80D0E3A)>:11299]) will be created as active
default	00:54:20.987828-0700	SpringBoard	set focusRequestedHandle:<com.apple.HealthPrivacyService focus:<contextID:2896656387 sceneID:11299->app<com.apple.HealthPrivacyService(3A076A8F-336D-4BCB-ACE2-64C6E80D0E3A)>/UISceneHosting-com.groundeffectsoftware.AnxietyWatchHK:UIHostedScene-com.apple.HealthPrivacyService-193F9F5F-05A8-469D-BB2D-F0A440A86D8D> run:Y hosting:() level:0 active:N wantedState:Disabled #suppr:0 iavHeight:0 onScreen:N>
default	00:54:20.987993-0700	HealthPrivacyService	_inputViewsForResponder, responderRequiresKeyboard 0 (automaticKeyboardEnabled: 0, activeInstance: <(null): 0x0>, self.isOnScreen: 0, requiresKBWhenFirstResponder: 0)
default	00:54:20.988292-0700	AnxietyWatch	<UIWindowScene: 0x104a18b00> (6C527490-A1D7-41A4-B49E-317360CCDAA7) Scene updated orientation preferences: ( Pu Ll Lr ) -> ( Pu )
default	00:54:20.988405-0700	runningboardd	Calculated state for app<com.groundeffectsoftware.AnxietyWatchHK(3A076A8F-336D-4BCB-ACE2-64C6E80D0E3A)>: running-active (role: UserInteractiveFocal) (endowments: <private>)
default	00:54:20.988487-0700	runningboardd	Invalidating assertion 34-599-40953 (target:[app<com.apple.HealthPrivacyService(3A076A8F-336D-4BCB-ACE2-64C6E80D0E3A)>:599]) from originator [app<com.apple.HealthPrivacyService(3A076A8F-336D-4BCB-ACE2-64C6E80D0E3A)>:599]
default	00:54:20.989645-0700	SpringBoard	[coordinator] buffer all events for reason: background keyboard arbiter request <401>- begin
default	00:54:20.990362-0700	healthd	<HDAnalyticsSubmissionCoordinator: 0x9e4cb8700>: Event sent: com.apple.healthd.authorization.prompt
default	00:54:20.990420-0700	runningboardd	Invalidating assertion 34-35-40956 (target:[app<com.groundeffectsoftware.AnxietyWatchHK(3A076A8F-336D-4BCB-ACE2-64C6E80D0E3A)>:11299]) from originator [osservice<com.apple.SpringBoard>:35]
default	00:54:20.990478-0700	AnxietyWatch	Calling connection handler with ready view controller for <HKHealthPrivacyHostAuthorizationViewController: 0x106831e00; service: com.apple.HealthPrivacyService; implementation: scene hosting> {
    pid: 599;
    serviceViewControllerInterface: HKHealthPrivacyServiceRemoteAuthorizationViewController;
    exportedInterface: HKHealthPrivacyHostRemoteViewController;
    implementation: <_UIRemoteViewControllerSceneHostingImpl: 0x10538c960; identityToken: 11299->app<com.apple.HealthPrivacyService(3A076A8F-336D-4BCB-ACE2-64C6E80D0E3A)>/UISceneHosting-com.groundeffectsoftware.AnxietyWatchHK:UIHostedScene-com.apple.HealthPrivacyService-193F9F5F-05A8-469D-BB2D-F0A440A86D8D> {
        session: <_UIViewServiceHostSession: 0x106159180; service: com.apple.HealthPrivacyService; invalidated: NO> {
            pid: 599;
            assertion: <RBSAssertion:0x11a32dbc0| state:RBSAssertionStateValid descriptor:<<RBSAssertionDescriptor| "com.apple.viewservice.session.app" ID:34-11299-40947 target:599>>;
            legacyAssertion: <BKSProcessAssertion: 0x10633b110>;
            endpoint: <BSServiceConnectionEndpoint: 0x1063fd8c0; target: com.apple.uikit.viewservice.com.apple.HealthPrivacyService; service: com.apple.uikit.viewservice.session>;
            synchronizer: <FBSceneSynchronizer:0x10606c580 FBProcess:[app<com.apple.HealthPrivacyService>:599][599]>;
            connections: [
                <NSXPCConnection: 0x11a1cef80> connection to service with pid 599 named (null)
            ];
        };
        auxiliaryConnection: <NSXPCConnection: 0x11a1cef80> connection to service with pid 599 named (null);
    };
}
default	00:54:20.990515-0700	AnxietyWatch	RX sceneBecameFocused:(null)
default	00:54:20.990540-0700	SpringBoard	Received state update for 11299 (app<com.groundeffectsoftware.AnxietyWatchHK(3A076A8F-336D-4BCB-ACE2-64C6E80D0E3A)>, running-active-Visible
default	00:54:20.990571-0700	HealthPrivacyService	_inputViewsForResponder, useKeyboard 0 (allowsSystemInputView: 1, !inputView <(null): 0x0>, responderRequiresKeyboard 0)
default	00:54:20.990578-0700	HealthPrivacyService	_inputViewsForResponder, configuring _responderWithoutAutomaticAppearanceEnabled: <(null): 0x0> (_automaticAppearEnabled: 1)
default	00:54:20.990588-0700	HealthPrivacyService	_inputViewsForResponder, needsIVPlaceholder: 0, needsIAVPlaceholder: 0, needsInputSetWithPlaceholder: 0
default	00:54:20.990663-0700	HealthPrivacyService	_inputViewsForResponder returning: <<UIInputViewSet: 0x829958f00>; (empty)>
default	00:54:20.990791-0700	healthd	Received state update for 11299 (app<com.groundeffectsoftware.AnxietyWatchHK(3A076A8F-336D-4BCB-ACE2-64C6E80D0E3A)>, running-active-Visible
default	00:54:20.990948-0700	healthd	[0x9e0d23340] activating connection: mach=false listener=true peer=false name=(anonymous)
default	00:54:20.991008-0700	runningboardd	Acquiring assertion targeting [app<com.groundeffectsoftware.AnxietyWatchHK(3A076A8F-336D-4BCB-ACE2-64C6E80D0E3A)>:11299] from originator [app<com.groundeffectsoftware.AnxietyWatchHK(3A076A8F-336D-4BCB-ACE2-64C6E80D0E3A)>:11299] with description <RBSAssertionDescriptor| "systemAnimationFence" ID:34-11299-40957 target:11299 attributes:[
	<RBSLegacyAttribute| requestedReason:FinishTask reason:FinishTask flags:( AllowIdleSleep PreventTaskSuspend PreventTaskThrottleDown )>,
	<RBSAcquisitionCompletionAttribute| policy:AfterValidation>
	]>
default	00:54:20.991034-0700	runningboardd	Assertion 34-11299-40957 (target:[app<com.groundeffectsoftware.AnxietyWatchHK(3A076A8F-336D-4BCB-ACE2-64C6E80D0E3A)>:11299]) will be created as inactive as start-time-defining assertions exist
default	00:54:20.991075-0700	HealthPrivacyService	Hit the server for a process handle 2d58b8000002c23 that resolved to: [app<com.groundeffectsoftware.AnxietyWatchHK(3A076A8F-336D-4BCB-ACE2-64C6E80D0E3A)>:11299]
default	00:54:20.991081-0700	HealthPrivacyService	Received state update for 11299 (app<com.groundeffectsoftware.AnxietyWatchHK(3A076A8F-336D-4BCB-ACE2-64C6E80D0E3A)>, running-active-Visible
default	00:54:20.991091-0700	HealthPrivacyService	[0x8299b75c0] activating connection: mach=false listener=false peer=false name=(anonymous)
default	00:54:20.991385-0700	healthd	[0x9e0d23340] Connection returned listener port: 0x1ccb3
default	00:54:20.991420-0700	healthd	[0x9e4ffe100] activating connection: mach=false listener=false peer=true name=com.apple.xpc.anonymous.0x9e0d23340.peer[599].0x9e4ffe100
default	00:54:20.991450-0700	AnxietyWatch	[UISceneHosting-com.groundeffectsoftware.AnxietyWatchHK:UIHostedScene-com.apple.HealthPrivacyService-193F9F5F-05A8-469D-BB2D-F0A440A86D8D] Sending action(s) to "_UIViewServiceSceneExtension": _UIViewServiceHostAppearanceAction
default	00:54:20.991486-0700	AnxietyWatch	Received state update for 11299 (app<com.groundeffectsoftware.AnxietyWatchHK(3A076A8F-336D-4BCB-ACE2-64C6E80D0E3A)>, running-active-NotVisible
default	00:54:20.991592-0700	AnxietyWatch	[UISceneHosting-com.groundeffectsoftware.AnxietyWatchHK:UIHostedScene-com.apple.HealthPrivacyService-193F9F5F-05A8-469D-BB2D-F0A440A86D8D] Sending action(s): _UISceneHostingViewAppearanceActionHostToClient
default	00:54:20.991619-0700	AnxietyWatch	<StateMachine:0x11a32ed40> Hosting window did change to <UIWindow: 0x1051f0c00; frame = (0 0; 390 844); autoresize = W+H; gestureRecognizers = <NSArray: 0x11a2d20d0>; layer = <UIWindowLayer: 0x1060ac140>>.
default	00:54:20.991626-0700	AnxietyWatch	<StateMachine:0x11a32ed40> Waiting for a hosting window.
default	00:54:20.991636-0700	AnxietyWatch	<StateMachine:0x11a32ed40> Hosting environment did change to <0x1060d2b80:FBSScene:sceneID:com.groundeffectsoftware.AnxietyWatchHK-6C527490-A1D7-41A4-B49E-317360CCDAA7>.
default	00:54:20.991643-0700	AnxietyWatch	[UISceneHosting-com.groundeffectsoftware.AnxietyWatchHK:UIHostedScene-com.apple.HealthPrivacyService-193F9F5F-05A8-469D-BB2D-F0A440A86D8D] Setting parent scene: (FBSceneManager):sceneID:com.groundeffectsoftware.AnxietyWatchHK-6C527490-A1D7-41A4-B49E-317360CCDAA7
default	00:54:20.991660-0700	backboardd	new buffering predicates for pid:35: (<keyboardFocus>)
default	00:54:20.991668-0700	backboardd	pid:35 new buffering predicates: {(
    <keyboardFocus>
)}
default	00:54:20.991695-0700	CommCenter	Received state update for 11299 (app<com.groundeffectsoftware.AnxietyWatchHK(3A076A8F-336D-4BCB-ACE2-64C6E80D0E3A)>, running-active-Visible
default	00:54:20.991734-0700	AnxietyWatch	[UISceneHosting-com.groundeffectsoftware.AnxietyWatchHK:UIHostedScene-com.apple.HealthPrivacyService-193F9F5F-05A8-469D-BB2D-F0A440A86D8D] propagating 14 settings from (FBSceneManager):sceneID:com.groundeffectsoftware.AnxietyWatchHK-6C527490-A1D7-41A4-B49E-317360CCDAA7
default	00:54:20.991903-0700	SpringBoard	[coordinator] gen:418 handling new keyboard arbiter request pid: 599 sceneIdentity: 11299->app<com.apple.HealthPrivacyService(3A076A8F-336D-4BCB-ACE2-64C6E80D0E3A)>/UISceneHosting-com.groundeffectsoftware.AnxietyWatchHK:UIHostedScene-com.apple.HealthPrivacyService-193F9F5F-05A8-469D-BB2D-F0A440A86D8D
default	00:54:20.991930-0700	SpringBoard	arbiter: arbiter requested pid 599 / 11299->app<com.apple.HealthPrivacyService(3A076A8F-336D-4BCB-ACE2-64C6E80D0E3A)>/UISceneHosting-com.groundeffectsoftware.AnxietyWatchHK:UIHostedScene-com.apple.HealthPrivacyService-193F9F5F-05A8-469D-BB2D-F0A440A86D8D
default	00:54:20.991938-0700	SpringBoard	[coordinator] using arbiter suggested pid 599 + scene: 11299->app<com.apple.HealthPrivacyService(3A076A8F-336D-4BCB-ACE2-64C6E80D0E3A)>/UISceneHosting-com.groundeffectsoftware.AnxietyWatchHK:UIHostedScene-com.apple.HealthPrivacyService-193F9F5F-05A8-469D-BB2D-F0A440A86D8D
default	00:54:20.992578-0700	SpringBoard	Searching the visibility graph for hosting information for 11299->app<com.apple.HealthPrivacyService(3A076A8F-336D-4BCB-ACE2-64C6E80D0E3A)>/UISceneHosting-com.groundeffectsoftware.AnxietyWatchHK:UIHostedScene-com.apple.HealthPrivacyService-193F9F5F-05A8-469D-BB2D-F0A440A86D8D
default	00:54:20.993330-0700	audiomxd	Received state update for 11299 (app<com.groundeffectsoftware.AnxietyWatchHK(3A076A8F-336D-4BCB-ACE2-64C6E80D0E3A)>, running-active-Visible
default	00:54:20.993554-0700	HealthPrivacyService	Received state update for 11299 (app<com.groundeffectsoftware.AnxietyWatchHK(3A076A8F-336D-4BCB-ACE2-64C6E80D0E3A)>, running-active-Visible
default	00:54:20.993561-0700	HealthPrivacyService	Ordered read: <private>
Ordered Write: <private>
default	00:54:20.993654-0700	HealthPrivacyService	sceneOfRecord: sceneID: UIHostedScene-com.apple.HealthPrivacyService-193F9F5F-05A8-469D-BB2D-F0A440A86D8D  persistentID: UIHostedScene-com.apple.HealthPrivacyService-193F9F5F-05A8-469D-BB2D-F0A440A86D8D
default	00:54:20.993742-0700	HealthPrivacyService	Should not send trait collection or coordinate space update, interface style 2 -> 2, <_UIHostedWindowScene: 0x828e50280> (UIHostedScene-com.apple.HealthPrivacyService-193F9F5F-05A8-469D-BB2D-F0A440A86D8D)
default	00:54:20.994169-0700	AnxietyWatch	<_UIChildRemoteContentRegistry: 0x11a2d1620; parentScene: <FBSScene: 0x105330780>; childScenes: 1; childViewServices: 0> Registry is now tracking child scene <FBScene: 0x11ea989a0>
default	00:54:20.994184-0700	AnxietyWatch	<_UISceneRelationshipManagementHostComponent:0x11a32e880> Scene <FBScene: 0x11ea989a0> is hosted in <UIWindowScene: 0x104a18b00>
default	00:54:20.994221-0700	HealthPrivacyService	sceneOfRecord: sceneID: UIHostedScene-com.apple.HealthPrivacyService-193F9F5F-05A8-469D-BB2D-F0A440A86D8D  persistentID: UIHostedScene-com.apple.HealthPrivacyService-193F9F5F-05A8-469D-BB2D-F0A440A86D8D
default	00:54:20.994417-0700	backboardd	adding buffer <BKHIDEventBuffer: 0xb02276ee0; dispatchTarget: <keyboardFocus; token: SBKeyboardFocus; pid: 35>; bufferingPIDs: (35); eventCount: 0>
default	00:54:20.994452-0700	HealthPrivacyService	Should send trait collection or coordinate space update, interface style 2 -> 2, <_UIHostedWindowScene: 0x828e50280> (UIHostedScene-com.apple.HealthPrivacyService-193F9F5F-05A8-469D-BB2D-F0A440A86D8D)
default	00:54:20.994570-0700	HealthPrivacyService	[UISceneHosting-com.groundeffectsoftware.AnxietyWatchHK:UIHostedScene-com.apple.HealthPrivacyService-193F9F5F-05A8-469D-BB2D-F0A440A86D8D] Received action(s) for "_UIViewServiceSceneExtension": _UIViewServiceHostAppearanceAction
default	00:54:20.994586-0700	HealthPrivacyService	Appearance transition willAppearAnimated for 11299->app<com.apple.HealthPrivacyService(3A076A8F-336D-4BCB-ACE2-64C6E80D0E3A)>/UISceneHosting-com.groundeffectsoftware.AnxietyWatchHK:UIHostedScene-com.apple.HealthPrivacyService-193F9F5F-05A8-469D-BB2D-F0A440A86D8D
default	00:54:20.994630-0700	HealthPrivacyService	[UISceneHosting-com.groundeffectsoftware.AnxietyWatchHK:UIHostedScene-com.apple.HealthPrivacyService-193F9F5F-05A8-469D-BB2D-F0A440A86D8D] Component <_UIViewServiceClientSceneComponent: 0x829838ba0> handled action(s): <private>
default	00:54:20.994636-0700	HealthPrivacyService	[UISceneHosting-com.groundeffectsoftware.AnxietyWatchHK:UIHostedScene-com.apple.HealthPrivacyService-193F9F5F-05A8-469D-BB2D-F0A440A86D8D] Received action(s): _UISceneHostingViewAppearanceActionHostToClient
default	00:54:20.994648-0700	HealthPrivacyService	[0x8299b75c0] invalidated because the current process cancelled the connection by calling xpc_connection_cancel()
default	00:54:20.994755-0700	HealthPrivacyService	sceneOfRecord: sceneID: UIHostedScene-com.apple.HealthPrivacyService-193F9F5F-05A8-469D-BB2D-F0A440A86D8D  persistentID: UIHostedScene-com.apple.HealthPrivacyService-193F9F5F-05A8-469D-BB2D-F0A440A86D8D
default	00:54:20.994911-0700	runningboardd	Acquiring assertion targeting [app<com.apple.HealthPrivacyService(3A076A8F-336D-4BCB-ACE2-64C6E80D0E3A)>:599](UIScene:11299->app<com.apple.HealthPrivacyService(3A076A8F-336D-4BCB-ACE2-64C6E80D0E3A)>/UISceneHosting-com.groundeffectsoftware.AnxietyWatchHK:UIHostedScene-com.apple.HealthPrivacyService-193F9F5F-05A8-469D-BB2D-F0A440A86D8D) from originator [app<com.groundeffectsoftware.AnxietyWatchHK(3A076A8F-336D-4BCB-ACE2-64C6E80D0E3A)>:11299] with description <RBSAssertionDescriptor| "injecting  inherited from 'UIScene:com.apple.frontboard.systemappservices/FBSceneManager:sceneID%3Acom.groundeffectsoftware.AnxietyWatchHK-6C527490-A1D7-41A4-B49E-317360CCDAA7'" ID:34-11299-40958 target:599<UIScene:11299->app<com.apple.HealthPrivacyService(3A076A8F-336D-4BCB-ACE2-64C6E80D0E3A)>/UISceneHosting-com.groundeffectsoftware.AnxietyWatchHK:UIHostedScene-com.apple.HealthPrivacyService-193F9F5F-05A8-469D-BB2D-F0A440A86D8D> attributes:[
	<RBSHereditaryGrant| endowmentNamespace:com.apple.boardservices.endpoint-injection UIScene:com.apple.frontboard.systemappservices/F<…>
default	00:54:20.994927-0700	runningboardd	Assertion 34-11299-40958 (target:[app<com.apple.HealthPrivacyService(3A076A8F-336D-4BCB-ACE2-64C6E80D0E3A)>:599](UIScene:11299->app<com.apple.HealthPrivacyService(3A076A8F-336D-4BCB-ACE2-64C6E80D0E3A)>/UISceneHosting-com.groundeffectsoftware.AnxietyWatchHK:UIHostedScene-com.apple.HealthPrivacyService-193F9F5F-05A8-469D-BB2D-F0A440A86D8D)) will be created as active
default	00:54:20.995007-0700	HealthPrivacyService	Not push traits update to screen for new style 2, <_UIHostedWindowScene: 0x828e50280> (UIHostedScene-com.apple.HealthPrivacyService-193F9F5F-05A8-469D-BB2D-F0A440A86D8D)
default	00:54:20.995013-0700	HealthPrivacyService	sceneOfRecord: sceneID: UIHostedScene-com.apple.HealthPrivacyService-193F9F5F-05A8-469D-BB2D-F0A440A86D8D  persistentID: UIHostedScene-com.apple.HealthPrivacyService-193F9F5F-05A8-469D-BB2D-F0A440A86D8D
default	00:54:20.995021-0700	HealthPrivacyService	Scene did update interface style to 2, <_UIHostedWindowScene: 0x828e50280> (UIHostedScene-com.apple.HealthPrivacyService-193F9F5F-05A8-469D-BB2D-F0A440A86D8D)
default	00:54:20.995032-0700	HealthPrivacyService	Push traits update to screen for new style 2, <_UIHostedWindowScene: 0x828e50280> (UIHostedScene-com.apple.HealthPrivacyService-193F9F5F-05A8-469D-BB2D-F0A440A86D8D)
default	00:54:20.995208-0700	healthd	[0x9e4ffe100] invalidated because the client process (pid 599) either cancelled the connection or exited
default	00:54:20.995222-0700	healthd	[0x9e0d23340] invalidated because the current process cancelled the connection by calling xpc_connection_cancel()
default	00:54:20.995235-0700	HealthPrivacyService	Not push traits update to screen for new style 2, <_UIHostedWindowScene: 0x828e50280> (UIHostedScene-com.apple.HealthPrivacyService-193F9F5F-05A8-469D-BB2D-F0A440A86D8D)
default	00:54:20.995323-0700	HealthPrivacyService	Not push traits update to screen for new style 2, <_UIHostedWindowScene: 0x828e50280> (UIHostedScene-com.apple.HealthPrivacyService-193F9F5F-05A8-469D-BB2D-F0A440A86D8D)
default	00:54:20.995352-0700	HealthPrivacyService	sceneOfRecord: sceneID: UIHostedScene-com.apple.HealthPrivacyService-193F9F5F-05A8-469D-BB2D-F0A440A86D8D  persistentID: UIHostedScene-com.apple.HealthPrivacyService-193F9F5F-05A8-469D-BB2D-F0A440A86D8D
default	00:54:20.995358-0700	runningboardd	[app<com.apple.HealthPrivacyService(3A076A8F-336D-4BCB-ACE2-64C6E80D0E3A)>:599] visiblity is yes
default	00:54:20.995366-0700	AnxietyWatch	Finished prompting authorization request to share <private>, read <private>
default	00:54:20.995373-0700	AnxietyWatch	HealthKitManager: healthStore.requestAuthorization returned after 0.106001417 seconds
default	00:54:20.995407-0700	runningboardd	Calculated state for app<com.apple.HealthPrivacyService(3A076A8F-336D-4BCB-ACE2-64C6E80D0E3A)>: running-active (role: UserInteractiveFocal) (endowments: <private>)
default	00:54:20.995415-0700	runningboardd	Acquiring assertion targeting [app<com.apple.HealthPrivacyService(3A076A8F-336D-4BCB-ACE2-64C6E80D0E3A)>:599] from originator [app<com.apple.HealthPrivacyService(3A076A8F-336D-4BCB-ACE2-64C6E80D0E3A)>:599] with description <RBSAssertionDescriptor| "systemAnimationFence" ID:34-599-40959 target:599 attributes:[
	<RBSLegacyAttribute| requestedReason:FinishTask reason:FinishTask flags:( AllowIdleSleep PreventTaskSuspend PreventTaskThrottleDown )>,
	<RBSAcquisitionCompletionAttribute| policy:AfterValidation>
	]>
default	00:54:20.995465-0700	runningboardd	Assertion 34-599-40959 (target:[app<com.apple.HealthPrivacyService(3A076A8F-336D-4BCB-ACE2-64C6E80D0E3A)>:599]) will be created as inactive as start-time-defining assertions exist
default	00:54:20.995675-0700	SpringBoard	Received state update for 599 (app<com.apple.HealthPrivacyService(3A076A8F-336D-4BCB-ACE2-64C6E80D0E3A)>, running-active-Visible
default	00:54:20.995820-0700	CommCenter	Received state update for 599 (app<com.apple.HealthPrivacyService(3A076A8F-336D-4BCB-ACE2-64C6E80D0E3A)>, running-active-Visible
default	00:54:20.995938-0700	AnxietyWatch	Received state update for 599 (app<com.apple.HealthPrivacyService(3A076A8F-336D-4BCB-ACE2-64C6E80D0E3A)>, running-active-NotVisible
default	00:54:20.996037-0700	runningboardd	Inheritance changeset: <RBSInheritanceChangeSet| gained:{(
    <RBSInheritance| environment:UIScene:11299->app<com.apple.HealthPrivacyService(3A076A8F-336D-4BCB-ACE2-64C6E80D0E3A)>/UISceneHosting-com.groundeffectsoftware.AnxietyWatchHK:UIHostedScene-com.apple.HealthPrivacyService-193F9F5F-05A8-469D-BB2D-F0A440A86D8D name:com.apple.frontboard.visibility origID:34-11299-40958 payload 169199432604821726>
)} lost:{(
)}>
default	00:54:20.996057-0700	HealthPrivacyService	Received state update for 599 (app<com.apple.HealthPrivacyService(3A076A8F-336D-4BCB-ACE2-64C6E80D0E3A)>, running-active-Visible
default	00:54:20.996229-0700	audiomxd	Received state update for 599 (app<com.apple.HealthPrivacyService(3A076A8F-336D-4BCB-ACE2-64C6E80D0E3A)>, running-active-Visible
default	00:54:20.996587-0700	PerfPowerServices	Received state update for 11299 (app<com.groundeffectsoftware.AnxietyWatchHK(3A076A8F-336D-4BCB-ACE2-64C6E80D0E3A)>, running-active-Visible
default	00:54:20.996603-0700	SpringBoard	Visibility graph search found root scene (null) and ultimate host <none>
error	00:54:20.996614-0700	SpringBoard	Couldn't find the SB window scene hosting scene identity token: 11299->app<com.apple.HealthPrivacyService(3A076A8F-336D-4BCB-ACE2-64C6E80D0E3A)>/UISceneHosting-com.groundeffectsoftware.AnxietyWatchHK:UIHostedScene-com.apple.HealthPrivacyService-193F9F5F-05A8-469D-BB2D-F0A440A86D8D
error	00:54:20.996627-0700	SpringBoard	[coordinator] could not find (null)
default	00:54:20.996649-0700	SpringBoard	[coordinator] S33KR3T gen:418 host not found; retrying once
default	00:54:20.996691-0700	SpringBoard	[coordinator] buffer all events for reason: background keyboard arbiter request <401> - end
default	00:54:20.997100-0700	SpringBoard	set currentFocus PID:-1 sceneIdentity:(null)
default	00:54:20.997242-0700	backboardd	new buffering predicates for pid:35: ()
default	00:54:20.997297-0700	backboardd	pid:35 new buffering predicates: {(
)}
default	00:54:20.997642-0700	backboardd	removing buffer <BKHIDEventBuffer: 0xb02276ee0; dispatchTarget: <keyboardFocus; token: SBKeyboardFocus; pid: 35>; bufferingPIDs: (35); eventCount: 0>
default	00:54:20.997674-0700	backboardd	draining 1 buffers (reevaluate ((null)))
default	00:54:20.997689-0700	backboardd	BUFFER: --> 0xb02276ee0 empty
default	00:54:20.998138-0700	WirelessRadioManagerd	Received state update for 11299 (app<com.groundeffectsoftware.AnxietyWatchHK(3A076A8F-336D-4BCB-ACE2-64C6E80D0E3A)>, running-active-Visible
default	00:54:21.001780-0700	backboardd	[ALS] ts=82896.867 lux=5.566<private> xy=(0.551 0.449) chs=[0 84 85 233 221] CCT1=1207.619 gain=512x mode=<private> subsamples=24 rawLux=5.566 nits=46 xTalk=[0 0 0 0 0] status=0x9B copyEvent=0
default	00:54:21.002960-0700	backboardd	Ammolite: Lux 5.565957 (delta 4.812561 / thr 10.000000)
default	00:54:21.003873-0700	useractivityd	Received state update for 11299 (app<com.groundeffectsoftware.AnxietyWatchHK(3A076A8F-336D-4BCB-ACE2-64C6E80D0E3A)>, running-active-Visible
default	00:54:21.004885-0700	dasd	Received state update for 11299 (app<com.groundeffectsoftware.AnxietyWatchHK(3A076A8F-336D-4BCB-ACE2-64C6E80D0E3A)>, running-active-Visible
default	00:54:21.005434-0700	bluetoothd	Received state update for 11299 (app<com.groundeffectsoftware.AnxietyWatchHK(3A076A8F-336D-4BCB-ACE2-64C6E80D0E3A)>, running-active-Visible
default	00:54:21.005754-0700	wcd	Received state update for 11299 (app<com.groundeffectsoftware.AnxietyWatchHK(3A076A8F-336D-4BCB-ACE2-64C6E80D0E3A)>, running-active-Visible
default	00:54:21.006392-0700	backboardd	Received state update for 11299 (app<com.groundeffectsoftware.AnxietyWatchHK(3A076A8F-336D-4BCB-ACE2-64C6E80D0E3A)>, running-active-Visible
default	00:54:21.006656-0700	wifid	Received state update for 11299 (app<com.groundeffectsoftware.AnxietyWatchHK(3A076A8F-336D-4BCB-ACE2-64C6E80D0E3A)>, running-active-Visible
default	00:54:21.007253-0700	UserEventAgent	Received state update for 11299 (app<com.groundeffectsoftware.AnxietyWatchHK(3A076A8F-336D-4BCB-ACE2-64C6E80D0E3A)>, running-active-Visible
default	00:54:21.007456-0700	watchdogd	Received state update for 11299 (app<com.groundeffectsoftware.AnxietyWatchHK(3A076A8F-336D-4BCB-ACE2-64C6E80D0E3A)>, running-active-Visible
default	00:54:21.008352-0700	symptomsd	Received state update for 11299 (app<com.groundeffectsoftware.AnxietyWatchHK(3A076A8F-336D-4BCB-ACE2-64C6E80D0E3A)>, running-active-Visible
default	00:54:21.008644-0700	locationd	Received state update for 11299 (app<com.groundeffectsoftware.AnxietyWatchHK(3A076A8F-336D-4BCB-ACE2-64C6E80D0E3A)>, running-active-Visible
default	00:54:21.008686-0700	IDSCredentialsAgent	Received state update for 11299 (app<com.groundeffectsoftware.AnxietyWatchHK(3A076A8F-336D-4BCB-ACE2-64C6E80D0E3A)>, running-active-Visible
default	00:54:21.009783-0700	WirelessRadioManagerd	Received state update for 599 (app<com.apple.HealthPrivacyService(3A076A8F-336D-4BCB-ACE2-64C6E80D0E3A)>, running-active-Visible
default	00:54:21.009915-0700	gamepolicyd	Received state update for 11299 (app<com.groundeffectsoftware.AnxietyWatchHK(3A076A8F-336D-4BCB-ACE2-64C6E80D0E3A)>, running-active-NotVisible
default	00:54:21.010019-0700	PerfPowerServices	Received state update for 599 (app<com.apple.HealthPrivacyService(3A076A8F-336D-4BCB-ACE2-64C6E80D0E3A)>, running-active-Visible
default	00:54:21.011147-0700	useractivityd	Received state update for 599 (app<com.apple.HealthPrivacyService(3A076A8F-336D-4BCB-ACE2-64C6E80D0E3A)>, running-active-Visible
default	00:54:21.011951-0700	SpringBoard	[com.apple.HealthPrivacyService] Foreground app will not request ephemeral notifications isAppClip: NO wantsEphemeral notifications: NO
default	00:54:21.012371-0700	SpringBoard	[com.apple.HealthPrivacyService] com.apple.HealthPrivacyService application state changed to <RBSProcessState| task:running-active debug:none endowmentNamespace:[
	com.apple.frontboard.visibility
	]>
default	00:54:21.012404-0700	SpringBoard	[com.apple.HealthPrivacyService] Ignore becoming foreground for application without push registration
default	00:54:21.012528-0700	dasd	Received state update for 599 (app<com.apple.HealthPrivacyService(3A076A8F-336D-4BCB-ACE2-64C6E80D0E3A)>, running-active-Visible
default	00:54:21.012897-0700	backboardd	Received state update for 599 (app<com.apple.HealthPrivacyService(3A076A8F-336D-4BCB-ACE2-64C6E80D0E3A)>, running-active-Visible
default	00:54:21.014377-0700	wifid	Received state update for 599 (app<com.apple.HealthPrivacyService(3A076A8F-336D-4BCB-ACE2-64C6E80D0E3A)>, running-active-Visible
default	00:54:21.014641-0700	UserEventAgent	Received state update for 599 (app<com.apple.HealthPrivacyService(3A076A8F-336D-4BCB-ACE2-64C6E80D0E3A)>, running-active-Visible
default	00:54:21.014751-0700	watchdogd	Received state update for 599 (app<com.apple.HealthPrivacyService(3A076A8F-336D-4BCB-ACE2-64C6E80D0E3A)>, running-active-Visible
default	00:54:21.015607-0700	HealthPrivacyService	sceneOfRecord: sceneID: UIHostedScene-com.apple.HealthPrivacyService-193F9F5F-05A8-469D-BB2D-F0A440A86D8D  persistentID: UIHostedScene-com.apple.HealthPrivacyService-193F9F5F-05A8-469D-BB2D-F0A440A86D8D
default	00:54:21.015820-0700	watchdogd	82896898812958: <private>
default	00:54:21.016886-0700	AnxietyWatch	131560.7ms (+ 133.4ms) HealthKitAccessBanner: requestAuthorization returned
default	00:54:21.017002-0700	runningboardd	Invalidating assertion 34-599-40955 (target:[app<com.apple.HealthPrivacyService(3A076A8F-336D-4BCB-ACE2-64C6E80D0E3A)>:599]) from originator [app<com.apple.HealthPrivacyService(3A076A8F-336D-4BCB-ACE2-64C6E80D0E3A)>:599]
default	00:54:21.017026-0700	runningboardd	Invalidating assertion 34-599-40959 (target:[app<com.apple.HealthPrivacyService(3A076A8F-336D-4BCB-ACE2-64C6E80D0E3A)>:599]) from originator [app<com.apple.HealthPrivacyService(3A076A8F-336D-4BCB-ACE2-64C6E80D0E3A)>:599]
default	00:54:21.017230-0700	symptomsd	Received state update for 599 (app<com.apple.HealthPrivacyService(3A076A8F-336D-4BCB-ACE2-64C6E80D0E3A)>, running-active-Visible
default	00:54:21.017517-0700	wifid	-[WiFiUserInteractionMonitor setApplicationRunningState:foregroundState:andNetworkingState:forBundleId:]: com.apple.HealthPrivacyService entered foreground
default	00:54:21.017537-0700	SpringBoard	[0xc38b66100:(FBSceneManager):sceneID:com.apple.HealthPrivacyService-default] Scene state did change: XX-None[0].
default	00:54:21.017677-0700	SpringBoard	[app<com.apple.HealthPrivacyService>:599] Workspace state did change: BG-Active[40] --> XX-None[0] (assertion dropped).
default	00:54:21.017689-0700	runningboardd	Invalidating assertion 34-11299-40954 (target:[app<com.groundeffectsoftware.AnxietyWatchHK(3A076A8F-336D-4BCB-ACE2-64C6E80D0E3A)>:11299]) from originator [app<com.groundeffectsoftware.AnxietyWatchHK(3A076A8F-336D-4BCB-ACE2-64C6E80D0E3A)>:11299]
default	00:54:21.017713-0700	runningboardd	Invalidating assertion 34-11299-40957 (target:[app<com.groundeffectsoftware.AnxietyWatchHK(3A076A8F-336D-4BCB-ACE2-64C6E80D0E3A)>:11299]) from originator [app<com.groundeffectsoftware.AnxietyWatchHK(3A076A8F-336D-4BCB-ACE2-64C6E80D0E3A)>:11299]
default	00:54:21.017745-0700	runningboardd	Invalidating assertion 34-35-40948 (target:[app<com.apple.HealthPrivacyService(3A076A8F-336D-4BCB-ACE2-64C6E80D0E3A)>:599]) from originator [osservice<com.apple.SpringBoard>:35]
default	00:54:21.017777-0700	wifid	WifiDeviceManagerCatsUpdateEvent(): CATS Update en0: Enter deviceManager:0x66521f800  source:1 enable:1 appPolicy:0 bitmap:0x0
default	00:54:21.017787-0700	wifid	WiFiDeviceManagerCatsSetLowLatencyApp: CATSUpdate en0: fgApp:com.apple.HealthPrivacyService b=0x0 rc=0
default	00:54:21.017893-0700	wifid	WiFiDeviceManagerCatsSetForegroundApp: CATSUpdate en0: fgApp:com.apple.HealthPrivacyService hs=1 t=1 rc=0
default	00:54:21.017900-0700	wifid	WifiDeviceManagerCatsUpdateEvent: CATSUpdate en0: Exit deviceManager=0x66521f800 Source:1 stateChange:0 (P:0-->0 B:0x0-->0x0)
default	00:54:21.018004-0700	AnxietyWatch	Reloading input views for key-window scene responder: <HKHealthPrivacyHostAuthorizationViewController: 0x106831e00; > force:N
default	00:54:21.018013-0700	wifid	-[WiFiUsageApplicationSession applicationStateDidChange:withAttributes:]: application session resumed:<private>
default	00:54:21.018028-0700	AnxietyWatch	_reloadInputViewsForKeyWindowSceneResponder: 1 force: 0, fromBecomeFirstResponder: 1 (automaticKeyboard: 1, reloadIdentifier: 379EBB2F-F61E-4EBC-9707-C9632294C10D)
default	00:54:21.018042-0700	AnxietyWatch	_inputViewsForResponder: <HKHealthPrivacyHostAuthorizationViewController: 0x106831e00; >, automaticKeyboard: 1, force: 0
default	00:54:21.018110-0700	AnxietyWatch	_inputViewsForResponder, found custom inputView: <(null): 0x0>, customInputViewController: <(null): 0x0>
default	00:54:21.018157-0700	AnxietyWatch	_inputViewsForResponder, found inputAccessoryView: <(null): 0x0>
default	00:54:21.018167-0700	AnxietyWatch	_inputViewsForResponder, responderRequiresKeyboard 0 (automaticKeyboardEnabled: 1, activeInstance: <(null): 0x0>, self.isOnScreen: 0, requiresKBWhenFirstResponder: 0)
default	00:54:21.018174-0700	AnxietyWatch	_inputViewsForResponder, useKeyboard 0 (allowsSystemInputView: 1, !inputView <(null): 0x0>, responderRequiresKeyboard 0)
default	00:54:21.018182-0700	AnxietyWatch	_inputViewsForResponder, configuring _responderWithoutAutomaticAppearanceEnabled: <(null): 0x0> (_automaticAppearEnabled: 1)
default	00:54:21.018187-0700	AnxietyWatch	_inputViewsForResponder, needsIVPlaceholder: 0, needsIAVPlaceholder: 0, needsInputSetWithPlaceholder: 0
default	00:54:21.018193-0700	AnxietyWatch	_inputViewsForResponder returning: <<UIInputViewSet: 0x11c6230c0>; (empty)>
default	00:54:21.018239-0700	AnxietyWatch	endPlacementForInputViewSet: <<UIInputViewSet: 0x11c6230c0>; (empty)> windowScene: <UIWindowScene: 0x104a18b00; role: UIWindowSceneSessionRoleApplication; persistentIdentifier: 6C527490-A1D7-41A4-B49E-317360CCDAA7; activationState: UISceneActivationStateForegroundActive>
default	00:54:21.018733-0700	AnxietyWatch	-[_UIRemoteKeyboards prepareToMoveKeyboard:withIAV:isIAVRelevant:showing:notifyRemote:forScene:] position: {{0, 0}, {0, 0}} visible: 0; notifyRemote: 1; isMinimized: NO
default	00:54:21.018752-0700	AnxietyWatch	Show keyboard with visual mode windowed (0)
default	00:54:21.018834-0700	AnxietyWatch	authorizationNeedsRequest: statusForAuthorizationRequest = shouldRequest(never-requested) → needsRequest=true
default	00:54:21.018851-0700	IDSCredentialsAgent	Received state update for 599 (app<com.apple.HealthPrivacyService(3A076A8F-336D-4BCB-ACE2-64C6E80D0E3A)>, running-active-Visible
default	00:54:21.019543-0700	locationd	Received state update for 599 (app<com.apple.HealthPrivacyService(3A076A8F-336D-4BCB-ACE2-64C6E80D0E3A)>, running-active-Visible
default	00:54:21.019553-0700	gamepolicyd	Received state update for 599 (app<com.apple.HealthPrivacyService(3A076A8F-336D-4BCB-ACE2-64C6E80D0E3A)>, running-active-NotVisible
default	00:54:21.019716-0700	locationd	{"msg":"RBS #AppMonitor process monitor update handler invoked", "pid":599, "bundleID":"com.apple.HealthPrivacyService", "state":"RunningScheduled"}
default	00:54:21.019980-0700	locationd	{"msg":"RBS #AppMonitor Post Application State Change Notification", "notification":"ForegroundRunning", "pid":599, "bundleId":"com.apple.HealthPrivacyService"}
default	00:54:21.020279-0700	locationd	{"msg":"#Warning #ClientResolution the passed keyPath is not registered. Resolving to #nullCKP", "InputCKP":"icom.apple.HealthPrivacyService:"}
default	00:54:21.020520-0700	locationd	{"msg":"#CLIUA AppMonitor notification", "notification":"ForegroundRunning", "pid":599, "bundleId":"com.apple.HealthPrivacyService", "ClientKey":"icom.apple.HealthPrivacyService:"}
default	00:54:21.020556-0700	locationd	{"msg":"#CLIUA Marking change", "clientKey":"icom.apple.HealthPrivacyService:", "reason":"Process state from RunningBoard", "AssertionLevel":"kCLClientInUseLevelDirectUserEngagement", "coming":1}
default	00:54:21.020580-0700	locationd	{"msg":"#CLIUA updating AssertionRecord", "ClientKey":"icom.apple.HealthPrivacyService:", "AssertionLevel":"kCLClientInUseLevelNotInUse"}
default	00:54:21.020598-0700	locationd	{"msg":"#CLIUA AssertionRecord updated", "ClientKey":"icom.apple.HealthPrivacyService:", "AssertionLevel":"kCLClientInUseLevelDirectUserEngagement"}
default	00:54:21.020612-0700	locationd	{"msg":"#CLIUA in-use level changed for client", "ClientKey":"icom.apple.HealthPrivacyService:"}
default	00:54:21.020648-0700	AnxietyWatch	authorizationNeedsRequest: statusForAuthorizationRequest = shouldRequest(never-requested) → needsRequest=true
default	00:54:21.020658-0700	AnxietyWatch	131564.1ms (+   3.4ms) HealthKitAccessBanner.refresh → state=notRequested steps=false rhr=false hr=false sleep=false showsBanner=true
default	00:54:21.020665-0700	AnxietyWatch	131564.1ms (+   0.0ms) HealthKitAccessBanner: refresh done (state=notRequested)
default	00:54:21.020689-0700	locationd	{"msg":"#Warning #ClientResolution the passed keyPath is not registered. Resolving to #nullCKP", "InputCKP":"icom.apple.HealthPrivacyService:"}
default	00:54:21.021893-0700	symptomsd	com.apple.HealthPrivacyService: Foreground: true
default	00:54:21.061502-0700	backboardd	  82896.94448: 18 Digitizer since   82891.35209 (Sun Jul 19 00:54:15 2026)
default	00:54:21.065525-0700	kernel	wlan0:com.apple.p2p.awdl0: isInfraRealtimePacketThresholdAllowed allowed:1 option:32 threshold:50 noRegistrations:1 cachedPeerCount:0 fastDiscoveryInactive:1 fastDiscoveryOnSince:82896948
default	00:54:21.066488-0700	kernel	ANE0: aneFirmwareCommandSend: Skip waiting for response
default	00:54:21.066530-0700	kernel	wlan0:com.apple.p2p.awdl0: currentInfraTrafficType:9274 checking if realtime upgrade required with inputPackets:3 outputPackets:1 packetThreshold:50
default	00:54:21.066605-0700	kernel	ANE0: aneFirmwareCommandSend: Skip waiting for response
default	00:54:21.066612-0700	kernel	ANE0: aneFirmwareCommandSend: Skip waiting for response
default	00:54:21.090909-0700	runningboardd	Calculated state for app<com.groundeffectsoftware.AnxietyWatchHK(3A076A8F-336D-4BCB-ACE2-64C6E80D0E3A)>: running-active (role: UserInteractiveFocal) (endowments: <private>)
default	00:54:21.092334-0700	runningboardd	end_scenario: Called with bundleid "com.apple.HealthPrivacyService" scenario "Launch"
default	00:54:21.092432-0700	runningboardd	Calculated state for app<com.apple.HealthPrivacyService(3A076A8F-336D-4BCB-ACE2-64C6E80D0E3A)>: running-active (role: UserInteractiveFocal) (endowments: <private>)
default	00:54:21.092497-0700	SpringBoard	Received state update for 11299 (app<com.groundeffectsoftware.AnxietyWatchHK(3A076A8F-336D-4BCB-ACE2-64C6E80D0E3A)>, running-active-Visible
default	00:54:21.092547-0700	healthd	Received state update for 11299 (app<com.groundeffectsoftware.AnxietyWatchHK(3A076A8F-336D-4BCB-ACE2-64C6E80D0E3A)>, running-active-Visible
default	00:54:21.092678-0700	AnxietyWatch	Received state update for 11299 (app<com.groundeffectsoftware.AnxietyWatchHK(3A076A8F-336D-4BCB-ACE2-64C6E80D0E3A)>, running-active-NotVisible
default	00:54:21.092686-0700	HealthPrivacyService	Received state update for 11299 (app<com.groundeffectsoftware.AnxietyWatchHK(3A076A8F-336D-4BCB-ACE2-64C6E80D0E3A)>, running-active-Visible
default	00:54:21.092751-0700	audiomxd	Received state update for 11299 (app<com.groundeffectsoftware.AnxietyWatchHK(3A076A8F-336D-4BCB-ACE2-64C6E80D0E3A)>, running-active-Visible
default	00:54:21.093019-0700	CommCenter	Received state update for 11299 (app<com.groundeffectsoftware.AnxietyWatchHK(3A076A8F-336D-4BCB-ACE2-64C6E80D0E3A)>, running-active-Visible
default	00:54:21.094978-0700	PerfPowerServices	Received state update for 11299 (app<com.groundeffectsoftware.AnxietyWatchHK(3A076A8F-336D-4BCB-ACE2-64C6E80D0E3A)>, running-active-Visible
default	00:54:21.095514-0700	wcd	Received state update for 11299 (app<com.groundeffectsoftware.AnxietyWatchHK(3A076A8F-336D-4BCB-ACE2-64C6E80D0E3A)>, running-active-Visible
default	00:54:21.096075-0700	WirelessRadioManagerd	Received state update for 11299 (app<com.groundeffectsoftware.AnxietyWatchHK(3A076A8F-336D-4BCB-ACE2-64C6E80D0E3A)>, running-active-Visible
default	00:54:21.096422-0700	useractivityd	Received state update for 11299 (app<com.groundeffectsoftware.AnxietyWatchHK(3A076A8F-336D-4BCB-ACE2-64C6E80D0E3A)>, running-active-Visible
default	00:54:21.096756-0700	dasd	Received state update for 11299 (app<com.groundeffectsoftware.AnxietyWatchHK(3A076A8F-336D-4BCB-ACE2-64C6E80D0E3A)>, running-active-Visible
default	00:54:21.097316-0700	bluetoothd	Received state update for 11299 (app<com.groundeffectsoftware.AnxietyWatchHK(3A076A8F-336D-4BCB-ACE2-64C6E80D0E3A)>, running-active-Visible
default	00:54:21.097436-0700	backboardd	Received state update for 11299 (app<com.groundeffectsoftware.AnxietyWatchHK(3A076A8F-336D-4BCB-ACE2-64C6E80D0E3A)>, running-active-Visible
default	00:54:21.097779-0700	wifid	Received state update for 11299 (app<com.groundeffectsoftware.AnxietyWatchHK(3A076A8F-336D-4BCB-ACE2-64C6E80D0E3A)>, running-active-Visible
default	00:54:21.097817-0700	UserEventAgent	Received state update for 11299 (app<com.groundeffectsoftware.AnxietyWatchHK(3A076A8F-336D-4BCB-ACE2-64C6E80D0E3A)>, running-active-Visible
default	00:54:21.098822-0700	watchdogd	Received state update for 11299 (app<com.groundeffectsoftware.AnxietyWatchHK(3A076A8F-336D-4BCB-ACE2-64C6E80D0E3A)>, running-active-Visible
default	00:54:21.099513-0700	SpringBoard	Received state update for 599 (app<com.apple.HealthPrivacyService(3A076A8F-336D-4BCB-ACE2-64C6E80D0E3A)>, running-active-Visible
default	00:54:21.100389-0700	HealthPrivacyService	Received state update for 599 (app<com.apple.HealthPrivacyService(3A076A8F-336D-4BCB-ACE2-64C6E80D0E3A)>, running-active-Visible
default	00:54:21.100403-0700	CommCenter	Received state update for 599 (app<com.apple.HealthPrivacyService(3A076A8F-336D-4BCB-ACE2-64C6E80D0E3A)>, running-active-Visible
default	00:54:21.100410-0700	AnxietyWatch	Received state update for 599 (app<com.apple.HealthPrivacyService(3A076A8F-336D-4BCB-ACE2-64C6E80D0E3A)>, running-active-NotVisible
default	00:54:21.100583-0700	symptomsd	Received state update for 11299 (app<com.groundeffectsoftware.AnxietyWatchHK(3A076A8F-336D-4BCB-ACE2-64C6E80D0E3A)>, running-active-Visible
default	00:54:21.100595-0700	audiomxd	Received state update for 599 (app<com.apple.HealthPrivacyService(3A076A8F-336D-4BCB-ACE2-64C6E80D0E3A)>, running-active-Visible
default	00:54:21.101250-0700	IDSCredentialsAgent	Received state update for 11299 (app<com.groundeffectsoftware.AnxietyWatchHK(3A076A8F-336D-4BCB-ACE2-64C6E80D0E3A)>, running-active-Visible
default	00:54:21.101325-0700	locationd	Received state update for 11299 (app<com.groundeffectsoftware.AnxietyWatchHK(3A076A8F-336D-4BCB-ACE2-64C6E80D0E3A)>, running-active-Visible
default	00:54:21.101702-0700	gamepolicyd	Received state update for 11299 (app<com.groundeffectsoftware.AnxietyWatchHK(3A076A8F-336D-4BCB-ACE2-64C6E80D0E3A)>, running-active-NotVisible
default	00:54:21.102355-0700	PerfPowerServices	Received state update for 599 (app<com.apple.HealthPrivacyService(3A076A8F-336D-4BCB-ACE2-64C6E80D0E3A)>, running-active-Visible
default	00:54:21.102922-0700	WirelessRadioManagerd	Received state update for 599 (app<com.apple.HealthPrivacyService(3A076A8F-336D-4BCB-ACE2-64C6E80D0E3A)>, running-active-Visible
default	00:54:21.103190-0700	useractivityd	Received state update for 599 (app<com.apple.HealthPrivacyService(3A076A8F-336D-4BCB-ACE2-64C6E80D0E3A)>, running-active-Visible
default	00:54:21.103322-0700	dasd	Received state update for 599 (app<com.apple.HealthPrivacyService(3A076A8F-336D-4BCB-ACE2-64C6E80D0E3A)>, running-active-Visible
default	00:54:21.103621-0700	backboardd	Received state update for 599 (app<com.apple.HealthPrivacyService(3A076A8F-336D-4BCB-ACE2-64C6E80D0E3A)>, running-active-Visible
default	00:54:21.104027-0700	wifid	Received state update for 599 (app<com.apple.HealthPrivacyService(3A076A8F-336D-4BCB-ACE2-64C6E80D0E3A)>, running-active-Visible
default	00:54:21.104741-0700	UserEventAgent	Received state update for 599 (app<com.apple.HealthPrivacyService(3A076A8F-336D-4BCB-ACE2-64C6E80D0E3A)>, running-active-Visible
default	00:54:21.104816-0700	watchdogd	Received state update for 599 (app<com.apple.HealthPrivacyService(3A076A8F-336D-4BCB-ACE2-64C6E80D0E3A)>, running-active-Visible
default	00:54:21.105448-0700	symptomsd	Received state update for 599 (app<com.apple.HealthPrivacyService(3A076A8F-336D-4BCB-ACE2-64C6E80D0E3A)>, running-active-Visible
default	00:54:21.106035-0700	locationd	Received state update for 599 (app<com.apple.HealthPrivacyService(3A076A8F-336D-4BCB-ACE2-64C6E80D0E3A)>, running-active-Visible
default	00:54:21.106200-0700	IDSCredentialsAgent	Received state update for 599 (app<com.apple.HealthPrivacyService(3A076A8F-336D-4BCB-ACE2-64C6E80D0E3A)>, running-active-Visible
default	00:54:21.106543-0700	gamepolicyd	Received state update for 599 (app<com.apple.HealthPrivacyService(3A076A8F-336D-4BCB-ACE2-64C6E80D0E3A)>, running-active-NotVisible
default	00:54:21.166030-0700	kernel	ANE0: aneFirmwareCommandSend: Skip waiting for response
default	00:54:21.166038-0700	kernel	ANE0: aneFirmwareCommandSend: Skip waiting for response
default	00:54:21.166511-0700	kernel	ANE0: aneFirmwareCommandSend: Skip waiting for response
default	00:54:21.182791-0700	sharingd	[Prox] Clearing duplicate cache
default	00:54:21.182799-0700	sharingd	ProximityPairing clear duplicate cache
default	00:54:21.183732-0700	bluetoothd	clear dup filter cache for process sharingd (79) with scan request of type 7, blob: {length = 0, bytes = 0x}, mask {length = 0, bytes = 0x}, active: 0, duplicates: 0, screen on: No Scan, screen off: No Scan, locked: 1,  rssi: -90, peers: (
) nearby scan mode: 10, advbuf: 0, priority critical: 0, range: 0, retain duplicates: 0, usecases:
default	00:54:21.183763-0700	bluetoothd	About to clearDuplicateFilterCache for type: 7
default	00:54:21.183813-0700	bluetoothd	Received XPC message "CBMsgIdClearDuplicateFilterCache" from session "com.apple.bluetoothd-central-102-10"
default	00:54:21.189742-0700	bluetoothd	clearDuplicateFilterCache for session "com.apple.bluetoothd" type 7
default	00:54:21.193159-0700	locationd	os_transaction created: (0x7770834a8) wifi1Event
default	00:54:21.193170-0700	locationd	@WifiLogic, handleInput, System::CoarseMotion
default	00:54:21.193208-0700	locationd	WifiTimer, nextscan, 6, haveLoc, 1, codepath, Motion
default	00:54:21.193413-0700	locationd	os_transaction releasing: (0x7770834a8) wifi1Event
default	00:54:21.193697-0700	locationd	#GnssRefPosMaintenance,motionActivity,Type,3,isInVehicle,0
default	00:54:21.193964-0700	locationd	GPSODOM<private>,Set motion activity,3
default	00:54:21.194015-0700	locationd	{"msg":"#EmergCon,handleAssistanceMotion,", "mountState":<private>}
default	00:54:21.194020-0700	locationd	GPSODOM<private>,Set motion activity,3
default	00:54:21.195390-0700	backboardd	  82897.07762: Device IS NOT stationary
default	00:54:21.195957-0700	locationd	#CLProactiveLoc,rvo,Motion,ped,0,veh,0,mov,1,stationary,0,likelyBoardedVeh,0,walkRunDur,0.00
default	00:54:21.196141-0700	locationd	#CLProactiveLoc,rvo,updateOverrideVisit,visit,1,timeFromLastCheck,117.21
default	00:54:21.196157-0700	locationd	#CLProactiveLoc,rvo,visitExitLikely,0,inVisitLocUseful,0,wifi,0,io,0,motion,0,cdX,-3.4,cdY,-13.4,cdZ,-4.3,attemptsLeft,3,walkRun,0,currWalkRun,0,sigDur,84175.23,walkRunFrac,0.00,wifiContDisassociated,0
default	00:54:21.197081-0700	locationd	{"msg":"got motion state notification", "subHarvester":"Avenger"}
default	00:54:21.197096-0700	locationd	{"msg":"updated avenger harvester motion activity state", "fLastMotionActivity":1, "nextMotionActivity":3, "subHarvester":"Avenger"}
default	00:54:21.202856-0700	locationd	{"msg":"updateOperationalModeIfNecessary", "fCurrentTimeOffsetThreshold":"45.000000", "subHarvester":"Avenger"}
default	00:54:21.202874-0700	SpringBoard	[coordinator] S33KR3T gen:418 begin host retry
default	00:54:21.202884-0700	SpringBoard	[coordinator] gen:419 handling new keyboard arbiter request pid: 599 sceneIdentity: 11299->app<com.apple.HealthPrivacyService(3A076A8F-336D-4BCB-ACE2-64C6E80D0E3A)>/UISceneHosting-com.groundeffectsoftware.AnxietyWatchHK:UIHostedScene-com.apple.HealthPrivacyService-193F9F5F-05A8-469D-BB2D-F0A440A86D8D
default	00:54:21.202898-0700	SpringBoard	arbiter: arbiter requested pid 599 / 11299->app<com.apple.HealthPrivacyService(3A076A8F-336D-4BCB-ACE2-64C6E80D0E3A)>/UISceneHosting-com.groundeffectsoftware.AnxietyWatchHK:UIHostedScene-com.apple.HealthPrivacyService-193F9F5F-05A8-469D-BB2D-F0A440A86D8D
default	00:54:21.202913-0700	SpringBoard	[coordinator] using arbiter suggested pid 599 + scene: 11299->app<com.apple.HealthPrivacyService(3A076A8F-336D-4BCB-ACE2-64C6E80D0E3A)>/UISceneHosting-com.groundeffectsoftware.AnxietyWatchHK:UIHostedScene-com.apple.HealthPrivacyService-193F9F5F-05A8-469D-BB2D-F0A440A86D8D
default	00:54:21.202924-0700	SpringBoard	Searching the visibility graph for hosting information for 11299->app<com.apple.HealthPrivacyService(3A076A8F-336D-4BCB-ACE2-64C6E80D0E3A)>/UISceneHosting-com.groundeffectsoftware.AnxietyWatchHK:UIHostedScene-com.apple.HealthPrivacyService-193F9F5F-05A8-469D-BB2D-F0A440A86D8D
default	00:54:21.203032-0700	sharingd	Stationary: yes -> no
default	00:54:21.203242-0700	safetyalertsd	{"msg":"#motion,cb", "isStationary":<private>, "walking":<private>, "automotive":<private>, "cycling":<private>, "fMotionState":<private>}
default	00:54:21.203248-0700	safetyalertsd	{"msg":"#blecore,onMotionStateChange"}
default	00:54:21.203253-0700	safetyalertsd	{"msg":"#blecore,getBleEnablementStatus"}
default	00:54:21.203259-0700	safetyalertsd	{"msg":"#saSettingsProd,isBluetoothEnabled"}
default	00:54:21.203366-0700	safetyalertsd	{"msg":"#saSettingsProd,cb", "fIsBluetoothStateCached":<private>}
default	00:54:21.203373-0700	safetyalertsd	{"msg":"#blecore,getBleEnablementStatus,cb", "isBleEnabled":<private>}
default	00:54:21.203392-0700	safetyalertsd	{"msg":"#assetConfig,currentCountryAssetConfig", "currentCountryAssetKey":<private>}
default	00:54:21.203855-0700	bluetoothd	updateLeConnectionRSSIThresholdState for 09EA9FB2-5E9E-6BE6-59A7-1AA46B3DB4A0 from 0 to 0
default	00:54:21.203989-0700	bluetoothd	updateLeConnectionRSSIThresholdState for 248BFC16-D6B9-17B7-3F41-065DD9610C0B from 0 to 0
default	00:54:21.204056-0700	bluetoothd	GetControllerInfo: , BlSt PoweredOn, DcsS Off, Chip BCM_4387, FastLE v1, Allowed: no, FrmN BCM4387C2_23.5.638.5534_PCIE_Koa_CLPC_OS_USI_20260107.bin, FrmV 23.5.638.5534, HWAd 68:83:CB:94:4C:B2, PID: 0x760A, VID: 0x004C, VIDS: Bluetooth, HCIT PCIe, InqS Off, LMPv 12 (5.3), SSrv: 0x1D3BBB < HFP PhoneBook AVRCP A2DP HID WirelessiAP NetSharing MAP Gaming NetworkConsumer Braille LEA CarPlay AACP GATT >
default	00:54:21.205461-0700	safetyalertsd	{"msg":"#assetConfig,currentCountryAssetConfig", "currentCountryAssetKey":<private>}
default	00:54:21.205683-0700	safetyalertsd	{"msg":"#fs,isBLERelaySupported", "isSupported":1}
default	00:54:21.205689-0700	safetyalertsd	{"msg":"#saSettingsProd,getEarthquakeAlertSwitchState", "fIsEarthquakeAlertsSwitchState":<private>}
default	00:54:21.205708-0700	safetyalertsd	{"msg":"#assetConfig,currentCountryAssetConfig", "currentCountryAssetKey":<private>}
default	00:54:21.205866-0700	safetyalertsd	{"msg":"#saSettingsProd,isEarthquakeSwitchVisible", "earthquakeSwitchVisible MA":1, "earthquakeSwitchVisible":1, "preferenceValue":-1}
default	00:54:21.205878-0700	safetyalertsd	{"msg":"#blecore,areAllGatesOpenForDiscovery", "isBluetoothEnabled":<private>, "isHWAllowed":<private>, "isLocationAuth":<private>, "isEarthquakeAllowed":<private>, "isBLERelayFeatureEnabled":<private>}
default	00:54:21.205887-0700	safetyalertsd	{"msg":"#blecore,evaluateBLEQDiscoverability", "motionState":<private>, "isSystemReadyForDiscovery":<private>}
default	00:54:21.205893-0700	safetyalertsd	{"msg":"#blecore,evaluateBLEQDiscoverability,true"}
error	00:54:21.211123-0700	thermalmonitord	<Error> could not find `cpu-avg-limiter-input-w2r property
error	00:54:21.211138-0700	thermalmonitord	<Error> Failed to read `cpu-avg-limiter-input-w2r
default	00:54:21.211958-0700	SpringBoard	Visibility graph search found root scene com.apple.frontboard.systemappservices/FBSceneManager:com.apple.springboard and ultimate host <com.apple.frontboard.systemappservices/FBSceneManager:sceneID%3Acom.groundeffectsoftware.AnxietyWatchHK-6C527490-A1D7-41A4-B49E-317360CCDAA7 pid:11299>
default	00:54:21.211967-0700	SpringBoard	[coordinator] S33KR3T target <11299->app<com.apple.HealthPrivacyService(3A076A8F-336D-4BCB-ACE2-64C6E80D0E3A)>/UISceneHosting-com.groundeffectsoftware.AnxietyWatchHK:UIHostedScene-com.apple.HealthPrivacyService-193F9F5F-05A8-469D-BB2D-F0A440A86D8D pid:599> has an ultimate host <com.apple.frontboard.systemappservices/FBSceneManager:sceneID%3Acom.groundeffectsoftware.AnxietyWatchHK-6C527490-A1D7-41A4-B49E-317360CCDAA7 pid:11299>
default	00:54:21.211976-0700	SpringBoard	[coordinator] informing scene controller 'com.apple.springboard' of focusTarget: <com.apple.frontboard.systemappservices/FBSceneManager:sceneID%3Acom.groundeffectsoftware.AnxietyWatchHK-6C527490-A1D7-41A4-B49E-317360CCDAA7 pid:11299>
default	00:54:21.212097-0700	SpringBoard	[embedded coalition] _abritrateForReason: <keyboardArbiterSuggestion> - new policy is unchanged
default	00:54:21.212106-0700	SpringBoard	[coordinator] keyboard arbiter suggested <pid: 599; sceneIdentity: 11299->app<com.apple.HealthPrivacyService(3A076A8F-336D-4BCB-ACE2-64C6E80D0E3A)>/UISceneHosting-com.groundeffectsoftware.AnxietyWatchHK:UIHostedScene-com.apple.HealthPrivacyService-193F9F5F-05A8-469D-BB2D-F0A440A86D8D> and we replied <com.apple.frontboard.systemappservices/FBSceneManager:sceneID%3Acom.groundeffectsoftware.AnxietyWatchHK-6C527490-A1D7-41A4-B49E-317360CCDAA7 pid:11299>
default	00:54:21.212523-0700	SpringBoard	set currentFocus PID:11299 sceneIdentity:com.groundeffectsoftware.AnxietyWatchHK-6C527490-A1D7-41A4-B49E-317360CCDAA7
default	00:54:21.252110-0700	backboardd	[ALS] ts=82897.117 lux=5.555<private> xy=(0.550 0.450) chs=[0 84 85 233 214] CCT1=1191.561 gain=512x mode=<private> subsamples=24 rawLux=5.555 nits=46 xTalk=[0 0 0 0 0] status=0x9B copyEvent=0
default	00:54:21.253451-0700	backboardd	Ammolite: Lux 5.554612 (delta 4.801216 / thr 10.000000)
default	00:54:21.265974-0700	kernel	ANE0: aneFirmwareCommandSend: Skip waiting for response
default	00:54:21.266242-0700	kernel	ANE0: aneFirmwareCommandSend: Skip waiting for response
default	00:54:21.266258-0700	kernel	ANE0: aneFirmwareCommandSend: Skip waiting for response
default	00:54:21.278114-0700	kernel	InfraPeers: Added unicast peer to database 64:CB:E9:33:A4:54 (total peers: 5)
default	00:54:21.293284-0700	identityservicesd	calling continuityDidDiscoverType:Activity withData:<private> fromPeer:<private>
default	00:54:21.323367-0700	locationd	{"msg":"onAvengerAdvertisementDetected: got avenger advertisement", "subHarvester":"Avenger"}
default	00:54:21.323383-0700	locationd	{"msg":"convertToSPAdvertisement", "address":<private>, "data":<private>, "date":<private>, "rssi":<private>, "status":<private>, "reserved":<private>, "subHarvester":"Avenger"}
default	00:54:21.323432-0700	locationd	{"msg":"onAvengerAdvertisementDetected: advertisement is near-owner from other people and do not process it", "subHarvester":"Avenger"}
default	00:54:21.323542-0700	locationd	{"msg":"onAvengerAdvertisementDetected convertToSPAdvertisement", "address":<private>, "data":<private>, "date":<private>, "rssi":<private>, "status":<private>, "reserved":<private>, "subHarvester":"ADLAvenger"}
default	00:54:21.323577-0700	locationd	{"msg":"onAvengerAdvertisementDetected: advertisement is near-owner from other people and do not process it", "subHarvester":"ADLAvenger"}
default	00:54:21.323602-0700	locationd	<private>
default	00:54:21.365773-0700	kernel	ANE0: aneFirmwareCommandSend: Skip waiting for response
default	00:54:21.365787-0700	kernel	ANE0: aneFirmwareCommandSend: Skip waiting for response
default	00:54:21.365791-0700	kernel	ANE0: aneFirmwareCommandSend: Skip waiting for response
default	00:54:21.367433-0700	timed	!setState service=(null)
default	00:54:21.367439-0700	timed	!setState priority=300
default	00:54:21.367445-0700	timed	!setState guid=(null)
default	00:54:21.367450-0700	timed	!setState destination=<private>
default	00:54:21.367707-0700	timed	Attempting To Send message from account <private> to destinations <private>
default	00:54:21.367719-0700	timed	!setState guid=<private>
default	00:54:21.368930-0700	timed	Downgrading waking status of message with GUID <private> to non-waking, the client <private> is not configured to send waking messages.  Total messages downgraded: 604
default	00:54:21.369318-0700	timed	OUTGOING-CLIENT_REQUEST:<private> SERVICE:com.apple.private.alloy.timesync
default	00:54:21.369345-0700	timed	Client request to send data on service: com.apple.private.alloy.timesync   guid: 761D2297-226F-4620-A3C2-3364E3A167C9   to destinations: <private>  isScheduled? : NO  options: <private>    size: 66] (1 pending)
default	00:54:21.369601-0700	timed	sendData: {
    kTMLSLinkMsgKey = 7;
} withIdentifier: 761D2297-226F-4620-A3C2-3364E3A167C9
default	00:54:21.370404-0700	identityservicesd	Gossip - Trying to fetch STH.
default	00:54:21.370417-0700	identityservicesd	Gossip - Retrieved nil STH. Will not gossip.
default	00:54:21.370424-0700	identityservicesd	Daemon Attempting To Send message from account <private> to destinations <private>
default	00:54:21.371181-0700	identityservicesd	  == Incrementing outgoing-messages for service: com.apple.private.alloy.timesync   Requestor: com.apple.timed  (Count: 604, GlobalCountForAdhocType2: 2217)
default	00:54:21.371220-0700	identityservicesd	     No budget specified
default	00:54:21.371350-0700	identityservicesd	Daemon sending message with priority URGENT guid: 761D2297-226F-4620-A3C2-3364E3A167C9 messageType: (null), serviceIdentifier: com.apple.private.alloy.timesync to: <private>   from: (null)   aliases: <private>  service type: adhoc type 2   QoS=0x19
default	00:54:21.371530-0700	identityservicesd	Store outgoing message {guid: <private>, canSendUrgent: YES, forceImmediateSend: YES, hasSpecialTrafficClass: YES}
default	00:54:21.371540-0700	identityservicesd	Asked to bypass storage for message with GUID <private>
default	00:54:21.371550-0700	identityservicesd	Performing duet check for priority URGENT for account <private> serviceIdentifier com.apple.private.alloy.timesync duetIdentifiers <private> bypassDuet NO  logString: <private>
default	00:54:21.371567-0700	identityservicesd	Sending via account that's type Local -- forcing local delivery.
default	00:54:21.371646-0700	identityservicesd	sendMessage of size 66  bulkedPayload (null) fromID (null)   toDestinations <private>   useDictAsTopLevel NO  encryptPayload YES  wantsResponse NO  timeout 180.000000  command 242 wantsDeliveryStatus NO wantsCertifiedDelivery NO deliveryStatusContext (null) messageUUID <private>  priority URGENT localDelivery YES  completionBlock 0xc926100c0
default	00:54:21.371711-0700	identityservicesd	(Class) Destination device uniqueID: <private>
default	00:54:21.371910-0700	identityservicesd	OUTGOING-LOCAL_SEND:<private> SERVICE:com.apple.private.alloy.timesync
default	00:54:21.371946-0700	identityservicesd	Returning phone number from _IDSFetchPhoneNumber { phoneNumbers: <private> }
default	00:54:21.372092-0700	identityservicesd	Ignoring request to fallback forcedLocal YES  localType YES requireLocalWiFi NO message <private>
default	00:54:21.372107-0700	identityservicesd	0xc93561300 -[IDSDuetInterface checkAvailabilityForValues:priority:logString:fromQueue:withCompletionBlock:] Sending IDS message, already allowed by CoreDuet
default	00:54:21.372116-0700	identityservicesd	Notifying client IDSResponsePersisted(11) for com.apple.private.alloy.timesync id <private> alt (null)
default	00:54:21.372123-0700	identityservicesd	Updating listener on <private> with responseCode 11 error (null)  lastCall YES - messageContext <private>
default	00:54:21.372328-0700	identityservicesd	OUTGOING-UTUN_DELIVERY:<private> SERVICE:com.apple.private.alloy.timesync
default	00:54:21.372338-0700	identityservicesd	UTUN request to send URGENT priority local message payload of data size: 66  guid: 761D2297-226F-4620-A3C2-3364E3A167C9  expirationDate Sun Jul 19 00:57:21 2026 enforceRemoteTimeout NO for topic: com.apple.private.alloy.timesync:37516 and command 242 to deviceIDs (count: 1)
default	00:54:21.372364-0700	identityservicesd	Bluetooth is required but we are not nearby - failing message <private>
default	00:54:21.372570-0700	identityservicesd	IDSUTunDeliveryController sendMessage <private> deviceID 00000000-0000-0000-0000-000000000000 succeeded? NO response 15 topic: com.apple.private.alloy.timesync - current pending sends local <private> fallback <private> account <private>
default	00:54:21.372587-0700	timed	OUTGOING-UPDATE:<private> CODE:11 LASTCALL:YES
default	00:54:21.372665-0700	timed	<private> outgoing message guid response: 761D2297-226F-4620-A3C2-3364E3A167C9  callbackID: (null)  response code: 11   error: (null)   lastCall: YES  endpointState: 1
default	00:54:21.372744-0700	identityservicesd	Local send completion block {responseCode: 15, error: Error Domain=com.apple.ids.idssenderrordomain Code=15, lastCall: YES, combinedResponseCode: 15, combinedError: Error Domain=com.apple.ids.idssenderrordomain Code=15, account: <private>}
default	00:54:21.372756-0700	identityservicesd	Updating listener on <private> with responseCode 15 error Error Domain=com.apple.ids.idssenderrordomain Code=15  lastCall YES - messageContext <private>
default	00:54:21.373023-0700	identityservicesd	Logged message send response metric: responseCode=15 service=com.apple.private.alloy.timesync command=242 hasDataToEncrypt=NO messageGUID=<private> metricContext=(null)
default	00:54:21.373032-0700	identityservicesd	deleteOutgoingMessageWithGUID:alternateGUID: {guid: <private>, alternateGUID: (null)}
default	00:54:21.373300-0700	timed	OUTGOING-UPDATE:<private> CODE:15 LASTCALL:YES
default	00:54:21.373349-0700	timed	<private> outgoing message guid response: 761D2297-226F-4620-A3C2-3364E3A167C9  callbackID: (null)  response code: 15   error: Error Domain=com.apple.ids.idssenderrordomain Code=15 "(null)"   lastCall: YES  endpointState: 1
default	00:54:21.373358-0700	timed	Server Timestamp for UpdatedWithResponseCode? { serverReceivedTime: (null), serverTimestamp: (null)}
default	00:54:21.373596-0700	timed	<private> got messageIdentifier <private> callbackID (null) updatedWithResponseCode: 15 error Error Domain=com.apple.identityservices.error Code=26 "Bluetooth required" UserInfo={NSLocalizedDescription=Bluetooth required, NSUnderlyingError=0xc0f0f70c0 {Error Domain=com.apple.ids.idssenderrordomain Code=15}} lastCall YES
default	00:54:21.373609-0700	timed	  => <<private>:0xc0ec78180> finished handling message guid: <private>  (connection:messageIdentifier:alternateCallbackID:updatedWithResponseCode:error:lastCall:)
default	00:54:21.373620-0700	timed	<private> got identifier <private> didSendWithSuccess NO  error Error Domain=com.apple.identityservices.error Code=26 "Bluetooth required" UserInfo={NSLocalizedDescription=Bluetooth required, NSUnderlyingError=0xc0f0f70c0 {Error Domain=com.apple.ids.idssenderrordomain Code=15}} num delegates: 1
default	00:54:21.373634-0700	timed	  => <<private>:0xc0ec78180> finished handling message guid: <private>  (connection:identifier:didSendWithSuccess:error:context:)
error	00:54:21.374057-0700	timed	761D2297-226F-4620-A3C2-3364E3A167C9 (7) send failure (Error Domain=com.apple.identityservices.error Code=26 "Bluetooth required" UserInfo={NSLocalizedDescription=Bluetooth required, NSUnderlyingError=0xc0f0f70c0 {Error Domain=com.apple.ids.idssenderrordomain Code=15 "(null)"}}), will retry
default	00:54:21.374361-0700	identityservicesd	Received acknowledgement for outgoing message <private> alternateCallbackID (null) from localObject 0xc928df1a0
default	00:54:21.465248-0700	kernel	ANE0: aneFirmwareCommandSend: Skip waiting for response
default	00:54:21.465255-0700	kernel	ANE0: aneFirmwareCommandSend: Skip waiting for response
default	00:54:21.465513-0700	kernel	ANE0: aneFirmwareCommandSend: Skip waiting for response
default	00:54:21.502260-0700	backboardd	[ALS] ts=82897.367 lux=5.143<private> xy=(0.541 0.459) chs=[5 98 71 212 193] CCT1=1635.453 gain=512x mode=<private> subsamples=24 rawLux=5.143 nits=46 xTalk=[0 0 0 0 0] status=0x9B copyEvent=0
default	00:54:21.503320-0700	backboardd	Ammolite: Lux 5.142884 (delta 4.389488 / thr 10.000000)
default	00:54:21.516427-0700	locationd	os_transaction created: (<private>) <private>
default	00:54:21.516556-0700	locationd	os_transaction released: (<private>) <private>
default	00:54:21.518517-0700	AnxietyWatch	<UIWindowScene: 0x104a18b00> (6C527490-A1D7-41A4-B49E-317360CCDAA7) Scene updated orientation preferences: ( Pu ) -> ( Pu Ll Lr )
default	00:54:21.519958-0700	AnxietyWatch	[UISceneHosting-com.groundeffectsoftware.AnxietyWatchHK:UIHostedScene-com.apple.HealthPrivacyService-193F9F5F-05A8-469D-BB2D-F0A440A86D8D] Sending action(s) to "_UIViewServiceSceneExtension": _UIViewServiceHostAppearanceAction
default	00:54:21.520109-0700	HealthPrivacyService	[UISceneHosting-com.groundeffectsoftware.AnxietyWatchHK:UIHostedScene-com.apple.HealthPrivacyService-193F9F5F-05A8-469D-BB2D-F0A440A86D8D] Received action(s) for "_UIViewServiceSceneExtension": _UIViewServiceHostAppearanceAction
default	00:54:21.520124-0700	HealthPrivacyService	Appearance transition didAppear for 11299->app<com.apple.HealthPrivacyService(3A076A8F-336D-4BCB-ACE2-64C6E80D0E3A)>/UISceneHosting-com.groundeffectsoftware.AnxietyWatchHK:UIHostedScene-com.apple.HealthPrivacyService-193F9F5F-05A8-469D-BB2D-F0A440A86D8D
default	00:54:21.520133-0700	HealthPrivacyService	[UISceneHosting-com.groundeffectsoftware.AnxietyWatchHK:UIHostedScene-com.apple.HealthPrivacyService-193F9F5F-05A8-469D-BB2D-F0A440A86D8D] Component <_UIViewServiceClientSceneComponent: 0x829838ba0> handled action(s): <private>
default	00:54:21.520302-0700	AnxietyWatch	<UIWindowScene: 0x104a18b00> (6C527490-A1D7-41A4-B49E-317360CCDAA7) Scene updated orientation preferences: ( Pu Ll Lr ) -> ( Pu )
default	00:54:21.520430-0700	AnxietyWatch	Reloading input views for key-window scene responder: <(null): 0x0; > force:N
default	00:54:21.520443-0700	AnxietyWatch	_reloadInputViewsForKeyWindowSceneResponder: 0 force: 0, fromBecomeFirstResponder: 1 (automaticKeyboard: 0, reloadIdentifier: 19F6990B-87BF-427B-A6EB-DC9EEC40D81E)
default	00:54:21.520566-0700	AnxietyWatch	_inputViewsForResponder: <(null): 0x0; >, automaticKeyboard: 0, force: 0
default	00:54:21.520577-0700	AnxietyWatch	_inputViewsForResponder, found custom inputView: <(null): 0x0>, customInputViewController: <(null): 0x0>
default	00:54:21.520584-0700	AnxietyWatch	_inputViewsForResponder, found inputAccessoryView: <(null): 0x0>
default	00:54:21.520591-0700	AnxietyWatch	_inputViewsForResponder, responderRequiresKeyboard 0 (automaticKeyboardEnabled: 0, activeInstance: <(null): 0x0>, self.isOnScreen: 0, requiresKBWhenFirstResponder: 0)
default	00:54:21.520600-0700	AnxietyWatch	_inputViewsForResponder, useKeyboard 0 (allowsSystemInputView: 1, !inputView <(null): 0x0>, responderRequiresKeyboard 0)
default	00:54:21.520606-0700	AnxietyWatch	_inputViewsForResponder, configuring _responderWithoutAutomaticAppearanceEnabled: <(null): 0x0> (_automaticAppearEnabled: 1)
default	00:54:21.520612-0700	AnxietyWatch	_inputViewsForResponder, needsIVPlaceholder: 0, needsIAVPlaceholder: 0, needsInputSetWithPlaceholder: 0
default	00:54:21.520642-0700	AnxietyWatch	_inputViewsForResponder returning: <<UIInputViewSet: 0x11c6230c0>; (empty)>
default	00:54:21.521102-0700	AnxietyWatch	Reloading input views for key-window scene responder: <_TtC12AnxietyWatchP33_B65C44C185D5D3D753390DC83209258930_ShakeRespondingViewController: 0x1051f3000; > force:N
default	00:54:21.521120-0700	AnxietyWatch	_reloadInputViewsForKeyWindowSceneResponder: 1 force: 0, fromBecomeFirstResponder: 1 (automaticKeyboard: 1, reloadIdentifier: 900ECC15-8C23-4E4D-B34B-94811AF6304D)
default	00:54:21.521133-0700	AnxietyWatch	_inputViewsForResponder: <_TtC12AnxietyWatchP33_B65C44C185D5D3D753390DC83209258930_ShakeRespondingViewController: 0x1051f3000; >, automaticKeyboard: 1, force: 0
default	00:54:21.521168-0700	AnxietyWatch	_inputViewsForResponder, found custom inputView: <(null): 0x0>, customInputViewController: <(null): 0x0>
default	00:54:21.521178-0700	AnxietyWatch	_inputViewsForResponder, found inputAccessoryView: <(null): 0x0>
default	00:54:21.521228-0700	AnxietyWatch	_inputViewsForResponder, responderRequiresKeyboard 0 (automaticKeyboardEnabled: 1, activeInstance: <(null): 0x0>, self.isOnScreen: 0, requiresKBWhenFirstResponder: 0)
default	00:54:21.521239-0700	AnxietyWatch	_inputViewsForResponder, useKeyboard 0 (allowsSystemInputView: 1, !inputView <(null): 0x0>, responderRequiresKeyboard 0)
default	00:54:21.521245-0700	AnxietyWatch	_inputViewsForResponder, configuring _responderWithoutAutomaticAppearanceEnabled: <(null): 0x0> (_automaticAppearEnabled: 1)
default	00:54:21.521251-0700	AnxietyWatch	_inputViewsForResponder, needsIVPlaceholder: 0, needsIAVPlaceholder: 0, needsInputSetWithPlaceholder: 0
default	00:54:21.521258-0700	AnxietyWatch	_inputViewsForResponder returning: <<UIInputViewSet: 0x11c6230c0>; (empty)>
default	00:54:21.521471-0700	AnxietyWatch	endPlacementForInputViewSet: <<UIInputViewSet: 0x11c6230c0>; (empty)> windowScene: <UIWindowScene: 0x104a18b00; role: UIWindowSceneSessionRoleApplication; persistentIdentifier: 6C527490-A1D7-41A4-B49E-317360CCDAA7; activationState: UISceneActivationStateForegroundActive>
default	00:54:21.521918-0700	AnxietyWatch	-[_UIRemoteKeyboards prepareToMoveKeyboard:withIAV:isIAVRelevant:showing:notifyRemote:forScene:] position: {{0, 0}, {0, 0}} visible: 0; notifyRemote: 1; isMinimized: NO
default	00:54:21.522023-0700	AnxietyWatch	Show keyboard with visual mode windowed (0)
default	00:54:21.522213-0700	AnxietyWatch	_inputViewsForResponder: <_TtC12AnxietyWatchP33_B65C44C185D5D3D753390DC83209258930_ShakeRespondingViewController: 0x1051f3000; >, automaticKeyboard: 1, force: 0
default	00:54:21.522228-0700	AnxietyWatch	_inputViewsForResponder, found custom inputView: <(null): 0x0>, customInputViewController: <(null): 0x0>
default	00:54:21.522233-0700	AnxietyWatch	_inputViewsForResponder, found inputAccessoryView: <(null): 0x0>
default	00:54:21.522242-0700	AnxietyWatch	_inputViewsForResponder, responderRequiresKeyboard 0 (automaticKeyboardEnabled: 1, activeInstance: <(null): 0x0>, self.isOnScreen: 0, requiresKBWhenFirstResponder: 0)
default	00:54:21.522248-0700	AnxietyWatch	_inputViewsForResponder, useKeyboard 0 (allowsSystemInputView: 1, !inputView <(null): 0x0>, responderRequiresKeyboard 0)
default	00:54:21.522254-0700	AnxietyWatch	_inputViewsForResponder, configuring _responderWithoutAutomaticAppearanceEnabled: <(null): 0x0> (_automaticAppearEnabled: 1)
default	00:54:21.522262-0700	AnxietyWatch	_inputViewsForResponder, needsIVPlaceholder: 0, needsIAVPlaceholder: 0, needsInputSetWithPlaceholder: 0
default	00:54:21.522283-0700	AnxietyWatch	_inputViewsForResponder returning: <<UIInputViewSet: 0x11c623180>; (empty)>
default	00:54:21.522340-0700	AnxietyWatch	Reloading input views for key-window scene responder: <_TtC12AnxietyWatchP33_B65C44C185D5D3D753390DC83209258930_ShakeRespondingViewController: 0x1051f3000; > force:N
default	00:54:21.522351-0700	AnxietyWatch	_reloadInputViewsForKeyWindowSceneResponder: 1 force: 0, fromBecomeFirstResponder: 0 (automaticKeyboard: 1, reloadIdentifier: F21F1F17-FBE1-47F1-9419-1E1EB851A0C9)
default	00:54:21.522398-0700	AnxietyWatch	_inputViewsForResponder: <_TtC12AnxietyWatchP33_B65C44C185D5D3D753390DC83209258930_ShakeRespondingViewController: 0x1051f3000; >, automaticKeyboard: 1, force: 0
default	00:54:21.522408-0700	AnxietyWatch	_inputViewsForResponder, found custom inputView: <(null): 0x0>, customInputViewController: <(null): 0x0>
default	00:54:21.522460-0700	AnxietyWatch	_inputViewsForResponder, found inputAccessoryView: <(null): 0x0>
default	00:54:21.522469-0700	AnxietyWatch	_inputViewsForResponder, responderRequiresKeyboard 0 (automaticKeyboardEnabled: 1, activeInstance: <(null): 0x0>, self.isOnScreen: 0, requiresKBWhenFirstResponder: 0)
default	00:54:21.522475-0700	AnxietyWatch	_inputViewsForResponder, useKeyboard 0 (allowsSystemInputView: 1, !inputView <(null): 0x0>, responderRequiresKeyboard 0)
default	00:54:21.522481-0700	AnxietyWatch	_inputViewsForResponder, configuring _responderWithoutAutomaticAppearanceEnabled: <(null): 0x0> (_automaticAppearEnabled: 1)
default	00:54:21.522516-0700	AnxietyWatch	_inputViewsForResponder, needsIVPlaceholder: 0, needsIAVPlaceholder: 0, needsInputSetWithPlaceholder: 0
default	00:54:21.522524-0700	AnxietyWatch	_inputViewsForResponder returning: <<UIInputViewSet: 0x11c623180>; (empty)>
default	00:54:21.522655-0700	AnxietyWatch	endPlacementForInputViewSet: <<UIInputViewSet: 0x11c623180>; (empty)> windowScene: <UIWindowScene: 0x104a18b00; role: UIWindowSceneSessionRoleApplication; persistentIdentifier: 6C527490-A1D7-41A4-B49E-317360CCDAA7; activationState: UISceneActivationStateForegroundActive>
default	00:54:21.523006-0700	AnxietyWatch	-[_UIRemoteKeyboards prepareToMoveKeyboard:withIAV:isIAVRelevant:showing:notifyRemote:forScene:] position: {{0, 0}, {0, 0}} visible: 0; notifyRemote: 1; isMinimized: NO
default	00:54:21.523092-0700	AnxietyWatch	Show keyboard with visual mode windowed (0)
default	00:54:21.537158-0700	HealthPrivacyService	[UISceneHosting-com.groundeffectsoftware.AnxietyWatchHK:UIHostedScene-com.apple.HealthPrivacyService-193F9F5F-05A8-469D-BB2D-F0A440A86D8D] Received action(s) for "_UIViewServiceSceneExtension": _UIViewServiceHostAppearanceAction
default	00:54:21.537996-0700	HealthPrivacyService	Appearance transition willDisappearAnimated for 11299->app<com.apple.HealthPrivacyService(3A076A8F-336D-4BCB-ACE2-64C6E80D0E3A)>/UISceneHosting-com.groundeffectsoftware.AnxietyWatchHK:UIHostedScene-com.apple.HealthPrivacyService-193F9F5F-05A8-469D-BB2D-F0A440A86D8D
default	00:54:21.538022-0700	HealthPrivacyService	[UISceneHosting-com.groundeffectsoftware.AnxietyWatchHK:UIHostedScene-com.apple.HealthPrivacyService-193F9F5F-05A8-469D-BB2D-F0A440A86D8D] Component <_UIViewServiceClientSceneComponent: 0x829838ba0> handled action(s): <private>
default	00:54:21.538033-0700	HealthPrivacyService	[UISceneHosting-com.groundeffectsoftware.AnxietyWatchHK:UIHostedScene-com.apple.HealthPrivacyService-193F9F5F-05A8-469D-BB2D-F0A440A86D8D] Received action(s): _UISceneHostingViewAppearanceActionHostToClient
default	00:54:21.538064-0700	HealthPrivacyService	sceneOfRecord: sceneID: UIHostedScene-com.apple.HealthPrivacyService-193F9F5F-05A8-469D-BB2D-F0A440A86D8D  persistentID: UIHostedScene-com.apple.HealthPrivacyService-193F9F5F-05A8-469D-BB2D-F0A440A86D8D
default	00:54:21.538186-0700	AnxietyWatch	[UISceneHosting-com.groundeffectsoftware.AnxietyWatchHK:UIHostedScene-com.apple.HealthPrivacyService-193F9F5F-05A8-469D-BB2D-F0A440A86D8D] Sending action(s) to "_UIViewServiceSceneExtension": _UIViewServiceHostAppearanceAction
default	00:54:21.538198-0700	AnxietyWatch	[UISceneHosting-com.groundeffectsoftware.AnxietyWatchHK:UIHostedScene-com.apple.HealthPrivacyService-193F9F5F-05A8-469D-BB2D-F0A440A86D8D] Sending action(s): _UISceneHostingViewAppearanceActionHostToClient
default	00:54:21.538228-0700	HealthPrivacyService	sceneOfRecord: sceneID: UIHostedScene-com.apple.HealthPrivacyService-193F9F5F-05A8-469D-BB2D-F0A440A86D8D  persistentID: UIHostedScene-com.apple.HealthPrivacyService-193F9F5F-05A8-469D-BB2D-F0A440A86D8D
default	00:54:21.538252-0700	HealthPrivacyService	Should not send trait collection or coordinate space update, interface style 2 -> 2, <_UIHostedWindowScene: 0x828e50280> (UIHostedScene-com.apple.HealthPrivacyService-193F9F5F-05A8-469D-BB2D-F0A440A86D8D)
default	00:54:21.538813-0700	HealthPrivacyService	sceneOfRecord: sceneID: UIHostedScene-com.apple.HealthPrivacyService-193F9F5F-05A8-469D-BB2D-F0A440A86D8D  persistentID: UIHostedScene-com.apple.HealthPrivacyService-193F9F5F-05A8-469D-BB2D-F0A440A86D8D
default	00:54:21.565032-0700	kernel	ANE0: aneFirmwareCommandSend: Skip waiting for response
default	00:54:21.565042-0700	kernel	ANE0: aneFirmwareCommandSend: Skip waiting for response
default	00:54:21.565298-0700	kernel	ANE0: aneFirmwareCommandSend: Skip waiting for response
default	00:54:21.664731-0700	kernel	ANE0: aneFirmwareCommandSend: Skip waiting for response
default	00:54:21.664781-0700	kernel	ANE0: aneFirmwareCommandSend: Skip waiting for response
default	00:54:21.665050-0700	kernel	ANE0: aneFirmwareCommandSend: Skip waiting for response
default	00:54:21.751707-0700	backboardd	[ALS] ts=82897.617 lux=6.477<private> xy=(0.532 0.468) chs=[0 119 99 254 234] CCT1=1560.294 gain=512x mode=<private> subsamples=24 rawLux=6.477 nits=46 xTalk=[0 0 0 0 0] status=0x9B copyEvent=0
default	00:54:21.753020-0700	backboardd	Ammolite: Lux 6.476748 (delta 5.723352 / thr 10.000000)
default	00:54:21.764494-0700	kernel	ANE0: aneFirmwareCommandSend: Skip waiting for response
default	00:54:21.764554-0700	kernel	ANE0: aneFirmwareCommandSend: Skip waiting for response
default	00:54:21.764789-0700	kernel	ANE0: aneFirmwareCommandSend: Skip waiting for response
default	00:54:21.830971-0700	locationd	os_transaction created: (0x7771834a8) wifi1Event
default	00:54:21.831001-0700	locationd	@WifiLogic, handleInput, System::CoarseMotion
default	00:54:21.832043-0700	locationd	WifiTimer, nextscan, 15, haveLoc, 1, codepath, Static
default	00:54:21.832182-0700	locationd	os_transaction releasing: (0x7771834a8) wifi1Event
default	00:54:21.832819-0700	locationd	#GnssRefPosMaintenance,motionActivity,Type,2,isInVehicle,0
default	00:54:21.833225-0700	locationd	GPSODOM<private>,Set motion activity,2
default	00:54:21.833231-0700	locationd	GPSODOM<private>,Set motion activity,2
default	00:54:21.833293-0700	backboardd	  82897.71624: Device IS stationary
default	00:54:21.833576-0700	locationd	{"msg":"#EmergCon,handleAssistanceMotion,", "mountState":<private>}
default	00:54:21.835036-0700	locationd	#CLProactiveLoc,rvo,Motion,ped,0,veh,0,mov,0,stationary,1,likelyBoardedVeh,0,walkRunDur,0.00
default	00:54:21.837146-0700	safetyalertsd	{"msg":"#motion,cb", "isStationary":<private>, "walking":<private>, "automotive":<private>, "cycling":<private>, "fMotionState":<private>}
default	00:54:21.837153-0700	safetyalertsd	{"msg":"#blecore,onMotionStateChange"}
default	00:54:21.837161-0700	safetyalertsd	{"msg":"#blecore,getBleEnablementStatus"}
default	00:54:21.837167-0700	safetyalertsd	{"msg":"#saSettingsProd,isBluetoothEnabled"}
default	00:54:21.837682-0700	bluetoothd	GetControllerInfo: , BlSt PoweredOn, DcsS Off, Chip BCM_4387, FastLE v1, Allowed: no, FrmN BCM4387C2_23.5.638.5534_PCIE_Koa_CLPC_OS_USI_20260107.bin, FrmV 23.5.638.5534, HWAd 68:83:CB:94:4C:B2, PID: 0x760A, VID: 0x004C, VIDS: Bluetooth, HCIT PCIe, InqS Off, LMPv 12 (5.3), SSrv: 0x1D3BBB < HFP PhoneBook AVRCP A2DP HID WirelessiAP NetSharing MAP Gaming NetworkConsumer Braille LEA CarPlay AACP GATT >
default	00:54:21.837826-0700	locationd	{"msg":"got motion state notification", "subHarvester":"Avenger"}
default	00:54:21.837852-0700	safetyalertsd	{"msg":"#saSettingsProd,cb", "fIsBluetoothStateCached":<private>}
default	00:54:21.837860-0700	safetyalertsd	{"msg":"#blecore,getBleEnablementStatus,cb", "isBleEnabled":<private>}
default	00:54:21.837878-0700	safetyalertsd	{"msg":"#assetConfig,currentCountryAssetConfig", "currentCountryAssetKey":<private>}
default	00:54:21.837914-0700	safetyalertsd	{"msg":"#assetConfig,currentCountryAssetConfig", "currentCountryAssetKey":<private>}
default	00:54:21.837958-0700	safetyalertsd	{"msg":"#fs,isBLERelaySupported", "isSupported":1}
default	00:54:21.837965-0700	safetyalertsd	{"msg":"#saSettingsProd,getEarthquakeAlertSwitchState", "fIsEarthquakeAlertsSwitchState":<private>}
default	00:54:21.837992-0700	safetyalertsd	{"msg":"#assetConfig,currentCountryAssetConfig", "currentCountryAssetKey":<private>}
default	00:54:21.838239-0700	locationd	{"msg":"updated avenger harvester motion activity state", "fLastMotionActivity":3, "nextMotionActivity":2, "subHarvester":"Avenger"}
default	00:54:21.838272-0700	locationd	{"msg":"updateOperationalModeIfNecessary", "fCurrentTimeOffsetThreshold":"45.000000", "subHarvester":"Avenger"}
default	00:54:21.838291-0700	safetyalertsd	{"msg":"#saSettingsProd,isEarthquakeSwitchVisible", "earthquakeSwitchVisible MA":1, "earthquakeSwitchVisible":1, "preferenceValue":-1}
default	00:54:21.838319-0700	safetyalertsd	{"msg":"#blecore,areAllGatesOpenForDiscovery", "isBluetoothEnabled":<private>, "isHWAllowed":<private>, "isLocationAuth":<private>, "isEarthquakeAllowed":<private>, "isBLERelayFeatureEnabled":<private>}
default	00:54:21.838341-0700	safetyalertsd	{"msg":"#blecore,evaluateBLEQDiscoverability", "motionState":<private>, "isSystemReadyForDiscovery":<private>}
default	00:54:21.838363-0700	safetyalertsd	{"msg":"#blecore,evaluateBLEQDiscoverability,true"}
default	00:54:21.863300-0700	backboardd	  82897.74617: notify client com.apple.SpringBoard.HomeGrabberView-1 of <AWAttentionLostEvent: 0xb04bb43c0> (timestamp:   82897.74607 attentionLostTimeout       1.00000 tagIndex 0 (tag not present in server))
default	00:54:21.863338-0700	backboardd	  82897.74635: notify client com.apple.SpringBoard.HomeGrabberView-3 of <AWAttentionLostEvent: 0xb04bb4780> (timestamp:   82897.74607 attentionLostTimeout       1.00000 tagIndex 0 (tag not present in server))
default	00:54:21.863856-0700	backboardd	  82897.74655: notify client com.apple.SpringBoard.HomeGrabberView-4 of <AWAttentionLostEvent: 0xb04bb4380> (timestamp:   82897.74607 attentionLostTimeout       1.00000 tagIndex 0 (tag not present in server))
default	00:54:21.863887-0700	backboardd	  82897.74671: notify client com.apple.SpringBoard.HomeGrabberView-5 of <AWAttentionLostEvent: 0xb04bb5600> (timestamp:   82897.74607 attentionLostTimeout       1.00000 tagIndex 0 (tag not present in server))
error	00:54:21.863904-0700	SpringBoard	attention client lost event tag is not a number: (null)
error	00:54:21.863912-0700	SpringBoard	attention client lost event tag is not a number: (null)
default	00:54:21.864182-0700	backboardd	  82897.74683: notify client com.apple.SpringBoard.HomeGrabberView-6 of <AWAttentionLostEvent: 0xb04bb4c00> (timestamp:   82897.74607 attentionLostTimeout       1.00000 tagIndex 0 (tag not present in server))
default	00:54:21.864212-0700	backboardd	  82897.74694: notify client com.apple.SpringBoard.HomeGrabberView-44 of <AWAttentionLostEvent: 0xb04bb5280> (timestamp:   82897.74607 attentionLostTimeout       1.00000 tagIndex 0 (tag not present in server))
error	00:54:21.864265-0700	SpringBoard	attention client lost event tag is not a number: (null)
error	00:54:21.864272-0700	SpringBoard	attention client lost event tag is not a number: (null)
error	00:54:21.864278-0700	SpringBoard	attention client lost event tag is not a number: (null)
error	00:54:21.864283-0700	SpringBoard	attention client lost event tag is not a number: (null)
default	00:54:21.864295-0700	kernel	ANE0: aneFirmwareCommandSend: Skip waiting for response
default	00:54:21.864300-0700	kernel	ANE0: aneFirmwareCommandSend: Skip waiting for response
default	00:54:21.864630-0700	kernel	ANE0: aneFirmwareCommandSend: Skip waiting for response
default	00:54:21.864748-0700	backboardd	  82897.74736: notify client com.apple.SpringBoard.HomeGrabberView-84 of <AWAttentionLostEvent: 0xb04bb5400> (timestamp:   82897.74607 attentionLostTimeout       1.00000 tagIndex 0 (tag not present in server))
error	00:54:21.865001-0700	SpringBoard	attention client lost event tag is not a number: (null)
default	00:54:21.884320-0700	maild	<private> Flushing any queuedDelegateBlocks 2
default	00:54:21.884332-0700	maild	<private> _shutdownFromDealloc
default	00:54:21.884340-0700	maild	<private> _cancelConnection called
default	00:54:21.964119-0700	kernel	ANE0: aneFirmwareCommandSend: Skip waiting for response
default	00:54:21.964168-0700	kernel	ANE0: aneFirmwareCommandSend: Skip waiting for response
default	00:54:21.964490-0700	kernel	ANE0: aneFirmwareCommandSend: Skip waiting for response
default	00:54:22.001643-0700	backboardd	[ALS] ts=82897.866 lux=6.099<private> xy=(0.522 0.446) chs=[12 105 99 233 221] CCT1=1962.231 gain=512x mode=<private> subsamples=24 rawLux=6.099 nits=46 xTalk=[0 0 0 0 0] status=0x9B copyEvent=0
default	00:54:22.002756-0700	backboardd	Ammolite: Lux 6.099140 (delta 5.345744 / thr 10.000000)
default	00:54:22.063894-0700	kernel	ANE0: aneFirmwareCommandSend: Skip waiting for response
default	00:54:22.063900-0700	kernel	ANE0: aneFirmwareCommandSend: Skip waiting for response
default	00:54:22.064181-0700	kernel	ANE0: aneFirmwareCommandSend: Skip waiting for response
default	00:54:22.078244-0700	AnxietyWatch	<UIWindowScene: 0x104a18b00> (6C527490-A1D7-41A4-B49E-317360CCDAA7) Scene updated orientation preferences: ( Pu ) -> ( Pu Ll Lr )
default	00:54:22.079248-0700	AnxietyWatch	<StateMachine:0x11a32ed40> Hosting window did change to (null).
default	00:54:22.079319-0700	AnxietyWatch	<StateMachine:0x11a32ed40> Hosting environment did change to <0x0:(null)>.
default	00:54:22.079344-0700	AnxietyWatch	[UISceneHosting-com.groundeffectsoftware.AnxietyWatchHK:UIHostedScene-com.apple.HealthPrivacyService-193F9F5F-05A8-469D-BB2D-F0A440A86D8D] Removing parent scene.
default	00:54:22.079370-0700	AnxietyWatch	<_UIChildRemoteContentRegistry: 0x11a2d1620; parentScene: <FBSScene: 0x105330780>; childScenes: 0; childViewServices: 0> Registry is no longer tracking child scene <FBScene: 0x11ea989a0>
default	00:54:22.079535-0700	runningboardd	Invalidating assertion 34-11299-40958 (target:[app<com.apple.HealthPrivacyService(3A076A8F-336D-4BCB-ACE2-64C6E80D0E3A)>:599](UIScene:11299->app<com.apple.HealthPrivacyService(3A076A8F-336D-4BCB-ACE2-64C6E80D0E3A)>/UISceneHosting-com.groundeffectsoftware.AnxietyWatchHK:UIHostedScene-com.apple.HealthPrivacyService-193F9F5F-05A8-469D-BB2D-F0A440A86D8D)) from originator [app<com.groundeffectsoftware.AnxietyWatchHK(3A076A8F-336D-4BCB-ACE2-64C6E80D0E3A)>:11299]
default	00:54:22.080341-0700	AnxietyWatch	[UISceneHosting-com.groundeffectsoftware.AnxietyWatchHK:UIHostedScene-com.apple.HealthPrivacyService-193F9F5F-05A8-469D-BB2D-F0A440A86D8D] scene content state changed: notReady
default	00:54:22.080390-0700	AnxietyWatch	<_UISceneRelationshipManagementHostComponent:0x11a32e880> Scene <FBScene: 0x11ea989a0> is hosted in (nil)
default	00:54:22.080488-0700	AnxietyWatch	[0x11c621a40:UISceneHosting-com.groundeffectsoftware.AnxietyWatchHK:UIHostedScene-com.apple.HealthPrivacyService-193F9F5F-05A8-469D-BB2D-F0A440A86D8D] Scene lifecycle state did change: Background
default	00:54:22.080526-0700	AnxietyWatch	[0x11c621a40:UISceneHosting-com.groundeffectsoftware.AnxietyWatchHK:UIHostedScene-com.apple.HealthPrivacyService-193F9F5F-05A8-469D-BB2D-F0A440A86D8D] Scene state did change: FG-Active[90].
default	00:54:22.081340-0700	runningboardd	Acquiring assertion targeting [app<com.apple.HealthPrivacyService(3A076A8F-336D-4BCB-ACE2-64C6E80D0E3A)>:599] from originator [app<com.groundeffectsoftware.AnxietyWatchHK(3A076A8F-336D-4BCB-ACE2-64C6E80D0E3A)>:11299] with description <RBSAssertionDescriptor| "FBWorkspace (FG-Active[90])" ID:34-11299-40960 target:599 attributes:[
	<RBSDomainAttribute| domain:"com.apple.frontboard" name:"SuspendableLPRunReason-Resume" sourceEnvironment:"(null)">,
	<RBSDomainAttribute| domain:"com.apple.frontboard" name:"SuspendableRole-NonUI" sourceEnvironment:"(null)">,
	<RBSDomainAttribute| domain:"com.apple.frontboard" name:"SuspendableJetsamPriority-ForegroundSupport" sourceEnvironment:"(null)">
	]>
default	00:54:22.081453-0700	runningboardd	Assertion 34-11299-40960 (target:[app<com.apple.HealthPrivacyService(3A076A8F-336D-4BCB-ACE2-64C6E80D0E3A)>:599]) will be created as active
default	00:54:22.081710-0700	AnxietyWatch	[UISceneHosting-com.groundeffectsoftware.AnxietyWatchHK:UIHostedScene-com.apple.HealthPrivacyService-193F9F5F-05A8-469D-BB2D-F0A440A86D8D] Sending action(s) to "_UIViewServiceSceneExtension": _UIViewServiceHostAppearanceAction
default	00:54:22.081763-0700	AnxietyWatch	[UISceneHosting-com.groundeffectsoftware.AnxietyWatchHK:UIHostedScene-com.apple.HealthPrivacyService-193F9F5F-05A8-469D-BB2D-F0A440A86D8D] Sending action(s): _UISceneHostingViewAppearanceActionHostToClient
default	00:54:22.084359-0700	runningboardd	Invalidating assertion 34-11299-40947 (target:[app<com.apple.HealthPrivacyService(3A076A8F-336D-4BCB-ACE2-64C6E80D0E3A)>:599]) from originator [app<com.groundeffectsoftware.AnxietyWatchHK(3A076A8F-336D-4BCB-ACE2-64C6E80D0E3A)>:11299]
default	00:54:22.084422-0700	runningboardd	Calculated state for app<com.apple.HealthPrivacyService(3A076A8F-336D-4BCB-ACE2-64C6E80D0E3A)>: running-active (role: UserInteractiveFocal) (endowments: <private>)
default	00:54:22.087985-0700	AnxietyWatch	View service session ended with error 'com.apple.HealthPrivacyService' : Error Domain=_UIViewServiceHostSessionErrorDomain Code=4 "(null)" UserInfo={Message=Invalidation requested}
default	00:54:22.088026-0700	runningboardd	Invalidating assertion 34-11299-40949 (target:[app<com.apple.HealthPrivacyService(3A076A8F-336D-4BCB-ACE2-64C6E80D0E3A)>:599]) from originator [app<com.groundeffectsoftware.AnxietyWatchHK(3A076A8F-336D-4BCB-ACE2-64C6E80D0E3A)>:11299]
default	00:54:22.088257-0700	AnxietyWatch	Invalidating scene: UISceneHosting-com.groundeffectsoftware.AnxietyWatchHK:UIHostedScene-com.apple.HealthPrivacyService-193F9F5F-05A8-469D-BB2D-F0A440A86D8D
default	00:54:22.088510-0700	runningboardd	Invalidating assertion 34-11299-40951 (target:[app<com.apple.HealthPrivacyService(3A076A8F-336D-4BCB-ACE2-64C6E80D0E3A)>:599]) from originator [app<com.groundeffectsoftware.AnxietyWatchHK(3A076A8F-336D-4BCB-ACE2-64C6E80D0E3A)>:11299]
default	00:54:22.088587-0700	AnxietyWatch	[app<com.apple.HealthPrivacyService>:599] Unregistering scene: <FBUIApplicationWorkspaceScene: 0x11c621a40; UISceneHosting-com.groundeffectsoftware.AnxietyWatchHK:UIHostedScene-com.apple.HealthPrivacyService-193F9F5F-05A8-469D-BB2D-F0A440A86D8D>
default	00:54:22.088608-0700	AnxietyWatch	<StateMachine:0x11a32ed40> Presentation environment invalidated: <_UISceneKeyboardProxyLayerForwardingPresentationScene: 0x11a2d3bd0> Tracking scene: <FBScene: 0x11a021200; UISceneHosting-com.groundeffectsoftware.AnxietyWatchHK((null)):UIHostedScene-com.apple.HealthPrivacyService-193F9F5F-05A8-469D-BB2D-F0A440A86D8D>
default	00:54:22.088641-0700	AnxietyWatch	[app<com.apple.HealthPrivacyService>:599] Workspace state did change: FV-Focal[100] --> FG-Active[90] (assertion acquired).
default	00:54:22.088649-0700	AnxietyWatch	<ForwardingPresentationScene:0x11a2d3bd0> Prioritized presenter: (null).
default	00:54:22.088692-0700	AnxietyWatch	[0x11c621a40:UISceneHosting-com.groundeffectsoftware.AnxietyWatchHK:UIHostedScene-com.apple.HealthPrivacyService-193F9F5F-05A8-469D-BB2D-F0A440A86D8D] Sending scene action [Logical Deactivate][0x4506] to process 0x106a95b00 (watchdog: 10.00s)
default	00:54:22.088726-0700	HealthPrivacyService	Not push traits update to screen for new style 2, <_UIHostedWindowScene: 0x828e50280> (UIHostedScene-com.apple.HealthPrivacyService-193F9F5F-05A8-469D-BB2D-F0A440A86D8D)
default	00:54:22.088747-0700	AnxietyWatch	[0x11c621a40:UISceneHosting-com.groundeffectsoftware.AnxietyWatchHK:UIHostedScene-com.apple.HealthPrivacyService-193F9F5F-05A8-469D-BB2D-F0A440A86D8D] Sending scene destroy.
default	00:54:22.088753-0700	AnxietyWatch	[app<com.apple.HealthPrivacyService>:599] Workspace interruption policy did change: default
default	00:54:22.095840-0700	HealthPrivacyService	sceneOfRecord: sceneID: sceneID:com.apple.HealthPrivacyService-default  persistentID: 54B62F55-FBDF-44B8-895C-5616C205B224
default	00:54:22.096576-0700	SpringBoard	Received state update for 599 (app<com.apple.HealthPrivacyService(3A076A8F-336D-4BCB-ACE2-64C6E80D0E3A)>, running-active-Visible
default	00:54:22.096610-0700	HealthPrivacyService	Received state update for 599 (app<com.apple.HealthPrivacyService(3A076A8F-336D-4BCB-ACE2-64C6E80D0E3A)>, running-active-Visible
default	00:54:22.096617-0700	HealthPrivacyService	Deactivation reason added: 12; deactivation reasons: 0 -> 4096; animating application lifecycle event: 0
default	00:54:22.096623-0700	HealthPrivacyService	App transitioned to background, suspending HangTracing.
default	00:54:22.096632-0700	HealthPrivacyService	App with bundleID:com.apple.HealthPrivacyService is no longer foreground at time=1989551278328, attempting to emit telemetry with emission type: HTFGUpdateAppBackgrounded
default	00:54:22.096676-0700	HealthPrivacyService	App will resign active
default	00:54:22.096683-0700	HealthPrivacyService	Deactivation reason added: 11; deactivation reasons: 4096 -> 6144; animating application lifecycle event: 0
default	00:54:22.096692-0700	HealthPrivacyService	Will add backgroundTask with taskName: <private>, expirationHandler: (null)
default	00:54:22.096776-0700	HealthPrivacyService	Creating new assertion because there is no existing background assertion.
default	00:54:22.096807-0700	HealthPrivacyService	Creating new background assertion
default	00:54:22.096816-0700	HealthPrivacyService	Created new background assertion <BKSProcessAssertion: 0x828815d60>
default	00:54:22.096884-0700	runningboardd	Invalidating assertion 34-11299-40950 (target:[app<com.apple.HealthPrivacyService(3A076A8F-336D-4BCB-ACE2-64C6E80D0E3A)>:599]) from originator [app<com.groundeffectsoftware.AnxietyWatchHK(3A076A8F-336D-4BCB-ACE2-64C6E80D0E3A)>:11299]
default	00:54:22.096913-0700	HealthPrivacyService	Incrementing reference count for background assertion <private>
default	00:54:22.096919-0700	HealthPrivacyService	Created background task <private>.
default	00:54:22.096925-0700	HealthPrivacyService	com.apple.HealthPrivacyService(599) invalidateConnection (appDidSuspend)
default	00:54:22.096932-0700	HealthPrivacyService	[0x8299b5180] invalidated because the current process cancelled the connection by calling xpc_connection_cancel()
default	00:54:22.096940-0700	HealthPrivacyService	Will add backgroundTask with taskName: <private>, expirationHandler: <__NSMallocBlock__: 0x8293927c0>
default	00:54:22.096951-0700	HealthPrivacyService	Reusing background assertion <BKSProcessAssertion: 0x828815d60>
default	00:54:22.096959-0700	HealthPrivacyService	Incrementing reference count for background assertion <private>
default	00:54:22.096965-0700	HealthPrivacyService	Created background task <private>.
default	00:54:22.096971-0700	HealthPrivacyService	Ending background task with UIBackgroundTaskIdentifier: 34
default	00:54:22.096978-0700	HealthPrivacyService	Ending task with identifier 34 and description: <private>, _expireHandler: <__NSMallocBlock__: 0x829391da0>
default	00:54:22.096987-0700	HealthPrivacyService	Decrementing reference count for assertion <private> (used by background task with identifier 34: <private>)
default	00:54:22.096993-0700	HealthPrivacyService	Will add backgroundTask with taskName: <private>, expirationHandler: <__NSMallocBlock__: 0x829391da0>
default	00:54:22.096999-0700	HealthPrivacyService	Reusing background assertion <BKSProcessAssertion: 0x828815d60>
default	00:54:22.097014-0700	SpringBoard	[0xc35b3c480] invalidated because the client process (pid 599) either cancelled the connection or exited
default	00:54:22.097047-0700	SpringBoard	com.apple.HealthPrivacyService(599) lostConnection (invalidation)
default	00:54:22.097053-0700	SpringBoard	Updating configuration of monitor M35-12
default	00:54:22.097067-0700	HealthPrivacyService	Incrementing reference count for background assertion <private>
default	00:54:22.097073-0700	HealthPrivacyService	Created background task <private>.
default	00:54:22.097079-0700	HealthPrivacyService	Ending background task with UIBackgroundTaskIdentifier: 35
default	00:54:22.097085-0700	HealthPrivacyService	Ending task with identifier 35 and description: <private>, _expireHandler: <__NSMallocBlock__: 0x829391da0>
default	00:54:22.097093-0700	HealthPrivacyService	Decrementing reference count for assertion <private> (used by background task with identifier 35: <private>)
default	00:54:22.097100-0700	HealthPrivacyService	Will add backgroundTask with taskName: <private>, expirationHandler: <__NSMallocBlock__: 0x829391da0>
default	00:54:22.097115-0700	runningboardd	Acquiring assertion targeting [app<com.apple.HealthPrivacyService(3A076A8F-336D-4BCB-ACE2-64C6E80D0E3A)>:599] from originator [app<com.apple.HealthPrivacyService(3A076A8F-336D-4BCB-ACE2-64C6E80D0E3A)>:599] with description <RBSAssertionDescriptor| "Shared Background Assertion 6 for com.apple.HealthPrivacyService" ID:34-599-40961 target:599 attributes:[
	<RBSLegacyAttribute| requestedReason:FinishTask reason:FinishTask flags:( PreventTaskSuspend )>,
	<RBSAcquisitionCompletionAttribute| policy:AfterValidation>
	]>
default	00:54:22.097127-0700	runningboardd	Assertion 34-599-40961 (target:[app<com.apple.HealthPrivacyService(3A076A8F-336D-4BCB-ACE2-64C6E80D0E3A)>:599]) will be created as inactive as start-time-defining assertions exist
default	00:54:22.097194-0700	HealthPrivacyService	Reusing background assertion <BKSProcessAssertion: 0x828815d60>
default	00:54:22.097202-0700	HealthPrivacyService	Incrementing reference count for background assertion <private>
default	00:54:22.097208-0700	HealthPrivacyService	Created background task <private>.
default	00:54:22.097213-0700	HealthPrivacyService	Ending background task with UIBackgroundTaskIdentifier: 36
default	00:54:22.097220-0700	HealthPrivacyService	Ending task with identifier 36 and description: <private>, _expireHandler: <__NSMallocBlock__: 0x829391da0>
default	00:54:22.097227-0700	HealthPrivacyService	Decrementing reference count for assertion <private> (used by background task with identifier 36: <private>)
default	00:54:22.097234-0700	AnxietyWatch	[app<com.apple.HealthPrivacyService>:599] Setting process visibility to: Unknown
default	00:54:22.097265-0700	AnxietyWatch	Received state update for 599 (app<com.apple.HealthPrivacyService(3A076A8F-336D-4BCB-ACE2-64C6E80D0E3A)>, running-active-NotVisible
default	00:54:22.097279-0700	AnxietyWatch	<StateMachine:0x11a32ed40> Dealloc.
default	00:54:22.097285-0700	HealthPrivacyService	Will add backgroundTask with taskName: <private>, expirationHandler: <__NSMallocBlock__: 0x829391da0>
default	00:54:22.097292-0700	HealthPrivacyService	Reusing background assertion <BKSProcessAssertion: 0x828815d60>
default	00:54:22.097299-0700	HealthPrivacyService	Incrementing reference count for background assertion <private>
default	00:54:22.097305-0700	HealthPrivacyService	Created background task <private>.
default	00:54:22.097311-0700	HealthPrivacyService	Ending background task with UIBackgroundTaskIdentifier: 37
default	00:54:22.097316-0700	HealthPrivacyService	Ending task with identifier 37 and description: <private>, _expireHandler: <__NSMallocBlock__: 0x829391da0>
default	00:54:22.097374-0700	HealthPrivacyService	Decrementing reference count for assertion <private> (used by background task with identifier 37: <private>)
default	00:54:22.097382-0700	HealthPrivacyService	Will add backgroundTask with taskName: <private>, expirationHandler: <__NSMallocBlock__: 0x829391da0>
default	00:54:22.097388-0700	HealthPrivacyService	Reusing background assertion <BKSProcessAssertion: 0x828815d60>
default	00:54:22.097393-0700	HealthPrivacyService	Incrementing reference count for background assertion <private>
default	00:54:22.097398-0700	HealthPrivacyService	Created background task <private>.
default	00:54:22.097409-0700	HealthPrivacyService	Ending background task with UIBackgroundTaskIdentifier: 38
default	00:54:22.097445-0700	SpringBoard	set focusRequestedHandle:(null) (connectionInvalidated)
default	00:54:22.097464-0700	SpringBoard	[coordinator] buffer all events for reason: background keyboard arbiter request <402>- begin
default	00:54:22.097529-0700	SpringBoard	RX com.apple.HealthPrivacyService(599) setWindowContextID:0 windowState:Disabled level:0.0
    focusContext:(null)
default	00:54:22.097594-0700	HealthPrivacyService	Ending task with identifier 38 and description: <private>, _expireHandler: <__NSMallocBlock__: 0x829391da0>
default	00:54:22.097626-0700	HealthPrivacyService	Decrementing reference count for assertion <private> (used by background task with identifier 38: <private>)
default	00:54:22.097742-0700	SpringBoard	Received state update for 8760 (osservice<com.apple.InputUI>, running-suspended-NotVisible
default	00:54:22.097749-0700	SpringBoard	Received state update for 11299 (app<com.groundeffectsoftware.AnxietyWatchHK(3A076A8F-336D-4BCB-ACE2-64C6E80D0E3A)>, running-active-Visible
default	00:54:22.097760-0700	SpringBoard	Received state update for 270 (xpcservice<com.apple.PhotosUIPrivate.PhotosPosterProvider([osservice<com.apple.SpringBoard>:35])>{vt hash: 88073953}[uuid:00000000-0000-0000-0000-000000000001]{definition:com.apple.PhotosUIPrivate.PhotosPosterProvider[extension][client]}, running-suspended-Visible
default	00:54:22.097786-0700	SpringBoard	Received state update for 35 (osservice<com.apple.SpringBoard>, running-active-Visible
default	00:54:22.098057-0700	HealthPrivacyService	[UISceneHosting-com.groundeffectsoftware.AnxietyWatchHK:UIHostedScene-com.apple.HealthPrivacyService-193F9F5F-05A8-469D-BB2D-F0A440A86D8D] Received action(s) for "_UIViewServiceSceneExtension": _UIViewServiceHostAppearanceAction
default	00:54:22.098090-0700	HealthPrivacyService	Appearance transition didDisappear for 11299->app<com.apple.HealthPrivacyService(3A076A8F-336D-4BCB-ACE2-64C6E80D0E3A)>/UISceneHosting-com.groundeffectsoftware.AnxietyWatchHK:UIHostedScene-com.apple.HealthPrivacyService-193F9F5F-05A8-469D-BB2D-F0A440A86D8D
default	00:54:22.098100-0700	HealthPrivacyService	[UISceneHosting-com.groundeffectsoftware.AnxietyWatchHK:UIHostedScene-com.apple.HealthPrivacyService-193F9F5F-05A8-469D-BB2D-F0A440A86D8D] Component <_UIViewServiceClientSceneComponent: 0x829838ba0> handled action(s): <private>
default	00:54:22.098108-0700	HealthPrivacyService	Target list changed:
default	00:54:22.098128-0700	HealthPrivacyService	[UISceneHosting-com.groundeffectsoftware.AnxietyWatchHK:UIHostedScene-com.apple.HealthPrivacyService-193F9F5F-05A8-469D-BB2D-F0A440A86D8D] Received action(s): _UISceneHostingViewAppearanceActionHostToClient
default	00:54:22.098189-0700	audiomxd	Received state update for 599 (app<com.apple.HealthPrivacyService(3A076A8F-336D-4BCB-ACE2-64C6E80D0E3A)>, running-active-Visible
default	00:54:22.098225-0700	AnxietyWatch	[0x11c621a40:UISceneHosting-com.groundeffectsoftware.AnxietyWatchHK:UIHostedScene-com.apple.HealthPrivacyService-193F9F5F-05A8-469D-BB2D-F0A440A86D8D] Scene action [Logical Deactivate][0x4506] completed with success: 1
default	00:54:22.098342-0700	HealthPrivacyService	sceneOfRecord: sceneID: sceneID:com.apple.HealthPrivacyService-default  persistentID: 54B62F55-FBDF-44B8-895C-5616C205B224
default	00:54:22.098455-0700	kernel	wlan0:com.apple.p2p.awdl0: isInfraRealtimePacketThresholdAllowed allowed:1 option:32 threshold:50 noRegistrations:1 cachedPeerCount:0 fastDiscoveryInactive:1 fastDiscoveryOnSince:82897979
default	00:54:22.098534-0700	kernel	wlan0:com.apple.p2p.awdl0: currentInfraTrafficType:9274 checking if realtime upgrade required with inputPackets:2 outputPackets:0 packetThreshold:50
default	00:54:22.098555-0700	HealthPrivacyService	[0x828dd0690] End local event deferring requested for token: 0x828c4e760; environments: 1; reason: _UIHostedWindowScene: 0x828e50280: end event deferring for scene invalidation
default	00:54:22.098579-0700	SpringBoard	[coordinator] gen:420 handling new keyboard arbiter request pid: 0 sceneIdentity: (null)
default	00:54:22.098587-0700	SpringBoard	arbiter: arbiter requested nothing
default	00:54:22.098592-0700	SpringBoard	[coordinator] using MRU target <com.apple.frontboard.systemappservices/FBSceneManager:sceneID%3Acom.groundeffectsoftware.AnxietyWatchHK-6C527490-A1D7-41A4-B49E-317360CCDAA7 pid:11299>
default	00:54:22.098598-0700	HealthPrivacyService	Scene will invalidate: _UIHostedWindowScene: 0x828e50280; scene identity: 11299->app<com.apple.HealthPrivacyService(3A076A8F-336D-4BCB-ACE2-64C6E80D0E3A)>/UISceneHosting-com.groundeffectsoftware.AnxietyWatchHK:UIHostedScene-com.apple.HealthPrivacyService-193F9F5F-05A8-469D-BB2D-F0A440A86D8D
default	00:54:22.098602-0700	SpringBoard	[coordinator] informing scene controller 'com.apple.springboard' of focusTarget: <com.apple.frontboard.systemappservices/FBSceneManager:sceneID%3Acom.groundeffectsoftware.AnxietyWatchHK-6C527490-A1D7-41A4-B49E-317360CCDAA7 pid:11299>
default	00:54:22.098604-0700	HealthPrivacyService	Key window needs update: 1; currentKeyWindowScene: 0x828e50280; evaluatedKeyWindowScene: 0x0; currentApplicationKeyWindow: 0x8288ec000; evaluatedApplicationKeyWindow: 0x0; reason: _UIHostedWindowScene: 0x828e50280: Window scene was invalidated
default	00:54:22.098613-0700	HealthPrivacyService	Window did become application key: (nil): 0x0; contextId: 0x0; scene identity: (nil)
default	00:54:22.098619-0700	HealthPrivacyService	Resetting home affordance notifier: <_UIHomeAffordanceSceneNotifier: 0x828dd2990; observers.count: 0>; for invalidating scene: <_UIHostedWindowScene: 0x828e50280>
default	00:54:22.098623-0700	HealthPrivacyService	[0x828dd0690] Removing all event deferring rules for reason: _UIEventDeferringManager: 0x828dd0690: removing all deferring rules due to scene invalidation: 0x828e50280
default	00:54:22.098629-0700	HealthPrivacyService	Enqueuing clear events of window: <UIWindow: 0x8288ec000>; contextId: 0x0
default	00:54:22.098640-0700	HealthPrivacyService	Performing clear events of window: <UIWindow: 0x8288ec000>; contextId: 0x0
default	00:54:22.098644-0700	SpringBoard	[embedded coalition] _abritrateForReason: <keyboardArbiterSuggestion> - new policy is unchanged
default	00:54:22.098654-0700	HealthPrivacyService	[0x828dd3090] Initialized with scene: <_UIHostedWindowScene: 0x828e50280>; behavior: <_UIEventDeferringBehavior_iOS: 0x829255860>; availableForProcess: 1, systemShellManagesKeyboardFocus: 1
default	00:54:22.098658-0700	SpringBoard	[coordinator] keyboard arbiter suggested <nothing> and we replied <com.apple.frontboard.systemappservices/FBSceneManager:sceneID%3Acom.groundeffectsoftware.AnxietyWatchHK-6C527490-A1D7-41A4-B49E-317360CCDAA7 pid:11299>
default	00:54:22.098664-0700	SpringBoard	[coordinator] buffer all events for reason: background keyboard arbiter request <402> - end
default	00:54:22.098668-0700	CommCenter	Received state update for 599 (app<com.apple.HealthPrivacyService(3A076A8F-336D-4BCB-ACE2-64C6E80D0E3A)>, running-active-Visible
default	00:54:22.098670-0700	SpringBoard	Focused scene identity did change to: (null)
default	00:54:22.098738-0700	backboardd	new deferring rules for pid:599: []
default	00:54:22.098761-0700	runningboardd	Invalidating assertion 34-599-40961 (target:[app<com.apple.HealthPrivacyService(3A076A8F-336D-4BCB-ACE2-64C6E80D0E3A)>:599]) from originator [app<com.apple.HealthPrivacyService(3A076A8F-336D-4BCB-ACE2-64C6E80D0E3A)>:599]
default	00:54:22.098797-0700	backboardd	[system 0xb02247250] setRules:forPID(599): []
default	00:54:22.098850-0700	backboardd	[systemKeyCommandOverlay 0xb02246fd0] setRules:forPID(599): []
default	00:54:22.098867-0700	backboardd	[keyboardFocus 0xb02247110] setRules:forPID(599): []
default	00:54:22.098891-0700	backboardd	[system 0xb02247340] setRules:forPID(599): []
default	00:54:22.098900-0700	backboardd	[keyboardFocus 0xb022472a0] setRules:forPID(599): []
default	00:54:22.098928-0700	backboardd	[systemKeyCommandOverlay 0xb022472f0] setRules:forPID(599): []
default	00:54:22.098963-0700	HealthPrivacyService	Ending background task with UIBackgroundTaskIdentifier: 33
default	00:54:22.098972-0700	HealthPrivacyService	Ending task with identifier 33 and description: <private>, _expireHandler: (null)
default	00:54:22.098978-0700	HealthPrivacyService	Decrementing reference count for assertion <private> (used by background task with identifier 33: <private>)
default	00:54:22.098985-0700	HealthPrivacyService	Will invalidate assertion: <BKSProcessAssertion: 0x828815d60> for task identifier: 33
default	00:54:22.099072-0700	SpringBoard	set currentFocus PID:11299 sceneIdentity:com.groundeffectsoftware.AnxietyWatchHK-6C527490-A1D7-41A4-B49E-317360CCDAA7
default	00:54:22.099905-0700	backboardd	new buffering predicates for pid:35: (<keyboardFocus>)
default	00:54:22.099961-0700	backboardd	pid:35 new buffering predicates: {(
    <keyboardFocus>
)}
default	00:54:22.099973-0700	backboardd	new buffering predicates for pid:35: ()
default	00:54:22.099982-0700	backboardd	pid:35 new buffering predicates: {(
)}
default	00:54:22.100971-0700	WirelessRadioManagerd	Received state update for 599 (app<com.apple.HealthPrivacyService(3A076A8F-336D-4BCB-ACE2-64C6E80D0E3A)>, running-active-Visible
default	00:54:22.101227-0700	PerfPowerServices	Received state update for 599 (app<com.apple.HealthPrivacyService(3A076A8F-336D-4BCB-ACE2-64C6E80D0E3A)>, running-active-Visible
default	00:54:22.101568-0700	useractivityd	Received state update for 599 (app<com.apple.HealthPrivacyService(3A076A8F-336D-4BCB-ACE2-64C6E80D0E3A)>, running-active-Visible
default	00:54:22.101926-0700	backboardd	Received state update for 599 (app<com.apple.HealthPrivacyService(3A076A8F-336D-4BCB-ACE2-64C6E80D0E3A)>, running-active-Visible
default	00:54:22.102108-0700	dasd	Received state update for 599 (app<com.apple.HealthPrivacyService(3A076A8F-336D-4BCB-ACE2-64C6E80D0E3A)>, running-active-Visible
default	00:54:22.102189-0700	wifid	Received state update for 599 (app<com.apple.HealthPrivacyService(3A076A8F-336D-4BCB-ACE2-64C6E80D0E3A)>, running-active-Visible
default	00:54:22.102699-0700	symptomsd	Received state update for 599 (app<com.apple.HealthPrivacyService(3A076A8F-336D-4BCB-ACE2-64C6E80D0E3A)>, running-active-Visible
default	00:54:22.102787-0700	watchdogd	Received state update for 599 (app<com.apple.HealthPrivacyService(3A076A8F-336D-4BCB-ACE2-64C6E80D0E3A)>, running-active-Visible
default	00:54:22.103060-0700	UserEventAgent	Received state update for 599 (app<com.apple.HealthPrivacyService(3A076A8F-336D-4BCB-ACE2-64C6E80D0E3A)>, running-active-Visible
default	00:54:22.103542-0700	IDSCredentialsAgent	Received state update for 599 (app<com.apple.HealthPrivacyService(3A076A8F-336D-4BCB-ACE2-64C6E80D0E3A)>, running-active-Visible
default	00:54:22.103615-0700	locationd	Received state update for 599 (app<com.apple.HealthPrivacyService(3A076A8F-336D-4BCB-ACE2-64C6E80D0E3A)>, running-active-Visible
default	00:54:22.104161-0700	gamepolicyd	Received state update for 599 (app<com.apple.HealthPrivacyService(3A076A8F-336D-4BCB-ACE2-64C6E80D0E3A)>, running-active-NotVisible
default	00:54:22.113673-0700	HealthPrivacyService	unsubscribing configuration of monitor M599-8
default	00:54:22.114808-0700	AnxietyWatch	[UISceneHosting-com.groundeffectsoftware.AnxietyWatchHK:UIHostedScene-com.apple.HealthPrivacyService-193F9F5F-05A8-469D-BB2D-F0A440A86D8D][1] Scene invalidated.
default	00:54:22.114841-0700	AnxietyWatch	[0x11c621a40:UISceneHosting-com.groundeffectsoftware.AnxietyWatchHK:UIHostedScene-com.apple.HealthPrivacyService-193F9F5F-05A8-469D-BB2D-F0A440A86D8D] Invalidated for connection: 0x11a2a5650.
default	00:54:22.114852-0700	AnxietyWatch	[app<com.apple.HealthPrivacyService>:599] Workspace state did change: FG-Active[90] --> XX-None[0] (assertion dropped).
default	00:54:22.114861-0700	AnxietyWatch	Updating self-assertion for unified workspace priority: XX-None[0]
default	00:54:22.114926-0700	runningboardd	Invalidating assertion 34-11299-40960 (target:[app<com.apple.HealthPrivacyService(3A076A8F-336D-4BCB-ACE2-64C6E80D0E3A)>:599]) from originator [app<com.groundeffectsoftware.AnxietyWatchHK(3A076A8F-336D-4BCB-ACE2-64C6E80D0E3A)>:11299]
default	00:54:22.114963-0700	runningboardd	Invalidating assertion 34-11299-40952 (target:[app<com.groundeffectsoftware.AnxietyWatchHK(3A076A8F-336D-4BCB-ACE2-64C6E80D0E3A)>:11299]) from originator [app<com.groundeffectsoftware.AnxietyWatchHK(3A076A8F-336D-4BCB-ACE2-64C6E80D0E3A)>:11299]
default	00:54:22.163830-0700	kernel	ANE0: aneFirmwareCommandSend: Skip waiting for response
default	00:54:22.163904-0700	kernel	ANE0: aneFirmwareCommandSend: Skip waiting for response
default	00:54:22.164186-0700	kernel	ANE0: aneFirmwareCommandSend: Skip waiting for response
default	00:54:22.181144-0700	runningboardd	Removed last relative-start-date-defining assertion for process app<com.apple.HealthPrivacyService(3A076A8F-336D-4BCB-ACE2-64C6E80D0E3A)>
default	00:54:22.184958-0700	runningboardd	Calculated state for app<com.apple.HealthPrivacyService(3A076A8F-336D-4BCB-ACE2-64C6E80D0E3A)>: running-active (role: NonUserInteractive) (endowments: <private>)
default	00:54:22.184977-0700	runningboardd	[app<com.apple.HealthPrivacyService(3A076A8F-336D-4BCB-ACE2-64C6E80D0E3A)>:599] Set jetsam priority to 40 [0] flag[1]
default	00:54:22.185000-0700	runningboardd	[app<com.apple.HealthPrivacyService(3A076A8F-336D-4BCB-ACE2-64C6E80D0E3A)>:599] Set darwin role to: NonUserInteractive
default	00:54:22.185014-0700	runningboardd	Inheritance changeset: <RBSInheritanceChangeSet| gained:{(
)} lost:{(
    <RBSInheritance| environment:UIScene:11299->app<com.apple.HealthPrivacyService(3A076A8F-336D-4BCB-ACE2-64C6E80D0E3A)>/UISceneHosting-com.groundeffectsoftware.AnxietyWatchHK:UIHostedScene-com.apple.HealthPrivacyService-193F9F5F-05A8-469D-BB2D-F0A440A86D8D name:com.apple.frontboard.visibility origID:34-11299-40958 payload 169199432604821726>
)}>
default	00:54:22.185024-0700	runningboardd	599 Set Darwin GPU to "Backgrounds" (3)
default	00:54:22.185966-0700	runningboardd	[app<com.apple.HealthPrivacyService(3A076A8F-336D-4BCB-ACE2-64C6E80D0E3A)>:599] visiblity is no
default	00:54:22.186011-0700	CommCenter	Received state update for 599 (app<com.apple.HealthPrivacyService(3A076A8F-336D-4BCB-ACE2-64C6E80D0E3A)>, running-active-NotVisible
default	00:54:22.186266-0700	audiomxd	Received state update for 599 (app<com.apple.HealthPrivacyService(3A076A8F-336D-4BCB-ACE2-64C6E80D0E3A)>, running-active-NotVisible
default	00:54:22.186304-0700	SpringBoard	Received state update for 599 (app<com.apple.HealthPrivacyService(3A076A8F-336D-4BCB-ACE2-64C6E80D0E3A)>, running-active-NotVisible
default	00:54:22.186352-0700	AnxietyWatch	Received state update for 599 (app<com.apple.HealthPrivacyService(3A076A8F-336D-4BCB-ACE2-64C6E80D0E3A)>, running-active-NotVisible
default	00:54:22.186414-0700	HealthPrivacyService	Received state update for 599 (app<com.apple.HealthPrivacyService(3A076A8F-336D-4BCB-ACE2-64C6E80D0E3A)>, running-active-NotVisible
default	00:54:22.186866-0700	SpringBoard	[com.apple.HealthPrivacyService] com.apple.HealthPrivacyService application state changed to <RBSProcessState| task:running-active debug:none>
default	00:54:22.186999-0700	SpringBoard	[com.apple.HealthPrivacyService] Ignore becoming background for application without push registration
default	00:54:22.187093-0700	PerfPowerServices	Received state update for 599 (app<com.apple.HealthPrivacyService(3A076A8F-336D-4BCB-ACE2-64C6E80D0E3A)>, running-active-NotVisible
default	00:54:22.187572-0700	WirelessRadioManagerd	Received state update for 599 (app<com.apple.HealthPrivacyService(3A076A8F-336D-4BCB-ACE2-64C6E80D0E3A)>, running-active-NotVisible
default	00:54:22.189011-0700	useractivityd	Received state update for 599 (app<com.apple.HealthPrivacyService(3A076A8F-336D-4BCB-ACE2-64C6E80D0E3A)>, running-active-NotVisible
default	00:54:22.189130-0700	dasd	Received state update for 599 (app<com.apple.HealthPrivacyService(3A076A8F-336D-4BCB-ACE2-64C6E80D0E3A)>, running-active-NotVisible
default	00:54:22.189379-0700	backboardd	Received state update for 599 (app<com.apple.HealthPrivacyService(3A076A8F-336D-4BCB-ACE2-64C6E80D0E3A)>, running-active-NotVisible
default	00:54:22.189949-0700	wifid	Received state update for 599 (app<com.apple.HealthPrivacyService(3A076A8F-336D-4BCB-ACE2-64C6E80D0E3A)>, running-active-NotVisible
default	00:54:22.190511-0700	watchdogd	Received state update for 599 (app<com.apple.HealthPrivacyService(3A076A8F-336D-4BCB-ACE2-64C6E80D0E3A)>, running-active-NotVisible
default	00:54:22.190522-0700	UserEventAgent	Received state update for 599 (app<com.apple.HealthPrivacyService(3A076A8F-336D-4BCB-ACE2-64C6E80D0E3A)>, running-active-NotVisible
default	00:54:22.190712-0700	wifid	-[WiFiUserInteractionMonitor setApplicationRunningState:foregroundState:andNetworkingState:forBundleId:]: com.apple.HealthPrivacyService entered background
default	00:54:22.190722-0700	wifid	WifiDeviceManagerCatsUpdateEvent(): CATS Update en0: Enter deviceManager:0x66521f800  source:1 enable:1 appPolicy:0 bitmap:0x0
default	00:54:22.190742-0700	wifid	WiFiDeviceManagerCatsSetLowLatencyApp: CATSUpdate en0: fgApp:com.groundeffectsoftware.AnxietyWatchHK b=0x0 rc=0
default	00:54:22.190798-0700	wifid	WiFiDeviceManagerCatsSetForegroundApp: CATSUpdate en0: fgApp:com.groundeffectsoftware.AnxietyWatchHK hs=1 t=1 rc=0
default	00:54:22.190804-0700	wifid	WifiDeviceManagerCatsUpdateEvent: CATSUpdate en0: Exit deviceManager=0x66521f800 Source:1 stateChange:0 (P:0-->0 B:0x0-->0x0)
default	00:54:22.190949-0700	wifid	-[WiFiUsageApplicationSession applicationStateDidChange:withAttributes:]: application session resumed:<private>
default	00:54:22.191180-0700	symptomsd	Received state update for 599 (app<com.apple.HealthPrivacyService(3A076A8F-336D-4BCB-ACE2-64C6E80D0E3A)>, running-active-NotVisible
default	00:54:22.191385-0700	locationd	Received state update for 599 (app<com.apple.HealthPrivacyService(3A076A8F-336D-4BCB-ACE2-64C6E80D0E3A)>, running-active-NotVisible
default	00:54:22.191571-0700	locationd	{"msg":"RBS #AppMonitor process monitor update handler invoked", "pid":599, "bundleID":"com.apple.HealthPrivacyService", "state":"RunningScheduled"}
default	00:54:22.191936-0700	locationd	{"msg":"RBS #AppMonitor Post Application State Change Notification", "notification":"BackgroundRunning", "pid":599, "bundleId":"com.apple.HealthPrivacyService"}
default	00:54:22.192301-0700	locationd	{"msg":"#Warning #ClientResolution the passed keyPath is not registered. Resolving to #nullCKP", "InputCKP":"icom.apple.HealthPrivacyService:"}
default	00:54:22.192397-0700	locationd	{"msg":"#CLIUA AppMonitor notification", "notification":"BackgroundRunning", "pid":599, "bundleId":"com.apple.HealthPrivacyService", "ClientKey":"icom.apple.HealthPrivacyService:"}
default	00:54:22.192462-0700	locationd	{"msg":"#CLIUA Marking change", "clientKey":"icom.apple.HealthPrivacyService:", "reason":"Decaying in-use status from process state", "AssertionLevel":"kCLClientInUseLevelDecayingUserEngagement", "coming":1}
default	00:54:22.192483-0700	locationd	{"msg":"#CLIUA updating AssertionRecord", "ClientKey":"icom.apple.HealthPrivacyService:", "AssertionLevel":"kCLClientInUseLevelDirectUserEngagement"}
default	00:54:22.192502-0700	locationd	{"msg":"#CLIUA AssertionRecord updated", "ClientKey":"icom.apple.HealthPrivacyService:", "AssertionLevel":"kCLClientInUseLevelDirectUserEngagement"}
default	00:54:22.192527-0700	locationd	{"msg":"#CLIUA Marking change", "clientKey":"icom.apple.HealthPrivacyService:", "reason":"Process state from RunningBoard", "AssertionLevel":"kCLClientInUseLevelDirectUserEngagement", "coming":0}
default	00:54:22.192549-0700	locationd	{"msg":"#CLIUA updating AssertionRecord", "ClientKey":"icom.apple.HealthPrivacyService:", "AssertionLevel":"kCLClientInUseLevelDirectUserEngagement"}
default	00:54:22.192569-0700	locationd	{"msg":"#CLIUA AssertionRecord updated", "ClientKey":"icom.apple.HealthPrivacyService:", "AssertionLevel":"kCLClientInUseLevelDecayingUserEngagement"}
default	00:54:22.192583-0700	locationd	{"msg":"#CLIUA in-use level changed for client", "ClientKey":"icom.apple.HealthPrivacyService:"}
default	00:54:22.192600-0700	locationd	{"msg":"#Warning #ClientResolution the passed keyPath is not registered. Resolving to #nullCKP", "InputCKP":"icom.apple.HealthPrivacyService:"}
default	00:54:22.192857-0700	IDSCredentialsAgent	Received state update for 599 (app<com.apple.HealthPrivacyService(3A076A8F-336D-4BCB-ACE2-64C6E80D0E3A)>, running-active-NotVisible
default	00:54:22.193101-0700	gamepolicyd	Received state update for 599 (app<com.apple.HealthPrivacyService(3A076A8F-336D-4BCB-ACE2-64C6E80D0E3A)>, running-active-NotVisible
default	00:54:22.193392-0700	watchdogd	82898074429500: <private>
default	00:54:22.194561-0700	symptomsd	com.apple.HealthPrivacyService: Foreground: false
default	00:54:22.226243-0700	identityservicesd	calling continuityDidDiscoverType:Activity withData:<private> fromPeer:<private>
default	00:54:22.251637-0700	backboardd	[ALS] ts=82898.116 lux=6.489<private> xy=(0.544 0.456) chs=[0 98 106 260 234] CCT1=1306.767 gain=512x mode=<private> subsamples=24 rawLux=6.489 nits=46 xTalk=[0 0 0 0 0] status=0x9B copyEvent=0
default	00:54:22.252474-0700	backboardd	Display 1 commitBrightness sdr: -1, headroom: -1, potential headroom: -1, ambient lux: 5.66667, filtered ambient: -1, brightness limit: -1, indicator brightness: -1 low ambient strength: -1, high ambient strength: -1, contrast preservation: -1, contrast enhancer: -1 brightness ctl disabled -1, unlogged brightness transactions:0
default	00:54:22.253262-0700	backboardd	Ammolite: Lux 6.488542 (delta 5.735146 / thr 10.000000)
default	00:54:22.263497-0700	kernel	ANE0: aneFirmwareCommandSend: Skip waiting for response
default	00:54:22.263530-0700	kernel	ANE0: aneFirmwareCommandSend: Skip waiting for response
default	00:54:22.263803-0700	kernel	ANE0: aneFirmwareCommandSend: Skip waiting for response
default	00:54:22.265170-0700	backboardd	Display 1 swap brightness: nan, limit: nan, indicator brightness: nan, ambient lux: nan, low ambient strength: nan, high ambient strength: nan, contrast preservation: nan, contrast enhancer: nan
default	00:54:22.363492-0700	kernel	ANE0: aneFirmwareCommandSend: Skip waiting for response
default	00:54:22.363502-0700	kernel	ANE0: aneFirmwareCommandSend: Skip waiting for response
default	00:54:22.363750-0700	kernel	ANE0: aneFirmwareCommandSend: Skip waiting for response
error	00:54:22.454566-0700	wifid	WiFiLQAMgrLinkRecommendationNotify: channel score: chq=4, tx-lat=5, rx-lat=5, tx-loss=5, rx-loss=5, txPer=0.0%, p95-lat=1, RT=0x0, link-recommendation=0x0
default	00:54:22.463097-0700	kernel	ANE0: aneFirmwareCommandSend: Skip waiting for response
default	00:54:22.463134-0700	kernel	ANE0: aneFirmwareCommandSend: Skip waiting for response
default	00:54:22.463407-0700	kernel	ANE0: aneFirmwareCommandSend: Skip waiting for response
default	00:54:22.480370-0700	kernel	I [dk] <private>@28868: DTIM missed count: p2p(230), iovar(0), scan(355), roam(29), homechan(170148), sleep(61969), misc(0)
default	00:54:22.501872-0700	backboardd	[ALS] ts=82898.367 lux=4.668<private> xy=(0.544 0.456) chs=[0 84 64 198 172] CCT1=1285.666 gain=512x mode=<private> subsamples=24 rawLux=4.668 nits=46 xTalk=[0 0 0 0 0] status=0x9B copyEvent=0
default	00:54:22.502975-0700	backboardd	Ammolite: Lux 4.668283 (delta 3.914887 / thr 10.000000)
default	00:54:22.562963-0700	kernel	ANE0: aneFirmwareCommandSend: Skip waiting for response
default	00:54:22.563051-0700	kernel	ANE0: aneFirmwareCommandSend: Skip waiting for response
default	00:54:22.563286-0700	kernel	ANE0: aneFirmwareCommandSend: Skip waiting for response
default	00:54:22.662715-0700	kernel	ANE0: aneFirmwareCommandSend: Skip waiting for response
default	00:54:22.662755-0700	kernel	ANE0: aneFirmwareCommandSend: Skip waiting for response
default	00:54:22.663062-0700	kernel	ANE0: aneFirmwareCommandSend: Skip waiting for response
default	00:54:22.752407-0700	backboardd	[ALS] ts=82898.617 lux=5.613<private> xy=(0.531 0.469) chs=[0 105 85 219 200] CCT1=1584.620 gain=512x mode=<private> subsamples=24 rawLux=5.613 nits=46 xTalk=[0 0 0 0 0] status=0x9B copyEvent=0
default	00:54:22.753599-0700	backboardd	Ammolite: Lux 5.612889 (delta 4.859493 / thr 10.000000)
default	00:54:22.761450-0700	destinationd	[0xb2cd40300] invalidated because the current process cancelled the connection by calling xpc_connection_cancel()
default	00:54:22.761696-0700	navd	[0xd4ce9abc0] invalidated because the current process cancelled the connection by calling xpc_connection_cancel()
default	00:54:22.762511-0700	kernel	ANE0: aneFirmwareCommandSend: Skip waiting for response
default	00:54:22.762567-0700	kernel	ANE0: aneFirmwareCommandSend: Skip waiting for response
default	00:54:22.762810-0700	kernel	ANE0: aneFirmwareCommandSend: Skip waiting for response
default	00:54:22.777141-0700	identityservicesd	calling continuityDidDiscoverType:Activity withData:<private> fromPeer:<private>
default	00:54:22.862351-0700	kernel	ANE0: aneFirmwareCommandSend: Skip waiting for response
default	00:54:22.862361-0700	kernel	ANE0: aneFirmwareCommandSend: Skip waiting for response
default	00:54:22.862590-0700	kernel	ANE0: aneFirmwareCommandSend: Skip waiting for response
default	00:54:22.866410-0700	audiomxd	AggregateDevice_CommonBase.cpp:2471  CPMS: Getting Speaker ThermalBudget
default	00:54:22.866503-0700	kernel	ApplePPMCPMS::getClientCurrentPowerConsumption:Client 19 is not registered
default	00:54:22.961999-0700	kernel	ANE0: aneFirmwareCommandSend: Skip waiting for response
default	00:54:22.962071-0700	kernel	ANE0: aneFirmwareCommandSend: Skip waiting for response
default	00:54:22.962327-0700	kernel	ANE0: aneFirmwareCommandSend: Skip waiting for response
default	00:54:23.002592-0700	backboardd	[ALS] ts=82898.867 lux=6.392<private> xy=(0.506 0.454) chs=[12 119 106 233 214] CCT1=2151.645 gain=512x mode=<private> subsamples=24 rawLux=6.392 nits=46 xTalk=[0 0 0 0 0] status=0x9B copyEvent=0
default	00:54:23.003582-0700	backboardd	Ammolite: Lux 6.392442 (delta 5.639046 / thr 10.000000)
default	00:54:23.037161-0700	locationd	visitKFFilteredPressure,nowAP,806140463.036940,nowAOP,84229186931,filteredPressure,100919.546875,pressureTimestamp,84227585784,kfElevation,62.828255,wallTimePressureCorrected,806140461.428813,wallTimeKFCorrected,806140462.987150,temperatureDerivative,0.000000,absAltUnc,22.212215
default	00:54:23.037731-0700	locationd	absolute altitude sent to clients <private>, accuracy <private>, precision <private>, status <private>, altitude source <private>, timestamp, <private>, bias uncertainty, <private>
default	00:54:23.061868-0700	kernel	ANE0: aneFirmwareCommandSend: Skip waiting for response
default	00:54:23.061911-0700	kernel	ANE0: aneFirmwareCommandSend: Skip waiting for response
default	00:54:23.062175-0700	kernel	ANE0: aneFirmwareCommandSend: Skip waiting for response
default	00:54:23.122766-0700	kernel	wlan0:com.apple.p2p.awdl0: isInfraRealtimePacketThresholdAllowed allowed:1 option:32 threshold:50 noRegistrations:1 cachedPeerCount:0 fastDiscoveryInactive:1 fastDiscoveryOnSince:82899005
default	00:54:23.122788-0700	kernel	wlan0:com.apple.p2p.awdl0: currentInfraTrafficType:9274 checking if realtime upgrade required with inputPackets:1 outputPackets:1 packetThreshold:50
default	00:54:23.161686-0700	kernel	ANE0: aneFirmwareCommandSend: Skip waiting for response
default	00:54:23.161752-0700	kernel	ANE0: aneFirmwareCommandSend: Skip waiting for response
default	00:54:23.162015-0700	kernel	ANE0: aneFirmwareCommandSend: Skip waiting for response
default	00:54:23.253004-0700	backboardd	[ALS] ts=82899.118 lux=6.275<private> xy=(0.537 0.463) chs=[0 98 106 240 234] CCT1=1500.109 gain=512x mode=<private> subsamples=24 rawLux=6.275 nits=46 xTalk=[0 0 0 0 0] status=0x9B copyEvent=0
default	00:54:23.254451-0700	backboardd	Ammolite: Lux 6.275333 (delta 5.521937 / thr 10.000000)
default	00:54:23.261441-0700	kernel	ANE0: aneFirmwareCommandSend: Skip waiting for response
default	00:54:23.261523-0700	kernel	ANE0: aneFirmwareCommandSend: Skip waiting for response
default	00:54:23.261759-0700	kernel	ANE0: aneFirmwareCommandSend: Skip waiting for response
default	00:54:23.279047-0700	kernel	wlan0:com.apple.p2p.en0: IO80211PeerManager::reportDataPathEvents APPLE80211_M_RSSI_CHANGED RSSI -40 noise -89 snr 23. Core0Rssi:-40 Core1Rssi:-42
default	00:54:23.280364-0700	wifid	__WiFiDeviceProcessRSSIEvent Feeding RSSI data to LQM - RSSI:-40 Core0-RSSI:-40 Core1-RSSI:-42
default	00:54:23.282177-0700	wifid	__WiFiDeviceManagerEvaluateAPEnvironment: WiFiRoam : BSS List info for network : snorper : chanCount5GHz: [6] chanCount24GHz: [3] chanCount6GHz: [0]
default	00:54:23.282635-0700	wifid	__WiFiDeviceManagerEvaluateAPEnvironment: WiFiRoam : AP environment is Multi AP for snorper(c2:a7:31:94:c7:a3). Last applied environment is Multi AP. Early exit ? : [0]. augmented from scan results ? : [1]
default	00:54:23.282655-0700	wifid	__WiFiLQAMgrLogRoamCache: CurrentBSS {snorper - c2:a7:31:94:c7:a3} {-37 dbm, 2, 3159 ms edgeBSS} RoamCache - {{ba:a7:31:94:c7:a2, RSSI: -41 dBm, CH: 153, Flags: 18, Age: 3159 ms}{ba:a7:31:94:c0:cf, RSSI: -58 dBm, CH: 40, Flags: 18, Age: 5 ms}{c2:a7:31:94:c0:c0, RSSI: -47 dBm, CH: 9, Flags: 10, Age: 3159 ms}{c2:a7:31:94:c7:a3, RSSI: -37 dBm, CH: 40, Flags: 18, Age: 5 ms}{ba:a7:31:94:c7:a2, RSSI: -41 dBm, CH: 153, Flags: 18, Age: 3159 ms}{c2:a7:31:94:c0:c0, RSSI: -47 dBm, CH: 9, Flags: 10, Age: 3159 ms}}, , CacheAge: 7024.10, Valid: YES
default	00:54:23.282713-0700	wifid	__WiFiLQAMgrLogStats(<redacted>:Moving): InfraUptime:16282.0secs Channel: 40 Bandwidth: 80Mhz Rssi: -40 {-40 -42} Cca: 5 (S:0 O:0 I:5) Snr: 23 BcnPer: 20.8% (48, 63.9%) TxFrameCnt: 4 TxPer: 0.0% TxReTrans: 2 TxRetryRatio: 50.0% RxFrameCnt: 10 RxRetryFrames: 0 RxRetryRatio: 0.0% TxRate: 960730 RxRate: 1134230 FBRate: 544440 TxFwFrms: 9 TxFwFail: 4 Noise: -89 {-89 -91 -2} time: 2.1secs fgApp: <private> V: T Band: 5GHz
error	00:54:23.285139-0700	wifid	LQM-WiFi: WeightAvgLQM rssi=-40 snr=15 txRate=734685 rxRate=1134230
error	00:54:23.285608-0700	wifid	LQM-WiFi:  (HighBand) rxCrsGlitch=0 rxBphyCrsGlitch=0 rxStart=159 rxBadPLCP=0 rxBphyBadPLCP=0 rxBadFCS=0 rxFifo0Ovfl=0 rxFifo1Ovfl=0 rx_nobuf=0 rxAnyErr=22 rxResponseTimeout=28 rxNoDelim=5 rxFrmTooLong=0 rxFrmTooShort=0
error	00:54:23.285639-0700	wifid	LQM-WiFi: (HighBand) txRTSFrm=3 txRTSFail=0 rxCTSUcast=3 rxRTSUcast=3 txCTSFrm=3 txAMPDU=3 rxBACK=3 txPhyError=0 txAllFrm=43 txMPDU=0 txUcast=34 rxACKUcast=3 OfdmDesense=12 dB
error	00:54:23.285985-0700	wifid	LQM-WiFi: (HighBand) rxBeaconMbss=36 rxBeaconObss=6 rxDataUcastMbss=3 rxMgmtUcastMbss=0 rxCNTRLUcast=12 txACKFrm=0 txBACK=3 ctxFifoFull=0 ctxFifo2Full=0 rxDataMcast=8 rxMgmtMcast=42 rxDrop20s=0
error	00:54:23.285995-0700	wifid	LQM-WiFi: RX AMPDU (HighBand) rxAmpdu=3 txBACK(Ucode)=3 rxMpduInAmpdu=3 rxholes=0 rxdup=0 rxstuck=0 rxoow=0 rxoos=0 rxaddbareq=0 txaddbaresp=0 rxbar=0 txdelba=0 rxdelba=0 rxQueued=0 rxRetryNoBA=0
error	00:54:23.286001-0700	wifid	LQM-WiFi: WME RX MPDUs (rxPER 0 %) in tids 0:10, 1:0, 2:0, 3:0, 4:0, 5:0, 6:0, 7:0
error	00:54:23.286007-0700	wifid	LQM-WiFi:  (HighBand) rxToss=0 rxLastTossRsn=39 rxNoFrag=0 rxNoCmplId=0 rxNoHaddr=0 rxMulti=7 rxUndec=0
error	00:54:23.286014-0700	wifid	LQM-WiFi: TX(00:00:00:00:00:00) AC<SU MS NB NRS NA CM EX TF FFP MRET FLE> BE<4 0 0 0 0 0 0 0 0 0 0> (4997ms)
error	00:54:23.286076-0700	wifid	LQM-WiFi: TX(00:00:00:00:00:00) AC<SU MS NB NRS NA CM EX TF FFP MRET FLE> BK<0 0 0 0 0 0 0 0 0 0 0> (4997ms)
error	00:54:23.286082-0700	wifid	LQM-WiFi: TX(00:00:00:00:00:00) AC<SU MS NB NRS NA CM EX TF FFP MRET FLE> VI<0 0 0 0 0 0 0 0 0 0 0> (4997ms)
error	00:54:23.286088-0700	wifid	LQM-WiFi: TX(00:00:00:00:00:00) AC<SU MS NB NRS NA CM EX TF FFP MRET FLE> VO<1 0 0 0 0 0 0 0 0 0 0> (4997ms)
error	00:54:23.286372-0700	wifid	LQM-WiFi: L3 Control VO TX(00:00:00:00:00:00) Success=1 NoACK=0 Expired=0 OtherErr=0
default	00:54:23.286503-0700	wifid	WiFiDeviceManagerGetAppState: app state for DPS action : Foreground isAnyAppInFG:yes isFTactive:no isLatencySensitiveAppActive:no
error	00:54:23.286520-0700	wifid	__WiFiLQAMgrCheckForPossibleRoam waitForRoam: 1, plausibleRoamCandidateFound: 0, lastScanAge: 7024.10, largeNetworkEnvironment: 0, isRealTimeApplication: 0, isEdgeBss: 1
default	00:54:23.286528-0700	wifid	WiFiLQAMgrCopyCoalescedUndispatchedLQMEvent: Rssi: -40 Snr:23 Cca: 5 TxFrames: 4 TxFail: 0 BcnRx: 38 BcnSch: 48  RxFrames: 10 RxRetries: 0 TxRate: 960730 RxRate: 1134230 FBRate: 544440 TxFwFrms: 9 TxFwFail:4 TxRetries: 2
default	00:54:23.286540-0700	wifid	__WiFiDeviceManagerEvaluateAPEnvironment: WiFiRoam : BSS List info for network : snorper : chanCount5GHz: [6] chanCount24GHz: [3] chanCount6GHz: [0]
default	00:54:23.286546-0700	wifid	__WiFiDeviceManagerEvaluateAPEnvironment: WiFiRoam : AP environment is Multi AP for snorper(c2:a7:31:94:c7:a3). Last applied environment is Multi AP. Early exit ? : [0]. augmented from scan results ? : [1]
default	00:54:23.287533-0700	wifid	[corewifi] BEGIN REQ [GET INTF NAME] (pid=150 proc=symptomsd bundleID=com.apple.symptomsd codesignID=com.apple.symptomsd service=com.apple.private.corewifi-xpc qos=17 intf=(null) uuid=0EDC3 info=(null))
default	00:54:23.287550-0700	wifid	[corewifi] [0EDC3] Incoming QoS is less than 'default', promoting to 'default'
default	00:54:23.287961-0700	wifid	[corewifi] END REQ [GET INTF NAME] took 0.000398750s (pid=150 proc=symptomsd bundleID=com.apple.symptomsd codesignID=com.apple.symptomsd service=com.apple.private.corewifi-xpc qos=21 intf=(null) uuid=0EDC3 err=0 reply=<redacted>
default	00:54:23.288189-0700	symptomsd	L2 Metrics on en0: rssi: -40 [-40,-42] -> -40, snr: 23 (cca [wake/total] self/other/intf): [0,0]/[0,0]/[0,5]/5 (txFrames/txReTx/txFail): 4/2/0 -> (was/is) 0/0, txRate: 960.0, rxRate: 1134.0, rssiEMA: -40.5, snrEMA: 23.5, txRateEMA: 745.4, rxRateEMA: 1133.8, isPrimary: 1, radio: 802.11ax
default	00:54:23.288960-0700	WirelessRadioManagerd	<private>
default	00:54:23.289184-0700	WirelessRadioManagerd	<private>
default	00:54:23.289287-0700	WirelessRadioManagerd	<private>
default	00:54:23.289299-0700	WirelessRadioManagerd	<private>
default	00:54:23.289304-0700	WirelessRadioManagerd	<private>
default	00:54:23.291487-0700	WirelessRadioManagerd	<private>
default	00:54:23.291785-0700	wifid	Copy current network requested by "WirelessRadioManagerd"
default	00:54:23.292087-0700	wifid	__WiFiDeviceManagerEvaluateAPEnvironment: WiFiRoam : BSS List info for network : snorper : chanCount5GHz: [6] chanCount24GHz: [3] chanCount6GHz: [0]
default	00:54:23.292104-0700	wifid	__WiFiDeviceManagerEvaluateAPEnvironment: WiFiRoam : AP environment is Multi AP for snorper(c2:a7:31:94:c7:a3). Last applied environment is Multi AP. Early exit ? : [0]. augmented from scan results ? : [1]
default	00:54:23.293874-0700	wifid	Copy current network requested by "WirelessRadioManagerd"
default	00:54:23.294087-0700	wifid	__WiFiDeviceManagerEvaluateAPEnvironment: WiFiRoam : BSS List info for network : snorper : chanCount5GHz: [6] chanCount24GHz: [3] chanCount6GHz: [0]
default	00:54:23.294101-0700	wifid	__WiFiDeviceManagerEvaluateAPEnvironment: WiFiRoam : AP environment is Multi AP for snorper(c2:a7:31:94:c7:a3). Last applied environment is Multi AP. Early exit ? : [0]. augmented from scan results ? : [1]
default	00:54:23.295710-0700	WirelessRadioManagerd	<private>
default	00:54:23.295721-0700	WirelessRadioManagerd	<private>
default	00:54:23.295727-0700	WirelessRadioManagerd	<private>
default	00:54:23.295732-0700	WirelessRadioManagerd	<private>
default	00:54:23.295737-0700	WirelessRadioManagerd	<private>
default	00:54:23.295752-0700	WirelessRadioManagerd	<private>
default	00:54:23.295758-0700	WirelessRadioManagerd	<private>
default	00:54:23.295763-0700	WirelessRadioManagerd	<private>
default	00:54:23.295948-0700	WirelessRadioManagerd	<private>
default	00:54:23.296195-0700	WirelessRadioManagerd	<private>
default	00:54:23.361263-0700	kernel	ANE0: aneFirmwareCommandSend: Skip waiting for response
default	00:54:23.361298-0700	kernel	ANE0: aneFirmwareCommandSend: Skip waiting for response
default	00:54:23.361561-0700	kernel	ANE0: aneFirmwareCommandSend: Skip waiting for response
default	00:54:23.461108-0700	kernel	ANE0: aneFirmwareCommandSend: Skip waiting for response
default	00:54:23.461150-0700	kernel	ANE0: aneFirmwareCommandSend: Skip waiting for response
default	00:54:23.461503-0700	kernel	ANE0: aneFirmwareCommandSend: Skip waiting for response
default	00:54:23.503186-0700	backboardd	[ALS] ts=82899.368 lux=6.386<private> xy=(0.532 0.468) chs=[5 119 99 247 221] CCT1=1766.188 gain=512x mode=<private> subsamples=24 rawLux=6.386 nits=46 xTalk=[0 0 0 0 0] status=0x9B copyEvent=0
default	00:54:23.504174-0700	backboardd	Ammolite: Lux 6.386333 (delta 5.632937 / thr 10.000000)
default	00:54:23.560897-0700	kernel	ANE0: aneFirmwareCommandSend: Skip waiting for response
default	00:54:23.560940-0700	kernel	ANE0: aneFirmwareCommandSend: Skip waiting for response
default	00:54:23.561208-0700	kernel	ANE0: aneFirmwareCommandSend: Skip waiting for response
default	00:54:23.660744-0700	kernel	ANE0: aneFirmwareCommandSend: Skip waiting for response
default	00:54:23.660752-0700	kernel	ANE0: aneFirmwareCommandSend: Skip waiting for response
default	00:54:23.661035-0700	kernel	ANE0: aneFirmwareCommandSend: Skip waiting for response
default	00:54:23.715660-0700	identityservicesd	calling continuityDidDiscoverType:Activity withData:<private> fromPeer:<private>
default	00:54:23.753559-0700	backboardd	[ALS] ts=82899.618 lux=5.226<private> xy=(0.540 0.460) chs=[0 91 78 212 193] CCT1=1402.286 gain=512x mode=<private> subsamples=24 rawLux=5.226 nits=46 xTalk=[0 0 0 0 0] status=0x9B copyEvent=0
default	00:54:23.754498-0700	backboardd	Ammolite: Lux 5.225845 (delta 4.472449 / thr 10.000000)
default	00:54:23.760513-0700	kernel	ANE0: aneFirmwareCommandSend: Skip waiting for response
default	00:54:23.760585-0700	kernel	ANE0: aneFirmwareCommandSend: Skip waiting for response
default	00:54:23.760833-0700	kernel	ANE0: aneFirmwareCommandSend: Skip waiting for response
